{"is_global":true,"animation":{"fields":["time","attr"],"times":[0.0,0.0333333,0.0666667,0.1,0.133333,0.166667,0.2,0.233333,0.266667,0.3,0.333333,0.366667,0.4,0.433333,0.466667,0.5,0.533333,0.566667,0.6,0.633333,0.666667,0.7,0.733333,0.766667,0.8,0.833333,0.866667,0.9,0.933333,0.966667,1.0,1.03333,1.06667],"poses":[-1.29215e-08,9.4605,-0.295609,6.98174,6.37935,1.90735e-06,4.52654,9.53674e-07,-4.76837e-07,1.74722,-0.773584,-5.2692,1.74722,-0.773587,5.269,4.52654,-1.3113e-06,-9.53674e-07,-5.28066,2.04252,-9.53674e-07,5.28044,0.411278,8.11557e-07,0.0133212,9.47777,-0.295609,0.0484409,9.5233,-0.295609,0.0980929,9.58767,-0.295609,0.155011,9.66145,-0.295609,0.211929,9.73524,-0.295609,0.261581,9.7996,-0.295609,0.296701,9.84513,-0.295609,0.310022,9.8624,-0.295609,0.301805,9.84513,-0.295609,0.279083,9.7996,-0.295609,0.244744,9.73524,-0.295609,0.201682,9.66145,-0.295609,0.152785,9.58767,-0.295609,0.100946,9.5233,-0.295609,0.0490536,9.47777,-0.295609,-0.0544973,9.47777,-0.295609,-0.120741,9.5233,-0.295609,-0.19287,9.58767,-0.295609,-0.265026,9.66145,-0.295609,-0.331348,9.73524,-0.295609,-0.385977,9.7996,-0.295609,-0.423051,9.84513,-0.295609,-0.436711,9.8624,-0.295609,-0.417946,9.84513,-0.295609,-0.368475,9.7996,-0.295609,-0.298533,9.73524,-0.295609,-0.218356,9.66145,-0.295609,-0.138178,9.58767,-0.295609,-0.0682361,9.5233,-0.295609,-0.0187649,9.47777,-0.295609,3.79182,-9.53674e-07,4.76837e-07,3.79182,-7.15256e-07,9.53674e-07,3.79182,9.53674e-07,4.76837e-07,3.79182,1.43051e-06,-0.0,8.82002,2.86102e-06,-7.52305e-07,8.82002,1.90735e-06,-7.15256e-07],"quats":[-6.309088e-08,-6.0516797e-08,0.69223148,0.72167557,-0.0,-0.0,0.3174521,0.94827431,-0.0,-0.0,-0.11264178,0.99363565,0.67586696,-0.73702365,6.4685111e-08,-3.23498e-07,-0.086137459,0.014349865,0.95647436,-0.27844432,-6.4730003e-08,1.8545027e-08,-0.68776375,0.72593457,-6.2782121e-08,-6.0837053e-08,0.69589478,0.71814376,-6.2513202e-08,-6.1113326e-08,0.69905502,0.71506786,-6.2284734e-08,-6.1346192e-08,0.70171863,0.7124542,-6.2097151e-08,-6.153607e-08,0.70389062,0.71030843,-6.1950843e-08,-6.1683359e-08,0.70557529,0.70863497,-6.1846123e-08,-6.1788342e-08,0.7067762,0.70743722,-6.1819911e-08,-6.1814561e-08,0.70707613,0.70713741,-6.1971761e-08,-6.1662327e-08,0.70533478,0.70887434,-6.2185805e-08,-6.1446478e-08,0.70286578,0.71132255,-6.2430225e-08,-6.1198101e-08,0.70002472,0.71411866,-6.2673671e-08,-6.0948771e-08,0.6971727,0.71690321,-6.2885213e-08,-6.0730478e-08,0.69467574,0.71932304,-6.3034399e-08,-6.057563e-08,0.69290441,0.72102946,-6.2950654e-08,-6.066265e-08,0.69389981,0.72007155,-6.2806578e-08,-6.08118e-08,0.69560605,0.71842343,-6.2640972e-08,-6.0982366e-08,0.69755703,0.71652925,-6.2474903e-08,-6.1152498e-08,0.699503,0.71462965,-6.2329676e-08,-6.1300526e-08,0.70119631,0.71296829,-6.2226732e-08,-6.1405025e-08,0.70239168,0.71179074,-6.2187638e-08,-6.1444609e-08,0.70284444,0.71134359,-6.2244482e-08,-6.138702e-08,0.70218569,0.71199387,-6.2315486e-08,-6.131495e-08,0.70136136,0.71280599,-6.2414735e-08,-6.121391e-08,0.70020556,0.71394134,-6.2542107e-08,-6.1083782e-08,0.698717,0.71539819,-6.2697403e-08,-6.0924371e-08,0.69689351,0.71717465,-6.2880403e-08,-6.0735445e-08,0.69473255,0.71926814,-0.0,-0.0,0.34167954,0.93981653,-0.0,-0.0,0.3924081,0.91979122,-0.0,-0.0,0.43961605,0.89818579,-0.0,-0.0,0.46822873,0.88360733,-0.0,-0.0,0.51972634,0.8543328,-0.0,-0.0,0.5996049,0.80029619,-0.0,-0.0,0.66162074,0.74983865,-0.0,-0.0,0.69325471,0.72069269,-0.0,-0.0,0.69460779,0.71938866,-0.0,-0.0,0.66390103,0.7478205,-0.0,-0.0,0.60812998,0.79383755,-0.0,-0.0,0.54696536,0.83715522,-0.0,-0.0,0.49844611,0.86692071,-0.0,-0.0,0.4595786,0.8881371,-0.0,-0.0,0.43109655,0.90230584,-0.0,-0.0,0.4121761,0.9111042,-0.0,-0.0,0.41014957,0.9120183,-0.0,-0.0,0.43234381,0.90170884,-0.0,-0.0,0.45668378,0.88962913,-0.0,-0.0,0.46986267,0.88273954,-0.0,-0.0,0.47577932,0.8795647,-0.0,-0.0,0.47777638,0.87848151,-0.0,-0.0,0.47403464,0.88050622,-0.0,-0.0,0.46476227,0.88543552,-0.0,-0.0,0.44609615,0.89498508,-0.0,-0.0,0.41692722,0.9089399,-0.0,-0.0,0.37948206,0.92519909,-0.0,-0.0,0.34618777,0.93816525,-0.0,-0.0,0.33119956,0.94356072,-0.0,-0.0,0.32599559,0.94537127,-0.0,-0.0,0.31995064,0.94743425,4.322807e-09,-1.4353773e-08,0.95751959,-0.28836825,-0.00067256409,-0.0005257146,0.96176034,-0.27389115,-0.0025940954,-0.0018094301,0.96984118,-0.24371737,-0.0052957721,-0.0038684066,0.97606683,-0.21737191,-0.0083768461,-0.0063828235,0.97784537,-0.20906346,-0.011325674,-0.0096670482,0.97717303,-0.21192259,-0.013575061,-0.014144309,0.97372079,-0.22689968,-0.014419088,-0.018832188,0.96291536,-0.2687591,-0.013591296,-0.021897484,0.94437808,-0.32785034,-0.011473204,-0.022362323,0.91523391,-0.40213829,-0.0088904789,-0.020526323,0.8705526,-0.49156672,0.0067160036,0.017226037,-0.81755996,0.57554668,0.005040878,0.013549197,-0.76915497,0.63889885,0.0036624467,0.0099223349,-0.73442328,0.67860937,0.0023882447,0.0063905017,-0.71053314,0.70363069,0.0011667715,0.0030485864,-0.6961922,0.71784806,-0.0,-0.0,-0.68944043,0.72434241,-0.0013545769,-0.0033234148,-0.69726163,0.71680778,-0.0031628166,-0.0073921378,-0.72402388,0.68972808,-0.0054116887,-0.011834059,-0.75629485,0.65410155,-0.0079942131,-0.016156593,-0.78426051,0.62016976,-0.010734644,-0.019912545,-0.80892557,0.58747566,-0.013467863,-0.022690395,-0.83336759,0.55208898,-0.015844142,-0.024115549,-0.85577387,0.5165447,0.017441744,0.023939023,0.87524134,-0.48277876,0.017725227,0.021743858,0.89184493,-0.45147052,0.016485142,0.017908938,0.90566993,-0.42328426,0.013976192,0.013420288,0.91603607,-0.40062767,0.01058923,0.009130951,0.92464614,-0.38057071,0.0069086603,0.0054480694,0.93555605,-0.3530688,0.0035108989,0.002540543,0.94693971,-0.32138211,0.00095583289,0.00070952106,0.95462573,-0.29780588,4.707998e-09,-1.5632789e-08,0.95751959,-0.28836825,-0.0,-0.0,-0.16485949,0.98631704,-0.0,-0.0,-0.27792254,0.96060348,-0.0,-0.0,-0.38724902,0.92197514,-0.0,-0.0,-0.4353078,0.90028173,-0.0,-0.0,-0.43420312,0.90081501,-0.0,-0.0,-0.43268824,0.90154362,-0.0,-0.0,-0.40193513,0.91566813,-0.0,-0.0,-0.33538052,0.94208276,-0.0,-0.0,-0.26763168,0.9635213,-0.0,-0.0,-0.23646547,0.97163993,-0.0,-0.0,-0.26938075,0.96303374,-0.0,-0.0,-0.34064364,0.94019246,-0.0,-0.0,-0.40999883,0.91208607,-0.0,-0.0,-0.44078788,0.89761126,-0.0,-0.0,-0.43336606,0.901218,-0.0,-0.0,-0.41393837,0.9103049,-0.0,-0.0,-0.38673785,0.92218971,-0.0,-0.0,-0.35613701,0.93443376,-0.0,-0.0,-0.32156971,0.94688588,-0.0,-0.0,-0.28098911,0.95971096,-0.0,-0.0,-0.2368384,0.97154909,-0.0,-0.0,-0.19171576,0.9814505,-0.0,-0.0,-0.13666676,0.9906171,-0.0,-0.0,-0.073459014,0.99729824,-0.0,-0.0,-0.021341713,0.99977225,-0.0,-0.0,0.00030506408,0.99999994,-0.0,-0.0,-0.017379412,0.99984896,-0.0,-0.0,-0.056258455,0.99841624,-0.0,-0.0,-0.095052235,0.99547231,0.66904324,-0.74322295,-0.00076189713,-0.00051320036,0.65044421,-0.75954688,-0.0030261211,-0.0013172629,0.62320769,-0.78202742,-0.0060770768,-0.0028902479,0.59108669,-0.80653733,-0.0094886068,-0.0049021319,0.55688167,-0.83046365,-0.012680549,-0.0072247125,0.52491671,-0.85096532,-0.015116549,-0.0095955851,0.49674818,-0.86766195,-0.01641899,-0.011594385,0.47378054,-0.88039815,-0.01637671,-0.012763484,0.45076331,-0.89242017,-0.01513671,-0.013020881,0.42828232,-0.90346199,-0.013085864,-0.01262716,0.40860984,-0.91257417,-0.010651274,-0.01153058,0.38971984,-0.92084473,-0.0082008997,-0.0098103313,0.37020811,-0.92889911,-0.0058395937,-0.0076331981,0.3503691,-0.93659049,-0.00361241,-0.0051677097,0.32934242,-0.94420558,-0.0016798859,-0.002556056,0.3011795,-0.95356745,2.6711544e-07,-3.852719e-08,0.26543722,-0.96412176,0.0019838996,0.0028917857,0.23229989,-0.97261173,0.0045944257,0.0064882967,0.2097405,-0.9776718,0.0075674527,0.010464764,0.20677276,-0.9782272,0.010453082,0.014401247,0.20722005,-0.97802645,0.014339897,0.017847853,0.21789384,-0.97555,0.02034789,0.020259855,0.26292431,-0.96421897,0.026904929,0.020706665,0.3301079,-0.94323659,0.031170007,0.01902535,0.41895545,-0.90733814,0.031298652,0.015305452,0.52810895,-0.84867728,0.027033731,0.010818044,0.61851549,-0.78546661,