{"is_global":true,"animation":{"fields":["time","attr"],"times":[0.0,0.0333333,0.0666667,0.1,0.133333,0.166667,0.2,0.233333,0.266667,0.3,0.333333,0.366667,0.4,0.433333,0.466667,0.5,0.533333,0.566667,0.6,0.633333,0.666667,0.7,0.733333,0.766667,0.8,0.833333,0.866667,0.9,0.933333,0.966667,1.0],"poses":[-0.29561,3.93291,0.000305176,6.98174,6.37935,1.90735e-06,4.52654,9.53674e-07,-4.76837e-07,-1.29215e-08,10.1445,-0.295609,1.74722,-0.773584,-5.2692,1.74722,-0.773587,5.269,4.52654,-1.19209e-06,-9.53674e-07,-5.28066,2.04252,-9.53674e-07,8.82002,2.86102e-06,-7.52305e-07,5.28044,0.411278,8.11557e-07,-1.29215e-08,9.84556,-0.295609,-1.29215e-08,9.29036,-0.295609,-1.29215e-08,8.99141,-0.295609,-1.29215e-08,8.98662,-0.295609,-1.29215e-08,8.9752,-0.295609,-1.29215e-08,8.96157,-0.295609,-1.29215e-08,8.95014,-0.295609,-1.29215e-08,8.94535,-0.295609,-1.29215e-08,10.0399,-0.295609,-1.29215e-08,11.1345,-0.295608,-1.29215e-08,13.206,-0.295608,-1.29215e-08,15.2775,-0.295607,-1.29215e-08,15.7314,-0.295607,-1.29215e-08,16.5745,-0.295607,-1.29215e-08,17.0284,-0.295607,-1.29215e-08,16.227,-0.295608,-1.29215e-08,14.7385,-0.295608,-1.29215e-08,13.937,-0.295608,-1.29215e-08,12.4394,-0.295608,-1.29215e-08,9.65806,-0.295609,-1.29215e-08,8.16043,-0.295609,-1.29215e-08,8.37841,-0.295609,-1.29215e-08,8.85796,-0.295609,-1.29215e-08,9.33752,-0.295609,-1.29215e-08,9.5555,-0.295609,-1.29215e-08,9.61676,-0.295609,-1.29215e-08,9.76283,-0.295609,-1.29215e-08,9.93718,-0.295609,-1.29215e-08,10.0833,-0.295609,3.79182,-9.53674e-07,-4.76837e-07,3.79182,-8.34465e-07,-9.53674e-07,3.79182,9.53674e-07,1.43051e-06,3.79182,8.34465e-07,1.90735e-06],"quats":[-0.50130951,-0.49868447,0.50131232,0.49868691,-6.309088e-08,-6.0516797e-08,0.69223148,0.72167557,-0.0,-0.0,0.37204194,0.92821592,-6.7976273e-08,5.5257665e-08,-0.85608023,0.51684302,-0.0,-0.0,-0.12581366,0.99205387,0.51684296,-0.85608023,1.2735487e-07,-3.0432855e-07,-1.3496312e-07,1.0118696e-07,-0.37204194,0.92821592,9.6763229e-09,-7.6298832e-08,0.12581362,0.99205393,-2.3997298e-08,-5.6969302e-08,0.92614985,-0.37715575,-0.050761614,-0.050342645,-0.21803927,0.97331792,-6.4730003e-08,1.8545027e-08,-0.68776375,0.72593457,-6.3949329e-08,-5.9608936e-08,0.6818468,0.73149502,-6.55088e-08,-5.7890762e-08,0.66219312,0.74933326,-6.6329477e-08,-5.6948622e-08,0.65141624,0.75872058,-6.633185e-08,-5.6945836e-08,0.65138447,0.75874788,-6.6352378e-08,-5.6921895e-08,0.65111065,0.75898284,-6.7785621e-08,-5.5207341e-08,0.63149846,0.77537715,-6.9174568e-08,-5.3456723e-08,0.61147368,0.79126477,-6.8993721e-08,-5.3689934e-08,0.61414129,0.78919613,-6.8513167e-08,-5.4301832e-08,0.62114054,0.78369921,-6.7824509e-08,-5.5159575e-08,0.63095194,0.77582192,-6.7021872e-08,-5.613208e-08,0.64207619,0.76664084,-6.6205288e-08,-5.7092905e-08,0.65306681,0.75730032,-6.54817e-08,-5.7921405e-08,0.66254359,0.74902338,-6.4963636e-08,-5.8501868e-08,0.66918343,0.74309731,-6.4765757e-08,-5.8720822e-08,0.67168802,0.74083412,-6.2910765e-08,-6.0704018e-08,0.69437313,0.71961516,-5.9306064e-08,-6.4230314e-08,0.7347092,0.67838222,-5.7282559e-08,-6.6041274e-08,0.75542414,0.65523612,-5.8018724e-08,-6.539549e-08,0.74803728,0.66365677,-5.9612489e-08,-6.3946018e-08,0.73145717,0.68188739,-6.1170077e-08,-6.2457694e-08,0.7144329,0.69970399,-6.1865833e-08,-6.1768617e-08,0.70655054,0.70766258,-6.1994399e-08,-6.1639575e-08,0.70507455,0.70913327,-6.2299904e-08,-6.1330788e-08,0.70154244,0.71262777,-6.2662522e-08,-6.0960232e-08,0.69730377,0.71677577,-6.2964645e-08,-6.0648127e-08,0.69373369,0.72023159,-0.0,-0.0,0.44261393,0.8967123,-0.0,-0.0,0.54515517,0.83833516,-0.0,-0.0,0.5903846,0.80712211,-0.0,-0.0,0.59578216,0.80314606,-0.0,-0.0,0.60854548,0.79351902,-0.0,-0.0,0.62277257,0.78240293,-0.0,-0.0,0.6339426,0.7733801,-0.0,-0.0,0.63911641,0.76911008,-0.0,-0.0,0.64953983,0.76032758,-0.0,-0.0,0.65958416,0.75163072,-0.0,-0.0,0.67859787,0.73451,-0.0,-0.0,0.69587886,0.7181592,-0.0,-0.0,0.67362595,0.73907244,-0.0,-0.0,0.62698555,0.77903092,-0.0,-0.0,0.59520662,0.80357271,-0.0,-0.0,0.56054753,0.82812226,-0.0,-0.0,0.49704671,0.86772382,-0.0,-0.0,0.45863402,0.88862526,-0.0,-0.0,0.2200803,0.97548175,-0.0,-0.0,0.59635115,0.80272371,-0.0,-0.0,0.70720255,0.70701104,-0.0,-0.0,0.68418443,0.72930908,-0.0,-0.0,0.62751681,0.77860302,-0.0,-0.0,0.56058311,0.82809818,-0.0,-0.0,0.52571648,0.85065985,-0.0,-0.0,0.51257437,0.85864282,-0.0,-0.0,0.47883758,0.87790352,-0.0,-0.0,0.43426585,0.90078473,-0.0,-0.0,0.39198938,0.91996974,-4.2146844e-08,0.70710671,4.2146841e-08,0.70710683,0.0069791777,0.70707238,0.0069793472,0.70707232,0.019938657,0.70682549,0.019938827,0.70682567,0.026914364,0.70659447,0.026914442,0.70659435,0.021615293,0.70677626,0.021615293,0.70677638,0.0089747459,0.70704979,0.0089747468,0.70704985,-0.0061159525,0.70708036,-0.0061157839,0.7070803,-0.018757507,0.70685804,-0.018757338,0.70685792,-0.024057217,0.70669734,-0.024057135,0.70669746,-0.03709602,0.70613307,-0.037095848,0.70613307,-0.050121967,0.70532817,-0.050121889,0.70532817,-0.013707716,0.70697397,-0.013707547,0.70697391,0.022743013,0.70674098,0.022743097,0.70674092,0.025142863,0.70665956,0.025143119,0.70665967,0.031141615,0.70642078,0.031141784,0.70642066,0.038936619,0.70603395,0.038936779,0.70603395,0.046726819,0.70556116,0.04672699,0.70556122,0.052715432,0.7051391,0.05271551,0.7051391,0.055109818,0.70495582,0.055109914,0.70495605,0.047488276,0.70551032,0.047488447,0.70551038,0.033320025,0.7063213,0.033320192,0.7063213,0.025685117,0.70664018,0.025685202,0.70664012,0.019971559,0.7068246,0.019971563,0.70682472,0.0073975488,0.70706809,0.0073977173,0.70706809,-0.0051787635,0.70708781,-0.0051787635,0.70708781,-0.010895009,0.70702285,-0.010894925,0.70702285,-0.0097619714,0.70703948,-0.0097619724,0.70703936,-0.007060085,0.70707154,-0.007060085,0.70707154,-0.0038353167,0.70709634,-0.0038351486,0.7070964,-0.0011332594,0.70710588,-0.0011330908,0.70710588,-1.5454308e-08,0.70710671,-1.545431e-08,0.70710683,4.6216673e-08,-8.5554106e-08,0.8798303,-0.475288,6.07766e-08,-8.7001389e-08,0.9139393,-0.40585101,6.4610809e-08,-9.0143075e-08,0.92863792,-0.37098747,3.0677594e-08,1.2431171e-08,0.92679912,-0.37555742,3.0478784e-08,1.2775175e-08,0.92226183,-0.3865658,6.7339371e-08,-8.4965926e-08,0.91637844,-0.40031305,6.03114e-08,-1.3327006e-07,0.91104996,-0.41229603,5.0606801e-08,-1.1027244e-07,0.90886092,-0.41709933,-1.2237281e-07,-2.9741605e-07,0.90273333,-0.43020064,2.2223896e-08,1.0999247e-08,0.89623779,-0.44357395,4.864825e-08,-1.1618956e-07,0.92241061,-0.38621071,1.0464687e-08,-2.9975428e-08,0.94412041,-0.32960078,6.3952733e-08,-1.7706336e-07,0.94053155,-0.33970648,5.4045866e-08,-1.4089468e-07,0.93366581,-0.35814545,7.4958656e-08,-9.8068654e-08,0.93126792,-0.36433512,5.1956647e-08,-1.2979206e-07,0.9283784,-0.3716363,-0.0,-0.0,0.91829556,-0.39589551,5.3701989e-08,-8.9367468e-08,0.9114148,-0.41148886,-0.0,-0.0,-0.81982905,0.57260847,1.2064865e-07,4.7489928e-09,0.91892505,-0.39443216,9.0349722e-08,-5.7710253e-08,0.95385337,-0.3002727,1.7756182e-07,6.0852187e-08,0.94598871,-0.32419962,8.6891582e-08,3.5458601e-08,0.92587513,-0.37782976,1.1668619e-07,5.3441558e-09,0.9012295,-0.43334219,1.1392329e-07,4.2164414e-09,0.88818187,-0.45949209,5.2285923e-08,2.7426083e-08,0.88556534,-0.46451488,2.6425221e-08,1.4353637e-08,0.87873465,-0.47731063,9.1065473e-08,-2.900657e-08,0.8694858,-0.49395797,-5.3524754e-08,9.0387701e-08,-0.8604517,0.50953215,-0.0,-0.0,-0.15680432,0.98762971,-0.0,-0.0,-0.21392773,0.9768495,-0.0,-0.0,-0.24439929,0.96967471,-0.0,-0.0,-0.24983826,0.96828759,-0.0,-0.0,-0.26277584,0.96485692,-0.0,-0.0,-0.27815565,0.96053606,-0.0,-0.0,-0.29098704,0.95672703,-0.0,-0.0,-0.29635251,0.9550786,-0.0,-0.0,-0.29540935,0.95537078,-0.0,-0.0,-0.29481542,0.95555425,-0.0,-0.0,-0.29416889,0.95575345,-0.0,-0.0,-0.29292792,0.95613456,-0.0,-0.0,-0.29243839,0.95628434,-0.0,-0.0,-0.29210612,0.95638591,-0.0,-0.0,-0.29198372,0.95642328,-0.0,-0.0,-0.30822545,0.95131338,-0.0,-0.0,-0.338148,0.94109297,-0.0,-0.0,-0.35412201,0.93519926,-0.0,-0.0,-0.34654719,0.93803257,-0.0,-0.0,-0.32613647,0.94532269,-0.0,-0.0,