{"is_global":true,"animation":{"fields":["time","attr"],"times":[0.0,0.0333333,0.0666667,0.1,0.133333,0.166667,0.2,0.233333,0.266667,0.3,0.333333,0.366667,0.4,0.433333,0.466667,0.5,0.533333,0.566667,0.6,0.633333,0.666667,0.7,0.733333,0.766667,0.8],"poses":[-2.3445,-12.1225,1.30916,-2.49728,12.0167,1.30939,1.89017,-11.4587,-0.087513,1.74545,11.4066,-0.087294,-0.102362,21.6769,3.92053,5.58833,0.0,-0.0,5.73382,0.0,-0.0,5.73382,-1e-06,-0.0,3.14947,0.0,-0.0,-2.21226,-12.1346,1.39027,-2.10407,-12.1445,1.45662,-2.01991,-12.1521,1.50824,-1.95979,-12.1576,1.54511,-1.92371,-12.1609,1.56725,-1.91167,-12.162,1.57463,-1.93402,-12.1591,1.56017,-1.9928,-12.1518,1.52248,-2.07561,-12.1423,1.47005,-2.17008,-12.1328,1.41136,-2.26384,-12.1255,1.3549,-2.42326,-12.1253,1.26936,-2.51226,-12.1324,1.22778,-2.60053,-12.1416,1.18842,-2.67715,-12.1509,1.15532,-2.73115,-12.158,1.1325,-2.7516,-12.1609,1.124,-2.72278,-12.1582,1.13711,-2.65035,-12.1513,1.17005,-2.55532,-12.1424,1.21327,-2.45867,-12.1333,1.25723,-2.3814,-12.126,1.29238,2.53125,-3.80369,-9.58982,-2.44274,12.0064,1.45461,-2.39811,11.998,1.57342,-2.36341,11.9915,1.66583,-2.33861,11.9868,1.73185,-2.32373,11.984,1.77148,-2.31876,11.9831,1.78469,-2.32216,11.9856,1.76064,-2.33361,11.992,1.69717,-2.35497,12.0003,1.60731,-2.38812,12.0084,1.50407,-2.43493,12.0146,1.40042,-2.5961,12.0134,1.21731,-2.73404,12.0059,1.11106,-2.88563,11.9963,1.00442,-3.02544,11.9869,0.91117,-3.12802,11.9796,0.845095,-3.16788,11.9768,0.819998,-3.1204,11.9796,0.854642,-3.00109,11.9867,0.941714,-2.84455,11.996,1.05596,-2.68535,12.0055,1.17214,-2.55806,12.0131,1.26504,2.48338,3.76,-9.58974,2.07971,-11.4729,0.0169892,2.23477,-11.4846,0.102485,2.35539,-11.4936,0.168986,2.44156,-11.5,0.216496,2.49328,-11.5039,0.245011,2.51052,-11.5052,0.25452,2.47645,-11.5019,0.235326,2.38772,-11.4935,0.18551,2.26454,-11.4825,0.116702,2.1271,-11.4714,0.040519,1.99558,-11.4627,-0.0314267,1.80056,-11.4611,-0.132283,1.70855,-11.4681,-0.175945,1.62246,-11.4774,-0.215365,1.55063,-11.4868,-0.247409,1.5014,-11.4941,-0.268942,1.48313,-11.4971,-0.276819,1.51194,-11.4944,-0.263418,1.58436,-11.4875,-0.229737,1.67938,-11.4786,-0.185545,1.77602,-11.4695,-0.140603,1.85328,-11.4622,-0.104669,-0.412866,21.5563,3.52457,-0.662212,21.3523,3.2162,-0.846459,21.0273,3.00827,-0.96694,20.5938,2.8965,-1.03147,20.127,2.85517,-1.0478,19.7019,2.85854,-0.995588,19.2922,2.92394,-0.866671,18.8527,3.06856,-0.686986,18.4299,3.26646,-0.48244,18.0703,3.49171,-0.278928,17.8205,3.71838,-0.102362,17.7269,3.92053,0.071442,17.8194,4.12854,0.268045,18.0669,4.36923,0.463601,18.4241,4.61133,0.634274,18.8458,4.82359,0.756222,19.2868,4.97474,0.805566,19.7019,5.03351,0.790047,20.1419,5.00673,0.728315,20.6301,4.91992,0.61279,21.0798,4.76983,0.435845,21.4041,4.55324,0.136623,21.5873,4.20052,1.81834,11.3956,0.0661181,1.87796,11.3866,0.191629,1.92434,11.3797,0.289254,1.95747,11.3747,0.359,1.97736,11.3717,0.400861,1.98399,11.3707,0.41482,1.97689,11.3734,0.389108,1.95596,11.3801,0.321399,1.92178,11.3889,0.225809,1.87492,11.3976,0.116434,1.81596,11.4041,0.00736678,1.64264,11.4033,-0.181125,1.50293,11.3958,-0.288119,1.35112,11.3862,-0.394798,1.21198,11.3766,-0.487693,1.1103,11.3693,-0.553328,1.07088,11.3664,-0.57821,1.11864,11.3692,-0.543458,1.23865,11.3764,-0.456115,1.39613,11.3858,-0.341516,1.55627,11.3953,-0.22497,1.68432,11.4029,-0.131785,4.68907,0.0,-0.0],"quats":[-0.50271767,-0.49726272,-0.49407575,0.50585961,0.50585908,-0.49407601,0.49726212,0.50271827,-0.50469375,-0.4952569,-0.49205691,0.50782365,-0.12845497,0.12926362,0.6930632,0.69746232,0.50782478,-0.49205571,0.49525797,0.50469261,0.012188627,0.70700175,7.8498505e-07,0.70710677,0.017820483,0.70688218,-1.8439246e-07,0.70710677,-0.012188627,0.70700175,-7.8498505e-07,0.70710677,-0.017819725,0.70688224,-5.7425081e-07,0.70710677,-0.50378072,-0.49594784,-0.49269652,0.50743574,-0.50460446,-0.49483117,-0.4916085,0.50876081,-0.50521636,-0.49393794,-0.49078804,0.50981271,-0.50563741,-0.49328655,-0.49021572,0.51057577,-0.50558335,-0.49339324,-0.49043462,0.51031613,-0.50511932,-0.49411324,-0.49116194,0.50937867,-0.50448096,-0.49503168,-0.49205911,0.50825244,-0.50367618,-0.49609736,-0.49305543,0.50704461,-0.50131649,-0.49881664,-0.49535978,0.50446254,-0.49933496,-0.50078207,-0.49707779,0.50278795,-0.49706712,-0.50275815,-0.49900159,0.50115472,-0.49488661,-0.50442791,-0.50083137,0.49980763,-0.49323469,-0.50556248,-0.50220925,0.49891087,-0.49258193,-0.50598264,-0.50275153,0.49858364,-0.49338245,-0.50546831,-0.50206441,0.49900594,-0.49534234,-0.5041036,-0.50038296,0.50013256,-0.49779555,-0.50215977,-0.49828023,0.50174898,-0.5001446,-0.50001192,-0.49627057,0.5035466,-0.50191087,-0.49817553,-0.49476299,0.50509048,-0.49600959,0.50395399,0.50708807,0.49281496,0.51013887,-0.48992699,0.49331334,0.50633186,0.51370394,-0.48660243,0.48997089,0.50917101,0.51651579,-0.48406056,0.48730281,0.51130497,0.51854467,-0.48226935,0.48536029,0.51278961,0.51976997,-0.48120433,0.48417979,0.51366484,0.52018005,-0.48085064,0.48378393,0.5139538,0.5194189,-0.48152632,0.48448202,0.5134331,0.51742607,-0.48330519,0.48631775,0.51203668,0.51463974,-0.48582277,0.48889217,0.51000637,0.51149964,-0.48871207,0.49181557,0.50758833,0.508434,-0.4915958,0.49471787,0.5050571,0.50344062,-0.49648243,0.49985844,0.50019437,0.50082797,-0.49924013,0.50280249,0.49711207,0.49836326,-0.50204957,0.50565279,0.49385798,0.49633181,-0.50455636,0.50804234,0.49088764,0.4949635,-0.50636357,0.50967216,0.48871416,0.49519193,-0.50607526,0.50945348,0.48900917,0.4970839,-0.50364846,0.50731605,0.49180916,0.49967691,-0.50055456,0.50436735,0.49536031,-0.50243956,0.49751639,-0.50120521,-0.49882394,0.50473577,-0.49516994,0.49856022,0.50148386,-0.49281442,-0.50708848,0.50395387,-0.49600983,-0.50573844,-0.49392739,-0.49068367,0.50940543,-0.5065555,-0.49280623,-0.48959258,0.5107277,-0.50716728,-0.49191347,-0.48876444,0.51177335,-0.50759143,-0.491265,-0.48818406,0.51252925,-0.50748003,-0.49131536,-0.48846197,0.51232624,-0.50698262,-0.49200049,-0.4892298,0.51142782,-0.50634104,-0.4929117,-0.49013871,0.51031446,-0.50557452,-0.49401188,-0.49110606,0.50907934,-0.50341105,-0.49694768,-0.49323228,0.50630254,-0.50152564,-0.49904728,-0.49486616,0.504511,-0.49926907,-0.50106657,-0.49679095,0.50285345,-0.49702218,-0.50266355,-0.49869815,0.50159609,-0.49528295,-0.50366932,-0.50017089,0.50084049,-0.49458888,-0.50402129,-0.50075716,0.50058633,-0.49543858,-0.50358868,-0.50001711,0.50092119,-0.4974966,-0.50236607,-0.49822751,0.50189114,-0.50001031,-0.50048023,-0.496052,0.50343007,-0.50232118,-0.49825382,-0.49406675,0.50528651,-0.50397182,-0.49626639,-0.49266416,0.50696546,-0.12857234,0.12555657,0.69372058,0.69746435,-0.12866856,0.12252115,0.69424355,0.69746602,-0.12874353,0.1201585,0.69464141,0.69746715,-0.12879714,0.11846972,0.69492054,0.69746804,-0.1285066,0.11915677,0.69481784,0.69750696,-0.1282534,0.12131718,0.69446486,0.69753265,-0.12808783,0.1238936,0.69402957,0.69754344,-0.12811878,0.12662816,0.6935488,0.69752491,-0.12931484,0.13232297,0.69246823,0.6973207,-0.13065402,0.13611446,0.69170117,0.69710255,-0.13218819,0.14006123,0.69087452,0.69685119,-0.13363394,0.14358881,0.69011319,0.69661182,-0.13470867,0.14612506,0.68955326,0.69643193,-0.13512975,0.14709777,0.68933541,0.69636118,-0.13465798,0.14583822,0.6896143,0.69644141,-0.13347179,0.14267045,0.69030493,0.69664162,-0.13191432,0.1385099,0.69118953,0.69690078,-0.13032916,0.13427384,0.69206351,0.69716066,-0.12906079,0.13088341,0.6927439,0.69736558,0.51210266,-0.48790368,0.49128234,0.50827432,0.51565683,-0.48456699,0.48792678,0.51109719,0.51845413,-0.48201072,0.48525342,0.5132252,0.52047026,-0.48020509,0.48331067,0.51470834,0.52168673,-0.47913021,0.48213109,0.51558399,0.52209342,-0.47877324,0.48173544,0.51587367,0.52134556,-0.47946331,0.48242494,0.51534444,0.51938087,-0.48127267,0.48424464,0.51393312,0.51662153,-0.48381749,0.48681149,0.51189601,0.51349306,-0.4867191,0.48974335,0.50949085,0.51042175,-0.48959517,0.49267399,0.50698966,0.50537318,-0.49443099,0.49790871,0.50221819,-0.5027346,0.49716851,-0.500902,