{"is_global":true,"animation":{"fields":["time","attr"],"times":[0.0,0.0333333,0.0666667,0.1,0.133333,0.166667,0.2,0.233333,0.266667,0.3,0.333333,0.366667,0.4,0.433333,0.466667,0.5,0.533333,0.566667,0.6,0.633333,0.666667,0.7,0.733333,0.766667,0.8,0.833333,0.866667,0.9,0.933333,0.966667,1.0,1.03333,1.06667,1.1,1.13333,1.16667,1.2,1.23333,1.26667,1.3,1.33333],"poses":[-2.3445,-12.1225,1.30916,-2.49728,12.0167,1.30939,1.89017,-11.4587,-0.087513,1.74545,11.4066,-0.087294,5.58833,0.0,-0.0,-0.102283,21.6895,1.61564,5.73382,0.0,-0.0,5.73382,-1e-06,-0.0,3.14947,0.0,-0.0,-2.27385,-12.1247,1.31709,-2.21064,-12.1267,1.32419,-2.15486,-12.1285,1.33045,-2.10652,-12.13,1.33588,-2.06562,-12.1312,1.34048,-2.03216,-12.1323,1.34423,-2.00613,-12.1331,1.34716,-1.98753,-12.1337,1.34925,-1.97638,-12.134,1.3505,-1.97266,-12.1341,1.35092,-1.98052,-12.1339,1.34976,-2.00227,-12.1331,1.34663,-2.03513,-12.1319,1.34201,-2.07635,-12.1305,1.33639,-2.12317,-12.1289,1.33026,-2.17282,-12.1272,1.32412,-2.22254,-12.1257,1.31844,-2.26957,-12.1243,1.31373,-2.31114,-12.1232,1.31047,-2.37291,-12.1223,1.31008,-2.40103,-12.1223,1.31289,-2.42824,-12.1226,1.31712,-2.45388,-12.123,1.32231,-2.47733,-12.1235,1.32799,-2.49795,-12.1241,1.33369,-2.51509,-12.1247,1.33893,-2.52813,-12.1252,1.34326,-2.53642,-12.1255,1.3462,-2.53933,-12.1256,1.34728,-2.53403,-12.1255,1.34624,-2.51963,-12.1253,1.34343,-2.49836,-12.125,1.33926,-2.47245,-12.1246,1.33419,-2.44413,-12.1241,1.32865,-2.41563,-12.1237,1.32308,-2.38919,-12.1232,1.3179,-2.36703,-12.1229,1.31357,-2.35139,-12.1226,1.31051,2.53125,-3.80369,-9.58982,-2.45203,12.0144,1.35419,-2.41153,12.0123,1.39428,-2.3758,12.0105,1.42965,-2.34484,12.0089,1.4603,-2.31864,12.0076,1.48624,-2.2972,12.0064,1.50746,-2.28053,12.0056,1.52397,-2.26862,12.005,1.53576,-2.26147,12.0046,1.54283,-2.25909,12.0045,1.54519,-2.26368,12.0048,1.54063,-2.27646,12.0057,1.52793,-2.29597,12.0071,1.50855,-2.32073,12.0088,1.48396,-2.34928,12.0105,1.45564,-2.38014,12.0124,1.42506,-2.41183,12.014,1.39367,-2.44291,12.0154,1.36295,-2.47188,12.0163,1.33437,-2.5223,12.0164,1.28491,-2.55022,12.0155,1.2577,-2.57974,12.0143,1.22898,-2.60956,12.0127,1.20003,-2.63837,12.011,1.1721,-2.66487,12.0093,1.14643,-2.68775,12.0077,1.12429,-2.70571,12.0064,1.10692,-2.71744,12.0055,1.09558,-2.72164,12.0052,1.09152,-2.71555,12.0055,1.09744,-2.69896,12.0064,1.11354,-2.67447,12.0076,1.13733,-2.64463,12.0091,1.16631,-2.61201,12.0108,1.19798,-2.5792,12.0125,1.22985,-2.54874,12.0141,1.25942,-2.52323,12.0154,1.28419,-2.50522,12.0163,1.30168,2.48338,3.76,-9.58974,1.98751,-11.462,-0.0693315,2.07461,-11.4648,-0.0530639,2.15147,-11.4673,-0.0387101,2.21807,-11.4695,-0.0262701,2.27443,-11.4714,-0.015744,2.32054,-11.4729,-0.00713171,2.35641,-11.4741,-0.000433279,2.38203,-11.4749,0.00435132,2.3974,-11.4754,0.00722208,2.40252,-11.4756,0.008179,2.3914,-11.4752,0.00577385,2.36069,-11.4741,-0.000797926,2.3144,-11.4724,-0.0105709,2.25654,-11.4704,-0.0225795,2.19109,-11.4681,-0.0358583,2.12207,-11.4657,-0.0494417,2.05346,-11.4634,-0.0623644,1.98927,-11.4614,-0.0736609,1.93351,-11.4598,-0.0823656,1.85547,-11.4583,-0.089008,1.82317,-11.4581,-0.087799,1.79357,-11.4583,-0.0844857,1.76695,-11.4587,-0.079668,1.74362,-11.4593,-0.0739458,1.72387,-11.4599,-0.0679188,1.70799,-11.4605,-0.062187,1.69628,-11.461,-0.0573503,1.68904,-11.4614,-0.0540083,1.68656,-11.4615,-0.052761,1.6921,-11.4614,-0.0537056,1.70715,-11.4612,-0.0562741,1.72938,-11.4609,-0.0600684,1.75645,-11.4606,-0.0646904,1.78605,-11.4602,-0.0697421,1.81583,-11.4598,-0.0748254,1.84347,-11.4594,-0.0795422,1.86662,-11.4591,-0.0834944,1.88297,-11.4588,-0.086284,-0.266198,21.492,1.48791,-0.412858,21.2945,1.37362,-0.542265,21.097,1.27277,-0.654417,20.8995,1.18538,-0.749315,20.702,1.11143,-0.826958,20.5044,1.05092,-0.887348,20.3069,1.00386,-0.930484,20.1094,0.970245,-0.956365,19.9119,0.950077,-0.964992,19.7145,0.943354,-0.948419,19.4992,0.955869,-0.902233,19.2563,0.990842,-0.831729,18.9975,1.04441,-0.742206,18.7348,1.11271,-0.63896,18.4801,1.19188,-0.527288,18.245,1.27806,-0.412487,18.0416,1.36739,-0.299855,17.8816,1.456,-0.194688,17.777,1.54004,-0.102283,17.7394,1.61564,-0.0108238,17.7743,1.69265,0.091748,17.872,1.78055,0.200497,18.0226,1.87491,0.310489,18.2161,1.97132,0.416788,18.4424,2.06536,0.51446,18.6914,2.1526,0.598568,18.9532,2.22863,0.664178,19.2176,2.28902,0.706355,19.4747,2.32936,0.720163,19.7145,2.34523,0.705093,19.954,2.33737,0.667007,20.2114,2.31142,0.610527,20.4778,2.27034,0.540276,20.7443,2.21706,0.460875,21.0021,2.15451,0.376947,21.2423,2.08565,0.293114,21.456,2.0134,0.161373,21.6,1.88522,-0.00340492,21.6642,1.71728,1.79922,11.4039,-0.0392246,1.84733,11.4016,0.00378492,1.88978,11.3995,0.0417345,1.92657,11.3977,0.0746241,1.9577,11.3961,0.102454,1.98317,11.3949,0.125224,2.00298,11.3939,0.142933,2.01712,11.3932,0.155583,2.02561,11.3928,0.163173,2.02845,11.3927,0.165703,2.02283,11.3931,0.160747,2.00721,11.3941,0.146956,1.98346,11.3956,0.125949,1.95343,11.3975,0.0993425,1.91897,11.3995,0.0687546,1.88196,11.4015,0.0358026,1.84424,11.4034,0.00210422,1.80768,11.405,-0.0307231,1.77413,11.4061,-0.0610617,1.71828,11.4063,-0.112597,1.6888,11.4055,-0.140413,1.65824,11.4042,-0.169522,1.62781,11.4027,-0.198707,1.59873,11.4009,-0.226746,1.57221,11.3992,-0.252421,1.54946,11.3976,-0.274514,1.53171,11.3963,-0.291803,1.52017,11.3954,-0.303071,1.51605,11.395,-0.307098,1.52229,11.3954,-0.301123,1.53924,11.3962,-0.284878,1.56429,11.3975,-0.260879,1.5948,11.399,-0.231645,1.62815,11.4007,-0.199694,1.6617,11.4024,-0.167542,1.69284,11.4039,-0.137709,1.71893,11.4052,-0.112711,1.73734,11.4061,-0.0950671,-6.71697,-0.082263,-0.0,4.68907,0.0,-0.0],