{"is_global":true,"animation":{"fields":["time","attr"],"times":[0.0,0.0333333,0.0666667,0.1,0.133333,0.166667,0.2,0.233333,0.266667,0.3,0.333333,0.366667,0.4,0.433333,0.466667,0.5,0.533333,0.566667,0.6,0.633333,0.666667,0.7,0.733333,0.766667,0.8,0.833333,0.866667,0.9,0.933333,0.966667,1.0,1.03333,1.06667,1.1,1.13333,1.16667,1.2,1.23333,1.26667,1.3,1.33333,1.36667,1.4,1.43333,1.46667,1.5,1.53333,1.56667,1.6,1.63333,1.66667,1.7,1.73333,1.76667,1.8,1.83333,1.86667,1.9,1.93333,1.96667,2.0],"poses":[2.53125,-3.80369,-9.58982,-0.112039,21.3709,4e-06,5.73382,0.0,-0.0,5.58833,0.0,-0.0,5.73382,-1e-06,-0.0,3.14947,0.0,-0.0,-2.3445,-12.1225,1.30916,-2.49728,12.0167,1.30939,2.48338,3.76,-9.58974,1.89017,-11.4587,-0.087513,-0.198604,21.358,4e-06,-0.279199,21.3206,4e-06,-0.353823,21.2603,4e-06,-0.422478,21.1789,4e-06,-0.485163,21.0783,4e-06,-0.541878,20.9601,4e-06,-0.592623,20.8261,4e-06,-0.637398,20.678,4e-06,-0.676202,20.5177,4e-06,-0.709037,20.3468,4e-06,-0.735902,20.1672,4e-06,-0.756797,19.9805,4e-06,-0.771722,19.7885,4e-06,-0.780677,19.5931,4e-06,-0.783662,19.3959,4e-06,-0.777703,19.1987,4e-06,-0.760674,19.0032,4e-06,-0.733851,18.8113,4e-06,-0.698509,18.6246,4e-06,-0.655922,18.4449,4e-06,-0.607364,18.2741,4e-06,-0.554112,18.1137,4e-06,-0.497439,17.9657,4e-06,-0.438621,17.8317,4e-06,-0.378932,17.7135,4e-06,-0.319646,17.6128,4e-06,-0.262039,17.5315,4e-06,-0.207386,17.4712,4e-06,-0.156961,17.4337,4e-06,-0.112039,17.4209,4e-06,-0.0682748,17.4337,4e-06,-0.0211078,17.4712,4e-06,0.0285102,17.5315,4e-06,0.0796277,17.6128,4e-06,0.131293,17.7135,4e-06,0.182554,17.8317,4e-06,0.23246,17.9657,4e-06,0.280059,18.1137,4e-06,0.324398,18.2741,4e-06,0.364527,18.4449,4e-06,0.399494,18.6246,4e-06,0.428347,18.8113,4e-06,0.450135,19.0032,4e-06,0.463905,19.1987,4e-06,0.468707,19.3959,4e-06,0.457123,19.5931,4e-06,0.424945,19.7885,4e-06,0.376029,19.9805,4e-06,0.314235,20.1672,4e-06,0.24342,20.3468,4e-06,0.167444,20.5177,4e-06,0.0901629,20.678,4e-06,0.0154364,20.8261,4e-06,-0.0528775,20.9601,4e-06,-0.110921,21.0783,4e-06,-0.154835,21.1789,4e-06,-0.180762,21.2603,4e-06,-0.184844,21.3206,4e-06,-0.163223,21.358,4e-06,4.68907,0.0,-0.0],"quats":[-3.5467049e-06,-3.524327e-06,0.70486552,0.70934099,0.012188627,0.70700175,7.8498505e-07,0.70710677,0.017820483,0.70688218,-1.8439246e-07,0.70710677,-0.012188627,0.70700175,-7.8498505e-07,0.70710677,-0.017819725,0.70688224,-5.7425081e-07,0.70710677,-0.49600959,0.50395399,0.50708807,0.49281496,-0.49600935,0.50395411,0.50708807,0.49281493,0.50585908,-0.49407601,0.49726212,0.50271827,-0.49281442,-0.50708848,0.50395387,-0.49600983,-0.00080925768,-0.00078831782,0.70566243,0.70854735,-0.0015578133,-0.0015206148,0.70640278,0.70780677,-0.0022495517,-0.002200064,0.70708686,0.7071197,-0.002884787,-0.0028263426,0.70771539,0.70648617,-0.0034638075,-0.0033991479,0.70828784,0.70590717,-0.0039868779,-0.0039182142,0.70880514,0.70538223,-0.0044542402,-0.0043832944,0.70926714,0.70491213,-0.0048661092,-0.0047941739,0.70967466,0.7044965,-0.0055241035,-0.0054525719,0.71032524,0.70383084,-0.0057705361,-0.0056997878,0.71056902,0.7035808,-0.0059620854,-0.0058921855,0.71075839,0.70338631,-0.005445533,-0.0053810589,0.71025115,0.70390671,-0.0050620479,-0.0050002397,0.7098735,0.70429331,-0.0046232366,-0.0045650555,0.70944101,0.70473486,-0.0041400213,-0.0040865256,0.70896441,0.70522028,-0.003623361,-0.0035756379,0.70845485,0.70573783,-0.0030842768,-0.0030433219,0.70792228,0.70627707,-0.00253384,-0.0025004493,0.70737827,0.70682621,-0.0019831904,-0.0019578224,0.7068333,0.70737469,-0.001443536,-0.0014261778,0.70629871,0.70791113,-0.00092614756,-0.00091618416,0.70578498,0.70842499,-0.00044235706,-0.00043844819,0.70530355,0.70890522,0.00043401003,0.000432598,0.70442694,0.70977628,0.00091459497,0.00091338257,0.70394379,0.71025455,0.0014275928,0.00142752,0.70342684,0.71076483,0.0019623369,0.001963753,0.702887,0.71129614,0.0025080987,0.0025108834,0.70233518,0.71183759,0.0030540829,0.0030577797,0.7017827,0.71237803,0.0035894273,0.0035933733,0.70124012,0.71290708,0.0041032038,0.0041066715,0.70071959,0.71341324,0.0045844219,0.0045867278,0.70023137,0.71388656,0.0050220378,0.0050226566,0.69978708,0.71431619,0.0054049739,0.0054036127,0.69939834,0.71469134,0.0057221195,0.0057187737,0.699076,0.71500164,0.0050977711,0.0051076701,0.6997053,0.71439517,0.0045862049,0.0046017366,0.70022273,0.7138949,0.0040203598,0.0040404224,0.70079511,0.71333987,0.0034217753,0.0034446758,0.70140046,0.71275091,0.0028118636,0.0028355825,0.70201749,0.71214855,0.002211896,0.0022343646,0.70262456,0.71155393,0.0016429977,0.0016623883,0.7031998,0.71098852,0.0011261655,0.0011411561,0.70372254,0.71047312,0.0006822836,0.00069227134,0.70417166,0.71002918,0.50782478,-0.49205571,0.49525797,0.50469261,6.1590988e-08,-1.5270651e-05,0.99997628,-0.0068956395,1.0499546e-05,-9.7499232e-08,-0.0092856428,0.99995691],"scales":[],"length":2.0,"tracks":{"Bind01":{"quat":[0,1]},"Bind02":{"pos":[0,2],"quat":[0,2]},"Bind03":{"pos":[0,3],"quat":[0,3]},"Bind04":{"pos":[0,4],"quat":[0,4]},"Bind05":{"pos":[0,5]},"bone01":{"pos":[0,6]},"bone02":{"pos":[0,0,60,0],"quat":[0,5,60,6]},"bone03":{"pos":[0,7],"quat":[0,7]},"bone04":{"pos":[0,8],"quat":[0,8]},"bone05":{"pos":[0,9]},"bone06":{"pos":[0,1,1,10,2,11,3,12,4,13,5,14,6,15,7,16,8,17,9,18,10,19,11,20,12,21,13,22,14,23,15,24,16,25,17,26,18,27,19,28,20,29,21,30,22,31,23,32,24,33,25,34,26,35,27,36,28,37,29,38,30,39,31,40,32,41,33,42,34,43,35,44,36,45,37,46,38,47,39,48,40,49,41,50,42,51,43,52,44,53,45,54,46,55,47,56,48,57,49,58,50,59,51,60,52,61,53,62,54,63,55,64,56,65,57,66,58,67,59,68,60,1],"quat":[0,0,1,9,2,10,3,11,4,12,5,13,6,14,7,15,8,16,10,17,11,18,12,19,19,20,20,21,21,22,22,23,23,24,24,25,25,26,26,27,27,28,28,29,29,30,30,0,31,31,32,32,33,33,34,34,35,35,36,36,37,37,38,38,39,39,40,40,41,41,42,42,49,43,50,44,51,45,52,46,53,47,54,48,55,49,56,50,57,51,60,0]},"bone07":{"quat":[0,52]},"bone08":{"quat":[0,53]},"bone09":{"pos":[0,69],"quat":[0,54]}}},"version":"0.1.0"}