{
  "is_global": true,
  "animation": {
    "fields": [
      "time",
      "attr"
    ],
    "times": [
      0,
      0.033333,
      0.066666,
      0.1,
      0.133333,
      0.166666,
      0.2,
      0.233333,
      0.266666,
      0.3,
      0.333333,
      0.366666,
      0.4,
      0.433333,
      0.466666,
      0.5,
      0.533333,
      0.566666,
      0.6,
      0.633333,
      0.666666,
      0.7,
      0.733333,
      0.766666,
      0.8,
      0.833333,
      0.866666,
      0.9,
      0.933333,
      0.966666,
      1,
      1.03333,
      1.06667,
      1.1,
      1.13333,
      1.16667,
      1.2,
      1.23333,
      1.26667,
      1.3,
      1.33333
    ],
    "poses": [
      3,
      8.34465e-7,
      -0.000009,
      3.00002,
      -0.000002,
      0.00006,
      3,
      0.000008,
      -0.000053,
      3.00001,
      0,
      0.000036,
      2.99998,
      0.000002,
      -0.000064,
      3.00003,
      0.000001,
      0.000064,
      3.00001,
      -1.19209e-7,
      0.000022,
      2.99998,
      0.000004,
      -0.000074,
      3,
      -0.000004,
      0,
      2.99998,
      5.36442e-7,
      -0.000051,
      3.00007,
      0.000011,
      0.000062,
      3.00002,
      0.000001,
      0.000032,
      2.99997,
      -0.000006,
      -0.000003,
      2.99993,
      -0.00001,
      -0.00007,
      3.00002,
      -0.000004,
      0.000038
    ],
    "quats": [
      0.074297,
      -0.813699,
      -0.114227,
      0.565088,
      0.078628,
      -0.809046,
      -0.114903,
      0.571015,
      0.085137,
      -0.802097,
      -0.115858,
      0.579626,
      0.093242,
      -0.793515,
      -0.116954,
      0.589881,
      0.102305,
      -0.783997,
      -0.118064,
      0.600784,
      0.111614,
      -0.774296,
      -0.119087,
      0.611412,
      0.120379,
      -0.765222,
      -0.119949,
      0.62093,
      0.127746,
      -0.757637,
      -0.120603,
      0.628586,
      0.132818,
      -0.752432,
      -0.121017,
      0.633687,
      0.07272,
      -0.815401,
      -0.113973,
      0.562888,
      0.134702,
      -0.750503,
      -0.121164,
      0.635546,
      0.001852,
      0.032018,
      -0.015081,
      0.999371,
      0.002681,
      0.06353,
      -0.030382,
      0.997513,
      0.002481,
      0.032071,
      -0.015993,
      0.999354,
      -0.5,
      0.499999,
      0.5,
      0.499999,
      0.00107,
      0.017449,
      -0.008362,
      0.999812,
      0.000095,
      -0.001136,
      0.000154,
      0.999999,
      -0.000958,
      -0.020362,
      0.009135,
      0.99975,
      -0.002032,
      -0.037864,
      0.017629,
      0.999125,
      -0.003047,
      -0.052011,
      0.024895,
      0.998331,
      -0.003909,
      -0.061728,
      0.030319,
      0.997624,
      -0.004505,
      -0.066335,
      0.033367,
      0.997229,
      -0.00471,
      -0.065406,
      0.033577,
      0.997282,
      -0.004407,
      -0.058655,
      0.030566,
      0.9978,
      -0.003509,
      -0.045847,
      0.024053,
      0.998652,
      -0.002036,
      -0.027424,
      0.014278,
      0.999519,
      -0.000297,
      -0.006356,
      0.003015,
      0.999975,
      0.001357,
      0.014578,
      -0.008026,
      0.99986,
      0.002731,
      0.033401,
      -0.01765,
      0.999282,
      0.003694,
      0.048699,
      -0.025091,
      0.998491,
      0.004208,
      0.059481,
      -0.029924,
      0.997771,
      0.004297,
      0.065037,
      -0.031981,
      0.99736,
      0.004023,
      0.064858,
      -0.031245,
      0.997397,
      0.003456,
      0.058553,
      -0.027766,
      0.997892,
      0.002648,
      0.045817,
      -0.021572,
      0.998713,
      0.001628,
      0.027124,
      -0.012898,
      0.999547,
      0.000498,
      0.005646,
      -0.003021,
      0.999979,
      -0.000682,
      -0.01562,
      0.006911,
      0.999853,
      -0.001837,
      -0.034557,
      0.016071,
      0.999271,
      -0.002911,
      -0.04971,
      0.023804,
      0.998475,
      -0.003816,
      -0.060129,
      0.029554,
      0.997745,
      -0.00444,
      -0.065224,
      0.032829,
      0.99732,
      -0.004665,
      -0.064633,
      0.033199,
      0.997345,
      -0.004376,
      -0.058116,
      0.030299,
      0.99784,
      -0.003486,
      -0.04547,
      0.023866,
      0.998674,
      -0.00202,
      -0.02716,
      0.014146,
      0.999528,
      -0.0003,
      -0.006171,
      0.002923,
      0.999976,
      0.001357,
      0.014707,
      -0.008089,
      0.999858,
      0.00273,
      0.03349,
      -0.017694,
      0.999278,
      0.003695,
      0.048762,
      -0.025121,
      0.998487,
      0.00421,
      0.059524,
      -0.029945,
      0.997768,
      0.004297,
      0.065068,
      -0.031995,
      0.997358,
      0.003439,
      0.056514,
      -0.027607,
      0.998014,
      0.00232,
      0.040599,
      -0.019466,
      0.998983,
      0.002189,
      0.058778,
      -0.027878,
      0.997879,
      0.001565,
      0.050663,
      -0.023922,
      0.998427,
      0.000804,
      0.038098,
      -0.018034,
      0.99911,
      -0.000011,
      0.021786,
      -0.010454,
      0.999707,
      -0.000923,
      0.003276,
      -0.001761,
      0.999992,
      -0.001825,
      -0.015593,
      0.007309,
      0.99985,
      -0.002636,
      -0.033082,
      0.016001,
      0.999321,
      -0.003261,
      -0.047736,
      0.023594,
      0.998575,
      -0.003602,
      -0.058445,
      0.029432,
      0.99785,
      -0.003563,
      -0.064366,
      0.032923,
      0.997376,
      -0.003095,
      -0.064691,
      0.033464,
      0.997339,
      -0.002263,
      -0.058528,
      0.030452,
      0.997818,
      -0.001174,
      -0.046327,
      0.024096,
      0.998634,
      -0.000009,
      -0.029578,
      0.015265,
      0.999445,
      0.001101,
      -0.010224,
      0.005121,
      0.999934,
      0.002037,
      0.009709,
      -0.005142,
      0.999937,
      0.002722,
      0.028382,
      -0.014493,
      0.999488,
      0.003118,
      0.044261,
      -0.022152,
      0.998769,
      0.003221,
      0.05615,
      -0.027603,
      0.998035,
      0.00304,
      0.063101,
      -0.030536,
      0.997535,
      0.002603,
      0.064204,
      -0.030697,
      0.997461,
      0.001959,
      0.058495,
      -0.027793,
      0.997898,
      0.001172,
      0.046439,
      -0.02208,
      0.998676,
      0.000271,
      0.029629,
      -0.014224,
      0.999459,
      -0.000689,
      0.010151,
      -0.005056,
      0.999935,
      -0.00163,
      -0.009845,
      0.004551,
      0.999939,
      -0.00248,
      -0.02843,
      0.013761,
      0.999497,
      -0.00314,
      -0.044059,
      0.021813,
      0.998785,
      -0.003509,
      -0.055583,
      0.028037,
      0.998054,
      -0.003493,
      -0.062161,
      0.031841,
      0.997551,
      -0.003042,
      -0.062999,
      0.03263,
      0.997475,
      -0.002213,
      -0.057235,
      0.029811,
      0.997913,
      -0.001145,
      -0.045343,
      0.023607,
      0.998691,
      0.000018,
      -0.028833,
      0.014897,
      0.999473,
      0.001117,
      -0.009667,
      0.004846,
      0.99994,
      0.00205,
      0.010125,
      -0.005346,
      0.999932,
      0.002732,
      0.028688,
      -0.014642,
      0.999477,
      0.002845,
      0.043654,
      -0.021531,
      0.99881,
      0.002746,
      0.057464,
      -0.027709,
      0.997959,
      0.002395,
      0.044354,
      -0.021721,
      0.998776,
      0.002138,
      0.053162,
      -0.025708,
      0.998252,
      0.001731,
      0.058061,
      -0.027859,
      0.997922,
      0.001169,
      0.058297,
      -0.027912,
      0.997908,
      0.000537,
      0.053511,
      -0.025715,
      0.998235,
      -0.000154,
      0.043946,
      -0.021333,
      0.998806,
      -0.000896,
      0.03044,
      -0.015053,
      0.999422,
      -0.001614,
      0.014232,
      -0.007345,
      0.99987,
      -0.00222,
