{"animation":{"fields":["time","attr"],"times":[0.0,0.033333,0.066666,0.1,0.133333,0.166666,0.2,0.233333,0.266666,0.3,0.333333,0.366666,0.4,0.433333,0.466666,0.5,0.533333,0.566666,0.6,0.633333,0.666666,0.7,0.733333,0.766666,0.8,0.833333,0.866666,0.9,0.933333,0.966666,1.0,1.03333,1.06667,1.1,1.13333,1.16667,1.2,1.23333,1.26667,1.3,1.33333,1.36667,1.4,1.43333,1.46667,1.5,1.53333,1.56667,1.6,1.63333,1.66667,1.7,1.73333,1.76667,1.8,1.83333,1.86667,1.9,1.93333,1.96667,2.0,2.03333,2.06667,2.1,2.13333,2.16667,2.2,2.23333,2.26667,2.3,2.33333,2.36667,2.4,2.46667,2.5,2.53333,2.56667,2.6,2.63333,2.66667,2.96667,3.0,3.03333,3.06667,3.1,3.13333,3.16667,3.2,3.23333,3.3,3.33333,3.36667,3.43333,3.46667,3.5,3.56667,3.6,3.63333,4.3,4.33333,4.36667,4.86667,4.9,4.93333,5.23333,5.26667,5.3,5.33333,5.36667,5.4,5.5,5.53333,5.56667,6.13333],"poses":[1.10526,-2.7e-05,-4.50002,3.38273,-0.00208,0.004875,2.4325,3.218,-0.00239,2.42839,-3.21382,-0.002296,0.893903,1.14579,-0.002346,0.89245,-1.14655,-0.002347,0.00075,-4.91854e-07,-12.0112,11.9958,0.000748,-0.0,1.10519,-1.7e-05,-4.50004,1.10512,-2e-05,-4.50002,1.10527,-1.6e-05,-4.50004,1.10515,-1.9e-05,-4.50002,1.10513,-1.8e-05,-4.50002,1.1051,-1.9e-05,-4.50002,1.10524,-2.1e-05,-4.50002,1.10517,-1.7e-05,-4.50003,5.42383,0.003662,0.033691,5.4043,0.006469,-0.000976,5.34375,0.011475,-0.034179,5.41992,0.00415,0.01416,5.4375,0.005126,0.017578,5.39844,0.000488,0.014648,5.42773,0.00653,0.019042,5.44531,0.005981,0.01123,5.35547,0.004516,0.024902,5.35742,0.003784,0.02246,5.44531,0.004486,0.010253,5.44336,0.005462,0.007324,5.42969,0.00534,0.013671,5.41797,0.004577,0.015625,5.41992,0.004821,0.013671,5.39844,0.004639,0.020996,5.5,0.005859,0.014648,5.41602,0.004882,0.013671,5.42969,0.005736,0.025878,5.44922,0.004882,0.023925,5.37109,0.007568,0.011718,5.38281,0.003417,0.005371,5.375,0.003417,0.005859,5.36328,0.015137,0.011718,5.36719,0.004882,0.013671,5.35547,0.007324,0.005859,5.35547,0.009765,0.004882,5.44531,0.00415,0.024414,5.3418,0.009033,0.007324,5.42969,0.004149,0.024902,5.33203,0.009521,0.005859,5.42969,0.003661,0.016601,5.43359,0.003173,0.018066,5.43164,0.003661,0.017089,5.42969,0.001708,0.016113,5.43164,0.012694,0.015625,5.42969,0.004882,0.016601,5.42969,-0.000977,0.020507,5.43359,0.007812,0.01416,5.42578,0.004394,0.013671,5.42188,0.009765,0.020996,5.43164,0.002929,0.010253,5.42578,0.001953,0.018554,5.44141,0.002929,0.016113,5.45312,0.010742,0.020996,5.46875,0.006347,0.019531,5.48047,0.000488,0.025878,5.39844,0.006835,0.013671,5.0957,0.000487,0.01123,4.38672,0.003417,0.009765,3.78125,-0.017578,0.018554,3.38086,-0.000976,-0.002441,3.48438,0.000976,-0.000976,3.38672,-0.001465,0.011718,3.39453,-0.007812,0.003417,3.40234,-0.003906,-0.0,3.39844,-0.006835,0.012695,3.40234,-0.003906,0.003906,3.40234,0.0,0.012695,3.40234,-0.001953,0.004394,3.29883,0.006835,-0.015136,3.38672,0.004394,0.0083,3.38274,-0.002079,0.004874,3.38278,-0.002087,0.004892,1.48242,6.25995,-0.036621,1.4707,6.26129,-0.033691,1.47656,6.26032,-0.013183,1.50391,6.25763,0.000976,1.43945,6.26495,-0.005859,1.46094,6.25787,-0.005859,1.43945,6.25568,0.008789,1.4668,6.25873,-0.006347,1.4043,6.25745,0.010253,1.52344,6.25858,-0.0083,1.53516,6.25824,-0.004882,1.54297,6.25876,-0.013183,1.52539,6.2591,-0.01123,1.50781,6.2583,-0.009277,1.50586,6.25849,-0.004394,1.50195,6.25794,-0.001953,1.53906,6.25873,-0.005371,1.41992,6.258,-0.006835,1.53516,6.25812,0.009277,1.4707,6.25592,-0.002441,1.50195,6.26495,0.004882,1.49805,6.25543,-0.006835,1.52344,6.25006,0.003417,1.50781,6.26666,0.005371,1.41016,6.26373,-0.012207,1.49609,6.25885,-0.003417,1.49023,6.25934,-0.001953,1.47461,6.26129,0.003417,1.46094,6.25885,-0.007812,1.44531,6.26202,-0.000488,1.43359,6.26154,-0.007812,1.52734,6.25617,0.005371,1.43359,6.26081,-0.012207,1.53711,6.2547,0.006835,1.44531,6.26495,-0.002929,1.4668,6.26178,-0.011718,1.47656,6.26227,-0.004394,1.48047,6.25055,-0.003906,1.49023,6.26129,-0.004394,1.47656,6.25397,-0.002929,1.46875,6.26715,0.002441,1.47266,6.25397,-0.010253,1.47656,6.26276,-0.0,1.49609,6.25739,-0.001953,1.50977,6.26325,0.005859,1.5293,6.25641,-0.002929,1.54688,6.24957,0.009765,1.56836,6.25397,0.008789,1.47852,6.25836,-0.001953,1.49414,6.26373,-0.000488,1.50586,6.24909,-0.001953,1.51367,6.25739,0.002929,1.52148,6.2525,0.001953,1.53125,6.25934,0.009765,1.44336,6.2652,-0.012207,1.55859,6.25202,0.006835,1.48828,5.45709,-0.005371,1.45117,3.95905,-0.017089,1.48047,3.16364,-0.006835,1.49414,3.28375,-0.000488,1.47852,3.21686,-0.003417,1.4707,3.22418,-0.003417,1.49253,3.21801,-0.002396,1.75176,3.218,-0.002399,2.23333,3.218,-0.002397,2.49265,3.21801,-0.002392,2.37173,3.21801,-0.002402,2.43244,3.21801,-0.002395,2.43249,3.218,-0.002388,2.43255,3.218,-0.002387,2.4325,3.21801,-0.002385,1.48828,-4.57238,-0.008789,1.51953,-4.57555,0.027832,1.43945,-4.5675,-0.037597,1.55469,-4.57653,0.019531,1.48438,-4.57263,0.003906,1.5,-4.57604,0.000488,1.43359,-4.57458,0.003906,1.50586,-4.57171,-0.0083,1.39844,-4.57354,0.0083,1.48047,-4.57293,-0.001464,1.4668,-4.57372,0.004394,1.4707,-4.57311,-0.003906,1.46484,-4.57259,-0.0,1.47461,-4.5736,-0.004394,1.48633,-4.57257,-0.004394,1.47461,-4.57366,-0.003417,1.53906,-4.57201,-0.006347,1.38867,-4.57287,-0.010742,1.51367,-4.5725,0.007812,1.52734,-4.57885,0.007324,1.4375,-4.56835,-0.0083,1.4707,-4.57836,-0.002441,1.54688,-4.57885,0.008789,1.44531,-4.56176,-0.003417,1.45117,-4.57446,-0.000976,1.45117,-4.57104,-0.004882,1.4668,-4.57055,-0.01123,1.47266,-4.57031,0.002441,1.47852,-4.57226,0.003417,1.48242,-4.57201,0.003906,1.49414,-4.57446,-0.003906,1.49805,-4.57372,0.002441,1.50195,-4.57324,-0.000976,1.49023,-4.57275,0.005859,1.48242,-4.57006,-0.006347,1.47461,-4.57299,-0.006835,1.4707,-4.56567,-0.008789,1.45703,-4.5769,0.001464,1.55664,-4.57592,-0.002441,1.45312,-4.56713,-0.007812,1.46094,-4.56567,-0.002441,1.46484,-4.57836,-0.005371,1.45703,-4.57104,0.002929,1.5625,-4.58471,0.0083,1.44922,-4.56274,0.000976,1.54883,-4.56909,-0.0,1.53711,-4.5769,0.007324,1.53516,-4.57397,-0.000976,1.52344,-4.57934,-0.002929,1.51367,-4.57397,-0.003906,1.51367,-4.57738,-0.004882,1.50586,-4.57787,0.001464,1.50391,-4.57153,-0.006347,1.49609,-4.57202,0.006347,1.49414,-4.57348,-0.000488,1.50195,-4.5769,-0.010253,1.52148,-4.20483,0.009765,1.48438,-3.52661,-0.012695,1.51172,-3.14819,-0.0,1.49805,-3.2683,-0.004394,1.4082,-3.20483,-0.024414,1.51562,-3.21557,0.005371,1.49259,-3.21381,-0.002306,1.75078,-3.21382,-0.002302,2.23033,-3.21382,-0.002306,2.48853,-3.21382,-0.002305,2.3676,-3.21381,-0.002308,2.42832,-3.21381,-0.002309,2.42839,-3.21381,-0.002304,2.42842,-3.21382,-0.002309,2.42843,-3.21382,-0.002299,2.42842,-3.21382,-0.002294,2.42833,-3.21381,-0.002311,2.42843,-3.21382,-0.002296,2.42845,-3.21382,-0.002295,2.42833,-3.21382,-0.002308,2.42834,-3.21382,-0.002317,2.42841,-3.21382,-0.002295,2.42844,-3.21383,-0.002296,2.42835,-3.21382,-0.002304,2.42844,-3.21382,-0.002298,2.42846,-3.21383,-0.002284,2.42837,-3.21382,-0.002307,2.42838,-3.21382,-0.002297,2.42848,-3.21382,-0.002293,2.42844,-3.21382,-0.002299,2.42835,-3.21382,-0.002312,2.42833,-3.21382,-0.002305,2.42842,-3.21381,-0.00231,2.42843,-3.21383,-0.002306,2.42831,-3.21382,-0.002302,2.42839,-3.21381,-0.002301,-0.34375,3.55933,-0.046875,-0.353515,3.5592,-0.028808,-0.384765,3.56067,-0.03955,-0.341796,3.55615,-0.008789,-0.386718,3.56397,-0.003417,-0.378906,3.5589,-0.003417,-0.394531,3.55627,0.007812,-0.287109,3.55841,-0.012207,-0.365234,3.55658,0.003417,-0.351562,3.55542,-0.001464,-0.341796,3.55609,-0.000488,-0.33789,3.55563,-0.003906,-0.349609,3.55679,-0.003417,-0.355468,3.55566,-0.001464,-0.248046,3.55762,-0.003906,-0.357421,3.55615,0.001464,-0.330078,3.55682,-0.007324,-0.392578,3.55652,-0.007812,-0.332031,3.55676,0.005371,-0.359375,3.54981,-0.006347,-0.388671,3.55737,-0.008789,-0.341796,3.55908,-0.005371,-0.332031,3.55029,-0.003417,-0.335937,3.55908,-0.002929,-0.33789,3.55371,0.004394,-0.341796,3.56152,-0.004394,-0.339843,3.55762,-0.003417,-0.351562,3.55859,-0.001953,-0.355468,3.55786,0.000488,-0.365234,3.55859,-0.003906,-0.367187,3.55835,-0.001953,-0.273437,3.55249,0.007324,