{"is_global":true,"animation":{"fields":["time","attr"],"times":[0.0,0.033333,0.066666,0.1,0.133333,0.166666,0.2,0.233333,0.266666,0.3,0.333333,0.366666,0.4,0.433333,0.466666,0.5,0.533333,0.566666,0.6,0.633333,0.666666,0.7,0.733333,0.766666,0.8,0.833333,0.866666,0.9,0.933333,0.966666,1.0,1.03333,1.06667,1.1,1.13333,1.16667,1.2,1.23333,1.26667,1.3,1.33333],"poses":[4.00808,0.000748,3.0,3.00003,-5e-06,2.8e-05,2.99995,-2e-06,-5.5e-05,0.00075,-4.91854e-07,-12.0112,3.00001,-7.15256e-07,6e-06,3.00005,-1.4e-05,4.8e-05,2.99997,1.2e-05,-3e-05,3.00002,8.34465e-07,1.6e-05,3.00001,1e-06,1.5e-05],"quats":[-0.056222,-0.880447,0.015253,0.470551,-0.5,0.499999,0.5,0.499999,0.020727,-0.881997,-0.025815,0.47009,-0.000364,-0.19086,-0.042137,0.980712,-0.000891,-0.190522,-0.03883,0.980914,-0.001455,-0.190098,-0.034947,0.981141,-0.002107,-0.189658,-0.030836,0.981363,-0.002773,-0.189265,-0.026739,0.981557,-0.003428,-0.188963,-0.02282,0.981712,-0.004044,-0.188781,-0.019199,0.981823,-0.004611,-0.188734,-0.01596,0.981887,-0.005093,-0.188824,-0.013161,0.981909,-0.005517,-0.18904,-0.010855,0.981893,-0.005853,-0.189361,-0.009069,0.981848,-0.006102,-0.189759,-0.007826,0.98178,-0.006254,-0.1902,-0.00714,0.981699,-0.006318,-0.190648,-0.007023,0.981612,-0.006286,-0.191066,-0.007479,0.981528,-0.006152,-0.191415,-0.008506,0.981452,-0.005924,-0.191664,-0.010105,0.98139,-0.0056,-0.191786,-0.012275,0.981343,-0.005167,-0.191761,-0.01501,0.981313,-0.004639,-0.19158,-0.018311,0.981295,-0.004014,-0.191246,-0.022177,0.981283,-0.003392,-0.190782,-0.026572,0.981266,-0.002539,-0.190262,-0.031173,0.981234,-0.001739,-0.189749,-0.03578,0.981178,-0.000972,-0.189298,-0.040224,0.981094,-0.000256,-0.188951,-0.044381,0.980982,0.000407,-0.188735,-0.04816,0.980846,0.000986,-0.188661,-0.051507,0.98069,0.001488,-0.188729,-0.054373,0.980521,0.001905,-0.188928,-0.056725,0.980349,0.00223,-0.189235,-0.058542,0.980182,0.002461,-0.189624,-0.05981,0.98003,0.002592,-0.190059,-0.060516,0.979902,0.002631,-0.190505,-0.060653,0.979807,0.002578,-0.190923,-0.060219,0.979752,0.002429,-0.191278,-0.059213,0.979745,0.002187,-0.191536,-0.057636,0.979789,0.001858,-0.191671,-0.055491,0.979887,0.001422,-0.191663,-0.052779,0.980039,0.000922,-0.191503,-0.049494,0.980242,0.000307,-0.191193,-0.045645,0.98049,0.00357,-0.108944,-0.058816,0.992299,0.003486,-0.108673,-0.054751,0.992562,0.003412,-0.108306,-0.050445,0.99283,0.003352,-0.107836,-0.045761,0.993109,0.003286,-0.107298,-0.040695,0.993388,0.003177,-0.106744,-0.035376,0.993651,0.003031,-0.106228,-0.029958,0.993885,0.002852,-0.105803,-0.024599,0.994078,0.002638,-0.105507,-0.019451,0.994224,0.002418,-0.105366,-0.014651,0.994322,0.002182,-0.10539,-0.010311,0.994375,0.001943,-0.105577,-0.006524,0.994387,0.001702,-0.105908,-0.003366,0.994368,0.001473,-0.106354,-0.000894,0.994326,0.001257,-0.106875,0.000848,0.994271,0.001053,-0.107429,0.001833,0.99421,0.00087,-0.107968,0.002038,0.994151,0.000711,-0.108443,0.001453,0.994101,0.000567,-0.108812,6.8e-05,0.994062,0.000453,-0.109037,-0.002119,0.994035,0.000366,-0.109089,-0.005115,0.994018,0.000355,-0.108954,-0.008927,0.994006,0.000283,-0.108637,-0.013489,0.993989,0.000346,-0.108174,-0.018698,0.993956,0.000449,-0.107622,-0.024336,0.993893,0.000611,-0.107047,-0.030191,0.993795,0.000808,-0.106513,-0.03607,0.993656,0.00104,-0.10607,-0.041798,0.993479,0.001286,-0.105761,-0.047221,0.993268,0.001538,-0.10561,-0.052216,0.993034,0.001791,-0.105625,-0.056685,0.992787,0.002038,-0.105801,-0.06055,0.99254,0.002276,-0.106117,-0.063756,0.992304,0.002498,-0.106545,-0.066259,0.992094,0.0027,-0.107046,-0.068027,0.99192,0.002884,-0.107575,-0.069043,0.991792,0.003195,-0.108534,-0.068761,0.991706,0.003329,-0.108874,-0.067453,0.991758,0.003426,-0.109073,-0.065353,0.991877,0.003523,-0.109098,-0.062461,0.99206,0.01746,-0.012237,-0.067162,0.997514,0.018298,-0.012291,-0.06614,0.997566,0.019178,-0.012208,-0.06456,0.997654,0.020154,-0.011982,-0.062477,0.99777,0.02118,-0.011612,-0.059872,0.997913,0.02226,-0.011107,-0.056722,0.99808,0.02333,-0.010493,-0.053045,0.998264,0.024386,-0.009809,-0.048912,0.998457,0.025384,-0.009106,-0.044414,0.998649,0.026314,-0.008434,-0.039667,0.99883,0.027149,-0.00784,-0.034803,0.998994,0.027873,-0.007363,-0.029949,0.999135,0.02847,-0.007036,-0.025232,0.999251,0.028931,-0.006875,-0.020765,0.999342,0.029245,-0.006883,-0.016646,0.999409,0.029404,-0.007052,-0.012963,0.999458,0.029405,-0.00736,-0.009786,0.999492,0.029242,-0.007779,-0.007172,0.999516,0.02891,-0.008273,-0.005163,0.999534,0.028411,-0.008801,-0.003791,0.99955,0.027745,-0.009321,-0.00308,0.999566,0.026948,-0.009789,-0.003071,0.999584,0.025943,-0.010165,-0.003832,0.999604,0.024821,-0.010411,-0.005445,0.999622,0.02366,-0.010511,-0.007922,0.999633,0.022463,-0.010473,-0.011202,0.99963,0.021266,-0.01032,-0.01517,0.999605,0.020121,-0.010092,-0.019684,0.999552,0.019044,-0.009832,-0.024584,0.999467,0.018057,-0.009587,-0.029706,0.999349,0.017181,-0.009398,-0.03489,0.999199,0.016434,-0.00929,-0.040003,0.999021,0.015829,-0.009295,-0.044901,0.998822,0.01537,-0.009415,-0.049486,0.998612,0.015068,-0.009647,-0.053665,0.998398,0.014927,-0.009978,-0.05737,0.998191,0.014945,-0.010382,-0.060546,0.997999,0.015127,-0.010828,-0.063151,0.99783,0.015474,-0.011279,-0.065157,0.997691,0.015976,-0.011695,-0.066543,0.997587,0.016644,-0.012034,-0.067296,0.997521],"scales":[1.0,1.0,0.999999,0.999998,1.0,0.999999,0.999998,0.999999,0.999999,0.999999,1.0,0.999999,0.999999,0.999999,0.999999],"length":1.333333,"tracks":{"Bone001":{"pos":[0,3],"quat":[0,1]},"weiba_Bone001":{"pos":[0,0,40,0],"quat":[0,0,20,2,40,0]},"weiba_Bone002":{"pos":[0,1,40,1],"quat":[0,3,1,4,2,5,3,6,4,7,5,8,6,9,7,10,8,11,9,12,10,13,11,14,12,15,13,16,14,17,15,18,16,19,17,20,18,21,19,22,20,23,21,24,22,25,23,26,24,27,25,28,26,29,27,30,28,31,29,32,30,33,31,34,32,35,33,36,34,37,35,38,36,39,37,40,38,41,39,42,40,43],"scale":[0,1,40,2]},"weiba_Bone003":{"pos":[0,2,6,4,7,5,8,6,40,2],"quat":[0,44,1,45,2,46,3,47,4,48,5,49,6,50,7,51,8,52,9,53,10,54,11,55,12,56,13,57,14,58,15,59,16,60,17,61,18,62,19,63,20,64,21,65,22,66,23,67,24,68,25,69,26,70,27,71,28,72,29,73,30,74,31,75,32,76,33,77,34,78,35,79,37,80,38,81,39,82,40,83],"scale":[0,0,40,0]},"weiba_Bone004":{"pos":[0,7,40,8],"quat":[0,84,1,85,2,86,3,87,4,88,5,89,6,90,7,91,8,92,9,93,10,94,11,95,12,96,13,97,14,98,15,99,16,100,17,101,18,102,19,103,20,104,21,105,22,106,23,107,24,108,25,109,26,110,27,111,28,112,29,113,30,114,31,115,32,116,33,117,34,118,35,119,36,120,37,121,38,122,39,123,40,124],"scale":[0,3,40,4]}}},"version":"0.1.0"}