{
  "animation": {
    "fields": [
      "time",
      "attr"
    ],
    "times": [
      0,
      0.033333,
      0.066666,
      0.1,
      0.133333,
      0.166666,
      0.2,
      0.233333,
      0.266666,
      0.3,
      0.333333,
      0.866666
    ],
    "poses": [
      2.43262,
      3.42253,
      -0.002347,
      0.892566,
      -1.14655,
      -0.002338,
      0.700004,
      -0.039004,
      -4.59434,
      0.699951,
      -0.039001,
      -4.59434,
      0.699848,
      -0.039,
      -4.59436,
      0.699934,
      -0.039,
      -4.59436,
      0.699855,
      -0.039,
      -4.59436,
      6.5127,
      -0.004019,
      0.004877,
      6.40532,
      -0.00395,
      0.004872,
      6.1177,
      -0.003772,
      0.004881,
      5.70129,
      -0.003518,
      0.004881,
      5.20752,
      -0.003217,
      0.004878,
      4.68802,
      -0.002893,
      0.004882,
      4.19426,
      -0.002591,
      0.004878,
      3.77779,
      -0.002333,
      0.00488,
      3.49013,
      -0.002156,
      0.004883,
      3.38288,
      -0.002092,
      0.004887,
      3.38287,
      -0.002092,
      0.004887,
      3.38284,
      -0.002093,
      0.004879,
      4.57587,
      7.85335,
      -0.002347,
      4.50234,
      7.7014,
      -0.002343,
      4.30543,
      7.29418,
      -0.002339,
      4.02029,
      6.70462,
      -0.002335,
      3.68216,
      6.00565,
      -0.002345,
      3.3264,
      5.27023,
      -0.002345,
      2.98833,
      4.57126,
      -0.002343,
      2.70307,
      3.9817,
      -0.002353,
      2.5061,
      3.57448,
      -0.00234,
      2.43263,
      3.42253,
      -0.002341,
      4.65736,
      -7.33727,
      -0.002349,
      4.5809,
      -7.20312,
      -0.002349,
      4.37602,
      -6.8436,
      -0.002347,
      4.07946,
      -6.32311,
      -0.002349,
      3.72792,
      -5.70603,
      -0.00234,
      3.35795,
      -5.05675,
      -0.002341,
      3.00634,
      -4.43966,
      -0.002336,
      2.70971,
      -3.91916,
      -0.002349,
      2.50483,
      -3.55964,
      -0.002344,
      2.42849,
      -3.4255,
      -0.002336,
      2.42848,
      -3.4255,
      -0.002336,
      2.42842,
      -3.42549,
      -0.002351,
      0.197813,
      3.83176,
      -0.002348,
      0.221691,
      3.73965,
      -0.002347,
      0.285697,
      3.49279,
      -0.002346,
      0.37837,
      3.1354,
      -0.002334,
      0.48813,
      2.71168,
      -0.002348,
      0.60378,
      2.26586,
      -0.002335,
      0.713552,
      1.84214,
      -0.002344,
      0.806112,
      1.48476,
      -0.002351,
      0.870012,
      1.2379,
      -0.002354,
      0.893989,
      1.14579,
      -0.00234,
      0.893994,
      1.14579,
      -0.00234,
      0.89402,
      1.14579,
      -0.002344,
      0.106843,
      -4.103,
      -0.002359,
      0.133762,
      -4.00161,
      -0.002353,
      0.206018,
      -3.72989,
      -0.002342,
      0.310621,
      -3.33651,
      -0.002337,
      0.434482,
      -2.87013,
      -0.00235,
      0.564939,
      -2.37942,
      -0.002348,
      0.688938,
      -1.91304,
      -0.002342,
      0.793399,
      -1.51965,
      -0.002353,
      0.86559,
      -1.24794,
      -0.00234,
      0.892553,
      -1.14655,
      -0.002346
    ],
    "quats": [
      0.000214,
      0.707106,
      -0.000214,
      0.707106,
      -0.000004,
      0,
      -0.000307,
      0.999999,
      -0.010303,
      0.006335,
      0.00002,
      0.999926,
      -0.010303,
      0.006334,
      0.00002,
      0.999926
    ],
    "scales": [
      0.999998,
      0.999999,
      0.999998,
      0.001,
      0.000999,
      0.001,
      0.035259,
      0.035259,
      0.035259,
      0.127074,
      0.127074,
      0.127073,
      0.96574,
      0.965741,
      0.965739,
      0.259999,
      0.259999,
      0.26,
      0.417593,
      0.417592,
      0.417591,
      0.583407,
      0.583406,
      0.583407,
      0.740999,
      0.741,
      0.740999,
      0.873924,
      0.873924,
      0.873925,
      1,
      0.999999,
      0.999998,
      0.999999,
      0.999998,
      1,
      0.999999,
      1,
      1,
      0.999999,
      1,
      0.999999,
      0.26,
      0.259999,
      0.26,
      0.417592,
      0.417591,
      0.417593,
      0.583407,
      0.583406,
      0.583406,
      0.741,
      0.740999,
      0.740999,
      0.873926,
      0.873925,
      0.873925,
      1,
      1,
      0.999999
    ],
    "length": 0.866666,
    "tracks": {
      "mianju_Bone007": {
        "pos": [
          0,
          2,
          4,
          3,
          5,
          4,
          6,
          5,
          11,
          6
        ],
        "quat": [
          0,
          2,
          11,
          3
        ],
        "scale": [
          0,
          12,
          11,
          13
        ]
      },
      "mianju_Bone008": {
        "pos": [
          0,
          7,
          1,
          8,
          2,
          9,
          3,
          10,
          4,
          11,
          5,
          12,
          6,
          13,
          7,
          14,
          8,
          15,
          9,
          16,
          10,
          17,
          11,
          18
        ],
        "quat": [
          0,
          1,
          11,
          1
        ],
        "scale": [
          0,
          1,
          1,
          2,
          2,
          3,
          3,
          14,
          4,
          15,
          5,
          16,
          6,
          17,
          7,
          18,
          8,
          4,
          9,
          11,
          10,
          11,
          11,
          19
        ]
      },
      "mianju_Bone009": {
        "pos": [
          0,
          19,
          1,
          20,
          2,
          21,
          3,
          22,
          4,
          23,
          5,
          24,
          6,
          25,
          7,
          26,
          8,
          27,
          9,
          0,
          10,
          0,
          11,
          28
        ],
        "quat": [
          0,
          0,
          11,
          0
        ],
        "scale": [
          0,
          1,
          1,
          2,
          2,
          3,
          3,
          5,
          4,
          6,
          5,
          7,
          6,
          8,
          7,
          9,
          8,
          4,
          9,
          0,
          10,
          0,
          11,
          10
        ]
      },
      "mianju_Bone010": {
        "pos": [
          0,
          29,
          1,
          30,
          2,
          31,
          3,
          32,
          4,
          33,
          5,
          34,
          6,
          35,
          7,
          36,
          8,
          37,
          9,
          38,
          10,
          39,
          11,
          40
        ],
        "quat": [
          0,
          0,
          11,
          0
        ],
        "scale": [
          0,
          1,
          1,
          2,
          2,
          3,
          3,
          5,
          4,
          6,
          5,
          7,
          6,
          8,
          7,
          9,
          8,
          4,
          9,
          0,
          10,
          0,
          11,
          10
        ]
      },
      "mianju_Bone011": {
        "pos": [
          0,
          41,
          1,
          42,
          2,
          43,
          3,
          44,
          4,
          45,
          5,
          46,
          6,
          47,
          7,
          48,
          8,
          49,
          9,
          50,
          10,
          51,
          11,
          52
        ],
        "quat": [
          0,
          0,
          11,
          0
        ],