{
  "is_global": true,
  "animation": {
    "fields": [
      "time",
      "attr"
    ],
    "times": [
      0,
      0.366666,
      0.466666,
      0.533333,
      0.6,
      0.733333,
      0.833333,
      0.866666,
      0.933333,
      1.03333,
      1.63333,
      1.96667,
      2.03333,
      2.1,
      2.16667
    ],
    "poses": [
      6.87252,
      -1.38587,
      -0.010515,
      12.0142,
      -0.887543,
      -4.51131,
      0.500733,
      1.88136,
      0.000791,
      0.50076,
      -1.95499,
      0.000778,
      12.7262,
      -2.74897,
      1.769,
      13.315,
      -3.10486,
      0.033838,
      13.0134,
      -2.88594,
      -2.01131,
      12.0169,
      -0.688332,
      -3.74281,
      0.109205,
      -3.00086,
      -0.000331,
      13.0134,
      -2.88594,
      1.98869,
      13.0134,
      -2.88591,
      1.98864,
      12.6772,
      -2.84451,
      1.89763,
      13.0134,
      -2.88593,
      1.98869,
      13.015,
      -2.88594,
      -0.009713,
      13.015,
      -2.88594,
      -0.009712,
      13.1483,
      -2.98324,
      0.009643,
      13.015,
      -2.88593,
      -0.009711,
      13.0134,
      -2.88595,
      -2.01132,
      12.6834,
      -2.8453,
      -1.89979,
      13.0134,
      -2.88594,
      -2.01132,
      12.0063,
      -1.05315,
      -3.58659,
      12.0105,
      -0.907222,
      -3.64908,
      7.01425,
      -1.38594,
      -0.010515,
      5.8619,
      -1.38628,
      -0.010514,
      7.92012,
      -1.38546,
      -0.010515,
      7.10944,
      -1.38578,
      -0.010515,
      7.01424,
      -1.38594,
      -0.010514,
      0.998824,
      -3.00119,
      -0.000347,
      1.01381,
      -3.00121,
      -0.000331,
      0.998825,
      -3.00119,
      -0.000347,
      0.500799,
      1.4992,
      0.0008,
      0.500733,
      1.49921,
      0.000791,
      0.500797,
      1.4992,
      0.000799,
      0.5008,
      -1.5016,
      0.000802,
      0.50076,
      -1.50162,
      0.000778,
      0.500799,
      -1.5016,
      0.000802
    ],
    "quats": [
      -0.707107,
      0,
      0,
      0.707106,
      -0.707106,
      0,
      0,
      0.707106,
      -0.707107,
      -0.000378,
      0.000378,
      0.707106,
      -0.87856,
      -0.236971,
      0.096571,
      0.403298,
      -0.725385,
      -0.010083,
      0.07805,
      0.683829,
      -0.565255,
      -0.124998,
      0.060322,
      0.813156,
      -0.643361,
      -0.118545,
      -0.125723,
      0.745805,
      0.000074,
      0,
      0.000196,
      1,
      -0.707159,
      0.000138,
      -0.000138,
      0.707053,
      -0.623413,
      0.365554,
      -0.516844,
      0.458909,
      -0.707106,
      0.000177,
      0.000177,
      0.707106,
      -0.707107,
      -0.000201,
      0.000556,
      0.707106,
      -0.512112,
      0.487587,
      -0.48733,
      0.512355,
      -0.707107,
      0.000177,
      0.000177,
      0.707106,
      -0.35814,
      0.648473,
      -0.424233,
      0.52081,
      -0.572472,
      0.414625,
      0.569254,
      0.419893,
      -0.670648,
      -0.020071,
      0.01594,
      0.741332,
      0,
      0,
      0,
      1,
      -1.7892522e-7,
      0,
      0,
      1
    ],
    "scales": [
      0.999998,
      1,
      0.999999,
      0.999998,
      1,
      0.999998,
      1,
      0.999997,
      1,
      0.999997,
      1,
      1,
      1,
      0.999998,
      0.999999,
      1,
      0.999999,
      0.999998,
      1,
      0.999998,
      1
    ],
    "length": 2.166666,
    "tracks": {
      "Bone015": {
        "pos": [
          0,
          9,
          5,
          10,
          7,
          11,
          9,
          4,
          10,
          4,
          14,
          12
        ],
        "quat": [
          0,
          0,
          5,
          2,
          7,
          9,
          9,
          3,
          10,
          3,
          14,
          0
        ],
        "scale": [
          0,
          2,
          14,
          3
        ]
      },
      "Bone017": {
        "pos": [
          0,
          13,
          5,
          14,
          7,
          15,
          9,
          5,
          10,
          5,
          14,
          16
        ],
        "quat": [
          0,
          10,
          5,
          11,
          7,
          12,
          9,
          4,
          10,
          4,
          14,
          13
        ],
        "scale": [
          0,
          1,
          14,
          1
        ]
      },
      "Bone019": {
        "pos": [
          0,
          6,
          5,
          17,
          7,
          18,
          9,
          19,
          14,
          6
        ],
        "quat": [
          0,
          0,
          5,
          2,
          7,
          14,
          9,
          5,
          10,
          5,
          14,
          0
        ],
        "scale": [
          0,
          4,
          14,
          0
        ]
      },
      "Bone020": {
        "pos": [
          0,
          1,
          5,
          1,
          7,
          20,
          8,
          21,
          9,
          7,
          10,
          7,
          14,
          1
        ],
        "quat": [
          0,
          1,
          5,
          1,
          7,
          15,
          8,
          16,
          9,
          6,
          10,
          6,
          14,
          1
        ],
        "scale": [
          0,
          0,
          14,
          0
        ]
      },
      "Bone021": {
        "pos": [
          0,
          22,
          3,
          23,
          4,
          0,
          6,
          0,
          8,
          24,
          9,
          0,
          11,
          0,
          12,
          25,
          14,
          26
        ],
        "quat": [
          0,
          7,
          14,
          7
        ],
        "scale": [
          0,
          5,
          14,
          6
        ]
      },
      "Bone022": {
        "pos": [
          0,
          27,
          1,
          28,
          2,
          8,
          13,
          8,
          14,
          29
        ],
        "quat": [
          0,
          8,
          14,
          8
        ]
      },
      "Bone023": {
        "pos": [
          0,
          30,
          2,
          31,
          3,
          2,
          4,
          2,
          13,
          2,
          14,
          32
        ],
        "quat": [
          0,
          17,
          14,
          18
        ]
      },
      "Bone025": {
        "pos": [
          0,
          33,
          2,
          34,
          3,
          3,
          4,
          3,
          13,
          3,
          14,
          35
        ]
      }
    }
  },
  "version": "0.1.0"
}
