{
  "is_global": true,
  "animation": {
    "fields": [
      "time",
      "attr"
    ],
    "times": [
      0.033333,
      0.066666,
      0.1,
      0.133333,
      0.166666,
      0.2,
      0.233333,
      0.266666,
      0.3,
      0.333333,
      0.366666,
      0.4,
      0.433333,
      0.466666,
      0.5,
      0.533333,
      0.566666,
      0.6,
      0.633333,
      0.666666,
      0.699791,
      0.733333,
      0.766666,
      0.8,
      0.833333,
      0.866666,
      0.9,
      0.933333,
      0.966666,
      1,
      1.03333,
      1.06667,
      1.1,
      1.13333,
      1.16667,
      1.2,
      1.23333,
      1.26667,
      1.3
    ],
    "poses": [
      13.015,
      -2.88594,
      -0.009713,
      13.0134,
      -2.88594,
      -2.01131,
      7.01424,
      -1.38594,
      -0.010515,
      1.01377,
      -3.00121,
      -0.000346,
      11.2571,
      5.63023,
      0.01044,
      13.0134,
      -2.88594,
      1.98869,
      13.0134,
      -2.88593,
      1.98869,
      12.0142,
      -0.887543,
      -4.51131,
      12.0142,
      -0.887544,
      -4.51131,
      6.83449,
      -1.386,
      -0.010515,
      6.40584,
      -1.38617,
      -0.010515,
      5.89734,
      -1.38637,
      -0.010515,
      5.46558,
      -1.38653,
      -0.010515,
      5.28583,
      -1.3866,
      -0.010515,
      5.76218,
      -1.38642,
      -0.010515,
      6.64685,
      -1.38607,
      -0.010515,
      7.12321,
      -1.38588,
      -0.010515,
      7.12237,
      -1.38586,
      -0.010514,
      7.12002,
      -1.38585,
      -0.010514,
      7.11641,
      -1.38584,
      -0.010514,
      7.11178,
      -1.38583,
      -0.010514,
      7.1064,
      -1.38583,
      -0.010514,
      7.10052,
      -1.38582,
      -0.010514,
      7.09438,
      -1.38582,
      -0.010514,
      7.08824,
      -1.38581,
      -0.010514,
      7.08236,
      -1.38581,
      -0.010514,
      7.07698,
      -1.38581,
      -0.010514,
      7.07236,
      -1.38581,
      -0.010514,
      7.06875,
      -1.38581,
      -0.010514,
      7.06639,
      -1.38581,
      -0.010514,
      0.998822,
      -3.00119,
      -0.000347,
      0.971074,
      -3.00115,
      -0.000345,
      0.956132,
      -3.00113,
      -0.000346,
      1.02184,
      -3.00123,
      -0.000346,
      1.08756,
      -3.00134,
      -0.000345,
      1.08347,
      -3.00133,
      -0.000347,
      1.07293,
      -3.00131,
      -0.000346,
      1.05851,
      -3.00129,
      -0.000346,
      1.04281,
      -3.00126,
      -0.000346,
      1.02839,
      -3.00124,
      -0.000347,
      1.01785,
      -3.00122,
      -0.000347,
      1.01376,
      -3.00121,
      -0.000346,
      0.500799,
      1.4992,
      0.000801,
      0.491015,
      1.4992,
      0.000801,
      0.472851,
      1.4992,
      0.0008,
      0.463068,
      1.4992,
      0.000802,
      0.486307,
      1.4992,
      0.000802,
      0.529463,
      1.4992,
      0.000801,
      0.552703,
      1.4992,
      0.0008,
      0.548859,
      1.4992,
      0.000799,
      0.539246,
      1.4992,
      0.000801,
      0.526751,
      1.4992,
      0.000801,
      0.514254,
      1.4992,
      0.000802,
      0.504645,
      1.4992,
      0.0008,
      0.500799,
      1.4992,
      0.000799,
      0.500798,
      1.4992,
      0.0008,
      0.500798,
      -1.5016,
      0.000802,
      0.491016,
      -1.5016,
      0.000803,
      0.472849,
      -1.5016,
      0.000802,
      0.463068,
      -1.5016,
      0.000803,
      0.486306,
      -1.5016,
      0.000802,
      0.529463,
      -1.5016,
      0.000802,
      0.552702,
      -1.5016,
      0.000802,
      0.548858,
      -1.5016,
      0.0008,
      0.539245,
      -1.5016,
      0.000801,
      0.526751,
      -1.5016,
      0.000802,
      0.514254,
      -1.5016,
      0.000803,
      0.504643,
      -1.5016,
      0.000802,
      0.500798,
      -1.5016,
      0.000801,
      0.500799,
      -1.5016,
      0.0008
    ],
    "quats": [
      -0.707107,
      0,
      0,
      0.707106,
      -0.707106,
      0.001083,
      -0.001083,
      0.707105,
      -0.707089,
      0.005052,
      -0.005052,
      0.707088,
      -0.707064,
      0.007781,
      -0.007781,
      0.707063,
      -0.707023,
      0.010901,
      -0.010901,
      0.707022,
      -0.706878,
      0.018002,
      -0.018002,
      0.706877,
      -0.70677,
      0.021826,
      -0.021826,
      0.706769,
      -0.706639,
      0.025728,
      -0.025728,
      0.706638,
      -0.706486,
      0.029629,
      -0.029629,
      0.706485,
      -0.706132,
      0.037115,
      -0.037115,
      0.706131,
      -0.705758,
      0.043658,
      -0.043658,
      0.705757,
      -0.705584,
      0.046382,
      -0.046382,
      0.705583,
      -0.705432,
      0.048635,
      -0.048635,
      0.705431,
      0.000074,
      0,
      0.000196,
      1,
      -0.707159,
      0.000138,
      -0.000138,
      0.707053,
      0.001529,
      -0.010605,
      0.999935,
      0.003843,
      -0.707103,
      0.002254,
      -0.002254,
      0.707102,
      -0.707076,
      0.006545,
      -0.006545,
      0.707076,
      -0.706995,
      0.012572,
      -0.012572,
      0.706994,
      -0.706823,
      0.020031,
      -0.020031,
      0.706822,
      -0.706527,
      0.028621,
      -0.028621,
      0.706526,
      -0.706083,
      0.038038,
      -0.038038,
      0.706082,
      -0.705477,
      0.047978,
      -0.047978,
      0.705476,
      -0.704713,
      0.058138,
      -0.058138,
      0.704712,
      -0.703809,
      0.068215,
      -0.068215,
      0.703808,
      -0.702802,
      0.077908,
      -0.077908,
      0.702801,
      -0.701744,
      0.086919,
      -0.086918,
      0.701743,
      -0.700703,
      0.09495,
      -0.094949,
      0.700702,
      -0.699754,
      0.101706,
      -0.101705,
      0.699753,
      -0.69898,
      0.106895,
      -0.106894,
      0.698979,
      -0.698463,
      0.110223,
      -0.110223,
      0.698462,
      -0.698277,
      0.111398,
      -0.111398,
      0.698276,
      -0.698374,
      0.110788,
      -0.110787,
      0.698373,
      -0.698651,
      0.109029,
      -0.109028,
      0.69865,
      -0.699082,
      0.10623,
      -0.106229,
      0.699081,
      -0.699635,
      0.102524,
      -0.102523,
      0.699634,
      -0.700291,
      0.097941,
      -0.097941,
      0.70029,
      -0.701008,
      0.092667,
      -0.092666,
      0.701007,
      -0.701761,
      0.086783,
      -0.086782,
      0.70176,
      -0.702521,
      0.080398,
      -0.080398,
      0.70252,
      -0.703264,
      0.073621,
      -0.073621,
      0.703263,
      -0.703967,
      0.066562,
      -0.066562,
      0.703966,
      -0.704613,
      0.05933,
      -0.05933,
      0.704612,
      -0.705189,
      0.052038,
      -0.052037,
      0.705188,
      -0.705686,
      0.044795,
      -0.044794,
      0.705686,
      -0.7061,
      0.037712,
      -0.037712,
      0.706099,
      -0.706431,
      0.030903,
      -0.030903,
      0.70643,
      -0.706683,
      0.024478,
      -0.024478,
      0.706682,
      -0.706863,
      0.018549,
      -0.018549,
      0.706862,
      -0.706983,
      0.013227,
      -0.013227,
      0.706982,
      -0.707054,
      0.008625,
      -0.008624,
      0.707053,
      -0.70709,
      0.004852,
      -0.004851,
      0.707089,
      -0.707104,
      0.00202,
      -0.002019,
      0.707103,
      -0.707107,
      0.000239,
      -0.000239,
      0.707106,
      -0.707106,
      0.000177,
      0.000177,
      0.707106,
      -0.707105,
      0.001654,
      -0.001299,
      0.707105,
      -0.707096,
      0.003775,
      -0.003421,
      0.707098,
      -0.707077,
      0.006484,
      -0.006129,
      0.70708,
      -0.70704,
      0.009721,
      -0.009367,
      0.707044,
      -0.706979,
      0.013431,
      -0.013077,
      0.706985,
      -0.706889,
      0.017555,
      -0.017201,
      0.706897,
      -0.706763,
