{"is_global":true,"animation":{"fields":["time","attr"],"times":[0.0,1.56667,1.6,1.63333,1.66667,1.7,1.73333,1.76667,1.8,1.83333,1.86667,1.9,1.93333,1.96667,2.0,2.03333,2.06667,2.1,3.13333,3.16667,3.2,3.23333,3.26667,3.3,3.33333,3.36667,3.4,3.43333,3.46667,3.5,3.53333,3.56667,3.6,3.63333,3.66667,3.7,3.73333,3.76667,3.8,3.83333,3.86667,3.9,3.93333,3.96667,4.0,4.03333,4.06667,4.1,4.13333,4.16667,4.2,4.23333,4.26667,4.3,4.33333,4.36667,4.4,4.43333,4.46667,4.5,4.53333,4.56667,4.6,4.63333,4.66667,4.7,4.73333,4.76667,4.8,4.83333,4.86667,4.9,4.93333,4.96667,5.0,5.03333,5.06667,5.1,5.13333,5.16667,5.2,5.23333,5.26667,5.3,5.33333,5.36667,5.4,5.43333,5.46667,5.5,5.53333,5.56667,5.6,5.63333,5.66667,5.7,5.73333,5.76667,5.8,5.83333,5.86667,5.9,5.93333,5.96667,6.0,6.03333,6.06667,6.1,6.13333,6.16667,6.2,6.23333,6.26667,6.3],"poses":[7.01424,-1.38594,-0.010515,6.08828,-1.3863,-0.010515,13.0134,-2.88593,1.98869,13.0134,-2.88594,-2.01131,0.500798,1.4992,0.000799,11.2568,5.63024,0.010517,13.015,-2.88594,-0.009713,13.015,-2.88593,-0.009712,12.0142,-0.887543,-4.51131,12.0142,-0.887541,-4.51131,6.86956,-1.386,-0.010515,6.55126,-1.38612,-0.010515,6.23296,-1.38624,-0.010515,6.52303,-1.38613,-0.010515,7.12645,-1.38589,-0.010515,7.23677,-1.38585,-0.010515,7.34458,-1.38581,-0.010515,7.44923,-1.38577,-0.010515,7.5501,-1.38573,-0.010515,7.64654,-1.38569,-0.010515,7.73793,-1.38565,-0.010515,7.82363,-1.38562,-0.010515,7.903,-1.38559,-0.010515,7.9754,-1.38556,-0.010515,8.04022,-1.38553,-0.010515,8.0968,-1.38551,-0.010515,8.14452,-1.38549,-0.010515,8.18274,-1.38548,-0.010515,8.21083,-1.38547,-0.010515,8.22814,-1.38546,-0.010515,8.23406,-1.38546,-0.010515,8.20736,-1.38547,-0.010515,8.1331,-1.3855,-0.010515,8.01999,-1.38554,-0.010515,7.87676,-1.3856,-0.010515,7.71214,-1.38566,-0.010515,7.53485,-1.38573,-0.010515,7.35362,-1.3858,-0.010515,7.17718,-1.38587,-0.010515,6.81985,-1.38601,-0.010515,6.57795,-1.38611,-0.010515,6.34065,-1.3862,-0.010515,6.16005,-1.38627,-0.010515,6.11117,-1.38629,-0.010515,6.1749,-1.38627,-0.010515,6.27206,-1.38623,-0.010515,6.3952,-1.38618,-0.010515,6.5369,-1.38613,-0.010515,6.68974,-1.38607,-0.010515,6.84629,-1.386,-0.010515,6.99914,-1.38594,-0.010515,7.14084,-1.38589,-0.010515,7.26398,-1.38584,-0.010515,7.36113,-1.3858,-0.010515,7.42487,-1.38578,-0.010515,7.44776,-1.38577,-0.010515,7.40268,-1.38579,-0.010515,7.29517,-1.38583,-0.010515,7.16684,-1.38588,-0.010515,7.05933,-1.38592,-0.010515,7.07779,-1.38559,-0.010828,7.24166,-1.38467,-0.011635,7.46573,-1.38342,-0.01274,7.70987,-1.38207,-0.013943,7.93394,-1.38082,-0.015047,8.09782,-1.37991,-0.015855,8.16136,-1.37955,-0.016168,0.998824,-3.00119,-0.000347,0.998825,-3.00119,-0.000347,0.500799,-1.5016,0.000802,0.500798,-1.5016,0.000802],"quats":[-0.707107,-0.0,0.0,0.707106,-0.707106,0.000177,0.000177,0.707106,-0.707106,-0.0,0.0,0.707106,-0.707106,-0.000544,0.000544,0.707106,-0.707104,-0.002083,0.002083,0.707103,-0.707093,-0.004474,0.004474,0.707092,-0.707066,-0.007575,0.007575,0.707065,-0.70694,-0.015339,0.015339,0.706939,-0.706832,-0.019718,0.019718,0.706831,-0.706691,-0.024238,0.024238,0.70669,-0.706522,-0.028756,0.028756,0.706521,-0.70633,-0.033132,0.033132,0.706329,-0.706126,-0.037222,0.037222,0.706125,-0.705924,-0.040886,0.040886,0.705923,-0.705738,-0.043982,0.043982,0.705737,-0.705585,-0.046368,0.046368,0.705584,-0.705482,-0.047904,0.047904,0.705481,-0.705538,-0.047067,0.047067,0.705538,-0.705566,-0.046655,0.046655,0.705565,-0.705598,-0.046169,0.046169,0.705597,-0.705635,-0.045602,0.045602,0.705634,-0.705677,-0.044947,0.044947,0.705676,-0.705724,-0.0442,0.0442,0.705723,-0.705776,-0.043352,0.043352,0.705776,-0.705834,-0.042399,0.042399,0.705834,-0.705966,-0.04015,0.04015,0.705965,-0.706039,-0.038841,0.038841,0.706038,-0.706117,-0.037402,0.037402,0.706116,-0.706284,-0.034106,0.034106,0.706283,-0.706372,-0.032236,0.032236,0.706371,-0.706461,-0.030211,0.030211,0.70646,-0.706551,-0.028023,0.028023,0.70655,-0.706641,-0.025667,0.025667,0.70664,-0.706728,-0.023136,0.023136,0.706727,-0.70689,-0.017524,0.017524,0.706889,-0.707019,-0.011138,0.011138,0.707018,-0.707096,-0.003929,0.003929,0.707095,-0.707107,-1.6858746e-07,1.6858728e-07,0.707106,-0.707106,-1.9949601e-07,1.9949596e-07,0.707106,-0.0,-0.0,0.0,1.0,0.0,-0.0,1.0,0.0,-0.706861,0.01863,-0.01863,0.70686,-0.703863,0.067651,-0.067651,0.703862,-0.693837,0.136344,-0.136343,0.693836,-0.674126,0.213433,-0.213433,0.674125,-0.645878,0.28782,-0.28782,0.645878,-0.614543,0.349766,-0.349766,0.614542,-0.588782,0.39158,-0.39158,0.588781,-0.57826,0.406957,-0.406957,0.57826,-0.591749,0.387083,-0.387082,0.591748,-0.623347,0.333824,-0.333823,0.623346,-0.658773,0.25694,-0.256939,0.658772,-0.68661,0.169018,-0.169018,0.686608,-0.701887,0.085756,-0.085755,0.701887,-0.706699,0.024015,-0.024015,0.706698,-0.707017,-0.011245,0.011245,0.707016,-0.705898,-0.041334,0.041334,0.705897,-0.706198,-0.035826,0.035826,0.706198,-0.706812,-0.020424,0.020423,0.706811,-0.70696,-0.014431,0.014431,0.706958,-0.707066,-0.00764,0.00764,0.707064,-0.707792,0.006756,-0.008779,0.706333,-0.709617,0.018576,-0.026239,0.703853,-0.712181,0.034952,-0.051134,0.699257,-0.715033,0.055403,-0.082151,0.692032,-0.717704,0.079433,-0.117913,0.681679,-0.719741,0.106502,-0.156994,0.667818,-0.720742,0.136003,-0.197953,0.650267,-0.720389,0.167254,-0.239374,0.629098,-0.71848,0.199496,-0.279929,0.60467,-0.71496,0.231908,-0.318429,0.577626,-0.709936,0.263626,-0.353873,0.548876,-0.703681,0.293768,-0.385485,0.519551,-0.696631,0.321459,-0.412721,0.490946,-0.689356,0.345851,-0.435259,0.464459,-0.682525,0.366135,-0.452945,0.441524,-0.676849,0.381539,-0.465726,0.423557,-0.673021,0.391323,-0.473548,0.411898,-0.671639,0.39475,-0.476232,0.407768,-0.673315,0.390691,-0.473089,0.412545,-0.677911,0.379153,-0.463943,0.425951,-0.684622,0.361084,-0.449003,0.446436,-0.69253,0.33744,-0.428336,0.472295,-0.700712,0.309225,-0.402044,0.501738,-0.70833,0.277502,-0.370398,0.532977,-0.714707,0.243387,-0.333932,0.564308,-0.719375,0.208028,-0.293492,0.594208,-0.722099,0.172572,-0.250237,0.621427,-0.722877,0.138123,-0.2056,0.645057,-0.721921,0.10571,-0.161228,0.664574,-0.71962,0.076267,-0.118894,0.679848,-0.716483,0.05062,-0.080419,0.691101,-0.713094,0.029503,-0.047602,0.698827,-0.710048,0.013587,-0.022178,0.703672,-0.7079,0.003522,-0.005792,0.706279,-0.707107,-1.9949606e-07,1.9949582e-07,0.707106,-0.706773,0.021717,-0.021363,0.706783,-0.702752,0.078356,-0.078004,0.70279,-0.689346,0.157485,-0.157139,0.689424,-0.66307,0.245637,-0.245304,0.663193,-0.625573,0.329633,-0.329319,0.625738,-0.584191,0.398397,-0.398104,0.58439,-0.550342,0.443986,-0.44371,0.550564,-0.536561,0.460545,-0.460275,0.536792,-0.554232,0.43912,-0.438842,0.554451,-0.595795,0.380825,-0.380526,0.595985,-0.642667,0.294922,-0.294599,0.642814,-0.6797,0.194954,-0.194613,0.679797,-0.700107,0.099247,-0.098896,0.700156,-0.706554,0.027943,-0.027589,0.706568,-0.707106,-0.000367,0.000721,0.707106,-0.707104,-0.001906,0.00226,0.707102,-0.707094,-0.004297,0.004651,0.707091,-0.707068,-0.007398,0.007752,0.707063,-0.70702,-0.011067,0.011422,0.707014,-0.706944,-0.015162,0.015517,0.706936,-0.706836,-0.019541,0.019895,0.706826,-0.706697,-0.02406,0.024415,0.706684,-0.706529,-0.028579,0.028933,0.706514,-0.706338,-0.032955,0.033309,0.706321,-0.706135,-0.037045,0.037399,0.706116,-0.705934,-0.040709,0.041063,0.705913,-0.705748,-0.043805,0.044159,0.705726,-0.705596,-0.046192,0.046545,0.705572,-0.705494,-0.047727,0.048081,0.705469,-0.70555,-0.04689,0.047244,0.705526,-0.705577,-0.046479,0.046832,0.705553,-0.705609,-0.045992,0.046346,0.705585,-0.705646,-0.045425,0.045779,0.705623,-0.705688,-0.044771,0.045124,0.705665,-0.705735,-0.044023,0.044376,0.705712,-0.705787,-0.043175,0.043529,0.705765,-0.705845,-0.042222,0.042576,0.705823,-0.705908,-0.041157,0.04151,0.705886,-0.705976,-0.039973,0.040327,0.705955,-0.706049,-0.038664,0.039018,0.706029,-0.706126,-0.037225,0.037579,0.706107,-0.706207,-0.035649,0.036003,0.706189,-0.706292,-0.033929,0.034283,0.706274,-0.70638,-0.032059,0.032413,0.706363,-0.706469,-0.030034,0.030388,0.706453,