{"is_global":true,"animation":{"fields":["time","attr"],"times":[0.033333,0.066666,0.1,0.133333,0.166666,0.2,0.233333,0.266666,0.3,0.333333,0.366666,0.4,0.433333,0.466666,0.5,0.533333,0.566666,0.6,0.633333,0.666666,0.699791,0.733333,0.766666,0.8,0.833333,0.866666,0.9,0.933333,0.966666,1.0,1.03333,1.06667,1.1,1.13333,1.16667,1.2,1.23333,1.26667,1.3],"poses":[2.80268,-0.000336,1.16253,3.99907,-9e-06,2e-06,3.99907,4e-05,9e-06,2.99929,-3.7e-05,-7e-06,2.99929,-3.8e-05,-8e-06,2.99926,4e-06,2.6e-05,2.99926,3e-06,2.5e-05],"quats":[0.411341,-0.575506,0.574782,0.411357,0.40471,-0.57675,0.571467,0.420705,0.400758,-0.576782,0.568057,0.428982,0.398593,-0.576279,0.564104,0.436819,0.397799,-0.57551,0.559525,0.444381,0.398175,-0.574545,0.554418,0.451634,0.399673,-0.57332,0.549011,0.458422,0.402385,-0.571651,0.543662,0.464468,0.406606,-0.569195,0.538903,0.469329,0.412194,-0.565969,0.534858,0.47297,0.418505,-0.56236,0.531215,0.475829,0.425321,-0.558405,0.528057,0.477953,0.432436,-0.554155,0.525456,0.47938,0.439654,-0.54968,0.523474,0.480135,0.446793,-0.54507,0.522164,0.480226,0.453684,-0.540437,0.521571,0.479647,0.460174,-0.535911,0.521723,0.478374,0.466127,-0.531643,0.522639,0.47637,0.471419,-0.527799,0.524319,0.473581,0.475943,-0.524559,0.526753,0.469942,0.479588,-0.522105,0.529848,0.465469,0.482521,-0.520404,0.533574,0.460054,0.484681,-0.519539,0.537629,0.454001,0.486159,-0.519472,0.541895,0.447378,0.486987,-0.52018,0.546227,0.440329,0.487183,-0.52163,0.550502,0.433013,0.486746,-0.523773,0.554617,0.425603,0.485658,-0.526556,0.55849,0.418285,0.483886,-0.529913,0.562063,0.411255,0.481383,-0.533771,0.565294,0.404721,0.478093,-0.538054,0.568157,0.3989,0.473927,-0.542754,0.570551,0.394057,0.469008,-0.547651,0.57256,0.390234,0.463552,-0.55238,0.574407,0.387364,0.457712,-0.556673,0.576212,0.385477,0.451559,-0.560403,0.577957,0.384716,0.445093,-0.563575,0.579481,0.385325,0.438274,-0.566283,0.580516,0.387606,0.431043,-0.568672,0.580723,0.391885,0.011873,-0.0354,0.097087,0.994575,0.011932,-0.030649,0.10238,0.994201,0.010392,-0.024247,0.104584,0.994166,0.00861,-0.017343,0.105098,0.994273,0.006971,-0.010509,0.104558,0.994438,0.005482,-0.00405,0.103281,0.994628,0.003971,0.001873,0.101409,0.994835,0.002144,0.007196,0.098966,0.995062,-0.000437,0.011931,0.095842,0.995324,-0.003546,0.015959,0.092209,0.995605,-0.006437,0.019012,0.088539,0.99587,-0.009105,0.021061,0.084961,0.996119,-0.011543,0.022136,0.081563,0.996355,-0.013746,0.022275,0.078376,0.99658,-0.015697,0.02152,0.075386,0.996798,-0.017386,0.01992,0.072547,0.997014,-0.0188,0.017525,0.069786,0.99723,-0.019929,0.014389,0.067011,0.997449,-0.020761,0.010569,0.064123,0.997669,-0.02129,0.00612,0.061018,0.99789,-0.021512,0.001223,0.057686,0.998102,-0.021454,-0.003965,0.054139,0.998295,-0.021132,-0.008966,0.050666,0.998451,-0.020562,-0.013651,0.047356,0.998573,-0.019754,-0.017914,0.044328,0.99866,-0.018715,-0.021705,0.041696,0.998719,-0.01745,-0.025019,0.039569,0.998751,-0.015966,-0.027883,0.03805,0.998759,-0.014269,-0.030342,0.037245,0.998743,-0.012368,-0.032456,0.037255,0.998701,-0.010279,-0.034373,0.038153,0.998627,-0.007936,-0.036151,0.039945,0.998516,-0.005573,-0.037674,0.042585,0.998366,-0.00353,-0.038881,0.046081,0.998174,-0.001933,-0.039711,0.050442,0.997935,-0.000688,-0.040091,0.055666,0.997643,0.000418,-0.039938,0.061735,0.997293,0.00164,-0.039166,0.068616,0.996872,0.003213,-0.037699,0.076273,0.996368,-0.002217,-0.057626,0.137904,0.988765,-0.00057,-0.055648,0.152056,0.986803,-0.000148,-0.051552,0.164272,0.985067,-0.000748,-0.045318,0.173744,0.983747,-0.002035,-0.037398,0.18053,0.982856,-0.003741,-0.02835,0.184945,0.982332,-0.005719,-0.018706,0.187348,0.982098,-0.007944,-0.008913,0.188049,0.982086,-0.010529,0.000681,0.187267,0.982252,-0.013482,0.009821,0.185121,0.982574,-0.016581,0.018238,0.181798,0.983026,-0.019662,0.025625,0.177627,0.983567,-0.022606,0.031752,0.1729,0.984167,-0.025327,0.036476,0.16786,0.98481,-0.027799,0.039706,0.162687,0.985486,-0.029911,0.041422,0.157492,0.986197,-0.031669,0.041619,0.152325,0.986945,-0.033045,0.040331,0.147181,0.987734,-0.034016,0.037608,0.142003,0.988566,-0.034567,0.03352,0.136699,0.989441,-0.034686,0.028227,0.131236,0.990341,-0.034373,0.021681,0.125353,0.991279,-0.033669,0.014402,0.119317,0.99218,-0.032626,0.006667,0.113185,0.993015,-0.0313,-0.001184,0.107115,0.993753,-0.029746,-0.008867,0.101278,0.994373,-0.028009,-0.016164,0.095853,0.99487,-0.026126,-0.022928,0.091015,0.995242,-0.024126,-0.029079,0.086936,0.995497,-0.022029,-0.034593,0.083784,0.995639,-0.019854,-0.039499,0.081725,0.995673,-0.017581,-0.043875,0.08089,0.995601,-0.015254,-0.047797,0.081373,0.99542,-0.013013,-0.051275,0.08325,0.995123,-0.01099,-0.054284,0.086576,0.994704,-0.009268,-0.056766,0.091391,0.994152,-0.007854,-0.058632,0.097707,0.993455,-0.006646,-0.059759,0.105514,0.992598,-0.005547,-0.060013,0.114779,0.991561,-0.009418,-0.05562,0.087671,0.99455,-0.007299,-0.057153,0.09797,0.99352,-0.005174,-0.058184,0.111364,0.992061,-0.003537,-0.057838,0.126008,0.990335,-0.002645,-0.055577,0.140387,0.988532,-0.002557,-0.051217,0.15351,0.986815,-0.003227,-0.044853,0.164844,0.985293,-0.004577,-0.036763,0.17418,0.984016,-0.006559,-0.027344,0.181532,0.982982,-0.009132,-0.016973,0.186904,0.982189,-0.0122,-0.005962,0.190209,0.981649,-0.015621,0.005299,0.19152,0.98135,-0.019241,0.01638,0.191019,0.981261,-0.022908,0.026868,0.188963,0.981349,-0.026475,0.036402,0.18565,0.981584,-0.029888,0.044672,0.181378,0.981943,-0.033026,0.051461,0.176418,0.982414,-0.03583,0.056607,0.170998,0.98299,-0.038252,0.06001,0.16529,0.983674,-0.040252,0.061618,0.1594,0.984466,-0.041779,0.06141,0.153442,0.985362,-0.042827,0.059315,0.147129,0.986407,-0.043298,0.055386,0.140618,0.987564,-0.043194,0.049781,0.133803,0.988813,-0.042539,0.042784,0.126718,0.990102,-0.041384,0.034757,0.119443,0.991369,-0.039801,0.026093,0.112098,0.992556,-0.037877,0.017174,0.10483,0.99362,-0.035702,0.008335,0.0978,0.99453,-0.033354,-0.000158,0.091168,0.995276,-0.030918,-0.008095,0.085105,0.995859,-0.028444,-0.015364,0.079793,0.996287,-0.025949,-0.021995,0.075416,0.996571,-0.023467,-0.028061,0.072133,0.996723,-0.021049,-0.033632,0.07008,0.996752,-0.018747,-0.038755,0.069371,0.996661,-0.016593,-0.043436,0.0701,0.996455,-0.014611,-0.047648,0.072341,0.996133,-0.012763,-0.051313,0.076152,0.995693,-0.006313,-0.022632,-0.09686,0.99502,-0.004344,-0.028267,-0.096862,0.994886,-0.0019,-0.034001,-0.093022,0.995081,0.000922,-0.039579,-0.084937,0.995599,0.003862,-0.044378,-0.073167,0.996324,0.006626,-0.047715,-0.05875,0.997109,0.008982,-0.049036,-0.042833,0.997837,0.010771,-0.047994,-0.026439,0.998439,0.011901,-0.044466,-0.01036,0.998886,0.012323,-0.038495,0.004799,0.999171,0.012032,-0.030198,0.018484,0.9993,0.011067,-0.019789,0.03021,0.999286,0.009508,-0.007604,0.039637,0.999139,0.007463,0.005907,0.046584,0.998869,0.005057,0.020224,0.051036,0.998479,0.002391,0.034788,0.053134,0.997978,-0.000428,0.049054,0.053126,0.997382,-0.003314,0.062527,0.051341,0.996716,-0.006203,0.074782,0.048141,0.996017,-0.009046,0.085473,0.043881,0.995332,-0.01177,0.094224,0.038938,0.994719,-0.014428,0.101052,0.033314,0.994218,-0.016854,0.105407,0.02729,0.993911,-0.019003,0.107199,0.020804,0.993838,-0.020795,0.106362,0.013835,0.994013,-0.022162,0.102988,0.00637,0.994415,-0.023057,0.097316,-0.001573,0.994985,-0.023462,0.089724,-0.009942,0.99564,-0.023391,0.080675,-0.018645,0.996291,-0.022888,0.07068,-0.027568,0.996855,-0.02202,0.060251,-0.036574,0.997269,-0.020869,0.049849,-0.045506,0.997501,-0.019509,0.039798,-0.054186,0.997546,-0.018006,0.030268,-0.06243,0.997427,-0.016412,0.021307,-0.07007,0.997179,-0.014769,0.012889,-0.076957,0.996841,-0.013109,0.004948,-0.082963,0.996454,-0.011442,-0.002587,-0.087978,0.996053,-0.009756,-0.009778,-0.091909,0.995671],"scales":[1.0,0.999999,0.999999,1.0,0.999998,1.0,0.999999,0.999999,0.999999,0.999998,1.0,0.999999,0.999998,0.999999,0.999999,0.999999,1.0,1.0],"length":1.3,"tracks":{"Bone009":{"pos":[0,0,38,0],