{"is_global":true,"animation":{"fields":["time","attr"],"times":[0.0,0.033333,0.066666,0.1,0.133333,0.166666,0.2,0.233333,0.266666,0.3,0.333333,0.366666,0.4,0.433333,0.466666,0.5,0.533333,0.566666,0.6,0.633333,0.666666,0.7,0.733333,0.766666,0.8,0.833333,0.866666,0.9,0.933333,0.966666,1.0,1.03333,1.06667,1.1,1.13333,1.16667,1.2,1.23333,1.26667,1.3,1.33333,1.36667,1.4,1.43333,1.46667],"poses":[-9.17984,15.2661,-9.38868,-9.18355,14.9375,-9.38868,-9.18541,14.7732,-9.38868,-9.19098,14.2804,-9.38868,-9.19283,14.1161,-9.38868,-8.97584,3.24915,-11.1868,-8.97428,3.39273,-11.0101,-8.97272,3.53631,-10.8334,-8.97116,3.67989,-10.6567,-8.9696,3.82348,-10.48,-8.96804,3.96706,-10.3033,-8.96648,4.11064,-10.1265,-9.05747,14.5901,9.512,-9.06002,14.4259,9.512,-9.04219,3.41624,10.9808,-9.04219,3.55983,10.8163,-9.04219,3.70342,10.6518,-9.04219,3.84701,10.4873,-9.04219,3.9906,10.3228,-9.04219,4.13419,10.1583,-9.04219,4.27778,9.99376,-9.04219,4.42137,9.82925,-9.17427,15.7589,-9.38868,-9.17613,15.5946,-9.38868,-9.1817,15.1018,-9.38868,-8.97896,2.96198,-11.5402,-8.96492,4.25422,-9.94984,-9.04729,15.2472,9.512,-9.04983,15.083,9.51201,-9.05492,14.7544,9.512,-9.06511,14.0973,9.512,-9.05238,14.9187,9.512,-9.04219,3.12906,11.3098,-9.04219,3.27265,11.1453,-8.54089e-07,-5.31528,-18.4532,-9.18727,14.6089,-9.38868,-9.18912,14.4447,-9.38868,-9.19469,13.9518,-9.38868,-9.18912,14.4446,-9.38868,-9.18726,14.6089,-9.38868,-9.17799,15.4303,-9.38868,-8.9774,3.10557,-11.3635,-8.9618,4.54139,-9.59643,-9.04219,15.5758,9.512,-9.04474,15.4115,9.512,-9.06257,14.2616,9.512,-9.06766,13.9331,9.512,-9.06766,13.933,9.512,-9.06257,14.2616,9.51201,-9.04219,2.98547,11.4743,-9.04219,4.56496,9.66474,5.11494,-2.21223,-10.0,4.41828,-2.22968,-9.09432,3.84828,-2.24395,-8.35331,3.97495,-2.24078,-8.51798,4.22828,-2.23443,-8.84731,4.35494,-2.23126,-9.01198,4.48161,-2.22809,-9.17665,4.60827,-2.22492,-9.34132,4.73494,-2.22175,-9.50599,5.12991,-2.20552,10.0,4.43659,-2.16442,8.95888,3.74327,-2.12332,7.91776,3.86933,-2.13079,8.10705,4.12145,-2.14574,8.48564,4.24751,-2.15321,8.67494,4.37356,-2.16068,8.86423,4.62568,-2.17563,9.24282,4.75173,-2.1831,9.43212,5.00385,-2.19805,9.81071,-8.56991e-07,-5.33961,-18.4536,-8.65089e-07,-5.40755,-18.4539,-8.77476e-07,-5.51146,-18.4541,-8.93242e-07,-5.64371,-18.4543,-9.11483e-07,-5.79672,-18.4544,-9.31286e-07,-5.96284,-18.4545,-9.51746e-07,-6.13448,-18.4546,-9.71953e-07,-6.30399,-18.4546,-9.91e-07,-6.46377,-18.4546,-1e-06,-6.60618,-18.4546,-1e-06,-6.72364,-18.4546,-1e-06,-6.82797,-18.4417,-1e-06,-6.93442,-18.4058,-1e-06,-7.04044,-18.3518,-1e-06,-7.14351,-18.2843,-1e-06,-7.24107,-18.2079,-1e-06,-7.33059,-18.1274,-1e-06,-7.40951,-18.0474,-1e-06,-7.47534,-17.9726,-1e-06,-7.52549,-17.9077,-1e-06,-7.55745,-17.8573,-1e-06,-7.56866,-17.8262,-1e-06,-7.55779,-17.8082,-1e-06,-7.52661,-17.7937,-1e-06,-7.47777,-17.7824,-1e-06,-7.41371,-17.774,-1e-06,-7.33693,-17.7679,-1e-06,-7.24991,-17.7638,-1e-06,-7.15512,-17.7614,-1e-06,-7.05508,-17.7601,-1e-06,-6.95225,-17.7596,-1e-06,-6.84913,-17.7596,-1e-06,-6.73288,-17.7732,-1e-06,-6.59326,-17.8109,-9.87765e-07,-6.43663,-17.8677,-9.67827e-07,-6.26937,-17.9391,-9.47385e-07,-6.0979,-18.02,-9.27199e-07,-5.92857,-18.1058,-9.08032e-07,-5.76778,-18.1916,-8.90641e-07,-5.62189,-18.2727,-8.75791e-07,-5.49732,-18.3442,-8.64242e-07,-5.40044,-18.4013,-8.56755e-07,-5.33764,-18.4392,-9.17798,15.4303,-9.38868,-9.18169,15.1018,-9.38868,-9.17612,15.5957,-9.38868,-9.17798,15.4304,-9.38868,-8.96336,4.3978,-9.77314,-8.96336,4.39781,-9.77313,-8.9774,3.10556,-11.3635,-8.97741,3.10467,-11.3646,-8.96492,4.25423,-9.94984,-8.96336,4.39781,-9.77314,-8.96336,4.3978,-9.77313,-9.05238,14.9187,9.51201,-9.0702,13.7688,9.512,-9.04983,15.083,9.512,-9.04474,15.4115,9.51201,-9.04219,15.5758,9.51201,-9.04472,15.4125,9.512,-9.06511,14.0973,9.51201,-9.07021,13.7688,9.512,-9.05493,14.7544,9.51201,-9.04729,15.2472,9.51201,-9.04219,3.27264,11.1453,-9.04219,2.98546,11.4743,-9.04219,3.12816,11.3108,4.99883,-2.21514,-9.84905,4.88272,-2.21805,-9.6981,4.7666,-2.22095,-9.54716,4.6505,-2.22386,-9.39621,4.53439,-2.22677,-9.24527,4.30216,-2.23258,-8.94337,4.18606,-2.23549,-8.79242,4.06995,-2.2384,-8.64148,3.95384,-2.24131,-8.49053,3.83773,-2.24422,-8.33958,3.72161,-2.24712,-8.18864,4.10161,-2.2376,-8.68265,4.86161,-2.21858,-9.67066,4.98827,-2.21541,-9.83533,5.11414,-2.21225,-9.99897,4.9756,-2.21572,-9.81886,4.83627,-2.21921,-9.63773,4.69694,-2.2227,-9.45659,4.55761,-2.22619,-9.27545,4.27894,-2.23317,-8.91318,4.13961,-2.23665,-8.73205,4.00028,-2.24014,-8.55091,3.86095,-2.24363,-8.36977,3.72162,-2.24712,-8.18864,4.10161,-2.23761,-8.68265,4.8616,-2.21857,-9.67066,4.98827,-2.2154,-9.83533,5.01435,-2.19867,9.82648,4.8988,-2.19182,9.65296,4.78325,-2.18497,9.47944,4.6677,-2.17812,9.30592,4.55214,-2.17127,9.1324,4.32104,-2.15757,8.78536,4.20549,-2.15072,8.61184,4.08993,-2.14387,8.43831,3.97438,-2.13702,8.26479,3.85883,-2.13017,8.09127,3.99539,-2.13827,8.29635,4.49962,-2.16815,9.05353,4.87779,-2.19058,9.62141,5.12912,-2.20547,9.99882,4.99124,-2.1973,9.79178,4.85258,-2.18908,9.58355,4.71392,-2.18086,9.37533,4.57525,-2.17264,9.1671,4.29793,-2.1562,8.75066,4.15926,-2.14798,8.54243,4.0206,-2.13976,8.3342,3.88194,-2.13154,8.12598,3.99539,-2.13826,8.29634,4.49962,-2.16816,9.05353,4.87779,-2.19057,9.62141,0.499989,8.77982,-1e-06],"quats":[-0.499597,0.500402,-0.499597,0.500401,0.0,-0.0,0.999984,0.005648,0.0,-0.0,0.999985,0.005434,-0.0,-0.0,0.999969,0.00775,-0.0,-0.0,1.0,0.0,-0.0,-0.0,0.002808,0.999996,0.500211,-0.501535,0.498559,-0.499688,0.50096,-0.50283,0.497371,-0.49882,0.501798,-0.504231,0.496079,-0.497849,0.502681,-0.505684,0.494734,-0.496822,0.503565,-0.507136,0.493382,-0.49579,0.504405,-0.508534,0.492074,-0.494803,0.50516,-0.509823,0.490858,-0.493913,0.505786,-0.510952,0.489788,-0.493169,0.506238,-0.511868,0.488912,-0.492623,0.506477,-0.51252,0.488281,-0.492325,0.50557,-0.512571,0.488177,-0.493306,0.504774,-0.512037,0.488658,-0.494199,0.503802,-0.511299,0.489329,-0.49529,0.502701,-0.510399,0.490148,-0.496525,0.501514,-0.509381,0.491077,-0.497852,0.50029,-0.508287,0.492073,-0.499216,-0.499074,0.50716,-0.493097,0.500567,-0.497912,0.506045,-0.494111,0.501851,-0.496854,0.504983,-0.495073,0.503019,-0.495947,0.50402,-0.495946,0.50402,-0.495089,0.503037,-0.496838,0.504966,-0.49415,0.501899,-0.497871,0.506,-0.493189,0.500677,-0.498977,0.507058,-0.492241,0.499418,-0.500113,0.5081,-0.491348,0.498177,-0.501231,0.50908,-0.490554,0.497008,-0.502282,0.509953,-0.489898,0.495965,-0.503218,0.510675,-0.489426,0.495103,-0.503992,0.5112,-0.489179,0.49448,-0.504556,0.511483,-0.489199,0.494148,-0.504864,0.51148,-0.489943,0.494207,-0.50485,0.510725,-0.490581,0.494495,-0.504619,0.510062,-0.49136,0.494922,-0.504266,0.509246,-0.492256,0.495464,-0.503813,0.508302,-0.493241,0.496096,-0.503279,0.507258,-0.49429,0.496793,-0.502688,0.506139,-0.495377,0.497531,-0.502059,0.504975,-0.496476,0.498285,-0.501414,0.503791,-0.497563,0.499031,-0.500774,0.502616,-0.498612,0.499744,-0.500162,0.501476,-0.499999,-0.500001,0.499998,0.5],"scales":[0.999999,0.952223,0.952223,0.999999,0.928334,0.928334,0.999999,0.91639,0.91639,0.999999,0.976111,0.976111,0.999999,0.892502,0.892502,0.999999,0.904446,0.904446,0.999999,0.988055,0.988055,0.999999,0.964167,0.964167,1.0,0.964167,0.964167,0.999999,0.940278,0.940278,1.0,0.904446,0.904446,0.999999,0.999999,1.0,0.999999,0.868613,0.868613,0.999999,0.880558,0.880558,1.0,1.0,1.0,1.0,0.976111,0.976111,1.0,0.892502,0.892502,1.0,0.928334,0.928334,1.0,0.952223,0.952223,1.0,0.91639,0.91639,0.999999,0.880557,0.880558,1.0,0.880558,0.880558,1.0,0.988055,0.988055,1.0,1.0,0.999999,0.999999,0.880557,0.880557,0.999999,0.98813,0.98813,0.999999,0.940278,0.940279,0.999999,0.940279,0.940279,0.999999,0.940279,0.940278,1.0,0.98813,0.98813,1.0,0.940279,0.940278,1.0,0.868613,0.868613,0.999999,0.880558,0.880557,1.0,0.940278,0.940279,1.0,0.988056,0.988055,1.0,0.880558,0.880557],"length":1.466666,