{"animation":{"fields":["time","attr"],"times":[0.0,0.333333,0.466666,0.533333,0.666666,0.833333,1.0,1.33333],"poses":[0.0,-7.93786,-16.3901,0.0,-8.08864,-11.8665,-3.99609,6.02709,-4.9943,15.9833,-2.48797,-1e-06,-3.99609,-6.05297,-5.04761,2.21471,-3.85988,-0.0,4.03425,6.02709,-4.9943,0.0,-7.93786,-15.1059,0.0,-7.93786,-15.3922,0.0,-8.08864,-10.5823,0.0,-8.08864,-10.8686,-3.99609,6.02709,-5.74427,-3.99609,6.28626,-5.34518],"quats":[0.707106,-2.3040464e-07,0.707106,1.6858739e-07,0.707106,-4.8328565e-07,0.707106,4.214684e-07,-0.0,-0.0,-0.307199,0.951645,0.5,0.499999,0.499999,0.5,-0.496169,0.503801,-0.496169,0.503801,0.491197,0.508649,0.491197,0.50865,-0.0,2.3793469e-07,0.005494,0.999984,-0.0,2.5012048e-07,-0.17683,0.984241,-0.0,-0.0,-0.093944,0.995577,-0.484306,0.5559,-0.443784,0.509388,-0.513449,0.486178,-0.513449,0.486178,-0.443785,0.509389,-0.484305,0.5559,-1.1706695e-07,2.2534752e-07,0.12732,0.991861,0.702561,-0.080046,0.702561,-0.080046,-0.677987,-0.200828,-0.677987,-0.200829,0.657901,-0.259155,0.657907,-0.259155,-0.698402,-0.110615,-0.698399,-0.110616,-0.648459,-0.281958,-0.648459,-0.281958,0.66014,-0.253404,0.660141,-0.253404,-0.683014,-0.183012,-0.68301,-0.183013,0.672496,-0.218508,0.6725,-0.218507],"scales":[],"length":1.333333,"tracks":{"Bone001":{"pos":[0,0,1,7,4,0,6,8,7,0],"quat":[0,4,1,9,4,10,6,11,7,4]},"Bone002":{"pos":[0,1,1,9,4,1,6,10,7,1],"quat":[0,3,1,5,4,3,6,5,7,3]},"Bone003":{"pos":[0,3,7,3],"quat":[0,6,1,7,4,12,6,7,7,6]},"Bone004":{"pos":[0,2,1,11,4,2,6,12,7,2],"quat":[0,0,1,13,4,0,6,14,7,0]},"Bone005":{"pos":[0,4,7,4],"quat":[0,1,1,15,4,1,6,16,7,1]},"Bone006":{"pos":[0,5,7,5],"quat":[0,2,1,2,2,8,3,2,4,2,5,8,6,2,7,2]},"Bone007":{"pos":[0,6,7,6],"quat":[0,0,1,17,4,0,6,18,7,0]},"Bone008":{"quat":[0,1,1,19,4,1,6,20,7,1]}}},"is_global":true,"version":"0.1.0"}