{"is_global":true,"animation":{"fields":["time","attr"],"times":[0.0,0.033333,0.066666,0.1,0.133333,0.166666,0.2,0.233333,0.266666,0.3,0.333333,0.366666,0.4,0.433333,0.466666,0.5],"poses":[9.53674e-07,-9.53674e-07,-0.0,-4.49087,4.63099e-07,-1.00835e-07,-4.55483,4.66657e-07,-1.01724e-07,-4.73481,4.76671e-07,-1.04228e-07,-5.01296,4.92146e-07,-1.08096e-07,-5.37143,5.1209e-07,-1.13082e-07,-5.79237,5.3551e-07,-1.18937e-07,-6.25794,5.61412e-07,-1.25413e-07,-6.75028,5.88804e-07,-1.32261e-07,-7.25154,6.16692e-07,-1.39233e-07,-7.74388,6.44084e-07,-1.46081e-07,-8.20945,6.69986e-07,-1.52557e-07,-8.63039,6.93406e-07,-1.58412e-07,-8.98886,7.1335e-07,-1.63398e-07,-9.26701,7.28825e-07,-1.67266e-07,-9.44699,7.38839e-07,-1.6977e-07,-9.51095,7.42397e-07,-1.70659e-07,-4.51587,5.33746e-07,-1.17686,-4.5686,5.3668e-07,-1.17686,-4.71698,5.44935e-07,-1.17686,-4.9463,5.57694e-07,-1.17686,-5.24184,5.74136e-07,-1.17686,-5.58888,5.93444e-07,-1.17686,-5.97272,6.14799e-07,-1.17686,-6.37862,6.37383e-07,-1.17686,-6.79189,6.60375e-07,-1.17686,-7.19779,6.82958e-07,-1.17686,-7.58162,7.04313e-07,-1.17686,-7.92867,7.23621e-07,-1.17686,-8.22421,7.40064e-07,-1.17686,-8.45353,7.52822e-07,-1.17686,-8.60191,7.61078e-07,-1.17686,-8.65464,7.64011e-07,-1.17686,-4.49087,-0.0,1.02784,-4.5436,-0.0,1.02784,-4.69198,-0.0,1.02784,-4.9213,-0.0,1.02784,-5.21684,-0.0,1.02784,-5.56388,0.0,1.02784,-5.94772,0.0,1.02784,-6.35362,0.0,1.02784,-6.76689,0.0,1.02784,-7.17279,0.0,1.02784,-7.55662,1.12239e-07,1.02784,-7.90367,1.31547e-07,1.02784,-8.19921,1.4799e-07,1.02784,-8.42853,1.60748e-07,1.02784,-8.57691,1.69004e-07,1.02784,-8.62964,1.71937e-07,1.02784,-4.54087,-1.26284e-07,2.31431,-4.57979,-1.24119e-07,2.31431,-4.6893,-1.18026e-07,2.31431,-4.85855,-1.08609e-07,2.31431,-5.07668,-0.0,2.31431,-5.33282,-0.0,2.31431,-5.61611,-0.0,2.31431,-5.9157,-0.0,2.31431,-6.22071,-0.0,2.31431,-6.5203,-0.0,2.31431,-6.80359,-0.0,2.31431,-7.05973,0.0,2.31431,-7.27785,0.0,2.31431,-7.44711,0.0,2.31431,-7.55662,0.0,2.31431,-7.59554,0.0,2.31431,-4.50868,5.70181e-07,-2.27739,-4.54759,5.72347e-07,-2.27739,-4.65711,5.7844e-07,-2.27739,-4.82636,5.87856e-07,-2.27739,-5.04449,5.99992e-07,-2.27739,-5.30063,6.14243e-07,-2.27739,-5.58392,6.30004e-07,-2.27739,-5.8835,6.46672e-07,-2.27739,-6.18852,6.63642e-07,-2.27739,-6.4881,6.80309e-07,-2.27739,-6.7714,6.96071e-07,-2.27739,-7.02753,7.10321e-07,-2.27739,-7.24566,7.22457e-07,-2.27739,-7.41491,7.31874e-07,-2.27739,-7.52443,7.37967e-07,-2.27739,-7.56335,7.40132e-07,-2.27739,-4.51181,9.53674e-07,-3.41862,-4.53722,9.55089e-07,-3.41862,-4.60875,9.59068e-07,-3.41862,-4.71929,9.65218e-07,-3.41862,-4.86175,9.73144e-07,-3.41862,-5.02905,9.82452e-07,-3.41862,-5.21407,9.92746e-07,-3.41862,-5.40973,1e-06,-3.41862,-5.60894,1e-06,-3.41862,-5.80461,1e-06,-3.41862,-5.98963,1e-06,-3.41862,-6.15692,1e-06,-3.41862,-6.29938,1e-06,-3.41862,-6.40992,1e-06,-3.41862,-6.48145,1e-06,-3.41862,-6.50687,1e-06,-3.41862,-4.51181,9.53674e-07,-4.47267,-4.52468,9.54391e-07,-4.47267,-4.56091,9.56406e-07,-4.47267,-4.6169,9.59521e-07,-4.47267,-4.68906,9.63536e-07,-4.47267,-4.7738,9.68251e-07,-4.47267,-4.86752,9.73465e-07,-4.47267,-4.96662,9.78979e-07,-4.47267,-5.06752,9.84593e-07,-4.47267,-5.16663,9.90107e-07,-4.47267,-5.26035,9.9532e-07,-4.47267,-5.34509,1e-06,-4.47267,-5.41725,1e-06,-4.47267,-5.47324,1e-06,-4.47267,-5.50947,1e-06,-4.47267,-5.52234,1e-06,-4.47267,-4.55784,1e-06,-5.69261,-4.53482,-4.76837e-07,3.3256,-4.56024,-4.75423e-07,3.3256,-4.63177,-4.71444e-07,3.3256,-4.74231,-4.65293e-07,3.3256,-4.88477,-4.57367e-07,3.3256,-5.05206,-4.4806e-07,3.3256,-5.23709,-4.37766e-07,3.3256,-5.43275,-4.2688e-07,3.3256,-5.63196,-4.15797e-07,3.3256,-5.82762,-4.04911e-07,3.3256,-6.01265,-3.94616e-07,3.3256,-6.17994,-3.85309e-07,3.3256,-6.3224,-3.77383e-07,3.3256,-6.43294,-3.71233e-07,3.3256,-6.50447,-3.67254e-07,3.3256,-6.52989,-3.65839e-07,3.3256,-4.4888,-4.76837e-07,4.45347,-4.50168,-4.76121e-07,4.45347,-4.53791,-4.74105e-07,4.45347,-4.5939,-4.7099e-07,4.45347,-4.66606,-4.66975e-07,4.45347,-4.75079,-4.62261e-07,4.45347,-4.84451,-4.57047e-07,4.45347,-4.94362,-4.51533e-07,4.45347,-5.04452,-4.45919e-07,4.45347,-5.14363,-4.40405e-07,4.45347,-5.23735,-4.35191e-07,4.45347,-5.32208,-4.30476e-07,4.45347,-5.39424,-4.26462e-07,4.45347,-5.45023,-4.23347e-07,4.45347,-5.48646,-4.21331e-07,4.45347,-5.49934,-4.20615e-07,4.45347,-4.51181,-9.53674e-07,5.68785],"quats":[-0.0,0.707106,0.707107,-0.0,1.4821546e-07,0.707106,0.707107,1.2714213e-07,1.5875217e-07,0.707106,0.707107,1.1660541e-07,-0.014421,0.706959,0.706959,0.014421,1.3767878e-07,0.707106,0.707106,1.376788e-07,-3.6808345e-07,0.707106,0.707107,3.06266e-07,0.006931,-0.707072,-0.707072,-0.006931,-0.006931,0.707072,0.707072,0.006931,0.008033,-0.707061,-0.70706,-0.008033,0.707106,-1.3767881e-07,0.707106,9.1879849e-07,0.707107,-4.7485327e-07,0.707106,4.7485381e-07],"scales":[],"length":0.5,"tracks":{"Bone002":{"pos":[0,1,1,2,2,3,3,4,4,5,5,6,6,7,7,8,8,9,9,10,10,11,11,12,12,13,13,14,14,15,15,16],"quat":[0,0,15,2]},"Bone003":{"pos":[0,17,1,18,2,19,3,20,4,21,5,22,6,23,7,24,8,25,9,26,10,27,11,28,12,29,13,30,14,31,15,32],"quat":[0,0,15,2]},"Bone005":{"pos":[0,33,1,34,2,35,3,36,4,37,5,38,6,39,7,40,8,41,9,42,10,43,11,44,12,45,13,46,14,47,15,48],"quat":[0,0,15,1]},"Bone007":{"pos":[0,49,1,50,2,51,3,52,4,53,5,54,6,55,7,56,8,57,9,58,10,59,11,60,12,61,13,62,14,63,15,64],"quat":[0,0,15,1]},"Bone009":{"pos":[0,65,1,66,2,67,3,68,4,69,5,70,6,71,7,72,8,73,9,74,10,75,11,76,12,77,13,78,14,79,15,80],"quat":[0,0,15,1]},"Bone010":{"pos":[0,81,1,82,2,83,3,84,4,85,5,86,6,87,7,88,8,89,9,90,10,91,11,92,12,93,13,94,14,95,15,96],"quat":[0,0,15,4]},"Bone012":{"pos":[0,97,1,98,2,99,3,100,4,101,5,102,6,103,7,104,8,105,9,106,10,107,11,108,12,109,13,110,14,111,15,112],"quat":[0,3,15,3]},"Bone014":{"pos":[0,113],"quat":[0,5]},"Bone016":{"pos":[0,114,1,115,2,116,3,117,4,118,5,119,6,120,7,121,8,122,9,123,10,124,11,125,12,126,13,127,14,128,15,129],"quat":[0,0,15,1]},"Bone018":{"pos":[0,130,1,131,2,132,3,133,4,134,5,135,6,136,7,137,8,138,9,139,10,140,11,141,12,142,13,143,14,144,15,145],"quat":[0,6,15,7]},"Bone020":{"pos":[0,146],"quat":[0,8]},"bind":{"pos":[0,0,15,0],"quat":[0,9,15,10]}}},"version":"0.1.0"}