{
  "animation": {
    "fields": [
      "time",
      "attr"
    ],
    "times": [
      0,
      0.333333,
      0.366666,
      0.666666,
      0.9,
      1.03333,
      1.3,
      1.33333,
      1.46667,
      1.63333,
      1.66667,
      1.7,
      1.8,
      1.86667,
      2,
      2.26667,
      2.66667
    ],
    "poses": [
      0,
      -7.93786,
      -16.3901,
      0,
      -8.08864,
      -11.8665,
      0,
      -7.94224,
      -15.7665,
      0,
      -7.94663,
      -15.143,
      0,
      -8.08864,
      -10.7714,
      15.9833,
      -2.48797,
      -0.000001,
      2.21471,
      -3.85988,
      0,
      0,
      -7.94839,
      -15.7004,
      -3.99609,
      6.02709,
      -4.9943,
      -3.99609,
      -6.05297,
      -5.04761,
      4.03425,
      6.02709,
      -4.9943
    ],
    "quats": [
      0,
      0,
      -0.307199,
      0.951645,
      -0.496169,
      0.503801,
      -0.496169,
      0.503801,
      0,
      2.3793469e-7,
      0.005494,
      0.999984,
      0.707106,
      -4.8328565e-7,
      0.707106,
      4.214684e-7,
      0.006418,
      -0.020967,
      -0.051313,
      0.998441,
      0.556704,
      -0.565234,
      0.427174,
      -0.433719,
      -0.497539,
      0.504996,
      -0.494984,
      0.502417,
      -0.451037,
      0.457975,
      -0.537524,
      0.545793,
      0.517355,
      -0.525282,
      0.474068,
      -0.481332,
      0.5,
      0.499999,
      0.499999,
      0.5,
      0.5,
      0.5,
      0.499999,
      0.5,
      0,
      2.514997e-7,
      -0.211072,
      0.97747,
      -1.0856125e-7,
      2.2956621e-7,
      0.090154,
      0.995927,
      0,
      2.5043781e-7,
      -0.184094,
      0.982908,
      -1.017101e-7,
      2.3268264e-7,
      0.060599,
      0.998162,
      0,
      2.5279263e-7,
      -0.253508,
      0.967333,
      -1.0913111e-7,
      2.2929582e-7,
      0.092627,
      0.9957
    ],
    "scales": [],
    "length": 2.666666,
    "tracks": {
      "Bone001": {
        "pos": [
          0,
          0,
          1,
          2,
          3,
          3,
          4,
          7,
          7,
          0,
          10,
          2,
          14,
          3,
          16,
          0
        ],
        "quat": [
          0,
          1,
          1,
          5,
          3,
          6,
          4,
          7,
          7,
          1,
          10,
          8,
          14,
          1,
          16,
          1
        ]
      },
      "Bone002": {
        "pos": [
          0,
          1,
          3,
          4,
          7,
          1,
          14,
          4,
          16,
          1
        ],
        "quat": [
          0,
          9,
          16,
          10
        ]
      },
      "Bone003": {
        "pos": [
          0,
          5,
          16,
          5
        ],
        "quat": [
          0,
          2,
          2,
          11,
          5,
          12,
          6,
          13,
          8,
          14,
          9,
          15,
          15,
          16,
          16,
          2
        ]
      },
      "Bone004": {
        "pos": [
          0,
          8
        ]
      },
      "Bone005": {
        "pos": [
          0,
          9
        ],
        "quat": [
          0,
          3
        ]
      },
      "Bone006": {
        "pos": [
          0,
          6,
          16,
          6
        ],
        "quat": [
          0,
          0,
          7,
          0,
          11,
          4,
          12,
          0,
          13,
          4,
          14,
          0,
          16,
          0
        ]
      },
      "Bone007": {
        "pos": [
          0,
          10
        ]
      },
      "Bone008": {
        "quat": [
          0,
          3
        ]
      }
    }
  },
  "is_global": true,
  "version": "0.1.0"
}
