{"is_global":true,"animation":{"fields":["time","attr"],"times":[0.0,0.166666,0.266666,0.333333,0.5,0.666666,0.833333,0.966666],"poses":[-3.22303,0.001232,22.7616,-3.57336,0.00123,22.509,-10.7126,3.61022,-4.16952,-10.7366,4.61061,25.6363,-10.7839,4.6208,4.10764,-10.7222,-5.64924,25.6348,-10.7025,-3.60187,-4.17056,-10.7836,3.52988,-8.08355,-10.6459,3.60906,-4.16992,-10.6699,4.60944,25.6361,28.8957,-8.3e-05,1.1e-05,-10.7737,-3.51935,-8.08457,-10.7744,-3.51845,-14.3037,-10.7843,3.53078,-14.3026,-10.7708,-4.65058,4.1063,-10.7692,-4.65281,19.5394,-10.7822,4.61857,19.5407,-10.499,-5.64145,25.6341,-10.5678,-3.59716,-4.17137],"quats":[0.707156,0.00096,0.00046,0.707056,-0.498154,-0.501911,0.501128,-0.498796,-0.498834,-0.501234,0.500454,-0.499473,-0.500212,0.499787,0.49986,0.500139,-0.502488,-0.497518,0.505489,-0.49443,-0.503174,-0.496848,0.504808,-0.495101,-0.498634,-0.501433,0.500624,-0.499301,0.498534,0.501533,-0.500524,0.499401,3.2e-05,0.0,0.001944,0.999998,0.706939,-0.01755,-0.018048,0.706825,0.490041,0.509892,-0.491629,0.508103,0.489373,0.51058,-0.492292,0.507414,-0.508859,0.490982,0.491054,0.508786,-0.491325,0.508524,0.508597,0.491253],"scales":[],"length":1.0,"tracks":{"Bone005":{"pos":[0,7]},"Bone009":{"pos":[0,2,5,8,7,2],"quat":[0,1,5,4,7,1]},"Bone011":{"pos":[0,3,5,9,7,3],"quat":[0,2,5,5,7,2]},"Bone013":{"pos":[0,0,1,1,3,0,4,1,5,0,6,1,7,0],"quat":[0,6,7,7]},"Bone014":{"pos":[0,10],"quat":[0,8]},"Bone021":{"pos":[0,11]},"Bone027":{"pos":[0,12]},"Bone029":{"pos":[0,13]},"Bone031":{"pos":[0,14],"quat":[0,0]},"Bone033":{"pos":[0,4,7,4],"quat":[0,0,3,9,7,0]},"Bone035":{"pos":[0,15],"quat":[0,0]},"Bone037":{"pos":[0,16],"quat":[0,0]},"Bone038":{"pos":[0,5,2,17,7,5],"quat":[0,2,2,10,7,2]},"Bone040":{"pos":[0,6,2,18,7,6],"quat":[0,1,2,11,7,1]},"Bone041":{"quat":[0,3,3,12,5,13,7,3]}}},"version":"0.1.0"}