{
  "is_global": true,
  "animation": {
    "fields": [
      "time",
      "attr"
    ],
    "times": [
      0,
      0.3,
      0.4,
      1
    ],
    "poses": [
      -3.22544,
      0.009029,
      22.7613,
      -3.46101,
      0.009026,
      22.7622,
      -3.6963,
      0.009026,
      22.7632,
      28.8957,
      -0.000086,
      0.000004
    ],
    "quats": [
      0.707105,
      0.000428,
      0.000002,
      0.707107,
      -0.4985,
      -0.501495,
      0.50149,
      -0.498504,
      -0.499176,
      -0.500822,
      0.500813,
      -0.499185,
      -0.498993,
      -0.501004,
      0.501,
      -0.498996,
      0.498993,
      0.501004,
      -0.501,
      0.498996,
      -0.5,
      0.499999,
      0.5,
      0.499999
    ],
    "scales": [],
    "length": 1,
    "tracks": {
      "Bone005": {
        "quat": [
          0,
          0
        ]
      },
      "Bone009": {
        "quat": [
          0,
          1
        ]
      },
      "Bone011": {
        "quat": [
          0,
          2
        ]
      },
      "Bone013": {
        "pos": [
          0,
          0,
          1,
          1,
          2,
          2,
          3,
          0
        ],
        "quat": [
          0,
          3,
          3,
          4
        ]
      },
      "Bone014": {
        "pos": [
          0,
          3
        ]
      },
      "Bone021": {
        "quat": [
          0,
          0
        ]
      },
      "Bone027": {
        "quat": [
          0,
          0
        ]
      },
      "Bone029": {
        "quat": [
          0,
          0
        ]
      },
      "Bone038": {
        "quat": [
          0,
          2
        ]
      },
      "Bone040": {
        "quat": [
          0,
          1
        ]
      },
      "Bone041": {
        "quat": [
          0,
          5
        ]
      }
    }
  },
  "version": "0.1.0"
}
