{"is_global":true,"animation":{"fields":["time","attr"],"times":[0.0,0.033333,0.066666,0.1,0.133333,0.166666,0.2,0.233333,0.266666,0.3,0.333333,0.366666,0.4,0.433333,0.466666,0.5,0.533333,0.566666,0.6,0.633333,0.666666,0.7,0.733333,0.766666,0.8,0.833333,0.866666,0.9,0.933333,0.966666,1.0],"poses":[-0.049622,1.0469,-7.95054,-0.049623,1.04689,-7.98467,-0.049623,1.0469,-8.03938,-0.049622,1.04689,-8.1115,-0.049625,1.0469,-8.19867,-0.049622,1.0469,-8.29272,-0.049622,1.0469,-8.38573,-0.049619,1.04689,-8.46915,-0.049624,1.0469,-8.53274,-0.049623,1.0469,-8.57297,-0.04962,1.04689,-8.59545,-0.04962,1.0469,-8.60139,-0.049625,1.0469,-8.592,-0.049622,1.0469,-8.56848,-0.049618,1.04689,-8.53203,-0.049622,1.0469,-8.48388,-0.049622,1.0469,-8.42523,-0.049622,1.0469,-8.35727,-0.049623,1.04689,-8.28122,-0.049622,1.0469,-8.19918,-0.049622,1.0469,-8.11576,-0.049622,1.0469,-8.03594,-0.049622,1.0469,-7.9647,-0.049622,1.0469,-7.90702,-0.049622,1.0469,-7.87415,-0.049622,1.0469,-7.86627,-0.049622,1.0469,-7.8751,-0.049623,1.04689,-7.8947,-0.049622,1.04689,-7.91952,-0.049622,1.0469,-7.94246,6.20485,4.4626,1.3237e-07],"quats":[-0.50251,0.497482,-0.497476,0.502504,-0.5,-0.5,0.499999,0.5],"scales":[],"length":1.0,"tracks":{"Bone001":{"pos":[0,0,1,1,2,2,3,3,4,4,5,5,6,6,7,7,8,8,9,9,10,10,11,11,12,12,13,13,14,14,15,15,16,16,17,17,18,18,19,19,20,20,21,21,22,22,23,23,24,24,25,25,26,26,27,27,28,28,29,29,30,0],"quat":[0,0,30,0]},"bind":{"pos":[0,30],"quat":[0,1]}}},"version":"0.1.0"}