{"is_global":true,"animation":{"fields":["time","attr"],"times":[0.0,0.033333,0.066666,0.1,0.133333,0.166666,0.2,0.233333,0.266666,0.3,0.333333,0.366666,0.4,0.433333,0.466666,0.5,0.533333,0.566666,0.6,0.633333,0.666666,0.7,0.733333,0.766666,0.8,0.833333,0.866666,0.9,0.933333,0.966666,1.0,1.03333,1.06667,1.1,1.13333,1.16667,1.2,1.23333,1.26667,1.3,1.33333,1.36667,1.4,1.43333,1.46667],"poses":[-6.16718e-07,0.115138,-10.0391,-6.1962e-07,0.090808,-10.0395,-6.27718e-07,0.022868,-10.0398,-6.40105e-07,-0.081041,-10.04,-6.55871e-07,-0.213291,-10.0402,-6.74112e-07,-0.366301,-10.0403,-6.93915e-07,-0.532421,-10.0404,-7.14375e-07,-0.704061,-10.0405,-7.34582e-07,-0.873571,-10.0405,-7.53629e-07,-1.03335,-10.0405,-7.70609e-07,-1.17576,-10.0405,-7.84609e-07,-1.29322,-10.0405,-7.97049e-07,-1.39755,-10.0276,-8.09739e-07,-1.504,-9.99168,-8.22379e-07,-1.61002,-9.93769,-8.34659e-07,-1.71309,-9.87018,-8.46289e-07,-1.81065,-9.79378,-8.56959e-07,-1.90017,-9.71328,-8.66369e-07,-1.97909,-9.63328,-8.74219e-07,-2.04492,-9.55848,-8.80199e-07,-2.09507,-9.49358,-8.84009e-07,-2.12703,-9.44318,-8.85339e-07,-2.13824,-9.41208,-8.84039e-07,-2.1273,-9.39398,-8.80329e-07,-2.09619,-9.37958,-8.74509e-07,-2.04735,-9.36828,-8.66869e-07,-1.98329,-9.35988,-8.57719e-07,-1.90651,-9.35378,-8.47339e-07,-1.81949,-9.34968,-8.36039e-07,-1.7247,-9.34728,-8.24119e-07,-1.62466,-9.34598,-8.11859e-07,-1.52183,-9.34548,-7.99569e-07,-1.41871,-9.34548,-7.85709e-07,-1.30246,-9.35908,-7.69069e-07,-1.16284,-9.39678,-7.50394e-07,-1.00621,-9.45358,-7.30456e-07,-0.838951,-9.52498,-7.10014e-07,-0.667481,-9.60588,-6.89828e-07,-0.498151,-9.69168,-6.70661e-07,-0.337361,-9.77748,-6.5327e-07,-0.191471,-9.85858,-6.3842e-07,-0.066901,-9.93008,-6.26871e-07,0.029978,-9.98718,-6.19384e-07,0.092778,-10.0251,6.9e-05,4.99676,3e-06],"quats":[-0.499597,0.500401,-0.499597,0.500401,0.500211,-0.501535,0.498559,-0.499688,0.50096,-0.50283,0.497371,-0.49882,0.501798,-0.504231,0.496079,-0.497849,0.502681,-0.505684,0.494734,-0.496822,0.503565,-0.507136,0.493382,-0.49579,0.504405,-0.508534,0.492074,-0.494803,0.50516,-0.509823,0.490858,-0.493913,0.505786,-0.510952,0.489788,-0.493169,0.506238,-0.511868,0.488912,-0.492623,0.506477,-0.51252,0.488281,-0.492325,0.50557,-0.512571,0.488177,-0.493306,0.504774,-0.512037,0.488658,-0.494199,0.503802,-0.511299,0.489329,-0.49529,0.502701,-0.510399,0.490148,-0.496525,0.501514,-0.509381,0.491077,-0.497852,0.50029,-0.508287,0.492073,-0.499216,-0.499074,0.50716,-0.493097,0.500567,-0.497912,0.506045,-0.494111,0.501851,-0.496854,0.504983,-0.495073,0.503019,-0.495947,0.50402,-0.495947,0.50402,-0.495083,0.503031,-0.496844,0.504972,-0.49415,0.501899,-0.497871,0.506,-0.493189,0.500677,-0.498977,0.507058,-0.492241,0.499418,-0.500113,0.5081,-0.491348,0.498177,-0.501231,0.50908,-0.490554,0.497008,-0.502282,0.509953,-0.489898,0.495965,-0.503218,0.510675,-0.489426,0.495103,-0.503992,0.5112,-0.489179,0.49448,-0.504556,0.511483,-0.489199,0.494148,-0.504864,0.51148,-0.489943,0.494207,-0.50485,0.510725,-0.490581,0.494495,-0.504619,0.510062,-0.49136,0.494922,-0.504266,0.509246,-0.492256,0.495464,-0.503813,0.508302,-0.493241,0.496096,-0.503279,0.507258,-0.49429,0.496793,-0.502688,0.506139,-0.495377,0.497531,-0.502059,0.504975,-0.496476,0.498285,-0.501414,0.503791,-0.497563,0.499031,-0.500774,0.502616,-0.498612,0.499744,-0.500162,0.501476,-0.498274,-0.49828,0.501716,0.501717],"scales":[1.0,1.0,1.0],"length":1.466666,"tracks":{"Bone001":{"pos":[0,0,1,1,2,2,3,3,4,4,5,5,6,6,7,7,8,8,9,9,10,10,11,11,12,12,13,13,14,14,15,15,16,16,17,17,18,18,19,19,20,20,21,21,22,22,23,23,24,24,25,25,26,26,27,27,28,28,29,29,30,30,31,31,32,32,33,33,34,34,35,35,36,36,37,37,38,38,39,39,40,40,41,41,42,42,43,43,44,0],"quat":[0,0,1,1,2,2,3,3,4,4,5,5,6,6,7,7,8,8,9,9,10,10,13,11,14,12,15,13,16,14,17,15,18,16,19,17,20,18,21,19,22,20,23,21,24,22,25,23,26,24,27,25,28,26,29,27,30,28,31,29,32,30,34,31,35,32,36,33,37,34,38,35,39,36,40,37,41,38,42,39,43,40,44,0],"scale":[0,0,44,0]},"bind":{"pos":[0,44],"quat":[0,41]}}},"version":"0.1.0"}