{
  "is_global": true,
  "animation": {
    "fields": [
      "time",
      "attr"
    ],
    "times": [
      0,
      0.033333,
      0.066666,
      0.1,
      0.133333,
      0.166666,
      0.2,
      0.233333,
      0.266666,
      0.3,
      0.333333,
      0.366666,
      0.4,
      0.433333,
      0.466666,
      0.5,
      0.533333,
      0.566666,
      0.6,
      0.633333,
      0.666666,
      0.7,
      0.733333,
      0.766666,
      0.8,
      0.833333,
      0.866666,
      0.9,
      0.933333,
      0.966666,
      1,
      1.03333,
      1.06667,
      1.1,
      1.13333,
      1.16667,
      1.2,
      1.23333,
      1.26667,
      1.3,
      1.33333,
      1.36667,
      1.4,
      1.43333,
      1.46667,
      1.5,
      1.53333,
      1.56667,
      1.6,
      1.63333,
      1.66667,
      1.7,
      1.73333,
      1.76667,
      1.8,
      1.83333,
      1.86667,
      1.9,
      1.93333,
      1.96667,
      2
    ],
    "poses": [
      0,
      0.150949,
      -11.9112,
      0,
      0.150949,
      -11.8999,
      0,
      0.150949,
      -11.8668,
      0,
      0.150949,
      -11.8136,
      0,
      0.150949,
      -11.7419,
      0,
      0.150949,
      -11.653,
      0,
      0.150949,
      -11.5487,
      0,
      0.150949,
      -11.4305,
      0,
      0.150949,
      -11.2998,
      0,
      0.150949,
      -11.1583,
      0,
      0.150949,
      -11.0075,
      0,
      0.150949,
      -10.849,
      0,
      0.150949,
      -10.6842,
      0,
      0.150949,
      -10.5149,
      0,
      0.150949,
      -10.3424,
      0,
      0.150949,
      -10.1683,
      0,
      0.150949,
      -9.99427,
      0,
      0.150949,
      -9.65237,
      0,
      0.150949,
      -9.48767,
      0,
      0.150949,
      -9.32917,
      0,
      0.150949,
      -9.17837,
      0,
      0.150949,
      -9.03687,
      0,
      0.150949,
      -8.90617,
      0,
      0.150949,
      -8.78797,
      0,
      0.150949,
      -8.68357,
      0,
      0.150949,
      -8.59477,
      0,
      0.150949,
      -8.52297,
      0,
      0.150949,
      -8.46977,
      0,
      0.150949,
      -8.43677,
      0,
      0.150949,
      -9.82177,
      0,
      0.150949,
      -8.42537,
      0,
      0.150949,
      -9.82067,
      0.000069,
      4.99676,
      0.000003
    ],
    "quats": [
      0.5,
      -0.5,
      0.5,
      -0.499999,
      -0.499575,
      0.500423,
      -0.499575,
      0.500423,
      -0.499091,
      0.500906,
      -0.499091,
      0.500906,
      -0.498467,
      0.501528,
      -0.498467,
      0.501527,
      -0.497732,
      0.502257,
      -0.497732,
      0.502257,
      -0.496918,
      0.503062,
      -0.496918,
      0.503062,
      -0.496056,
      0.503912,
      -0.496057,
      0.503912,
      -0.495177,
      0.504776,
      -0.495177,
      0.504775,
      -0.494313,
      0.505622,
      -0.494313,
      0.505622,
      -0.493494,
      0.506422,
      -0.493494,
      0.506422,
      -0.492752,
      0.507143,
      -0.492752,
      0.507143,
      -0.49212,
      0.507757,
      -0.49212,
      0.507757,
      -0.491629,
      0.508233,
      -0.491629,
      0.508232,
      -0.49131,
      0.508541,
      -0.49131,
      0.50854,
      -0.491197,
      0.50865,
      -0.491197,
      0.508649,
      -0.491694,
      0.508169,
      -0.491694,
      0.508169,
      -0.492059,
      0.507816,
      -0.492059,
      0.507816,
      -0.492511,
      0.507378,
      -0.492511,
      0.507378,
      -0.493041,
      0.506863,
      -0.493041,
      0.506863,
      -0.49364,
      0.506279,
      -0.49364,
      0.506279,
      -0.494302,
      0.505633,
      -0.494302,
      0.505632,
      -0.495018,
      0.504932,
      -0.495018,
      0.504932,
      -0.49578,
      0.504184,
      -0.49578,
      0.504183,
      -0.49658,
      0.503396,
      -0.49658,
      0.503395,
      -0.49741,
      0.502576,
      -0.49741,
      0.502576,
      -0.498261,
      0.501732,
      -0.498262,
      0.501731,
      -0.499128,
      0.50087,
      -0.499128,
      0.50087,
      0.50087,
      -0.499127,
      0.50087,
      -0.499127,
      -0.501732,
      0.498262,
      -0.501731,
      0.498261,
      -0.502576,
      0.49741,
      -0.502576,
      0.497409,
      -0.503396,
      0.49658,
      -0.503396,
      0.49658,
      0.504184,
      -0.49578,
      0.504184,
      -0.49578,
      0.504932,
      -0.495018,
      0.504932,
      -0.495018,
      0.505632,
      -0.494302,
      0.505633,
      -0.494302,
      -0.506279,
      0.49364,
      -0.506279,
      0.49364,
      0.506863,
      -0.493041,
      0.506863,
      -0.49304,
      0.507378,
      -0.492511,
      0.507378,
      -0.49251,
      -0.507816,
      0.492059,
      -0.507816,
      0.492059,
      -0.508169,
      0.491694,
      -0.508169,
      0.491694,
      -0.50843,
      0.491425,
      -0.508429,
      0.491425,
      0.507757,
      -0.49212,
      0.507757,
      -0.492119,
      -0.507144,
      0.492752,
      -0.507143,
      0.492752,
      -0.506422,
      0.493494,
      -0.506422,
      0.493493,
      -0.505623,
      0.494313,
      -0.505622,
      0.494312,
      -0.504776,
      0.495178,
      -0.504775,
      0.495177,
      -0.503912,
      0.496057,
      -0.503912,
      0.496056,
      -0.503062,
      0.496919,
      -0.503062,
      0.496918,
      -0.502257,
      0.497732,
      -0.502257,
      0.497732,
      0.501528,
      -0.498467,
      0.501528,
      -0.498466,
      -0.500906,
      0.499091,
      -0.500906,
      0.499091,
      0.500423,
      -0.499575,
      0.500423,
      -0.499575,
      -0.500111,
      0.499888,
      -0.500111,
      0.499888,
      -0.498274,
      -0.49828,
      0.501716,
      0.501717
    ],
    "scales": [],
    "length": 2,
    "tracks": {
      "Bone001": {
        "pos": [
          0,
          0,
          1,
          1,
          2,
          2,
          3,
          3,
          4,
          4,
          5,
          5,
          6,
          6,
          7,
          7,
          8,
          8,
          9,
          9,
          10,
          10,
          11,
          11,
          12,
          12,
          13,
          13,
          14,
          14,
          15,
          15,
          16,
          16,
          17,
          29,
          18,
          17,
          19,
          18,
          20,
          19,
          21,
          20,
          22,
          21,
          23,
          22,
          24,
          23,
          25,
          24,
          26,
          25,
          27,
          26,
          28,
          27,
          29,
          28,
          30,
          30,
          31,
          28,
          32,
          27,
          33,
          26,
          34,
          25,
          35,
          24,
          36,
          23,
          37,
          22,
          38,
          21,
          39,
          20,
          40,
          19,
          41,
          18,
          42,
          17,
          43,
          31,
          44,
          16,
          45,
          15,
          46,
          14,
          47,
          13,
          48,
          12,
          49,
          11,
          50,
          10,
          51,
          9,
          52,
          8,
          53,
          7,
          54,
          6,
          55,
          5,
          56,
          4,
          57,
          3,
          58,
          2,
          59,
          1,
          60,
          0
        ],