{
  "is_global": true,
  "animation": {
    "fields": [
      "time",
      "attr"
    ],
    "times": [
      0,
      0.033333,
      0.066666,
      0.1,
      0.133333,
      0.166666,
      0.2,
      0.233333,
      0.266666,
      0.3,
      0.333333,
      0.366666,
      0.4,
      0.433333,
      0.466666,
      0.5,
      0.533333
    ],
    "poses": [
      -6.20428e-7,
      0.030252,
      -12.0059,
      -6.35831e-7,
      -0.098957,
      -12.3224,
      -6.80327e-7,
      -0.472217,
      -12.7808,
      -7.30113e-7,
      -0.889847,
      -12.9557,
      -7.3995e-7,
      -0.972367,
      -12.7361,
      -7.47509e-7,
      -1.03578,
      -12.3925,
      -7.43484e-7,
      -1.00202,
      -11.9324,
      -7.29899e-7,
      -0.888057,
      -11.4435,
      -7.12628e-7,
      -0.743177,
      -11.1749,
      -6.94869e-7,
      -0.594197,
      -11.0455,
      -6.77035e-7,
      -0.444597,
      -10.9449,
      -6.59188e-7,
      -0.294887,
      -10.9278,
      -6.34799e-7,
      -0.090297,
      -10.9799,
      -6.2093e-7,
      0.026042,
      -11.0905,
      -6.18386e-7,
      0.047382,
      -11.4562,
      -6.1716e-7,
      0.057672,
      -11.7302,
      0.000069,
      4.99676,
      0.000003
    ],
    "quats": [
      -0.499597,
      0.500401,
      -0.499597,
      0.500401,
      -0.49915,
      0.500848,
      -0.499149,
      0.500848,
      -0.498666,
      0.50133,
      -0.498666,
      0.501329,
      -0.498653,
      0.501343,
      -0.498653,
      0.501343,
      -0.500027,
      0.499972,
      -0.500026,
      0.499973,
      -0.502981,
      0.497,
      -0.502981,
      0.497,
      0.502712,
      -0.497273,
      0.502712,
      -0.497272,
      0.507039,
      -0.49286,
      0.507039,
      -0.492859,
      0.506402,
      -0.493514,
      0.506402,
      -0.493513,
      -0.508868,
      0.490972,
      -0.508867,
      0.490972,
      -0.509582,
      0.490229,
      -0.509582,
      0.49023,
      -0.508004,
      0.491865,
      -0.508003,
      0.491865,
      -0.50832,
      0.491538,
      -0.50832,
      0.491538,
      -0.507134,
      0.492762,
      -0.507133,
      0.492762,
      0.50103,
      -0.498967,
      0.50103,
      -0.498967,
      -0.498274,
      -0.49828,
      0.501716,
      0.501717
    ],
    "scales": [],
    "length": 0.533333,
    "tracks": {
      "Bone001": {
        "pos": [
          0,
          0,
          1,
          1,
          2,
          2,
          3,
          3,
          4,
          4,
          5,
          5,
          6,
          6,
          7,
          7,
          8,
          8,
          9,
          9,
          10,
          10,
          11,
          11,
          12,
          12,
          13,
          13,
          14,
          14,
          15,
          15,
          16,
          0
        ],
        "quat": [
          0,
          0,
          1,
          1,
          2,
          2,
          3,
          3,
          4,
          4,
          5,
          5,
          7,
          6,
          8,
          7,
          9,
          8,
          10,
          9,
          11,
          10,
          12,
          11,
          13,
          12,
          14,
          13,
          15,
          14,
          16,
          0
        ]
      },
      "bind": {
        "pos": [
          0,
          16
        ],
        "quat": [
          0,
          15
        ]
      }
    }
  },
  "version": "0.1.0"
}
