{
  "is_global": true,
  "animation": {
    "fields": [
      "time",
      "attr"
    ],
    "times": [
      0,
      0.033333,
      0.066666,
      0.1,
      0.133333,
      0.166666,
      0.2,
      0.233333,
      0.266666,
      0.3,
      0.333333,
      0.366666,
      0.4,
      0.433333,
      0.466666,
      0.5,
      0.533333,
      0.566666,
      0.6,
      0.633333,
      0.666666,
      0.7,
      0.733333,
      0.766666,
      0.8,
      0.833333,
      0.866666,
      0.9,
      0.933333,
      0.966666,
      1
    ],
    "poses": [
      0,
      0.150949,
      -11.9112,
      0,
      0.655999,
      -11.3802,
      1.29224e-7,
      1.23496,
      -10.7714,
      1.98242e-7,
      1.81393,
      -10.1627,
      2.58449e-7,
      2.31898,
      -9.6317,
      0.000001,
      2.67621,
      -9.2561,
      -6.82811e-7,
      2.81172,
      -9.1136,
      -0.000527,
      2.81149,
      -9.2911,
      -0.001981,
      2.80994,
      -9.7819,
      -0.004177,
      2.80573,
      -10.5234,
      -0.006929,
      2.79752,
      -11.4528,
      -0.010053,
      2.78398,
      -12.5075,
      -0.013362,
      2.76379,
      -13.6249,
      -0.016672,
      2.73562,
      -14.7423,
      -0.019795,
      2.69813,
      -15.797,
      -0.022548,
      2.64998,
      -16.7265,
      -0.024743,
      2.58986,
      -17.4679,
      -0.026197,
      2.51643,
      -17.9587,
      -0.026723,
      2.42835,
      -18.1363,
      -0.026719,
      2.20734,
      -17.8605,
      -0.026693,
      1.8005,
      -17.1493,
      -0.026623,
      1.3046,
      -16.1773,
      -0.026487,
      0.816409,
      -15.1189,
      -0.026264,
      0.432679,
      -14.1484,
      -0.025929,
      0.250188,
      -13.4403,
      -0.023734,
      0.208378,
      -12.9667,
      -0.018855,
      0.180348,
      -12.5827,
      -0.012668,
      0.163349,
      -12.2867,
      -0.006545,
      0.154629,
      -12.0771,
      -0.001865,
      0.151409,
      -11.9524,
      0.000069,
      4.99676,
      0.000003
    ],
    "quats": [
      0.5,
      -0.5,
      0.5,
      -0.499999,
      0.502337,
      -0.497651,
      0.502338,
      -0.49765,
      0.504776,
      -0.495177,
      0.504777,
      -0.495176,
      0.507203,
      -0.492691,
      0.507203,
      -0.49269,
      0.509507,
      -0.490308,
      0.509507,
      -0.490308,
      0.511578,
      -0.488147,
      0.511578,
      -0.488146,
      -0.51331,
      0.486325,
      -0.51331,
      0.486325,
      0.514546,
      -0.484769,
      0.514787,
      -0.48501,
      0.51527,
      -0.483369,
      0.516117,
      -0.484223,
      0.515587,
      -0.482202,
      0.517228,
      -0.483864,
      0.5156,
      -0.481342,
      0.51805,
      -0.483828,
      0.515408,
      -0.480862,
      0.518513,
      -0.484013,
      0.514244,
      -0.481529,
      0.517908,
      -0.485234,
      0.511576,
      -0.483745,
      0.515854,
      -0.48803,
      0.507859,
      -0.487037,
      0.512763,
      -0.49188,
      0.503555,
      -0.490935,
      0.509047,
      -0.49627,
      -0.49914,
      0.494977,
      -0.50513,
      0.500699,
      -0.495104,
      0.498715,
      -0.501448,
      0.504682,
      -0.491956,
      0.501712,
      -0.498451,
      0.507748,
      -0.489493,
      0.504275,
      -0.495854,
      0.510128,
      -0.48725,
      0.506859,
      -0.493201,
      0.512282,
      -0.485351,
      0.509264,
      -0.490701,
      0.514097,
      -0.48392,
      0.511291,
      -0.48857,
      0.515461,
      -0.483082,
      0.512748,
      -0.487021,
      0.516265,
      -0.48296,
      0.513441,
      -0.486274,
      0.516394,
      -0.484433,
      0.51263,
      -0.487112,
      0.515028,
      -0.487675,
      0.510214,
      -0.489624,
      0.511978,
      -0.491753,
      0.506956,
      -0.492978,
      0.50808,
      -0.495755,
      0.503633,
      -0.496356,
      0.504192,
      -0.498794,
      0.501043,
      -0.498959,
      0.501197,
      -0.498274,
      -0.49828,
      0.501716,
      0.501717
    ],
    "scales": [],
    "length": 1,
    "tracks": {
      "Bone001": {
        "pos": [
          0,
          0,
          1,
          1,
          2,
          2,
          3,
          3,
          4,
          4,
          5,
          5,
          6,
          6,
          7,
          7,
          8,
          8,
          9,
          9,
          10,
          10,
          11,
          11,
          12,
          12,
          13,
          13,
          14,
          14,
          15,
          15,
          16,
          16,
          17,
          17,
          18,
          18,
          19,
          19,
          20,
          20,
          21,
          21,
          22,
          22,
          23,
          23,
          24,
          24,
          25,
          25,
          26,
          26,
          27,
          27,
          28,
          28,
          29,
          29,
          30,
          0
        ],
        "quat": [
          0,
          0,
          1,
          1,
          2,
          2,
          3,
          3,
          4,
          4,
          5,
          5,
          6,
          6,
          7,
          7,
          8,
          8,
          9,
          9,
          10,
          10,
          11,
          11,
          12,
          12,
          13,
          13,
          14,
          14,
          15,
          15,
          16,
          16,
          17,
          17,
          18,
          18,
          19,
          19,
          20,
          20,
          21,
          21,
          22,
          22,
          23,
          23,
          24,
          24,
          25,
          25,
          26,
          26,
          27,
          27,
          28,
          28,
          29,
          29,
          30,
          0
        ]
      },
      "bind": {
        "pos": [
          0,
          30
        ],
        "quat": [
          0,
          30
        ]
      }
    }
  },
  "version": "0.1.0"
}
