{"skeleton":[{"name":"root","parent":"root","initpos":[0.0,0.0,-0.0],"initquaternion":[0.707106,0.0,0.0,0.707106],"initscale":[1.0,0.999999,0.999999],"offmtx":[[1.0,0.0,0.0,0.0],[0.0,1.0,0.0,0.0],[0.0,0.0,1.0,0.0]],"boundingbox":[[0.0,0.0,0.0],[0.0,0.0,0.0]]},{"name":"Bone001","parent":"root","initpos":[-1.4901161193847656e-07,4.624316,-5.22145],"initquaternion":[0.5,-0.5,-0.499999,0.5],"initscale":[0.999999,1.0,0.999999],"offmtx":[[4.108642031042109e-07,0.0,-0.999999,4.624316],[-0.0,-0.999999,-0.0,5.221449],[-1.0,0.0,-4.1086417468250147e-07,1e-06]],"boundingbox":[[0.105014,-5.583446,-3.959598],[9.560933,4.981351,4.040404]]},{"name":"Bone002","parent":"Bone001","initpos":[4.624316,-0.935976,-2.550081],"initquaternion":[0.707106,1.376787679419067e-07,-0.707106,1.3767878215276141e-07],"initscale":[1.0,0.999999,0.999999],"offmtx":[[1.0,-2.974703363634035e-07,1.7948322295069374e-07,-2.550081],[2.974704500502412e-07,0.999999,-2.7020496418117546e-07,-6.157427],[-1.7948313768556545e-07,2.702050210245943e-07,0.999999,-2e-06]],"boundingbox":[[0.940776,-1.428129,-2.483701],[2.440524,1.571871,1.511199]]},{"name":"Bone007","parent":"Bone001","initpos":[4.624317,-0.935976,2.549999],"initquaternion":[0.707106,1.376787679419067e-07,0.707106,-1.3767878215276141e-07],"initscale":[1.0,0.999999,0.999999],"offmtx":[[-1.0,1.2888295941593242e-07,-3.480706141090195e-07,-2.549998],[1.2888307310277014e-07,0.999999,-2.7020496418117546e-07,-6.157426],[3.480705856873101e-07,-2.702050210245943e-07,-0.999999,1e-06]],"boundingbox":[[1.032172,-1.42813,-1.511203],[2.531921,1.571871,2.483698]]}],"boundingbox":[[-5.081917,0.240099,-4.936615],[4.990606,10.804897,4.5193]]}