{
  "skeleton": [
    {
      "name": "root",
      "parent": "root",
      "initpos": [
        0,
        0,
        0
      ],
      "initquaternion": [
        0.706862,
        -0.01858,
        0.01858,
        0.706862
      ],
      "initscale": [
        0.999999,
        0.999999,
        0.999999
      ],
      "offmtx": [
        [
          1,
          0,
          0,
          0
        ],
        [
          0,
          1,
          0,
          0
        ],
        [
          0,
          0,
          1,
          0
        ]
      ],
      "boundingbox": [
        [
          0,
          0,
          0
        ],
        [
          0,
          0,
          0
        ]
      ]
    },
    {
      "name": "Bone001",
      "parent": "root",
      "initpos": [
        0.204511,
        3.887552,
        -5.793873
      ],
      "initquaternion": [
        -0.486689,
        0.512965,
        0.512965,
        -0.486689
      ],
      "initscale": [
        0.999999,
        1,
        0.999999
      ],
      "offmtx": [
        [
          2.3096799850463867e-7,
          0,
          -0.999999,
          3.892928
        ],
        [
          -1.6292068494294654e-7,
          -0.999999,
          0,
          5.793873
        ],
        [
          -1,
          1.6292067073209182e-7,
          -2.3096798429378396e-7,
          -1.7891045445139753e-7
        ]
      ],
      "boundingbox": [
        [
          -0.626372,
          -5.011024,
          -3.959599
        ],
        [
          8.829544,
          5.553774,
          4.040401
        ]
      ]
    },
    {
      "name": "Bone002",
      "parent": "Bone001",
      "initpos": [
        4.236451,
        -0.339222,
        -2.32637
      ],
      "initquaternion": [
        0.707106,
        2.2197247062649694e-7,
        -0.707106,
        2.2197249904820637e-7
      ],
      "initscale": [
        1,
        0.999999,
        0.999999
      ],
      "offmtx": [
        [
          1,
          -1.6292067073209182e-7,
          0,
          -2.32637
        ],
        [
          1.629206565212371e-7,
          0.999999,
          -3.894142537319567e-7,
          -6.133096
        ],
        [
          0,
          3.894142537319567e-7,
          0.999999,
          0.34352
        ]
      ],
      "boundingbox": [
        [
          1.164488,
          -1.403797,
          -2.140176
        ],
        [
          2.664235,
          1.596204,
          1.854724
        ]
      ]
    },
    {
      "name": "Bone007",
      "parent": "Bone001",
      "initpos": [
        4.236452,
        -0.339222,
        2.415294
      ],
      "initquaternion": [
        0.707106,
        1.376787679419067e-7,
        0.707106,
        -1.3767878215276141e-7
      ],
      "initscale": [
        1,
        0.999999,
        0.999999
      ],
      "offmtx": [
        [
          -1,
          1.6292068494294654e-7,
          -5.448844717648171e-7,
          -2.415295
        ],
        [
          1.6292089810576726e-7,
          0.999999,
          -3.8941431057537557e-7,
          -6.133097
        ],
        [
          5.448844149213983e-7,
          -3.894144242622133e-7,
          -0.999999,
          -0.34352
        ]
      ],
      "boundingbox": [
        [
          1.166876,
          -1.4038,
          -1.854727
        ],
        [
          2.666625,
          1.596202,
          2.140174
        ]
      ]
    }
  ],
  "boundingbox": [
    [
      -5.081917,
      0.240099,
      -4.936616
    ],
    [
      4.990606,
      10.804897,
      4.519299
    ]
  ]
}
