{"animation":{"fields":["time","attr"],"times":[0.0,0.033333,0.333333,0.366666,0.666666,0.7,1.0,1.33333,1.36667,1.66667,1.7,2.0,2.03333,2.33333,2.36667,2.66667,2.7,3.0,3.33333,3.5,3.53333,3.66667,4.0,4.03333,4.33333,4.5,4.53333,4.66667,5.0,5.03333,5.33333,5.36667,5.66667,5.7,6.0,6.33333,6.36667,6.66667,6.7,7.0,7.03333,7.33333,7.36667,7.66667,7.7,8.0,8.33333,8.5,8.53333,8.66667,9.0,9.03333,9.33333,9.5,9.53333,9.66667,10.0],"poses":[-7.36389,29.8167,20.7604,-0.881833,42.3644,28.6989,-19.0248,-18.6783,-14.2759,-9.75907,0.929386,2.17465,14.6797,59.0024,39.4761,10.0054,-18.3919,-10.2548,20.1828,2.48788,-0.554443,10.1998,-12.6312,-8.69234,-11.7696,-19.9541,-13.9985,24.4484,13.3851,10.1873,25.0737,60.1535,34.9924,20.2295,53.1426,33.3505,-3.48306,-4.93361,3.73745,-9.30175,19.0096,20.1181,-3.72155,44.6172,32.6631,10.0819,61.8206,39.6932,17.7732,64.9965,40.4517,16.8243,-20.1397,-13.8839,1.1652,41.6712,29.213,10.7618,50.8497,32.4885,24.9143,59.5595,35.6675,16.0894,-16.9513,-24.8074,2.27595,-11.9294,-20.3837,-6.27965,-0.805416,-8.58434,-9.22863,12.4148,3.79826,26.6355,28.9476,17.2191,15.9358,49.4978,37.2033,-12.8353,-26.1322,-23.509,-1.55699,-20.8778,-17.4424,11.8597,-6.39842,-7.79885,9.34926,52.9215,35.2973,22.9807,59.8174,38.4674,14.6651,-16.3372,-25.3459,5.77721,-11.0285,-15.9048,-4.5799,10.9269,4.01846,-6.23399,25.4954,16.7203,19.0493,1.93168,1.23126,22.761,30.2182,17.2688,14.6235,60.8261,37.5167,-15.3214,-27.2574,-12.0723,-8.31541,-24.7042,-16.5158,1.15807,-19.8426,-13.5409,12.0789,-7.27141,-2.27124,24.923,10.7334,9.53569,17.2356,57.4746,33.6984,25.8565,30.8276,19.8919,16.5543,60.4103,36.0,-14.6411,-21.4592,-14.7514,-6.86253,-18.091,-11.9665,14.517,-2.13202,0.374954,-10.9309,14.4444,14.8789,2.26167,38.3943,28.0718,19.0411,50.7524,33.641,25.2685,52.2365,33.0275,17.9809,-20.9348,-8.73025,-1.49688,-12.2298,-2.53635,24.2335,61.3345,36.6654,17.59,-18.3014,-17.7242,6.89846,-14.4052,-15.4218,-3.43488,4.76188,1.96326,-8.40284,28.9519,20.8209,-1.03896,45.7716,32.3843,10.8144,-17.608,-23.8892,-3.21214,-11.3191,-14.3336,-9.00366,0.931781,-3.10644,-10.5675,16.4094,11.6391,0.8419,39.6137,29.7405,16.6731,54.9088,34.5098,15.4229,63.9276,39.5656,-2.19091,-18.7594,-10.0406,15.1197,-3.50102,0.743659,23.5949,15.9412,14.793,24.2133,33.9262,22.7534,10.4581,-18.5157,-10.5119,10.226,-256.364,10.9354,-14.7291,-23.8876,-15.5794,-14.6077,-23.8876,-15.693],"quats":[-0.002972,-0.707124,0.707075,-0.003224,0.002972,0.707124,-0.707075,0.003224,-0.00315,-0.707094,0.707105,-0.00315,-0.00315,-0.707093,0.707105,-0.00315,0.16092,0.201687,0.693466,0.672704],"scales":[],"length":10.0,"tracks":{"Bone002":{"pos":[0,5,6,12,11,13,17,14,22,15,25,16,26,17,28,5,29,5,34,12,39,13,45,14,50,15,53,16,54,17,56,73],"quat":[0,2,56,3]},"Bone012":{"pos":[0,0,4,18,7,19,11,20,12,21,15,22,18,23,22,24,28,0,29,0,32,18,35,19,39,20,40,21,43,22,46,23,50,24,56,0],"quat":[0,2,56,3]},"Bone013":{"pos":[0,74],"quat":[0,4]},"Bone015":{"pos":[0,6,6,25,11,26,12,27,18,28,24,29,28,6,34,25,39,26,40,27,46,28,52,29,56,6],"quat":[0,0,56,1]},"Bone017":{"pos":[0,1,4,30,7,31,8,32,13,33,18,34,22,35,28,1,29,1,32,30,35,31,36,32,41,33,46,34,50,35,56,1]},"Bone018":{"pos":[0,7,4,36,7,37,13,38,14,39,21,40,24,41,28,7,32,36,35,37,41,38,42,39,49,40,52,41,56,7],"quat":[0,0,56,1]},"Bone025":{"pos":[0,8,6,42,11,43,22,44,23,2,27,2,28,8,34,42,39,43,50,44,51,2,55,2,56,8]},"Bone027":{"pos":[0,9,4,45,9,46,10,47,16,48,22,49,28,9,32,45,37,46,38,47,44,48,50,49,56,9],"quat":[0,0,56,1]},"Bone029":{"pos":[0,3,4,50,11,51,17,52,19,53,20,54,24,55,28,3,29,3,32,50,39,51,45,52,47,53,48,54,52,55,56,3]},"Bone032":{"pos":[0,4,2,56,3,57,7,58,13,59,18,60,22,61,28,4,29,4,30,56,31,57,35,58,41,59,46,60,50,61,56,4]},"Bone034":{"pos":[0,10,1,62,6,63,9,64,13,65,18,66,24,67,28,10,29,62,34,63,37,64,41,65,46,66,52,67,56,10]},"Bone036":{"pos":[0,11,4,68,5,75,9,69,15,70,18,71,22,72,28,11,32,68,33,76,37,69,43,70,46,71,50,72,56,11],"quat":[0,0,56,1]}}},"is_global":true,"version":"0.1.0"}