{"animation":{"fields":["time","attr"],"times":[0.0,0.033333,0.066666,0.1,0.133333,0.166666,0.2,0.233333,0.266666,0.3,0.333333,0.366666,0.4,0.433333,0.466666,0.5,0.533333,0.566666,0.6,0.633333,0.666666,0.7,0.733333,0.766666,0.8,0.833333,0.866666,0.9,0.933333,0.966666,1.0,1.03333,1.06667,1.1,1.13333,1.16667,1.2,1.23333,1.26667,1.3,1.33333,1.36667,1.4,1.43333,1.46667,1.5,1.53333,1.56667,1.6,1.63333,1.66667,1.7,1.73333,1.76667,1.8,1.83333,1.86667,1.9,1.93333,1.96667,2.0],"poses":[0.0,-0.0,1.36201,3.6247,0.034826,-0.042443,3.62469,0.034826,-0.042443,3.60384,0.006889,0.041641,3.60383,0.006889,0.041641],"quats":[-0.499999,0.5,0.5,-0.5,0.4734,-0.4734,-0.525254,0.525253,0.445537,-0.445537,-0.549087,0.549086,0.416484,-0.416485,-0.571437,0.571436,0.386321,-0.386322,-0.592246,0.592245,0.355128,-0.355128,-0.61146,0.61146,0.322987,-0.322988,-0.62903,0.629029,0.289985,-0.289986,-0.644909,0.644909,0.256209,-0.25621,-0.659057,0.659056,0.221749,-0.221749,-0.671436,0.671436,0.186695,-0.186695,-0.682015,0.682015,0.151141,-0.151141,-0.690765,0.690764,0.115179,-0.11518,-0.697663,0.697662,0.078907,-0.078907,-0.70269,0.70269,0.042418,-0.042418,-0.705833,0.705833,0.00581,-0.00581,-0.707082,0.707082,-0.030819,0.030819,-0.706434,0.706434,-0.067375,0.067375,-0.703889,0.703889,-0.10376,0.10376,-0.699452,0.699452,-0.139877,0.139877,-0.693133,0.693133,-0.17563,0.17563,-0.684948,0.684947,-0.210924,0.210924,-0.674915,0.674915,-0.245665,0.245665,-0.66306,0.663059,-0.279759,0.279759,-0.649411,0.64941,-0.313114,0.313114,-0.634002,0.634002,-0.345641,0.345641,-0.616872,0.616872,-0.377252,0.377252,-0.598064,0.598063,-0.40786,0.40786,-0.577624,0.577624,-0.437382,0.437382,-0.555604,0.555604,-0.465736,0.465736,-0.532061,0.532061,-0.492844,0.492844,-0.507054,0.507054,0.518656,-0.518656,0.48062,-0.480619,0.543113,-0.543114,0.452799,-0.452799,0.566132,-0.566132,0.423667,-0.423666,0.587633,-0.587633,0.393303,-0.393302,0.60754,-0.60754,0.361793,-0.361793,0.625785,-0.625785,0.329229,-0.329229,0.642306,-0.642306,0.295706,-0.295706,0.657046,-0.657046,0.261323,-0.261323,0.669954,-0.669955,0.226186,-0.226186,0.68099,-0.68099,0.190399,-0.190399,0.690117,-0.690117,0.154072,-0.154072,0.697306,-0.697306,0.117319,-0.117318,0.702511,-0.702511,0.080483,-0.080483,0.705799,-0.705799,0.042982,-0.042982,0.707084,-0.707084,0.005629,-0.005629,0.706394,-0.706394,-0.031724,0.031724,0.703732,-0.703732,-0.068999,0.068999,0.699102,-0.699103,-0.106089,0.106089,0.692518,-0.692518,-0.14289,0.14289,0.683997,-0.683997,-0.179298,0.179298,0.67356,-0.673561,-0.21521,0.21521,0.661239,-0.661239,-0.250524,0.250524,0.647066,-0.647066,-0.28514,0.28514,0.631081,-0.631082,-0.31896,0.31896,0.61333,-0.61333,-0.351888,0.351888,0.593862,-0.593862,-0.383832,0.383831,0.572733,-0.572733,-0.4147,0.4147,0.550002,-0.550003,-0.444406,0.444405,0.525735,-0.525735,-0.472866,0.472866,0.499999,-0.499999,-0.5,0.5,-0.5,-0.5,0.5,0.499999,-0.525351,-0.525351,0.473292,0.473292,-0.549273,-0.549273,0.445306,0.445306,-0.571704,-0.571703,0.416118,0.416118,-0.592581,-0.592581,0.385807,0.385806,-0.611851,-0.611851,0.354454,0.354454,-0.629462,-0.629462,0.322145,0.322145,-0.645367,-0.645367,0.288966,0.288965,-0.659523,-0.659523,0.255006,0.255006,-0.671894,-0.671894,0.220358,0.220357,-0.682446,-0.682446,0.185114,0.185114,-0.69115,-0.69115,0.149368,0.149368,-0.697983,-0.697984,0.113218,0.113217,-0.702928,-0.702928,0.076759,0.076759,-0.705969,-0.705969,0.040091,0.040091,-0.707098,-0.707099,0.003311,0.003311,-0.706313,-0.706313,-0.033481,-0.033481,-0.703614,-0.703614,-0.070187,-0.070187,-0.699008,-0.699008,-0.106709,-0.106709,-0.692506,-0.692507,-0.142948,-0.142948,-0.684126,-0.684126,-0.178804,-0.178804,-0.673887,-0.673887,-0.214184,-0.214184,-0.661818,-0.661818,-0.24899,-0.24899,-0.647948,-0.647949,-0.283129,-0.283129,-0.632315,-0.632315,-0.316507,-0.316507,-0.614958,-0.614959,-0.349035,-0.349035,-0.595924,-0.595924,-0.380623,-0.380623,-0.575261,-0.575261,-0.411186,-0.411185,-0.553025,-0.553025,-0.440639,-0.440639,-0.529273,-0.529273,-0.468902,-0.468902,-0.504068,-0.504069,-0.495897,-0.495897,0.477464,0.477464,0.521562,0.521562,0.449517,0.449517,0.545833,0.545833,0.420303,0.420303,0.568634,0.568634,0.389901,0.389901,0.589896,0.589895,0.358396,0.358396,0.609551,0.60955,0.325875,0.325876,0.627538,0.627538,0.292432,0.292432,0.643804,0.643803,0.25816,0.25816,0.658295,0.658295,0.223159,0.223159,0.670969,0.670969,0.187529,0.187529,0.681786,0.681786,0.151373,0.151373,0.690714,0.690714,0.114794,0.114794,0.697726,0.697726,0.078132,0.078132,0.702776,0.702776,0.0408,0.0408,0.705928,0.705928,0.003598,0.003598,0.707097,0.707097,-0.033611,-0.033611,0.706307,0.706307,-0.070739,-0.070739,0.703559,0.703559,-0.107682,-0.107682,0.698859,0.698859,-0.144334,-0.144334,0.692219,0.692219,-0.180592,-0.180592,0.683656,0.683656,-0.216356,-0.216356,0.673193,0.673193,-0.251524,-0.251524,0.660859,0.660859,-0.285995,-0.285996,0.646688,0.646688,-0.319676,-0.319676,0.630719,0.630719,-0.352468,-0.352468,0.612997,0.612997,-0.384282,-0.384282,0.593571,0.593571,-0.415026,-0.415026,0.572497,0.572497,-0.444615,-0.444615,0.549833,0.549833,-0.472966,-0.472966,0.525645,0.525644,-0.5,-0.5,0.499999,0.499999],"scales":[],"length":2.0,"tracks":{"Bone001":{"pos":[0,0]},"Bone002":{"pos":[0,1,60,2],"quat":[0,0,1,1,2,2,3,3,4,4,5,5,6,6,7,7,8,8,9,9,10,10,11,11,12,12,13,13,14,14,15,15,16,16,17,17,18,18,19,19,20,20,21,21,22,22,23,23,24,24,25,25,26,26,27,27,28,28,29,29,30,30,31,31,32,32,33,33,34,34,35,35,36,36,37,37,38,38,39,39,40,40,41,41,42,42,43,43,44,44,45,45,46,46,47,47,48,48,49,49,50,50,51,51,52,52,53,53,54,54,55,55,56,56,57,57,58,58,59,59,60,60]},"Bone003":{"pos":[0,3,60,4],"quat":[0,61,1,62,2,63,3,64,4,65,5,66,6,67,7,68,8,69,9,70,10,71,11,72,12,73,13,74,14,75,15,76,16,77,17,78,18,79,19,80,20,81,21,82,22,83,23,84,24,85,25,86,26,87,27,88,28,89,29,90,30,91,31,92,32,93,33,94,34,95,35,96,36,97,37,98,38,99,39,100,40,101,41,102,42,103,43,104,44,105,45,106,46,107,47,108,48,109,49,110,50,111,51,112,52,113,53,114,54,115,55,116,56,117,57,118,58,119,59,120,60,121]}}},"is_global":true,"version":"0.1.0"}