{"animation":{"fields":["time","attr"],"times":[0.0,0.033333,0.066666,0.1,0.133333,0.166666,0.2,0.233333,0.266666,0.3,0.333333,0.366666,0.4,0.433333,0.466666,0.5,0.533333,0.566666,0.6,0.633333,0.666666,0.7,0.733333,0.766666,0.8,0.833333,0.866666,0.9,0.933333,0.966666,1.0,1.03333,1.06667],"poses":[2.75446,11.1824,10.316,2.02726,11.2976,10.3282,2.75446,11.1824,-10.3156,2.02726,11.2976,-10.3278,6.21251,4.78083,9.53674e-07,-1e-06,-2.56943,-7.76307,7.47259,5.91661,8.036,7.47259,5.91661,-8.03646,7.51263,-4.67366,12.9965,7.51263,-4.67365,-12.9962,7.79056,-17.4383,-3e-06,-1e-06,-2.33239,-7.67085,-1e-06,-2.09534,-7.43028,-1e-06,-1.85829,-7.09549,-1e-06,-1.62124,-6.72059,-1e-06,-1.3842,-6.3597,-1e-06,-1.22744,-5.87772,-1e-06,-1.07068,-5.33445,-1e-06,-0.913919,-5.07636,-1e-06,-0.913919,-7.8585,-1e-06,-0.913919,-13.2888,-1e-06,-0.913919,-16.9931,-1e-06,-1.08565,-18.1614,-1e-06,-1.25737,-18.9267,-1e-06,-1.4291,-19.3128,-1e-06,-1.60083,-19.3263,-1e-06,-1.77256,-18.9602,-1e-06,-1.94429,-18.1943,-1e-06,-2.11601,-16.9931,-1e-06,-2.11601,-14.5238,-1e-06,-2.11601,-10.33,-1e-06,-2.11601,-6.051,-1e-06,-2.11601,-4.22654,-1e-06,-2.11601,-4.29593,-1e-06,-2.11601,-4.48314,-1e-06,-2.11601,-4.75679,-1e-06,-2.11601,-5.08547,-1e-06,-2.11601,-5.43778,-1e-06,-2.2067,-5.90594,-1e-06,-2.29738,-6.51091,-1e-06,-2.38807,-7.11432,-1e-06,-2.47875,-7.57782,2.70375,11.1395,10.3115,2.65304,11.0966,10.3069,2.60232,11.0537,10.3024,2.55161,11.0108,10.2979,2.5009,10.9679,10.2933,2.45019,10.925,10.2888,2.39948,10.8821,10.2843,2.34877,10.8392,10.2797,2.2416,10.992,10.2959,2.13443,11.1448,10.312,2.11816,11.2832,10.3267,2.20906,11.2688,10.3251,2.29996,11.2544,10.3236,2.39086,11.24,10.3221,2.48176,11.2256,10.3206,2.57266,11.2112,10.319,2.66356,11.1968,10.3175,2.70375,11.1395,-10.3111,2.65304,11.0966,-10.3066,2.60232,11.0537,-10.302,2.55161,11.0108,-10.2975,2.5009,10.9679,-10.293,2.45019,10.925,-10.2884,2.39948,10.8821,-10.2839,2.34877,10.8392,-10.2794,2.2416,10.992,-10.2955,2.13443,11.1448,-10.3117,2.11816,11.2832,-10.3263,2.20906,11.2688,-10.3248,2.29996,11.2544,-10.3233,2.39086,11.24,-10.3217,2.48176,11.2256,-10.3202,2.57266,11.2112,-10.3187,2.66356,11.1968,-10.3172,7.57629,-4.70884,13.0451,7.74413,-4.80501,13.0937,7.98142,-4.94809,13.1422,8.25344,-5.12401,13.1908,8.52545,-5.3187,13.2394,8.76274,-5.51808,13.288,8.93058,-5.70808,13.3366,8.99424,-5.87462,13.3852,8.44636,-5.1691,13.1948,7.41472,-4.46359,13.0044,6.81737,-4.1101,12.8141,6.75326,-4.05813,12.8076,6.70733,-4.0209,12.8011,6.67654,-3.99594,12.7946,6.65786,-3.9808,12.7881,6.64827,-3.97303,12.7816,6.64474,-3.97016,12.7752,6.64424,-3.96975,12.7687,6.69034,-4.00713,12.8079,6.8139,-4.10728,12.847,6.99279,-4.25229,12.8862,7.20488,-4.4242,12.9254,7.42803,-4.60508,12.9646,7.64012,-4.777,13.0038,7.81901,-4.922,13.043,7.94257,-5.02216,13.0822,7.98868,-5.05953,13.1214,7.93917,-5.0194,13.0964,7.82111,-4.9237,13.0714,7.6802,-4.80948,13.0464,7.56214,-4.71379,13.0215,7.5763,-4.70884,-13.0129,7.74413,-4.80501,-13.0569,7.98142,-4.94809,-13.1191,8.25344,-5.12401,-13.1905,8.52545,-5.3187,-13.2619,8.76274,-5.51807,-13.3241,8.93058,-5.70807,-13.3681,8.99424,-5.87461,-13.3848,8.44636,-5.1691,-13.2411,7.41472,-4.46358,-12.9705,6.81737,-4.11009,-12.8138,6.75326,-4.05813,-12.797,6.70733,-4.02089,-12.7849,6.67654,-3.99593,-12.7768,6.65786,-3.98079,-12.7719,6.64827,-3.97302,-12.7694,6.64474,-3.97016,-12.7685,6.64424,-3.96975,-12.7684,6.69034,-4.00712,-12.7804,6.8139,-4.10728,-12.8129,6.99279,-4.25228,-12.8598,7.20488,-4.4242,-12.9154,7.42803,-4.60508,-12.974,7.64012,-4.77699,-13.0296,7.81901,-4.92199,-13.0765,7.94257,-5.02215,-13.109,7.98868,-5.05952,-13.121,7.93917,-5.01939,-13.1081,7.82111,-4.9237,-13.0771,7.6802,-4.80948,-13.0401,7.56214,-4.71378,-13.0091],"quats":[-0.612868,-0.337787,0.285724,0.654716,-0.654716,-0.285724,0.337786,0.612868,-0.707106,-1.6858723e-07,-5.0576216e-07,0.707106,-0.620681,-0.277107,0.249349,0.689775,-0.625498,-0.346672,0.275487,0.642399,-0.599986,-0.328615,0.295697,0.666776,-0.689775,-0.249349,0.277106,0.620681,-0.666776,-0.295698,0.328614,0.599986,-0.642399,-0.275487,0.346672,0.625498,-0.859406,1.9547608e-07,0.511293,6.2152446e-07,-0.300045,-0.631933,0.693728,0.171387,-0.171387,-0.693728,0.631933,0.300045,-0.0,-0.707106,0.0,0.707107,-0.0,0.716052,0.0,0.698046,-0.0,-0.007703,0.0,0.99997,-0.0,-0.387757,0.0,0.921761,-0.0,-0.922284,0.0,0.386511,-0.0,0.385447,0.0,0.922729,-0.0,-0.007705,0.0,0.99997,-0.0,0.707106,0.0,0.707107,-0.005888,0.707082,-0.005888,0.707082,-0.011776,0.707008,-0.011776,0.707008,-0.017662,0.706885,-0.017662,0.706886,-0.023548,0.706714,-0.023548,0.706714,-0.029433,0.706493,-0.029432,0.706494,-0.007427,0.707067,-0.007427,0.707068,0.014584,0.706956,0.014584,0.706956,0.036582,0.70616,0.036582,0.706159,0.039423,0.706007,0.039423,0.706006,0.042263,0.705842,0.042264,0.705842,0.045103,0.705667,0.045103,0.705666,0.034653,0.706257,0.034652,0.706256,0.024195,0.706692,0.024195,0.706692,0.013732,0.706973,0.013732,0.706973,0.003266,0.707099,0.003265,0.707099,-0.0072,0.707069,-0.0072,0.70707,-0.017665,0.706885,-0.017665,0.706886,-0.028127,0.706546,-0.028127,0.706547,-0.030733,0.706438,-0.030733,0.706438,-0.033338,0.70632,-0.033338,0.70632,-0.035943,0.706192,-0.035943,0.706192,-0.038547,0.706054,-0.038547,0.706055,-0.027907,0.706555,-0.027906,0.706556,-0.017259,0.706895,-0.017259,0.706896,-0.006609,0.707075,-0.006607,0.707076,0.004044,0.707095,0.004043,0.707095,0.014695,0.706954,0.014695,0.706954,0.011757,0.707009,0.011756,0.707009,0.008818,0.707051,0.008817,0.707051,0.005879,0.707082,0.005878,0.707082,0.002939,0.7071,0.002939,0.7071,-1.3767908e-07,0.707106,-1.3767908e-07,0.707106,-0.621607,-0.27455,0.247053,0.69079,-0.622521,-0.27199,0.244753,0.691796,-0.623426,-0.269427,0.242449,0.692796,-0.62432,-0.266861,0.240141,0.693787,-0.625203,-0.264292,0.237828,0.694771,-0.626076,-0.26172,0.235512,0.695747,-0.626939,-0.259144,0.233191,0.696715,-0.62779,-0.256566,0.230866,0.697676,-0.619458,-0.280879,0.252884,0.68806,-0.610187,-0.304907,0.274502,0.677754,-0.599986,-0.328614,0.295697,0.666776,-0.602122,-0.323767,0.291342,0.669135,-0.604219,-0.318905,0.286967,0.671466,-0.606278,-0.31403,0.282573,0.673768,-0.60664,-0.313164,0.281794,0.674171,-0.606761,-0.312875,0.281534,0.674305,-0.606881,-0.312586,0.281274,0.674439,-0.609804,-0.305544,0.274962,0.677625,-0.612646,-0.298475,0.268613,0.680752,-0.615406,-0.291378,0.262227,0.683819,-0.618085,-0.284255,0.255806,0.686827,-0.690789,-0.247053,0.27455,0.621607,-0.691796,-0.244754,0.27199,0.622522,-0.692795,-0.242449,0.269427,0.623426,-0.693787,-0.240141,0.266861,0.62432,-0.694771,-0.237829,0.264292,0.625204,-0.695747,-0.235512,0.261719,0.626077,-0.696715,-0.233191,0.259144,0.626939,-0.697676,-0.230866,0.256566,0.627791,-0.688059,-0.252884,0.280879,0.619459,-0.677754,-0.274502,0.304907,0.610187,-0.666776,-0.295698,0.328615,0.599986,-0.669135,-0.291342,0.323767,0.602122,-0.671466,-0.286967,0.318905,0.604219,-0.673768,-0.282574,0.314029,0.606278,-0.674171,-0.281794,0.313163,0.60664,-0.674305,-0.281534,0.312875,0.606761,-0.674439,-0.281274,0.312586,0.606881,-0.677625,-0.274962,0.305544,0.609805,-0.680752,-0.268613,0.298474,0.612646,-0.683819,-0.262228,0.291377,0.615407,-0.686827,-0.255806,0.284255,0.618085,-1.3577775e-07,-0.511293,-0.0,0.859406,-1.3645551e-07,-0.493695,-0.0,0.869635,-1.3847362e-07,-0.475892,-0.0,0.879503,-1.4118346e-07,-0.457891,-0.0,0.889007,-1.4121193e-07,-0.439701,-0.0,0.898143,-1.4359041e-07,-0.421329,-0.0,0.906907,-1.4475532e-07,-0.412289,-0.0,0.911052,-1.4387894e-07,-0.403208,-0.0,0.915108,-1.4972466e-07,-0.394087,-0.0,0.919072,-1.375508e-07,-0.502437,-0.0,0.864613,-1.2011894e-07,-0.603398,-0.0,0.797439,-1.15647e-07,-0.695487,-1.1193695e-07,0.718538,-1.1537533e-07,-0.675371,-1.0565914e-07,0.737477,-1.1761779e-07,-0.65474,-1.0188374e-07,0.755853,-1.2280701e-07,-0.63361,-1.0057712e-07,0.773652,-1.2471887e-07,-0.611995,-0.0,0.790861,-1.2770653e-07,-0.589914,-0.0,0.807465,-1.2999629e-07,-0.567382,-0.0,0.823454,-1.3207305e-07,-0.544417,-0.0,0.838814,-1.2814176e-07,-0.548253,-0.0,0.836311,