{
  "animation": {
    "fields": [
      "time",
      "attr"
    ],
    "times": [
      0,
      0.033333,
      0.066666,
      0.1,
      0.133333,
      0.166666,
      0.2,
      0.233333,
      0.266666,
      0.3,
      0.333333,
      0.366666,
      0.4,
      0.433333,
      0.466666,
      0.5,
      0.533333,
      0.566666,
      0.6,
      0.633333,
      0.666666,
      0.7,
      0.733333,
      0.766666,
      0.8,
      0.833333,
      0.866666,
      0.9,
      0.933333,
      0.966666,
      1
    ],
    "poses": [
      6.21251,
      4.78083,
      9.53674e-7,
      -0.000001,
      -2.56943,
      -7.76307,
      -0.000001,
      -2.56943,
      -7.73981,
      -0.000001,
      -2.56943,
      -7.67439,
      -0.000001,
      -2.56943,
      -7.57327,
      -0.000001,
      -2.56943,
      -7.44295,
      -0.000001,
      -2.56943,
      -7.28992,
      -0.000001,
      -2.56943,
      -7.12067,
      -0.000001,
      -2.56943,
      -6.94169,
      -0.000001,
      -2.56943,
      -6.75946,
      -0.000001,
      -2.56943,
      -6.58047,
      -0.000001,
      -2.56943,
      -6.41122,
      -0.000001,
      -2.56943,
      -6.2582,
      -0.000001,
      -2.56943,
      -6.12788,
      -0.000001,
      -2.56943,
      -6.02676,
      -0.000001,
      -2.56943,
      -5.96133,
      2.75446,
      11.1824,
      10.316,
      2.75446,
      11.1824,
      -10.3156,
      7.47259,
      5.91661,
      8.036,
      7.47259,
      5.91661,
      -8.03646,
      6.77322,
      -4.0743,
      12.8025,
      7.18186,
      -4.40554,
      12.9097,
      7.94076,
      -5.02069,
      13.1088,
      6.77322,
      -4.0743,
      -12.8022,
      7.18186,
      -4.40553,
      -12.9094,
      7.94076,
      -5.02068,
      -13.1085,
      7.79056,
      -17.4383,
      -0.000002,
      -0.000001,
      -2.56943,
      -5.93808,
      6.7836,
      -4.08272,
      12.8052,
      6.81338,
      -4.10686,
      12.8131,
      6.86053,
      -4.14507,
      12.8254,
      6.92299,
      -4.1957,
      12.8418,
      6.99872,
      -4.25709,
      12.8617,
      7.0857,
      -4.32759,
      12.8845,
      7.28516,
      -4.48928,
      12.9368,
      7.39358,
      -4.57715,
      12.9653,
      7.50506,
      -4.66751,
      12.9945,
      7.61756,
      -4.7587,
      13.024,
      7.72903,
      -4.84907,
      13.0533,
      7.83745,
      -4.93694,
      13.0817,
      8.03692,
      -5.09863,
      13.134,
      8.12389,
      -5.16913,
      13.1568,
      8.19962,
      -5.23051,
      13.1767,
      8.26209,
      -5.28115,
      13.1931,
      8.30923,
      -5.31936,
      13.2055,
      8.33901,
      -5.3435,
      13.2133,
      8.3494,
      -5.35192,
      13.216,
      8.29534,
      -5.3081,
      13.2018,
      8.15048,
      -5.19068,
      13.1638,
      7.69211,
      -4.81914,
      13.0436,
      7.4305,
      -4.60708,
      12.9749,
      6.97213,
      -4.23554,
      12.8547,
      6.82727,
      -4.11812,
      12.8167,
      6.7836,
      -4.08271,
      -12.8049,
      6.81338,
      -4.10686,
      -12.8127,
      6.86053,
      -4.14507,
      -12.8251,
      6.92299,
      -4.1957,
      -12.8415,
      6.99872,
      -4.25709,
      -12.8613,
      7.0857,
      -4.32759,
      -12.8842,
      7.28516,
      -4.48927,
      -12.9365,
      7.39358,
      -4.57715,
      -12.9649,
      7.50506,
      -4.66751,
      -12.9942,
      7.61756,
      -4.7587,
      -13.0237,
      7.72903,
      -4.84906,
      -13.0529,
      7.83745,
      -4.93694,
      -13.0814,
      8.03692,
      -5.09863,
      -13.1337,
      8.12389,
      -5.16912,
      -13.1565,
      8.19962,
      -5.23051,
      -13.1764,
      8.26209,
      -5.28114,
      -13.1928,
      8.30923,
      -5.31935,
      -13.2051,
      8.33901,
      -5.3435,
      -13.213,
      8.3494,
      -5.35191,
      -13.2157,
      8.29534,
      -5.3081,
      -13.2015,
      8.15048,
      -5.19068,
      -13.1635,
      7.69211,
      -4.81914,
      -13.0433,
      7.4305,
      -4.60708,
      -12.9746,
      6.97213,
      -4.23553,
      -12.8544,
      6.82727,
      -4.11811,
      -12.8164
    ],