{"animation":{"fields":["time","attr"],"times":[0.0,0.033333,0.066666,0.1,0.133333,0.166666,0.2,0.233333,0.266666,0.3,0.333333,0.366666,0.4,0.433333,0.466666,0.5,0.533333,0.566666,0.6,0.633333,0.666666,0.7,0.733333,0.766666,0.8,0.833333,0.866666,0.9,0.933333,0.966666,1.0],"poses":[3.31919,8.8105,-2.09255,4.21776,8.01093,-2.49939,5.10796,8.77768,-1.76589,5.4566,4.76837e-07,-5.02766,4.71232e-07,11.0152,-10.0694,4.71232e-07,11.0152,-9.95412,4.71232e-07,11.0152,-9.96394,4.71232e-07,11.0152,-9.98982,4.71232e-07,11.0152,-10.0264,4.71232e-07,11.0152,-10.0684,4.71232e-07,11.0152,-10.1103,4.71232e-07,11.0152,-10.1469,4.71232e-07,11.0152,-10.1728,4.71232e-07,11.0152,-10.1826,15.8274,1e-06,-0.188789,2.29344,-3.19725,4.80152,2.29344,3.197,4.80151,13.4144,-3.19724,4.22811,13.4144,3.197,4.96527,13.4144,3.197,4.88287,3.31919,8.8105,-2.10315,3.31919,8.8105,-2.11375,3.31919,8.8105,-2.12436,3.31919,8.8105,-2.13496,3.31919,8.8105,-2.14556,3.31919,8.8105,-2.15617,3.31919,8.8105,-2.16677,3.31919,8.8105,-2.17737,3.31919,8.8105,-2.16526,3.31919,8.8105,-2.15314,3.31919,8.8105,-2.14102,3.31919,8.8105,-2.1289,3.31919,8.8105,-2.11678,3.31919,8.8105,-2.10467,4.21776,8.01093,-2.48727,4.21776,8.01093,-2.47515,4.21776,8.01093,-2.46304,4.21776,8.01093,-2.47364,4.21776,8.01093,-2.48424,4.21776,8.01093,-2.49484,4.21776,8.01093,-2.50545,4.21776,8.01093,-2.51605,4.21776,8.01093,-2.52665,4.21776,8.01093,-2.53726,4.21776,8.01093,-2.54786,4.21776,8.01093,-2.53574,4.21776,8.01093,-2.52362,4.21776,8.01093,-2.51151,5.10796,8.77768,-1.75377,5.10796,8.77768,-1.74165,5.10796,8.77768,-1.72953,5.10796,8.77768,-1.71742,5.10796,8.77768,-1.7053,5.10796,8.77768,-1.7159,5.10796,8.77768,-1.7265,5.10796,8.77768,-1.73711,5.10796,8.77768,-1.74771,5.10796,8.77768,-1.75832,5.10796,8.77768,-1.76892,5.10796,8.77768,-1.77952,5.10796,8.77768,-1.79012,5.10796,8.77768,-1.77801,4.71232e-07,11.0152,-10.0066,4.71232e-07,11.0152,-9.9683,4.71232e-07,11.0152,-10.1699,4.71232e-07,11.0152,-10.1373,4.71232e-07,11.0152,-10.0927,4.71232e-07,11.0152,-10.0441,4.71232e-07,11.0152,-9.99942,4.71232e-07,11.0152,-9.96678,4.71232e-07,11.0152,-10.173,4.71232e-07,11.0152,-10.148,4.71232e-07,11.0152,-10.1123,2.29344,-3.19725,4.80337,2.29344,-3.19725,4.81633,2.29344,-3.19725,4.85151,2.29344,-3.19725,4.94911,2.29344,-3.19725,5.09884,2.29344,-3.19725,5.23608,2.29344,-3.19725,5.29619,2.29344,-3.19725,5.28218,2.29344,-3.19725,5.2455,2.29344,-3.19725,5.19413,2.29344,-3.19725,5.13606,2.29344,-3.19725,5.08043,2.29344,-3.19725,5.02063,2.29344,-3.19725,4.94107,2.29344,-3.19725,4.82614,2.29344,-3.19725,4.59515,2.29344,-3.19725,4.31053,2.29344,-3.19725,4.17141,2.29344,-3.19725,4.17268,2.29344,-3.19725,4.17722,2.29344,-3.19725,4.18613,2.29344,-3.19725,4.2005,2.29344,-3.19725,4.22144,2.29344,-3.19725,4.25004,2.29344,-3.19725,4.28739,2.29344,-3.19725,4.33461,2.29344,-3.19725,4.4371,2.29344,-3.19725,4.59432,2.29344,-3.19725,4.73841,2.29344,3.197,4.62548,2.29344,3.197,4.28389,2.29344,3.197,4.05649,2.29344,3.197,3.98866,2.29344,3.197,3.93769,2.29344,3.197,3.90116,2.29344,3.197,3.87668,2.29344,3.197,3.86183,2.29344,3.197,3.8542,2.29344,3.197,3.8514,2.29344,3.197,3.85099,2.29344,3.197,4.01092,2.29344,3.197,4.3649,2.29344,3.197,4.72425,2.29344,3.197,4.90029,2.29344,3.197,4.91063,2.29344,3.197,4.91143,2.29344,3.197,4.92177,2.29344,3.197,4.97781,2.29344,3.197,5.08036,2.29344,3.197,5.19557,2.29344,3.197,5.28953,2.29344,3.197,5.32838,2.29344,3.197,5.2992,2.29344,3.197,5.22393,2.29344,3.197,5.12102,2.29344,3.197,5.00888,2.29344,3.197,4.90597,2.29344,3.197,4.8307,13.4144,-3.19724,4.21556,13.4144,-3.19724,4.203,13.4144,-3.19724,4.19045,13.4144,-3.19724,4.1779,13.4144,-3.19724,4.16534,13.4144,-3.19724,4.15279,13.4144,-3.19724,4.14023,13.4144,-3.19724,4.30656,13.4144,-3.19724,4.47289,13.4144,-3.19724,4.63922,13.4144,-3.19724,4.80555,13.4144,-3.19724,4.81173,13.4144,-3.19724,4.81792,13.4144,-3.19724,4.8241,13.4144,-3.19724,4.83028,13.4144,-3.19724,4.92933,13.4144,-3.19724,5.02839,13.4144,-3.19724,5.12744,13.4144,-3.19724,5.09003,13.4144,-3.19724,5.05262,13.4144,-3.19724,5.01521,13.4144,-3.19724,4.97781,13.4144,-3.19724,4.94039,13.4144,-3.19724,4.90299,13.4144,-3.19724,4.86558,13.4144,-3.19724,4.82817,13.4144,-3.19724,4.67815,13.4144,-3.19724,4.52814,13.4144,-3.19724,4.37813,13.4144,3.197,5.02763,13.4144,3.197,5.14342,13.4144,3.197,5.20577,13.4144,3.197,5.2029,13.4144,3.197,5.19303,13.4144,3.197,5.17431,13.4144,3.197,5.14489,13.4144,3.197,5.10289,13.4144,3.197,5.04646,13.4144,3.197,4.97374,13.4144,3.197,4.68821,13.4144,3.197,4.39067,13.4144,3.197,4.11827,13.4144,3.197,3.99903,13.4144,3.197,3.99919,13.4144,3.197,4.00031,13.4144,3.197,4.00336,13.4144,3.197,4.00929,13.4144,3.197,4.01907,13.4144,3.197,4.03366,13.4144,3.197,4.05402,13.4144,3.197,4.18519,13.4144,3.197,4.44933,13.4144,3.197,4.72302,13.4144,3.197,4.93051,13.4144,3.197,4.95497,13.4144,3.197,4.96399],