{
  "skeleton": [
    {
      "name": "root",
      "parent": "root",
      "initpos": [
        0,
        0,
        0
      ],
      "initquaternion": [
        0.707106,
        0,
        0,
        0.707106
      ],
      "initscale": [
        1,
        0.999999,
        0.999999
      ],
      "offmtx": [
        [
          1,
          0,
          0,
          0
        ],
        [
          0,
          1,
          0,
          0
        ],
        [
          0,
          0,
          1,
          0
        ]
      ],
      "boundingbox": [
        [
          0,
          0,
          0
        ],
        [
          0,
          0,
          0
        ]
      ]
    },
    {
      "name": "Bone001",
      "parent": "root",
      "initpos": [
        0,
        0,
        0
      ],
      "initquaternion": [
        -0.504059,
        0.495907,
        0.495913,
        0.504053
      ],
      "initscale": [
        0.999999,
        0.999999,
        1
      ],
      "offmtx": [
        [
          0.016291,
          0.999867,
          -1.7864479673335154e-7,
          0
        ],
        [
          -0.999867,
          0.016291,
          -0.000011,
          0
        ],
        [
          -0.000011,
          3.5806237974611577e-7,
          0.999999,
          0
        ]
      ],
      "boundingbox": [
        [
          -10.998325,
          -1.187801,
          -2.083572
        ],
        [
          21.82755,
          1.100874,
          1.989377
        ]
      ]
    },
    {
      "name": "Bone019",
      "parent": "Bone001",
      "initpos": [
        8.57985,
        -1.31961,
        -0.303478
      ],
      "initquaternion": [
        0.000006,
        0,
        0.012977,
        0.999915
      ],
      "initscale": [
        0.999999,
        0.999999,
        1
      ],
      "offmtx": [
        [
          1,
          0,
          0,
          0
        ],
        [
          0,
          1,
          0,
          0
        ],
        [
          0,
          0,
          1,
          0
        ]
      ],
      "boundingbox": [
        [
          0,
          0,
          0
        ],
        [
          0,
          0,
          0
        ]
      ]
    },
    {
      "name": "Bone007",
      "parent": "Bone019",
      "initpos": [
        0.039128,
        0.109866,
        0.02741
      ],
      "initquaternion": [
        -0.000014,
        1.1661052923273019e-7,
        -0.008255,
        0.999965
      ],
      "initscale": [
        0.999999,
        0.999999,
        1
      ],
      "offmtx": [
        [
          0.006849,
          0.999976,
          -5.109608309794567e-7,
          -8.604316
        ],
        [
          -0.999976,
          0.006849,
          -0.000025,
          1.290071
        ],
        [
          -0.000025,
          6.851591933809686e-7,
          0.999999,
          0.276082
        ]
      ],
      "boundingbox": [
        [
          -0.0554,
          -0.395177,
          -2.077264
        ],
        [
          3.258714,
          0.347529,
          2.759359
        ]
      ]
    },
    {
      "name": "Bone010",
      "parent": "Bone019",
      "initpos": [
        0.158413,
        0.042994,
        0.005503
      ],
      "initquaternion": [
        0.000002,
        0,
        0.000663,
        0.999999
      ],
      "initscale": [
        0.999999,
        0.999999,
        1
      ],
      "offmtx": [
        [
          -0.010989,
          0.999939,
          -4.606795869221969e-7,
          -8.699132
        ],
        [
          -0.999939,
          -0.010989,
          0.000007,
          1.510385
        ],
        [
          0.000007,
          5.388337172007596e-7,
          0.999999,
          0.297946
        ]
      ],
      "boundingbox": [
        [
          -1.484807,
          -0.081407,
          -1.533099
        ],
        [
          1.571641,
          0.128019,
          1.521601
        ]
      ]
    },
    {
      "name": "Bone012",
      "parent": "Bone019",
      "initpos": [
        -2.819415,
        0.113179,
        -0.041558
      ],
      "initquaternion": [
        -0.000001,
        -2.241307015538041e-7,
        -0.009592,
        0.999953
      ],
      "initscale": [
        0.999999,
        0.999999,
        1
      ],
      "offmtx": [
        [
          0.009523,
          0.999954,
          0,
          -5.749653
        ],
        [
          -0.999954,
          0.009523,
          -1.6374605138480547e-7,
          1.318592
        ],
        [
          -1.6334202257439756e-7,
          0,
          0.999999,
          0.345022
        ]
      ],
      "boundingbox": [
        [
          0.001799,
          -0.370393,
          -2.771964
        ],
        [
          3.317765,
          0.381089,
          2.064647
        ]
      ]
    },
    {
      "name": "Bone018",
      "parent": "Bone001",
      "initpos": [
        10.904366,
        1.201362,
        0.962521
      ],
      "initquaternion": [
        0.707046,
        0.009404,
        0.002115,
        0.7071
      ],
      "initscale": [
        0.999999,
        0.999999,
        0.999999
      ],
      "offmtx": [
        [
          2.7740554742194945e-7,
          0.999946,
          -0.010308,
          -10.911989
        ],
        [
          -0.000003,
          0.010308,
          0.999946,
          -1.075054
        ],
        [
          1,
          -2.440094419853267e-7,
          0.000003,
          1.023562
        ]
      ],
      "boundingbox": [
        [
          -0.693095,
          -0.170356,
          -0.089801
        ],
        [
          0.750538,
          0.204468,
          0.036322
        ]
      ]
    },
    {
      "name": "Bone017",
      "parent": "Bone001",
      "initpos": [
        11.902668,
        1.256746,
        -0.625146
      ],
      "initquaternion": [
        0.707085,
        0.00576,
        0.00576,
        0.70708
      ],
      "initscale": [
        0.999999,
        1,
        0.999999
      ],
      "offmtx": [
        [
          1.187747997732913e-7,
          0.999999,
          0,
          -11.921563
        ],
        [
          -0.000003,
          0,
          0.999999,
          0.625158
        ],
        [
          1,
          -1.1877479266786395e-7,
          0.000003,
          1.062661
        ]
      ],
      "boundingbox": [
        [
          -0.439994,
          -0.148196,
          -0.050705
        ],
        [
          0.640005,
          0.211803,
          0.075417
        ]
      ]
    },
    {
      "name": "Bone021",
      "parent": "Bone001",
      "initpos": [
        8.778485,
        1.7016,
        -0.060229
      ],
      "initquaternion": [
        9.536601623949537e-7,
        0,
        0.005321,
        0.999985
      ],
      "initscale": [
        0.999999,
        0.999999,
        1
      ],
      "offmtx": [
        [
          1,
          0,
          0,
          0
        ],
        [
          0,
          1,
          0,
          0
        ],
        [
          0,
          0,
          1,
          0
        ]
      ],
      "boundingbox": [
        [
          0,
          0,
          0
        ],
        [
          0,
          0,
          0
        ]
      ]
    },
    {
      "name": "Bone013",
      "parent": "Bone021",
      "initpos": [
        -0.002943,
        -0.174056,
        -2.284941
      ],
      "initquaternion": [
        0.494493,
        0.505449,
        -0.502643,
        0.49734
      ],
      "initscale": [
        0.999999,
        0.999999,
        1
      ],
      "offmtx": [
        [
          0.000003,
          -0.016259,
          -0.999867,
          -2.201776
        ],
        [
          -0.000002,
          0.999867,
          -0.016259,
          -8.838088
        ],
        [
          1,
          0.000003,
          0.000003,
          1.384281
        ]
      ],