{"skeleton":[{"name":"root","parent":"root","initpos":[0.0,0.0,-0.0],"initquaternion":[0.707106,0.0,0.0,0.707106],"initscale":[1.0,0.999999,0.999999],"offmtx":[[1.0,0.0,0.0,0.0],[0.0,1.0,0.0,0.0],[0.0,0.0,1.0,0.0]],"boundingbox":[[0.0,0.0,0.0],[0.0,0.0,0.0]]},{"name":"Bone004","parent":"root","initpos":[0.0,-7.670658419556275e-07,-24.297401],"initquaternion":[-0.499999,0.5,0.499999,0.5],"initscale":[1.0,1.0,1.0],"offmtx":[[3.1391644483846903e-07,0.999999,0.0,-24.297401],[-1.0,3.1391644483846903e-07,3e-06,-7e-06],[3e-06,-0.0,0.999999,7.670904551559943e-07]],"boundingbox":[[3.473073,-6.479278,-7.450892],[14.566972,6.503398,4.574695]]}],"boundingbox":[[-6.503417,27.770473,-7.450879],[6.479259,38.864372,4.574677]]}