{"skeleton":[{"name":"root","parent":"root","initpos":[0.0,0.0,-0.0],"initquaternion":[0.707106,0.0,0.0,0.707106],"initscale":[1.0,0.999999,0.999999],"offmtx":[[1.0,0.0,0.0,0.0],[0.0,1.0,0.0,0.0],[0.0,0.0,1.0,0.0]],"boundingbox":[[0.0,0.0,0.0],[0.0,0.0,0.0]]},{"name":"Bone003","parent":"root","initpos":[-7.208261,-1e-06,-19.903722],"initquaternion":[-0.521332,0.521335,0.477712,0.477715],"initscale":[0.999999,1.0,0.999999],"offmtx":[[2.4277758825519413e-07,0.996194,-0.087156,-19.82798],[-1.0,6.23394214471773e-07,4e-06,-7.208273],[4e-06,0.087156,0.996194,-1.734712]],"boundingbox":[[-7.741184,-3.664005,-3.336055],[5.659479,3.388137,3.572178]]}],"boundingbox":[[-10.596384,12.360544,-2.921138],[-3.544267,25.32925,3.111149]]}