{
  "skeleton": [
    {
      "name": "root",
      "parent": "root",
      "initpos": [
        0,
        0,
        0
      ],
      "initquaternion": [
        0.707106,
        0,
        0,
        0.707106
      ],
      "initscale": [
        1,
        0.999999,
        0.999999
      ],
      "offmtx": [
        [
          1,
          0,
          0,
          0
        ],
        [
          0,
          1,
          0,
          0
        ],
        [
          0,
          0,
          1,
          0
        ]
      ],
      "boundingbox": [
        [
          0,
          0,
          0
        ],
        [
          0,
          0,
          0
        ]
      ]
    },
    {
      "name": "Bone002",
      "parent": "root",
      "initpos": [
        6.897217,
        -0.000001,
        -19.655818
      ],
      "initquaternion": [
        -0.499999,
        0.5,
        0.499999,
        0.5
      ],
      "initscale": [
        1,
        1,
        1
      ],
      "offmtx": [
        [
          3.1391647326017846e-7,
          0.999999,
          0,
          -19.65582
        ],
        [
          -1,
          3.1391644483846903e-7,
          0.000003,
          6.897211
        ],
        [
          0.000003,
          0,
          0.999999,
          -0.000023
        ]
      ],
      "boundingbox": [
        [
          -7.295274,
          -3.699175,
          -2.921133
        ],
        [
          5.673434,
          3.35296,
          3.111167
        ]
      ]
    }
  ],
  "boundingbox": [
    [
      3.544267,
      12.360544,
      -2.921138
    ],
    [
      10.596384,
      25.32925,
      3.111149
    ]
  ]
}
