{"skeleton":[{"name":"root","parent":"root","initpos":[0.0,0.0,-0.0],"initquaternion":[0.707106,0.0,0.0,0.707106],"initscale":[1.0,0.999999,0.999999],"offmtx":[[1.0,0.0,0.0,0.0],[0.0,1.0,0.0,0.0],[0.0,0.0,1.0,0.0]],"boundingbox":[[0.0,0.0,0.0],[0.0,0.0,0.0]]},{"name":"Bone001","parent":"root","initpos":[0.0,-8.035227097025199e-07,-15.716972],"initquaternion":[-0.499999,0.5,0.499999,0.5],"initscale":[1.0,1.0,1.0],"offmtx":[[3.1391647326017846e-07,0.999999,0.0,-15.716972],[-1.0,3.1391644483846903e-07,3e-06,-4e-06],[3e-06,-0.0,0.999999,8.035404448492045e-07]],"boundingbox":[[-9.216548,-6.256839,-3.5109],[8.74408,6.256834,5.970512]]}],"boundingbox":[[-6.256828,6.500425,-3.510891],[6.256828,24.461051,5.970495]]}