{"skeleton":[{"name":"root","parent":"root","initpos":[0.0,0.0,-0.0],"initquaternion":[0.707106,0.0,0.0,0.707106],"initscale":[1.0,0.999999,0.999999],"offmtx":[[1.0,0.0,0.0,0.0],[0.0,1.0,0.0,0.0],[0.0,0.0,1.0,0.0]],"boundingbox":[[0.0,0.0,0.0],[0.0,0.0,0.0]]},{"name":"Bone006","parent":"root","initpos":[2.576999,-9.4942100758999e-07,-0.0],"initquaternion":[-0.499999,0.5,0.499999,0.5],"initscale":[1.0,1.0,1.0],"offmtx":[[3.1391647326017846e-07,0.999999,0.0,-8.08962738574337e-07],[-1.0,3.1391644483846903e-07,3e-06,2.576999],[3e-06,-0.0,0.999999,-8e-06]],"boundingbox":[[-0.339236,-1.727141,-3.977685],[4.52107,3.115531,3.962458]]}],"boundingbox":[[-0.538521,-0.339235,-3.97768],[4.304132,4.52107,3.962451]]}