{
  "skeleton": [
    {
      "name": "Bone001",
      "parent": "Bone001",
      "initpos": [
        0,
        0,
        0
      ],
      "initquaternion": [
        0.5,
        -0.499999,
        -0.5,
        0.5
      ],
      "initscale": [
        0.999999,
        0.999999,
        1
      ],
      "offmtx": [
        [
          -0.015059,
          0,
          -0.999886,
          1.471675
        ],
        [
          0.999886,
          0,
          -0.015059,
          0.04803
        ],
        [
          0,
          -0.999999,
          0,
          0
        ]
      ],
      "boundingbox": [
        [
          1.429335,
          0.00569,
          0
        ],
        [
          1.514014,
          0.090369,
          0
        ]
      ]
    }
  ],
  "boundingbox": [
    [
      -0.041715,
      0,
      -0.041715
    ],
    [
      0.041715,
      0,
      0.041715
    ]
  ]
}
