{
  "skeleton": [
    {
      "name": "root",
      "parent": "root",
      "initpos": [
        0,
        0,
        0
      ],
      "initquaternion": [
        0.707106,
        0,
        0,
        0.707106
      ],
      "initscale": [
        1,
        0.999999,
        0.999999
      ],
      "offmtx": [
        [
          1,
          0,
          0,
          0
        ],
        [
          0,
          1,
          0,
          0
        ],
        [
          0,
          0,
          1,
          0
        ]
      ],
      "boundingbox": [
        [
          0,
          0,
          0
        ],
        [
          0,
          0,
          0
        ]
      ]
    },
    {
      "name": "pifeng_Bone006",
      "parent": "root",
      "initpos": [
        4.022929,
        4.500002,
        -24.000799
      ],
      "initquaternion": [
        0.5,
        0.499999,
        0.5,
        -0.499999
      ],
      "initscale": [
        1,
        1,
        1
      ],
      "offmtx": [
        [
          0,
          -0.999999,
          0,
          24.000799
        ],
        [
          0.999999,
          0,
          -2.970919297240471e-7,
          -4.022929
        ],
        [
          2.970919297240471e-7,
          0,
          0.999999,
          -4.500003
        ]
      ],
      "boundingbox": [
        [
          0.000004,
          -2.022931,
          -0.055481
        ],
        [
          0.000004,
          1.977068,
          0.000001
        ]
      ]
    },
    {
      "name": "pifeng_Bone007",
      "parent": "pifeng_Bone006",
      "initpos": [
        7.000398,
        0,
        -4.76837158203125e-7
      ],
      "initquaternion": [
        1,
        0,
        0,
        -3.139165016818879e-7
      ],
      "initscale": [
        1,
        0.999999,
        0.999999
      ],
      "offmtx": [
        [
          0,
          -0.999999,
          0,
          17.0004
        ],
        [
          -0.999999,
          0,
          -1.7974524268993264e-7,
          4.022931
        ],
        [
          1.7974525690078735e-7,
          0,
          -0.999999,
          4.5
        ]
      ],
      "boundingbox": [
        [
          0.000002,
          -1.977069,
          -0.000001
        ],
        [
          5.000403,
          2.022931,
          0.05548
        ]
      ]
    },
    {
      "name": "pifeng_Bone008",
      "parent": "pifeng_Bone007",
      "initpos": [
        5.000495,
        4.76837158203125e-7,
        0
      ],
      "initquaternion": [
        -0.707106,
        0,
        0,
        0.707106
      ],
      "initscale": [
        1,
        0.999999,
        0.999999
      ],
      "offmtx": [
        [
          2.2393406595710985e-7,
          -0.999999,
          0,
          11.999904
        ],
        [
          2.215940213545764e-7,
          0,
          0.999999,
          -4.500002
        ],
        [
          -0.999999,
          -2.2393406595710985e-7,
          2.215940213545764e-7,
          4.02293
        ]
      ],
      "boundingbox": [
        [
          4.999906,
          -0.055482,
          -1.977468
        ],
        [
          4.999907,
          9.5367431640625e-7,
          2.022531
        ]
      ]
    },
    {
      "name": "pifeng_Bone009",
      "parent": "pifeng_Bone008",
      "initpos": [
        4.999906,
        0,
        0.000026
      ],
      "initquaternion": [
        0,
        0,
        0,
        1
      ],
      "initscale": [
        1,
        1,
        1
      ],
      "offmtx": [
        [
          0.000004,
          -0.999999,
          0,
          6.99998
        ],
        [
          0,
          0,
          0.999999,
          -4.500001
        ],
        [
          -0.999999,
          -0.000004,
          0,
          4.022935
        ]
      ],
      "boundingbox": [
        [
          1.449782,
          -0.055481,
          -1.977871
        ],
        [
          5.000008,
          9.5367431640625e-7,
          2.022396
        ]
      ]
    }
  ],
  "boundingbox": [
    [
      1.999997,
      1.999999,
      4.444517
    ],
    [
      6.000798,
      24.000793,
      4.500001
    ]
  ]
}
