{
  "skeleton": [
    {
      "name": "root",
      "parent": "root",
      "initpos": [
        0,
        0,
        0
      ],
      "initquaternion": [
        0.707106,
        0,
        0,
        0.707106
      ],
      "initscale": [
        1,
        0.999999,
        0.999999
      ],
      "offmtx": [
        [
          1,
          0,
          0,
          0
        ],
        [
          0,
          1,
          0,
          0
        ],
        [
          0,
          0,
          1,
          0
        ]
      ],
      "boundingbox": [
        [
          0,
          0,
          0
        ],
        [
          0,
          0,
          0
        ]
      ]
    },
    {
      "name": "mianju_Bone007",
      "parent": "root",
      "initpos": [
        -4.790357479578233e-7,
        -4.499999,
        -25.112123
      ],
      "initquaternion": [
        -0.499845,
        0.500154,
        0.500153,
        0.499846
      ],
      "initscale": [
        1,
        0.999999,
        0.999999
      ],
      "offmtx": [
        [
          -0.000615,
          0.999999,
          0,
          -25.112119
        ],
        [
          -0.999999,
          -0.000615,
          4.878429535892792e-7,
          0.015468
        ],
        [
          4.878196477875463e-7,
          0,
          0.999999,
          4.499998
        ]
      ],
      "boundingbox": [
        [
          1.38272,
          -7.077219,
          -0.4992
        ],
        [
          4.391435,
          7.077814,
          2.499204
        ]
      ]
    },
    {
      "name": "mianju_Bone009",
      "parent": "mianju_Bone007",
      "initpos": [
        2.432558,
        3.422535,
        -0.002352
      ],
      "initquaternion": [
        0.000214,
        0.707106,
        -0.000214,
        0.707106
      ],
      "initscale": [
        1,
        0.999999,
        0.999999
      ],
      "offmtx": [
        [
          7.332962468353799e-7,
          0,
          -0.999999,
          -4.502346
        ],
        [
          -0.999999,
          -0.000009,
          -7.332960763051233e-7,
          -3.423782
        ],
        [
          -0.000009,
          0.999999,
          0,
          -27.542604
        ]
      ],
      "boundingbox": [
        [
          -0.502355,
          -3.424842,
          -1.041808
        ],
        [
          0.49765,
          3.153845,
          0.958784
        ]
      ]
    },
    {
      "name": "mianju_Bone010",
      "parent": "mianju_Bone007",
      "initpos": [
        2.428339,
        -3.425496,
        -0.002347
      ],
      "initquaternion": [
        0.000214,
        0.707106,
        -0.000214,
        0.707106
      ],
      "initscale": [
        1,
        0.999999,
        0.999999
      ],
      "offmtx": [
        [
          7.332962468353799e-7,
          0,
          -0.999999,
          -4.502351
        ],
        [
          -0.999999,
          -0.000009,
          -7.332960763051233e-7,
          3.42425
        ],
        [
          -0.000009,
          0.999999,
          0,
          -27.542539
        ]
      ],
      "boundingbox": [
        [
          -0.502353,
          -3.15053,
          -1.043401
        ],
        [
          0.497651,
          3.424007,
          0.957188
        ]
      ]
    },
    {
      "name": "mianju_Bone011",
      "parent": "mianju_Bone007",
      "initpos": [
        0.893922,
        1.14579,
        -0.002347
      ],
      "initquaternion": [
        0.000214,
        0.707106,
        -0.000214,
        0.707106
      ],
      "initscale": [
        1,
        0.999999,
        0.999999
      ],
      "offmtx": [
        [
          7.332962468353799e-7,
          0,
          -0.999999,
          -4.502345
        ],
        [
          -0.999999,
          -0.000009,
          -7.332960763051233e-7,
          -1.146104
        ],
        [
          -0.000009,
          0.999999,
          0,
          -26.00535
        ]
      ],
      "boundingbox": [
        [
          -0.50235,
          -1.146345,
          -0.50615
        ],
        [
          0.497651,
          1.244884,
          0.493871
        ]
      ]
    },
    {
      "name": "mianju_Bone012",
      "parent": "mianju_Bone007",
      "initpos": [
        0.892513,
        -1.14655,
        -0.002349
      ],
      "initquaternion": [
        0.000214,
        0.707106,
        -0.000214,
        0.707106
      ],
      "initscale": [
        1,
        0.999999,
        0.999999
      ],
      "offmtx": [
        [
          7.332962468353799e-7,
          0,
          -0.999999,
          -4.50235
        ],
        [
          -0.999999,
          -0.000009,
          -7.332960763051233e-7,
          1.146236
        ],
        [
          -0.000009,
          0.999999,
          0,
          -26.005329
        ]
      ],
      "boundingbox": [
        [
          -0.502352,
          -1.246253,
          -0.506151
        ],
        [
          0.497649,
          1.146004,
          0.49387
        ]
      ]
    },
    {
      "name": "mianju_Bone008",
      "parent": "mianju_Bone007",
      "initpos": [
        3.382772,
        -0.002083,
        0.00488
      ],
      "initquaternion": [
        -0.000004,
        0,
        -0.000307,
        0.999999
      ],
      "initscale": [
        0.999999,
        0.999999,
        1
      ],
      "offmtx": [
        [
          3.162038808568468e-7,
          0.999999,
          0,
          -28.494897
        ],
        [
          -1,
          3.162038524351374e-7,
          -0.000009,
          -0.00005
        ],
        [
          -0.000009,
          0,
          0.999999,
          4.495118
        ]
      ],
      "boundingbox": [
        [
          0.004297,
          -6.575325,
          -0.50494
        ],
        [
          2.004305,
          6.577874,
          0.495182
        ]
      ]
    }
  ],
  "boundingbox": [
    [
      -7.07867,
      25.499198,
      -5.000001
    ],
    [
      7.074519,
      30.499198,
      -2.0008
    ]
  ]
}
