{
  "skeleton": [
    {
      "name": "root",
      "parent": "root",
      "initpos": [
        0,
        0,
        0
      ],
      "initquaternion": [
        0.707106,
        0,
        0,
        0.707106
      ],
      "initscale": [
        1,
        0.999999,
        0.999999
      ],
      "offmtx": [
        [
          1,
          0,
          0,
          0
        ],
        [
          0,
          1,
          0,
          0
        ],
        [
          0,
          0,
          1,
          0
        ]
      ],
      "boundingbox": [
        [
          0,
          0,
          0
        ],
        [
          0,
          0,
          0
        ]
      ]
    },
    {
      "name": "Bone006",
      "parent": "root",
      "initpos": [
        0,
        -4.926114343106747e-7,
        -24.006938
      ],
      "initquaternion": [
        -0.5,
        0.499999,
        0.5,
        0.5
      ],
      "initscale": [
        1,
        1,
        1
      ],
      "offmtx": [
        [
          9.655992698753835e-7,
          0.999999,
          0,
          -24.006938
        ],
        [
          -1,
          9.655991561885457e-7,
          -8.055940270423889e-7,
          -0.000023
        ],
        [
          -8.055940838858078e-7,
          0,
          0.999999,
          4.925927328258695e-7
        ]
      ],
      "boundingbox": [
        [
          0.99225,
          -6.499996,
          -4.481853
        ],
        [
          12.015927,
          6.500008,
          5.519098
        ]
      ]
    }
  ],
  "boundingbox": [
    [
      -6.500004,
      24.999193,
      -4.481853
    ],
    [
      6.499999,
      36.022861,
      5.519089
    ]
  ]
}
