{"skeleton":[{"name":"root","parent":"root","initpos":[0.0,0.0,-0.0],"initquaternion":[0.707106,0.0,0.0,0.707106],"initscale":[1.0,0.999999,0.999999],"offmtx":[[1.0,0.0,0.0,0.0],[-0.0,1.1920927533992653e-07,0.999999,0.0],[0.0,-0.999999,1.1920927533992653e-07,0.0]],"boundingbox":[[-2.999201,4.000005,-34.000797],[3.000799,12.732917,-15.654023]]}],"boundingbox":[[-2.999201,15.654026,3.999997],[3.000799,34.000797,12.732912]]}