{
  "skeleton": [
    {
      "name": "Bone003",
      "parent": "Bone003",
      "initpos": [
        -0.043074,
        1.422116,
        0
      ],
      "initquaternion": [
        0.000002,
        -0.000002,
        -0.702156,
        0.712022
      ],
      "initscale": [
        0.999999,
        0.999999,
        0.999999
      ],
      "offmtx": [
        [
          0.013952,
          -0.999902,
          0,
          1.422578
        ],
        [
          0.999902,
          0.013952,
          0.000006,
          0.023228
        ],
        [
          -0.000006,
          0,
          0.999999,
          -2.128474534401903e-7
        ]
      ],
      "boundingbox": [
        [
          1.156597,
          -0.112099,
          -0.000001
        ],
        [
          1.688559,
          0.158556,
          7.027538799775357e-7
        ]
      ]
    }
  ],
  "boundingbox": [
    [
      -0.131655,
      -0.264169,
      0
    ],
    [
      0.131655,
      0.26417,
      0
    ]
  ]
}
