{
  "skeleton": [
    {
      "name": "root",
      "parent": "root",
      "initpos": [
        -0.171749,
        -0.001137,
        0
      ],
      "initquaternion": [
        -1.1920863585146435e-7,
        0,
        0.003311,
        0.999994
      ],
      "initscale": [
        0.999999,
        0.999999,
        0.999999
      ],
      "offmtx": [
        [
          1,
          0,
          0,
          0
        ],
        [
          0,
          1,
          0,
          0
        ],
        [
          0,
          0,
          1,
          0
        ]
      ],
      "boundingbox": [
        [
          0,
          0,
          0
        ],
        [
          0,
          0,
          0
        ]
      ]
    },
    {
      "name": "Bone36",
      "parent": "root",
      "initpos": [
        -5.198307,
        23.236232,
        2.274114
      ],
      "initquaternion": [
        -0.064222,
        -0.067253,
        -0.827754,
        0.553331
      ],
      "initscale": [
        1,
        0.999999,
        0.999999
      ],
      "offmtx": [
        [
          -0.373383,
          -0.909898,
          0.180747,
          18.701414
        ],
        [
          0.927169,
          -0.372471,
          0.040266,
          13.512532
        ],
        [
          0.030684,
          0.182618,
          0.982704,
          -6.307537
        ]
      ],
      "boundingbox": [
        [
          -2.13758,
          -4.221067,
          -0.262171
        ],
        [
          10.357065,
          2.201384,
          2.561387
        ]
      ]
    },
    {
      "name": "Bone41",
      "parent": "Bone36",
      "initpos": [
        7.090345,
        0.000005,
        -4.76837158203125e-7
      ],
      "initquaternion": [
        -0.020239,
        -0.155063,
        0.006585,
        0.987675
      ],
      "initscale": [
        0.999999,
        0.999999,
        0.999999
      ],
      "offmtx": [
        [
          -0.328123,
          -0.817357,
          0.473561,
          9.381927
        ],
        [
          0.927553,
          -0.373683,
          -0.002281,
          13.687173
        ],
        [
          0.178827,
          0.438505,
          0.880757,
          -9.046035
        ]
      ],
      "boundingbox": [
        [
          -0.124223,
          -1.793436,
          -0.334353
        ],
        [
          3.087847,
          2.308196,
          0.651872
        ]
      ]
    },
    {
      "name": "Bone39",
      "parent": "Bone41",
      "initpos": [
        3.012158,
        -0.000015,
        0.000019
      ],
      "initquaternion": [
        0.008546,
        -0.096696,
        0.008816,
        0.995238
      ],
      "initscale": [
        0.999999,
        0.999999,
        1
      ],
      "offmtx": [
        [
          -0.272745,
          -0.72342,
          0.63425,
          4.724765
        ],
        [
          0.936311,
          -0.351162,
          0.002107,
          13.422275
        ],
        [
          0.2212,
          0.59443,
          0.773124,
          -10.356795
        ]
      ],
      "boundingbox": [
        [
          -0.178567,
          -1.681143,
          -0.717066
        ],
        [
          3.084946,
          2.426084,
          0.357048
        ]
      ]
    },
    {
      "name": "Bone38",
      "parent": "Bone39",
      "initpos": [
        3.032643,
        0.000018,
        -0.000031
      ],
      "initquaternion": [
        0.00425,
        -0.056639,
        -0.000774,
        0.998385
      ],
      "initscale": [
        0.999999,
        0.999999,
        0.999998
      ],
      "offmtx": [
        [
          -0.247879,
          -0.650841,
          0.717608,
          0.482787
        ],
        [
          0.937882,
          -0.346824,
          0.009412,
          13.334761
        ],
        [
          0.242758,
          0.675365,
          0.696383,
          -10.594048
        ]
      ],
      "boundingbox": [
        [
          -0.287169,
          -1.563887,
          -0.777006
        ],
        [
          8.005595,
          2.484622,
          0.35187
        ]
      ]
    },
    {
      "name": "Bone050",
      "parent": "Bone36",
      "initpos": [
        4.737117,
        0.62726,
        0.045082
      ],
      "initquaternion": [
        0.042398,
        0.057193,
        0.983278,
        -0.167613
      ],
      "initscale": [
        -1,
        -0.999998,
        -0.999999
      ],
      "offmtx": [
        [
          -0.05309,
          -0.995196,
          0.082239,
          17.965688
        ],
        [
          0.990878,
          -0.062716,
          -0.119276,
          8.030545
        ],
        [
          -0.123861,
          -0.075156,
          -0.989449,
          3.759189
        ]
      ],
      "boundingbox": [
        [
          -0.273521,
          -2.033243,
          -0.174943
        ],
        [
          2.815701,
          2.007413,
          0.425547
        ]
      ]
    },
    {
      "name": "Bone051",
      "parent": "Bone050",
      "initpos": [
        2.821547,
        0.000005,
        0.000001
      ],
      "initquaternion": [
        -0.002942,
        0.0936,
        0.016396,
        0.99547
      ],
      "initscale": [
        0.999999,
        1,
        0.999999
      ],
      "offmtx": [
        [
          0.002762,
          -0.965223,
          0.261407,
          14.427476
        ],
        [
          0.992436,
          -0.029436,
          -0.119179,
          7.512887
        ],
        [
          -0.12273,
          -0.259759,
          -0.957842,
          6.585638
        ]
      ],
      "boundingbox": [
        [
          -0.108315,
          -1.994718,
          -0.197166
        ],
        [
          2.960805,
          2.008832,
          0.461159
        ]
      ]
    },
    {
      "name": "Bone052",
      "parent": "Bone051",
      "initpos": [
        3.058977,
        -9.5367431640625e-7,
        -0.000009
      ],
      "initquaternion": [
        0.008911,
        0.066546,
        -0.001601,
        0.997742
      ],
      "initscale": [
        1,
        1,
        1
      ],
      "offmtx": [
        [
          0.017045,
          -0.922109,
          0.386552,
          10.377943
        ],
        [
          0.990129,
          -0.038224,
          -0.134845,
          7.677182
        ],
        [
          -0.139118,
          -0.385035,
          -0.912355,
          7.90039
        ]
      ],
      "boundingbox": [
        [
          -0.197183,
          -1.994061,
          -0.21596
        ],
        [
          2.89909,
          2.062511,
          0.408278
        ]
      ]
    },
    {
      "name": "Bone053",
      "parent": "Bone052",
      "initpos": [
        2.932952,
        0.000014,
        -0.000012
      ],
      "initquaternion": [
        -0.005407,
        0.094791,
        0.016495,
        0.995345
      ],
      "initscale": [
        0.999998,
        0.999999,
        0.999999
      ],
      "offmtx": [
        [
          0.074505,
          -0.833527,
          0.547431,
          6.05916
        ],
        [
          0.990017,
          -0.004035,
          -0.140885,
          7.360082
        ],
        [
          -0.11964,
          -0.552463,
          -0.824906,
          9.26817
        ]
      ],
      "boundingbox": [
        [
          -0.091764,
          -1.937157,
          -0.280672
        ],
        [
          2.977519,
          2.067031,
          0.332297
        ]
      ]
    },
    {
      "name": "Bone054",
      "parent": "Bone053",
      "initpos": [
        3.023255,
        0.000024,
        0.000024
      ],
      "initquaternion": [
        0.003931,
        0.065189,
        0.00203,
        0.997863
      ],
      "initscale": [
        1,
        1,
        1
      ],