{"skeleton":[{"name":"root","parent":"root","initpos":[0.0,0.0,-0.0],"initquaternion":[-1.1920863585146435e-07,-0.0,0.003311,0.999994],"initscale":[0.999999,0.999999,0.999999],"offmtx":[[0.999978,0.006622,-0.0,0.0],[-0.006622,0.999978,-1.6292068494294654e-07,0.0],[-0.0,1.6291711801841302e-07,0.999999,0.0]],"boundingbox":[[-0.187834,-0.221425,-2.686601],[6.925794,7.220919,3.547474]]}],"boundingbox":[[-0.186602,-0.186602,-2.686601],[6.906079,7.248802,3.547473]]}