{
  "skeleton": [
    {
      "name": "root",
      "parent": "root",
      "initpos": [
        0,
        0,
        0
      ],
      "initquaternion": [
        -1.1920863585146435e-7,
        0,
        0.003311,
        0.999994
      ],
      "initscale": [
        0.999999,
        0.999999,
        0.999999
      ],
      "offmtx": [
        [
          0.999978,
          0.006622,
          0,
          0
        ],
        [
          -0.006622,
          0.999978,
          -1.6292068494294654e-7,
          0
        ],
        [
          0,
          1.6291711801841302e-7,
          0.999999,
          0
        ]
      ],
      "boundingbox": [
        [
          -7.612208,
          25.238079,
          -4.307562
        ],
        [
          8.090966,
          37.391746,
          4.300006
        ]
      ]
    }
  ],
  "boundingbox": [
    [
      -7.851759,
      25.266855,
      -4.307572
    ],
    [
      7.851759,
      37.359535,
      4.299997
    ]
  ]
}
