{
  "skeleton": [
    {
      "name": "Bone001",
      "parent": "Bone001",
      "initpos": [
        0,
        0.151326,
        0
      ],
      "initquaternion": [
        0.710938,
        -0.703253,
        0.000004,
        -0.000005
      ],
      "initscale": [
        0.999999,
        0.999999,
        0.999999
      ],
      "offmtx": [
        [
          0.010868,
          -0.99994,
          0,
          0.151317
        ],
        [
          -0.99994,
          -0.010868,
          -0.000013,
          0.001644
        ],
        [
          0.000013,
          2.3826625294987025e-7,
          -0.999999,
          0
        ]
      ],
      "boundingbox": [
        [
          -0.101384,
          -0.251057,
          -0.000003
        ],
        [
          0.404019,
          0.254347,
          0.000003
        ]
      ]
    }
  ],
  "boundingbox": [
    [
      -0.25,
      -0.249999,
      0
    ],
    [
      0.25,
      0.249999,
      0
    ]
  ]
}
