{"skeleton":[{"name":"root","parent":"root","initpos":[0.0,0.0,-0.0],"initquaternion":[0.707106,0.0,0.0,0.707106],"initscale":[1.0,0.999999,0.999999],"offmtx":[[1.0,0.0,0.0,0.0],[0.0,1.0,0.0,0.0],[0.0,0.0,1.0,0.0]],"boundingbox":[[0.0,0.0,0.0],[0.0,0.0,0.0]]},{"name":"Bone012","parent":"root","initpos":[7.485918,2e-06,-13.131106],"initquaternion":[0.499707,-0.500292,0.500292,0.499707],"initscale":[0.999999,0.999999,0.999999],"offmtx":[[-0.001169,-0.999999,0.0,13.139848],[-0.999999,0.001169,-5.1e-05,7.470558],[5.1e-05,-1.192094316593284e-07,-1.0,-0.000379]],"boundingbox":[[0.129916,-1.017749,-1.000004],[4.632696,0.985771,1.00001]]},{"name":"Bone054","parent":"Bone012","initpos":[3.881073,-4.76837158203125e-07,0.0],"initquaternion":[0.0,0.0,0.0,1.0],"initscale":[1.0,1.0,1.0],"offmtx":[[-0.001169,-0.999999,0.0,9.258775],[-0.999999,0.001169,-5.1e-05,7.470559],[5.1e-05,-1.192094316593284e-07,-1.0,-0.000379]],"boundingbox":[[0.269641,-1.02245,-1.000004],[5.268232,0.98107,1.000011]]}],"boundingbox":[[6.5,3.981957,-1.000001],[8.5,13.000001,0.999998]]}