{
  "skeleton": [
    {
      "name": "root",
      "parent": "root",
      "initpos": [
        0,
        0,
        0
      ],
      "initquaternion": [
        0.707106,
        0,
        0,
        0.707106
      ],
      "initscale": [
        1,
        0.999999,
        0.999999
      ],
      "offmtx": [
        [
          1,
          0,
          0,
          0
        ],
        [
          0,
          1,
          0,
          0
        ],
        [
          0,
          0,
          1,
          0
        ]
      ],
      "boundingbox": [
        [
          0,
          0,
          0
        ],
        [
          0,
          0,
          0
        ]
      ]
    },
    {
      "name": "Bone017",
      "parent": "root",
      "initpos": [
        -5.121735,
        3.648875,
        -22.421573
      ],
      "initquaternion": [
        0.365805,
        -0.567989,
        0.619845,
        0.399205
      ],
      "initscale": [
        0.999999,
        0.999999,
        1
      ],
      "offmtx": [
        [
          -0.413642,
          -0.906975,
          0.079343,
          17.927736
        ],
        [
          -0.910439,
          0.412068,
          -0.036046,
          -13.770728
        ],
        [
          -0.000002,
          -0.087147,
          -0.996195,
          5.588976
        ]
      ],
      "boundingbox": [
        [
          -0.229717,
          -5.135072,
          -1.129161
        ],
        [
          4.847691,
          6.564647,
          1.146328
        ]
      ]
    },
    {
      "name": "Bone018",
      "parent": "Bone017",
      "initpos": [
        4.391848,
        0.000034,
        0
      ],
      "initquaternion": [
        -0.017833,
        0.112311,
        -0.002737,
        0.993509
      ],
      "initscale": [
        1,
        0.999999,
        0.999999
      ],
      "offmtx": [
        [
          -0.3946,
          -0.868533,
          0.2999,
          12.077559
        ],
        [
          -0.910439,
          0.413641,
          0.000005,
          -13.94388
        ],
        [
          -0.124056,
          -0.273039,
          -0.95397,
          7.986977
        ]
      ],
      "boundingbox": [
        [
          1.484686,
          -3.847621,
          -0.835677
        ],
        [
          4.458706,
          3.43186,
          0.335445
        ]
      ]
    },
    {
      "name": "Bone019",
      "parent": "Bone018",
      "initpos": [
        4.076005,
        0.000065,
        -0.000001
      ],
      "initquaternion": [
        0,
        0.11973,
        0,
        0.992806
      ],
      "initscale": [
        0.999999,
        1,
        0.999999
      ],
      "offmtx": [
        [
          -0.353793,
          -0.778719,
          0.518097,
          5.873332
        ],
        [
          -0.910439,
          0.413641,
          0.000005,
          -13.943945
        ],
        [
          -0.21431,
          -0.471694,
          -0.855321,
          9.660256
        ]
      ],
      "boundingbox": [
        [
          1.773533,
          -3.940491,
          0.085575
        ],
        [
          4.011866,
          -2.835636,
          0.605811
        ]
      ]
    }
  ],
  "boundingbox": [
    [
      -12.716283,
      10.226185,
      2.582424
    ],
    [
      -2.015844,
      23.348205,
      6.977915
    ]
  ]
}
