{"skeleton":[{"name":"root","parent":"root","initpos":[0.0,0.0,-0.0],"initquaternion":[0.707106,0.0,0.0,0.707106],"initscale":[1.0,0.999999,0.999999],"offmtx":[[1.0,0.0,0.0,0.0],[0.0,1.0,0.0,0.0],[0.0,0.0,1.0,0.0]],"boundingbox":[[0.0,0.0,0.0],[0.0,0.0,0.0]]},{"name":"Bone012","parent":"root","initpos":[7.485919,4e-06,-13.131106],"initquaternion":[-0.499663,0.500336,-0.500247,-0.499752],"initscale":[0.999999,0.999999,0.999999],"offmtx":[[-0.001169,-0.999998,1.4854586538604053e-07,13.139846],[-0.999999,0.001169,0.000126,7.47056],[-0.000126,-0.0,-1.0,0.000953]],"boundingbox":[[0.129917,-1.017758,-1.000016],[3.132252,0.985785,1.000022]]},{"name":"Bone054","parent":"Bone012","initpos":[3.881072,0.0,0.0],"initquaternion":[0.0,0.0,0.0,1.0],"initscale":[1.0,1.0,1.0],"offmtx":[[-0.001169,-0.999998,1.4854586538604053e-07,9.258774],[-0.999999,0.001169,0.000126,7.47056],[-0.000126,-0.0,-1.0,0.000953]],"boundingbox":[[0.269642,-1.022459,-1.000015],[5.268231,0.981084,1.000022]]}],"boundingbox":[[6.5,3.981957,-1.000001],[8.5,13.000001,0.999998]]}