{"skeleton":[{"name":"root","parent":"root","initpos":[0.0,0.0,-0.0],"initquaternion":[0.707106,0.0,0.0,0.707106],"initscale":[1.0,0.999999,0.999999],"offmtx":[[1.0,0.0,0.0,0.0],[0.0,1.0,0.0,0.0],[0.0,0.0,1.0,0.0]],"boundingbox":[[0.0,0.0,0.0],[0.0,0.0,0.0]]},{"name":"Bone017","parent":"root","initpos":[-6.463083,2.274797,-22.99053],"initquaternion":[0.497943,-0.502047,0.502053,0.497938],"initscale":[0.999999,0.999999,0.999999],"offmtx":[[-0.008218,-0.999966,0.0,22.936635],[-0.999966,0.008218,-1e-05,-6.651801],[1e-05,-1.1917386188997625e-07,-0.999999,2.274869]],"boundingbox":[[0.361757,-1.999023,-0.710186],[4.396707,2.025549,-0.162282]]},{"name":"Bone018","parent":"Bone017","initpos":[4.391851,3.4e-05,-0.0],"initquaternion":[0.0,0.151709,0.0,0.988425],"initscale":[0.999999,1.0,0.999999],"offmtx":[[-0.007843,-0.953936,0.299906,17.008895],[-0.999966,0.008218,-1e-05,-6.651831],[-0.002454,-0.299896,-0.953968,7.731863]],"boundingbox":[[0.126489,-2.030823,-0.695606],[4.162638,2.00123,-0.314878]]},{"name":"Bone019","parent":"Bone018","initpos":[4.076012,6.7e-05,-0.0],"initquaternion":[0.0,0.11973,0.0,0.992806],"initscale":[0.999999,1.0,0.999999],"offmtx":[[-0.007035,-0.855289,0.518103,10.723935],[-0.999966,0.008218,-1e-05,-6.651897],[-0.004249,-0.518085,-0.855318,10.584827]],"boundingbox":[[0.122556,-2.072342,-1.011563],[8.0117,1.969666,0.145]]}],"boundingbox":[[-8.5,8.293056,2.437098],[-4.499999,22.612625,8.481319]]}