{
  "skeleton": [
    {
      "name": "root",
      "parent": "root",
      "initpos": [
        0,
        0,
        0
      ],
      "initquaternion": [
        0.707106,
        0,
        0,
        0.707106
      ],
      "initscale": [
        1,
        0.999999,
        0.999999
      ],
      "offmtx": [
        [
          1,
          0,
          0,
          0
        ],
        [
          0,
          1,
          0,
          0
        ],
        [
          0,
          0,
          1,
          0
        ]
      ],
      "boundingbox": [
        [
          0,
          0,
          0
        ],
        [
          0,
          0,
          0
        ]
      ]
    },
    {
      "name": "Bone004",
      "parent": "root",
      "initpos": [
        0,
        -0.000001,
        -26.275533
      ],
      "initquaternion": [
        0.5,
        -0.499999,
        -0.5,
        -0.499999
      ],
      "initscale": [
        1,
        1,
        1
      ],
      "offmtx": [
        [
          1.6292068494294654e-7,
          0.999999,
          0,
          -26.275533
        ],
        [
          -1,
          1.6292067073209182e-7,
          -1.604373522923197e-7,
          -0.000004
        ],
        [
          -1.6043736650317442e-7,
          0,
          0.999999,
          0.000001
        ]
      ],
      "boundingbox": [
        [
          -2.307168,
          -5.794176,
          -5.279411
        ],
        [
          11.476068,
          5.794174,
          7.260938
        ]
      ]
    }
  ],
  "boundingbox": [
    [
      -5.794174,
      23.968366,
      -5.279418
    ],
    [
      5.794175,
      37.751602,
      7.260931
    ]
  ]
}
