{
  "skeleton": [
    {
      "name": "root",
      "parent": "root",
      "initpos": [
        0,
        0,
        0
      ],
      "initquaternion": [
        0.707106,
        0,
        0,
        0.707106
      ],
      "initscale": [
        1,
        0.999999,
        0.999999
      ],
      "offmtx": [
        [
          1,
          0,
          0,
          0
        ],
        [
          0,
          1,
          0,
          0
        ],
        [
          0,
          0,
          1,
          0
        ]
      ],
      "boundingbox": [
        [
          0,
          0,
          0
        ],
        [
          0,
          0,
          0
        ]
      ]
    },
    {
      "name": "Bone006",
      "parent": "root",
      "initpos": [
        -1.879703,
        0,
        0
      ],
      "initquaternion": [
        0.5,
        -0.499999,
        -0.5,
        -0.499999
      ],
      "initscale": [
        1,
        1,
        1
      ],
      "offmtx": [
        [
          3.1391647326017846e-7,
          0.999999,
          0,
          5.900697601646243e-7
        ],
        [
          -1,
          3.1391644483846903e-7,
          -4.748517312691547e-7,
          -1.879703
        ],
        [
          -4.7485175969086413e-7,
          0,
          0.999999,
          -8.925803172132873e-7
        ]
      ],
      "boundingbox": [
        [
          0.000307,
          -2.276593,
          -2.356233
        ],
        [
          12.565677,
          2.471054,
          3.004014
        ]
      ]
    }
  ],
  "boundingbox": [
    [
      -4.350756,
      0.000308,
      -2.356232
    ],
    [
      0.396889,
      12.565675,
      3.004011
    ]
  ]
}
