{"skeleton":[{"name":"root","parent":"root","initpos":[0.0,0.0,-0.0],"initquaternion":[0.707106,0.0,0.0,0.707106],"initscale":[1.0,0.999999,0.999999],"offmtx":[[1.0,0.0,0.0,0.0],[-0.0,0.0,1.0,0.0],[0.0,-1.0,0.0,0.0]],"boundingbox":[[-12.292378,-12.317196,-26.546035],[11.394547,12.317203,-0.000418]]}],"boundingbox":[[-12.29238,0.00042,-12.317199],[11.394545,26.546035,12.317197]]}