{
  "skeleton": [
    {
      "name": "root",
      "parent": "root",
      "initpos": [
        0,
        0,
        0
      ],
      "initquaternion": [
        0.707106,
        0,
        0,
        0.707106
      ],
      "initscale": [
        1,
        0.999999,
        0.999999
      ],
      "offmtx": [
        [
          1,
          0,
          0,
          0
        ],
        [
          0,
          0,
          0.999999,
          0
        ],
        [
          0,
          -0.999999,
          0,
          0
        ]
      ],
      "boundingbox": [
        [
          -0.563474,
          -3.966549,
          -13.169349
        ],
        [
          0.46267,
          6.294187,
          13.074766
        ]
      ]
    }
  ],
  "boundingbox": [
    [
      -0.563474,
      -13.074765,
      -3.966548
    ],
    [
      0.46267,
      13.169348,
      6.294186
    ]
  ]
}
