{
  "skeleton": [
    {
      "name": "root",
      "parent": "root",
      "initpos": [
        0,
        0,
        0
      ],
      "initquaternion": [
        0.707106,
        0,
        0,
        0.707106
      ],
      "initscale": [
        1,
        0.999999,
        0.999999
      ],
      "offmtx": [
        [
          1,
          0,
          0,
          0
        ],
        [
          0,
          1,
          0,
          0
        ],
        [
          0,
          0,
          1,
          0
        ]
      ],
      "boundingbox": [
        [
          0,
          0,
          0
        ],
        [
          0,
          0,
          0
        ]
      ]
    },
    {
      "name": "Bone005",
      "parent": "root",
      "initpos": [
        1.880296,
        0,
        0
      ],
      "initquaternion": [
        -0.499999,
        0.5,
        0.499999,
        0.5
      ],
      "initscale": [
        0.999999,
        0.999999,
        0.999999
      ],
      "offmtx": [
        [
          3.139165016818879e-7,
          1,
          0,
          -5.902562634219066e-7
        ],
        [
          -1,
          3.1391644483846903e-7,
          3.4371876722616435e-7,
          1.880297
        ],
        [
          3.437187956478738e-7,
          0,
          0.999999,
          -6.462934152295929e-7
        ]
      ],
      "boundingbox": [
        [
          0.000307,
          -2.470459,
          -2.356232
        ],
        [
          12.716661,
          2.277187,
          3.004014
        ]
      ]
    }
  ],
  "boundingbox": [
    [
      -0.396887,
      0.000308,
      -2.356231
    ],
    [
      4.350757,
      12.716658,
      3.004012
    ]
  ]
}
