{"skeleton":[{"name":"root","parent":"root","initpos":[0.0,0.0,-0.0],"initquaternion":[0.707106,0.0,0.0,0.707106],"initscale":[1.0,0.999999,0.999999],"offmtx":[[1.0,0.0,0.0,0.0],[0.0,1.0,0.0,0.0],[0.0,0.0,1.0,0.0]],"boundingbox":[[0.0,0.0,0.0],[0.0,0.0,0.0]]},{"name":"Bone004","parent":"root","initpos":[0.0,-1e-06,-26.275533],"initquaternion":[0.5,-0.499999,-0.5,-0.499999],"initscale":[1.0,1.0,1.0],"offmtx":[[1.6292068494294654e-07,0.999999,0.0,-26.275533],[-1.0,1.6292067073209182e-07,-1.604373522923197e-07,-4e-06],[-1.6043736650317442e-07,0.0,0.999999,1e-06]],"boundingbox":[[-2.307168,-5.794176,-5.279411],[11.476068,5.794174,7.260938]]}],"boundingbox":[[-5.794174,23.968366,-5.279418],[5.794175,37.751602,7.260931]]}