{
  "skeleton": [
    {
      "name": "root",
      "parent": "root",
      "initpos": [
        0,
        0,
        0
      ],
      "initquaternion": [
        0.707106,
        0,
        0,
        0.707106
      ],
      "initscale": [
        1,
        0.999999,
        0.999999
      ],
      "offmtx": [
        [
          1,
          0,
          0,
          0
        ],
        [
          0,
          1,
          0,
          0
        ],
        [
          0,
          0,
          1,
          0
        ]
      ],
      "boundingbox": [
        [
          0,
          0,
          0
        ],
        [
          0,
          0,
          0
        ]
      ]
    },
    {
      "name": "Bone002",
      "parent": "root",
      "initpos": [
        0,
        -0.000001,
        -12.089775
      ],
      "initquaternion": [
        0.5,
        -0.499999,
        -0.5,
        -0.499999
      ],
      "initscale": [
        1,
        1,
        1
      ],
      "offmtx": [
        [
          3.1391647326017846e-7,
          0.999999,
          0,
          -12.089775
        ],
        [
          -1,
          3.1391644483846903e-7,
          -4.976909053766576e-7,
          -0.000003
        ],
        [
          -4.976909622200765e-7,
          0,
          0.999999,
          0.000001
        ]
      ],
      "boundingbox": [
        [
          -0.932845,
          -4.34446,
          -3.759684
        ],
        [
          12.563877,
          4.876862,
          8.216393
        ]
      ]
    }
  ],
  "boundingbox": [
    [
      -4.876859,
      11.156931,
      -3.759688
    ],
    [
      4.344459,
      24.653648,
      8.216386
    ]
  ]
}
