{
  "skeleton": [
    {
      "name": "root",
      "parent": "root",
      "initpos": [
        0,
        0,
        0
      ],
      "initquaternion": [
        0.707106,
        0,
        0,
        0.707106
      ],
      "initscale": [
        1,
        0.999999,
        0.999999
      ],
      "offmtx": [
        [
          1,
          0,
          0,
          0
        ],
        [
          0,
          1,
          0,
          0
        ],
        [
          0,
          0,
          1,
          0
        ]
      ],
      "boundingbox": [
        [
          0,
          0,
          0
        ],
        [
          0,
          0,
          0
        ]
      ]
    },
    {
      "name": "Bone01",
      "parent": "root",
      "initpos": [
        0,
        0,
        0
      ],
      "initquaternion": [
        0.5,
        -0.499999,
        -0.5,
        -0.499999
      ],
      "initscale": [
        1,
        1,
        1
      ],
      "offmtx": [
        [
          2.427793219794694e-7,
          1,
          0,
          0
        ],
        [
          -1,
          2.427793219794694e-7,
          -1.808047187523698e-7,
          0
        ],
        [
          -1.808047187523698e-7,
          0,
          1,
          0
        ]
      ],
      "boundingbox": [
        [
          0.000425,
          -10.45296,
          -10.434062
        ],
        [
          17.06138,
          10.399351,
          10.427565
        ]
      ]
    },
    {
      "name": "Bind",
      "parent": "Bone01",
      "initpos": [
        10.746597,
        -0.75722,
        2.171296
      ],
      "initquaternion": [
        0,
        0,
        0,
        1
      ],
      "initscale": [
        1,
        1,
        1
      ],
      "offmtx": [
        [
          2.427793219794694e-7,
          1,
          0,
          -10.746597
        ],
        [
          -1,
          2.427793219794694e-7,
          -1.808047187523698e-7,
          0.75722
        ],
        [
          -1.808047187523698e-7,
          0,
          1,
          -2.171295
        ]
      ],
      "boundingbox": [
        [
          5.442456,
          7.416416,
          -9.305788
        ],
        [
          5.442456,
          7.416416,
          -9.305788
        ]
      ]
    }
  ],
  "boundingbox": [
    [
      -10.399349,
      0.000425,
      -10.43406
    ],
    [
      10.452962,
      17.061374,
      10.427566
    ]
  ]
}
