{
  "skeleton": [
    {
      "name": "root",
      "parent": "root",
      "initpos": [
        0,
        0,
        0
      ],
      "initquaternion": [
        0.707106,
        0,
        0,
        0.707106
      ],
      "initscale": [
        0.981016,
        0.981016,
        0.981016
      ],
      "offmtx": [
        [
          1,
          0,
          0,
          0
        ],
        [
          0,
          1,
          0,
          0
        ],
        [
          0,
          0,
          1,
          0
        ]
      ],
      "boundingbox": [
        [
          0,
          0,
          0
        ],
        [
          0,
          0,
          0
        ]
      ]
    },
    {
      "name": "Bone001",
      "parent": "root",
      "initpos": [
        0,
        0,
        0
      ],
      "initquaternion": [
        -0.499998,
        0.500001,
        0.499998,
        0.500001
      ],
      "initscale": [
        1.01935,
        1.01935,
        1.01935
      ],
      "offmtx": [
        [
          3.1391647326017846e-7,
          0.999999,
          0,
          0
        ],
        [
          -1,
          3.1391644483846903e-7,
          0.000006,
          0
        ],
        [
          0.000006,
          0,
          0.999999,
          5.960464477539062e-7
        ]
      ],
      "boundingbox": [
        [
          -14.055618,
          -7.020197,
          -3.064888
        ],
        [
          6.536914,
          7.020165,
          1.931153
        ]
      ]
    }
  ],
  "boundingbox": [
    [
      -7.020176,
      -14.055617,
      -3.064843
    ],
    [
      7.020176,
      6.536913,
      1.931146
    ]
  ]
}
