{
  "skeleton": [
    {
      "name": "root",
      "parent": "root",
      "initpos": [
        0,
        0,
        0
      ],
      "initquaternion": [
        0.707106,
        0,
        0,
        0.707106
      ],
      "initscale": [
        1,
        0.999999,
        0.999999
      ],
      "offmtx": [
        [
          1,
          0,
          0,
          0
        ],
        [
          0,
          1,
          0,
          0
        ],
        [
          0,
          0,
          1,
          0
        ]
      ],
      "boundingbox": [
        [
          0,
          0,
          0
        ],
        [
          0,
          0,
          0
        ]
      ]
    },
    {
      "name": "Bone002",
      "parent": "root",
      "initpos": [
        0,
        0,
        -2.793707
      ],
      "initquaternion": [
        0.5,
        -0.499999,
        -0.5,
        -0.499999
      ],
      "initscale": [
        1,
        1,
        1
      ],
      "offmtx": [
        [
          1.6292068494294654e-7,
          0.999999,
          0,
          -2.793707
        ],
        [
          -1,
          1.6292067073209182e-7,
          -1.9272283680038527e-7,
          -4.551527581497794e-7
        ],
        [
          -1.9272285101123998e-7,
          0,
          0.999999,
          0
        ]
      ],
      "boundingbox": [
        [
          -9.792063,
          -6.001762,
          -2.536479
        ],
        [
          6.207951,
          5.998239,
          3.963866
        ]
      ]
    }
  ],
  "boundingbox": [
    [
      -5.998238,
      -6.998354,
      -2.536479
    ],
    [
      6.001761,
      9.001658,
      3.963865
    ]
  ]
}
