{
  "skeleton": [
    {
      "name": "root",
      "parent": "root",
      "initpos": [
        0,
        0,
        0
      ],
      "initquaternion": [
        0.707106,
        0,
        0,
        0.707106
      ],
      "initscale": [
        1,
        0.999999,
        0.999999
      ],
      "offmtx": [
        [
          1,
          0,
          0,
          0
        ],
        [
          0,
          1,
          0,
          0
        ],
        [
          0,
          0,
          1,
          0
        ]
      ],
      "boundingbox": [
        [
          0,
          0,
          0
        ],
        [
          0,
          0,
          0
        ]
      ]
    },
    {
      "name": "Bone001",
      "parent": "root",
      "initpos": [
        0,
        0,
        0
      ],
      "initquaternion": [
        -0.49879,
        0.501206,
        0.501206,
        0.49879
      ],
      "initscale": [
        0.999999,
        0.999999,
        0.999999
      ],
      "offmtx": [
        [
          -0.004832,
          0.999988,
          0,
          0
        ],
        [
          -0.999988,
          -0.004832,
          0,
          0
        ],
        [
          0,
          0,
          0.999999,
          0
        ]
      ],
      "boundingbox": [
        [
          -5.949237,
          -1.982998,
          -1.234748
        ],
        [
          17.244701,
          1.841322,
          3.542233
        ]
      ]
    }
  ],
  "boundingbox": [
    [
      -1.887701,
      -5.948453,
      -1.23475
    ],
    [
      1.932987,
      17.243223,
      3.542232
    ]
  ]
}
