{"skeleton":[{"name":"root","parent":"root","initpos":[0.0,0.0,-0.0],"initquaternion":[0.707106,0.0,0.0,0.707106],"initscale":[1.0,0.999999,0.999999],"offmtx":[[1.0,0.0,0.0,0.0],[0.0,1.0,0.0,0.0],[0.0,0.0,1.0,0.0]],"boundingbox":[[0.0,0.0,0.0],[0.0,0.0,0.0]]},{"name":"Bone002","parent":"root","initpos":[6.897217,-9.4942100758999e-07,-12.190376],"initquaternion":[-0.499999,0.5,0.499999,0.5],"initscale":[1.0,1.0,1.0],"offmtx":[[3.1391647326017846e-07,0.999999,0.0,-12.190378],[-1.0,3.1391644483846903e-07,3e-06,6.897213],[3e-06,-0.0,0.999999,-2.4e-05]],"boundingbox":[[-0.364187,-1.421113,-2.223602],[3.983431,3.11555,2.223598]]}],"boundingbox":[[3.781675,11.826189,-2.223594],[8.318323,16.173807,2.22359]]}