{"skeleton":[{"name":"root","parent":"root","initpos":[0.0,0.0,-0.0],"initquaternion":[0.707106,0.0,0.0,0.707106],"initscale":[1.0,0.999999,0.999999],"offmtx":[[1.0,0.0,0.0,0.0],[0.0,1.0,0.0,0.0],[0.0,0.0,1.0,0.0]],"boundingbox":[[0.0,0.0,0.0],[0.0,0.0,0.0]]},{"name":"Bone003","parent":"root","initpos":[-7.208261,-9.4942100758999e-07,-18.126564],"initquaternion":[-0.499999,0.5,0.499999,0.5],"initscale":[1.0,1.0,1.0],"offmtx":[[3.1391647326017846e-07,0.999999,0.0,-18.126562],[-1.0,3.1391644483846903e-07,3e-06,-7.208267],[3e-06,-0.0,0.999999,2.7e-05]],"boundingbox":[[-0.317915,-3.508269,-2.8],[9.282083,1.391751,2.800008]]}],"boundingbox":[[-8.6,17.808649,-2.8],[-3.699999,27.408645,2.799999]]}