{"skeleton":[{"name":"root","parent":"root","initpos":[0.0,0.0,-0.0],"initquaternion":[0.707106,0.0,0.0,0.707106],"initscale":[1.0,0.999999,0.999999],"offmtx":[[1.0,0.0,0.0,0.0],[0.0,1.0,0.0,0.0],[0.0,0.0,1.0,0.0]],"boundingbox":[[0.0,0.0,0.0],[0.0,0.0,0.0]]},{"name":"Bone006","parent":"root","initpos":[2.576999,-9.4942100758999e-07,-3.282421],"initquaternion":[-0.499999,0.5,0.499999,0.5],"initscale":[1.0,1.0,1.0],"offmtx":[[3.1391647326017846e-07,0.999999,0.0,-3.282421],[-1.0,3.1391644483846903e-07,3e-06,2.576998],[3e-06,-0.0,0.999999,-8e-06]],"boundingbox":[[0.217579,-1.673007,-2.351771],[4.717578,2.877009,4.300008]]}],"boundingbox":[[-0.3,3.499999,-2.351767],[4.25,7.999999,4.299999]]}