{"skeleton":[{"name":"root","parent":"root","initpos":[0.0,0.0,-0.0],"initquaternion":[0.707106,0.0,0.0,0.707106],"initscale":[1.0,0.999999,0.999999],"offmtx":[[1.0,0.0,0.0,0.0],[0.0,1.0,0.0,0.0],[0.0,0.0,1.0,0.0]],"boundingbox":[[0.0,0.0,0.0],[0.0,0.0,0.0]]},{"name":"Bone005","parent":"root","initpos":[-2.576579,-9.4942100758999e-07,-3.282421],"initquaternion":[-0.499999,0.5,0.499999,0.5],"initscale":[1.0,1.0,1.0],"offmtx":[[3.1391647326017846e-07,0.999999,0.0,-3.28242],[-1.0,3.1391644483846903e-07,3e-06,-2.57658],[3e-06,-0.0,0.999999,1e-05]],"boundingbox":[[0.217578,-2.876586,-2.353293],[4.717577,1.673437,4.299996]]}],"boundingbox":[[-4.25,3.499999,-2.353293],[0.3,7.999999,4.299999]]}