{
  "mesh": [
    {
      "material": "2024s3/",
      "indices": [
        [
          3,
          1,
          0
        ],
        [
          3,
          2,
          1
        ],
        [
          11,
          2,
          3
        ],
        [
          2,
          4,
          1
        ],
        [
          2,
          5,
          4
        ],
        [
          11,
          10,
          2
        ],
        [
          10,
          5,
          2
        ],
        [
          16,
          10,
          11
        ],
        [
          10,
          12,
          5
        ],
        [
          16,
          15,
          10
        ],
        [
          15,
          12,
          10
        ],
        [
          5,
          7,
          6
        ],
        [
          5,
          6,
          4
        ],
        [
          12,
          7,
          5
        ],
        [
          12,
          13,
          7
        ],
        [
          15,
          17,
          12
        ],
        [
          17,
          13,
          12
        ],
        [
          21,
          20,
          15
        ],
        [
          21,
          15,
          16
        ],
        [
          20,
          17,
          15
        ],
        [
          17,
          18,
          13
        ],
        [
          20,
          22,
          17
        ],
        [
          22,
          18,
          17
        ],
        [
          13,
          14,
          9
        ],
        [
          13,
          9,
          7
        ],
        [
          18,
          14,
          13
        ],
        [
          18,
          19,
          14
        ],
        [
          22,
          23,
          18
        ],
        [
          23,
          19,
          18
        ],
        [
          23,
          24,
          19
        ],
        [
          7,
          9,
          8
        ],
        [
          7,
          8,
          6
        ]
      ],
      "vertices": [
        {
          "pos": [
            -0.05,
            0,
            -0.049999
          ],
          "normal": [
            0,
            0.999999,
            0
          ],
          "uvcoord": [
            0,
            1
          ],
          "weight": [
            [
              "Bone001",
              1
            ]
          ]
        },
        {
          "pos": [
            -0.025,
            0,
            -0.049999
          ],
          "normal": [
            0,
            0.999999,
            0
          ],
          "uvcoord": [
            0.025,
            1
          ],
          "weight": [
            [
              "Bone001",
              1
            ]
          ]
        },
        {
          "pos": [
            -0.025,
            0,
            -0.024999
          ],
          "normal": [
            0,
            0.999999,
            0
          ],
          "uvcoord": [
            0.025,
            0.975
          ],
          "weight": [
            [
              "Bone001",
              1
            ]
          ]
        },
        {
          "pos": [
            -0.05,
            0,
            -0.024999
          ],
          "normal": [
            0,
            0.999999,
            0
          ],
          "uvcoord": [
            0,
            0.975
          ],
          "weight": [
            [
              "Bone001",
              1
            ]
          ]
        },
        {
          "pos": [
            0,
            0,
            -0.049999
          ],
          "normal": [
            0,
            0.999999,
            0
          ],
          "uvcoord": [
            0.05,
            1
          ],
          "weight": [
            [
              "Bone001",
              1
            ]
          ]
        },
        {
          "pos": [
            0,
            0,
            -0.024999
          ],
          "normal": [
            0,
            0.999999,
            0
          ],
          "uvcoord": [
            0.05,
            0.975
          ],
          "weight": [
            [
              "Bone001",
              1
            ]
          ]
        },
        {
          "pos": [
            0.025,
            0,
            -0.049999
          ],
          "normal": [
            0,
            0.999999,
            0
          ],
          "uvcoord": [
            0.075,
            1
          ],
          "weight": [
            [
              "Bone001",
              1
            ]
          ]
        },
        {
          "pos": [
            0.025,
            0,
            -0.024999
          ],
          "normal": [
            0,
            0.999999,
            0
          ],
          "uvcoord": [
            0.075,
            0.975
          ],
          "weight": [
            [
              "Bone001",
              1
            ]
          ]
        },
        {
          "pos": [
            0.05,
            0,
            -0.049999
          ],
          "normal": [
            0,
            0.999999,
            0
          ],
          "uvcoord": [
            0.1,
            1
          ],
          "weight": [
            [
              "Bone001",
              1
            ]
          ]
        },
        {
          "pos": [
            0.05,
            0,
            -0.024999
          ],
          "normal": [
            0,
            0.999999,
            0
          ],
          "uvcoord": [
            0.1,
            0.975
          ],
          "weight": [
            [
              "Bone001",
              1
            ]
          ]
        },
        {
          "pos": [
            -0.025,
            0,
            0
          ],
          "normal": [
            0,
            0.999999,
            0
          ],
          "uvcoord": [
            0.025,
            0.949999
          ],
          "weight": [
            [
              "Bone001",
              1
            ]
          ]
        },
        {
          "pos": [
            -0.05,
            0,
            0
          ],
          "normal": [
            0,
            0.999999,
            0
          ],
          "uvcoord": [
            0,
            0.949999
          ],
          "weight": [
            [
              "Bone001",
              1
            ]
          ]
        },
        {
          "pos": [
            0,
            0,
            0
          ],
          "normal": [
            0,
            0.999999,
            0
          ],
          "uvcoord": [
            0.05,
            0.949999
          ],
          "weight": [
            [
              "Bone001",
              1
            ]
          ]
        },
        {
          "pos": [
            0.025,
            0,
            0
          ],
          "normal": [
            0,
            0.999999,
            0
          ],
          "uvcoord": [
            0.075,
            0.949999
          ],
          "weight": [
            [
              "Bone001",
              1
            ]
          ]
        },
        {
          "pos": [
            0.05,
            0,
            0
          ],
          "normal": [
            0,
            0.999999,
            0
          ],
          "uvcoord": [
            0.1,
            0.949999
          ],
          "weight": [
            [
              "Bone001",
              1
            ]
          ]
        },
        {
          "pos": [
            -0.025,
            0,
            0.024999
          ],
          "normal": [
            0,
            0.999999,
            0
          ],
          "uvcoord": [
            0.025,
            0.925
          ],
          "weight": [
            [
              "Bone001",
              1
            ]
          ]
        },
        {
          "pos": [
            -0.05,
            0,
            0.024999
          ],