{
  "frameeffect": {
    "blend_mode": 2,
    "cylinder_enable": false,
    "delay": 0,
    "delay_in_loop": false,
    "depth_test": true,
    "face_camera": true,
    "fade_distance": 0,
    "first_person_enable": false,
    "fps": 15,
    "frame_color": [
      [
        1,
        1,
        1,
        0.5466666666666666
      ],
      [
        1,
        1,
        1,
        0.8533333333333333
      ],
      [
        1,
        1,
        1,
        0.7466666666666666
      ],
      [
        1,
        1,
        1,
        0.92
      ],
      [
        1,
        1,
        1,
        1
      ],
      [
        1,
        1,
        1,
        0.9666666666666667
      ],
      [
        1,
        1,
        1,
        0.8866666666666667
      ],
      [
        1,
        1,
        1,
        0.6599999999999999
      ],
      [
        1,
        1,
        1,
        0.5466666666666666
      ]
    ],
    "layer": 1,
    "lerp_scale": true,
    "loop": true,
    "point_filtering": false,
    "rot_speed": [
      0,
      0,
      0
    ],
    "scale": [
      0.4,
      0.4,
      1
    ],
    "shuffle": false,
    "sub_layer": 0,
    "tex_repeat_num": [
      1,
      1
    ],
    "texture": "textures/sfxs/2025s1/ss_s3kjys_weaponA_gy"
  }
}
