{"skeleton":[{"name":"root","parent":"root","initpos":[0.0,0.0,-0.0],"initquaternion":[0.707106,0.0,0.0,0.707106],"initscale":[1.0,1.0,1.0],"offmtx":[[1.0,0.0,0.0,0.0],[0.0,1.0,0.0,0.0],[0.0,0.0,1.0,0.0]],"boundingbox":[[0.0,0.0,0.0],[0.0,0.0,0.0]]},{"name":"Bone006","parent":"root","initpos":[-3.181,-3.4080386512869154e-07,-8.881082],"initquaternion":[-0.50389,0.496078,0.496078,0.50389],"initscale":[0.999999,0.999999,1.0],"offmtx":[[0.015623,0.999878,-1.189667528933569e-07,-8.8303],[-0.999878,0.015623,-0.0,-3.319368],[-0.0,1.198824861603498e-07,1.0,-8.599476473136747e-07]],"boundingbox":[[-0.296085,-1.069563,-2.585385],[2.876767,1.113561,2.58539]]}],"boundingbox":[[-4.25,8.601664,-2.585387],[-2.115672,11.741552,2.585388]]}