{
  "skeleton": [
    {
      "name": "root",
      "parent": "root",
      "initpos": [
        0,
        0,
        0
      ],
      "initquaternion": [
        0.707106,
        0,
        0,
        0.707106
      ],
      "initscale": [
        1,
        1,
        1
      ],
      "offmtx": [
        [
          1,
          0,
          0,
          0
        ],
        [
          0,
          1,
          0,
          0
        ],
        [
          0,
          0,
          1,
          0
        ]
      ],
      "boundingbox": [
        [
          0,
          0,
          0
        ],
        [
          0,
          0,
          0
        ]
      ]
    },
    {
      "name": "Bone002",
      "parent": "root",
      "initpos": [
        1.899999,
        0,
        0.25
      ],
      "initquaternion": [
        -0.500239,
        0.49976,
        0.499745,
        0.500254
      ],
      "initscale": [
        1,
        1,
        1
      ],
      "offmtx": [
        [
          0.000989,
          0.999999,
          0,
          0.24812
        ],
        [
          -0.999999,
          0.000989,
          0.000071,
          1.900246
        ],
        [
          0.000071,
          0,
          1,
          -0.000136
        ]
      ],
      "boundingbox": [
        [
          -0.002225,
          -2.250161,
          -2.250161
        ],
        [
          5.212573,
          2.255071,
          2.250161
        ]
      ]
    }
  ],
  "boundingbox": [
    [
      -0.35,
      -0.25,
      -2.25
    ],
    [
      4.150001,
      4.960349,
      2.25
    ]
  ]
}
