{
  "skeleton": [
    {
      "name": "root",
      "parent": "root",
      "initpos": [
        0,
        0,
        0
      ],
      "initquaternion": [
        0.707106,
        0,
        0,
        0.707106
      ],
      "initscale": [
        1,
        1,
        1
      ],
      "offmtx": [
        [
          1,
          0,
          0,
          0
        ],
        [
          0,
          1,
          0,
          0
        ],
        [
          0,
          0,
          1,
          0
        ]
      ],
      "boundingbox": [
        [
          0,
          0,
          0
        ],
        [
          0,
          0,
          0
        ]
      ]
    },
    {
      "name": "Bone005",
      "parent": "root",
      "initpos": [
        3.181227,
        -4.3560842755141493e-7,
        -8.881082
      ],
      "initquaternion": [
        -0.496078,
        0.503891,
        0.50389,
        0.496079
      ],
      "initscale": [
        1,
        1,
        1
      ],
      "offmtx": [
        [
          -0.015624,
          0.999877,
          0,
          -8.830294
        ],
        [
          -0.999877,
          -0.015624,
          0.000001,
          3.319597
        ],
        [
          0.000001,
          1.2038162822136655e-7,
          1,
          -0.000006
        ]
      ],
      "boundingbox": [
        [
          -0.296081,
          -1.113339,
          -2.585388
        ],
        [
          2.8765,
          1.052515,
          2.58539
        ]
      ]
    }
  ],
  "boundingbox": [
    [
      2.132952,
      8.601664,
      -2.585388
    ],
    [
      4.250001,
      11.741552,
      2.585386
    ]
  ]
}
