{"skeleton":[{"name":"root","parent":"root","initpos":[0.0,0.0,-0.0],"initquaternion":[0.707106,0.0,0.0,0.707106],"initscale":[1.0,1.0,1.0],"offmtx":[[1.0,0.0,0.0,0.0],[0.0,1.0,0.0,0.0],[0.0,0.0,1.0,0.0]],"boundingbox":[[0.0,0.0,0.0],[0.0,0.0,0.0]]},{"name":"Bone001","parent":"root","initpos":[-1.903276,0.0,0.196968],"initquaternion":[-0.500549,0.49945,0.499423,0.500575],"initscale":[1.0,1.0,1.0],"offmtx":[[0.00225,0.999997,-0.0,0.201251],[-0.999997,0.00225,2e-05,-1.902828],[2e-05,0.0,1.0,3.9e-05]],"boundingbox":[[-0.058087,-2.253437,-2.250046],[5.162376,2.2583,2.250047]]}],"boundingbox":[[-4.150001,-0.25,-2.25],[0.35,4.960349,2.250001]]}