{
  "skeleton": [
    {
      "name": "root",
      "parent": "root",
      "initpos": [
        0,
        0,
        0
      ],
      "initquaternion": [
        0.707106,
        0,
        0,
        0.707106
      ],
      "initscale": [
        1.25,
        1.249999,
        1.249999
      ],
      "offmtx": [
        [
          1,
          0,
          0,
          0
        ],
        [
          0,
          1,
          0,
          0
        ],
        [
          0,
          0,
          1,
          0
        ]
      ],
      "boundingbox": [
        [
          0,
          0,
          0
        ],
        [
          0,
          0,
          0
        ]
      ]
    },
    {
      "name": "Bone001",
      "parent": "root",
      "initpos": [
        0,
        -0.258587,
        -3.760741
      ],
      "initquaternion": [
        0.5,
        -0.499999,
        -0.5,
        -0.499999
      ],
      "initscale": [
        1,
        1,
        1
      ],
      "offmtx": [
        [
          1.966050007240483e-7,
          0.799999,
          0,
          -3.760742
        ],
        [
          -0.8,
          1.9660498651319358e-7,
          -3.8146970382513246e-7,
          0
        ],
        [
          -3.814697322468419e-7,
          0,
          0.799999,
          0.25859
        ]
      ],
      "boundingbox": [
        [
          -2.686988,
          -2.251384,
          -0.900123
        ],
        [
          6.957964,
          2.252197,
          0.873451
        ]
      ]
    },
    {
      "name": "Bone002",
      "parent": "Bone001",
      "initpos": [
        4.290919,
        -6.994326895437553e-7,
        -1.7881393432617188e-7
      ],
      "initquaternion": [
        0,
        0,
        -0.002645,
        0.999996
      ],
      "initscale": [
        0.999999,
        0.999999,
        1
      ],
      "offmtx": [
        [
          0.004232,
          0.799988,
          0,
          -8.051548
        ],
        [
          -0.799988,
          0.004232,
          -0.000009,
          -0.042606
        ],
        [
          -0.000009,
          0,
          0.799999,
          0.25859
        ]
      ],
      "boundingbox": [
        [
          -0.026495,
          -2.831504,
          -2.823753
        ],
        [
          7.771387,
          2.869094,
          2.699157
        ]
      ]
    },
    {
      "name": "Bone005",
      "parent": "Bone001",
      "initpos": [
        3.314976,
        2.134549,
        0.016783
      ],
      "initquaternion": [
        -0.006065,
        0.000557,
        0.99578,
        0.091563
      ],
      "initscale": [
        1,
        0.999999,
        1
      ],
      "offmtx": [
        [
          -0.145878,
          -0.786526,
          -0.009745,
          6.564375
        ],
        [
          0.786585,
          -0.145889,
          9.405608238921559e-7,
          3.389095
        ],
        [
          -0.001778,
          -0.009582,
          0.79994,
          0.321792
        ]
      ],
      "boundingbox": [
        [
          -0.060046,
          -0.829433,
          -0.546897
        ],
        [
          3.779431,
          0.572216,
          0.586265
        ]
      ]
    },
    {
      "name": "Bone006",
      "parent": "Bone001",
      "initpos": [
        3.314976,
        -2.134999,
        0.016781
      ],
      "initquaternion": [
        -0.091563,
        0.99578,
        0.000558,
        0.006065
      ],
      "initscale": [
        1,
        0.999999,
        0.999999
      ],
      "offmtx": [
        [
          0.145878,
          -0.786526,
          -0.009745,
          6.564293
        ],
        [
          -0.786585,
          -0.145889,
          0.000001,
          3.389537
        ],
        [
          -0.001778,
          0.009582,
          -0.79994,
          -0.321792
        ]
      ],
      "boundingbox": [
        [
          -0.060129,
          -0.828994,
          -0.586257
        ],
        [
          3.779349,
          0.572658,
          0.546905
        ]
      ]
    },
    {
      "name": "Bone003",
      "parent": "Bone001",
      "initpos": [
        -1.04742,
        1.111714,
        0.057187
      ],
      "initquaternion": [
        0,
        -2.384185791015625e-7,
        1,
        -1.9470718370939721e-7
      ],
      "initscale": [
        1.249999,
        1.249999,
        1.25
      ],
      "offmtx": [
        [
          1.3486993566402816e-7,
          -0.799999,
          0,
          2.713321
        ],
        [
          0.8,
          1.3486992145317345e-7,
          0,
          1.111713
        ],
        [
          0,
          0,
          0.799999,
          0.2014
        ]
      ],
      "boundingbox": [
        [
          0.032094,
          -0.767387,
          -0.576583
        ],
        [
          2.712213,
          0.306331,
          0.499786
        ]
      ]
    },
    {
      "name": "Bone004",
      "parent": "Bone001",
      "initpos": [
        -1.04742,
        -1.067957,
        0.057186
      ],
      "initquaternion": [
        0,
        -2.384185791015625e-7,
        1,
        -1.9470718370939721e-7
      ],
      "initscale": [
        1.249999,
        1.249999,
        1.25
      ],
      "offmtx": [
        [
          1.3486993566402816e-7,
          -0.799999,
          0,
          2.713321
        ],
        [
          0.8,
          1.3486992145317345e-7,
          0,
          -1.067958
        ],
        [
          0,
          0,
          0.799999,
          0.2014
        ]
      ],
      "boundingbox": [
        [
          0.032094,
          -0.263656,
          -0.576583
        ],
        [
          2.712214,
          0.810085,
          0.499786
        ]
      ]
    },
    {
      "name": "Bone010",
      "parent": "Bone001",
      "initpos": [
        2.047703,
        0.050807,
        3.036483
      ],
      "initquaternion": [
        2.453311651606782e-7,
        0,
        0.422802,
        0.906221
      ],
      "initscale": [
        1,
        1,
        1
      ],
      "offmtx": [
        [
          -0.613044,
          0.51398,
          0,
          -3.770721
        ],
        [
          -0.51398,
          -0.613044,
          0,
          4.418401
        ],
        [
          0,
          0,
          0.799999,
          -2.777893
        ]
      ],
      "boundingbox": [
        [
          -3.293972,
          -7.341857,
          -0.159294
        ],
        [
          4.542987,
          3.151447,
          0.520713
        ]
      ]
    }
  ],
  "boundingbox": [
    [
      -6.195533,
      0.00137,
      -3.852898
    ],
    [
      7.707405,
      19.762395,
      4.123252
    ]
  ]
}
