{
  "skeleton": [
    {
      "name": "root",
      "parent": "root",
      "initpos": [
        0,
        0,
        0
      ],
      "initquaternion": [
        0.707106,
        0,
        0,
        0.707106
      ],
      "initscale": [
        1,
        0.999999,
        0.999999
      ],
      "offmtx": [
        [
          1,
          0,
          0,
          0
        ],
        [
          0,
          1,
          0,
          0
        ],
        [
          0,
          0,
          1,
          0
        ]
      ],
      "boundingbox": [
        [
          0,
          0,
          0
        ],
        [
          0,
          0,
          0
        ]
      ]
    },
    {
      "name": "Bone001",
      "parent": "root",
      "initpos": [
        1.7821179199017934e-7,
        -0.998657,
        -2.988438
      ],
      "initquaternion": [
        1.2644053981603065e-7,
        0.707106,
        -1.2644052560517594e-7,
        0.707106
      ],
      "initscale": [
        1,
        1,
        0.999999
      ],
      "offmtx": [
        [
          0,
          0.999999,
          0,
          -2.988437
        ],
        [
          0,
          0,
          0.999999,
          0.998657
        ],
        [
          1,
          0,
          0,
          0
        ]
      ],
      "boundingbox": [
        [
          -0.041038,
          -1.190308,
          -1.994863
        ],
        [
          4.02316,
          1.581191,
          2.005236
        ]
      ]
    },
    {
      "name": "Bone004",
      "parent": "Bone001",
      "initpos": [
        4.236576,
        0.017645,
        2.483798
      ],
      "initquaternion": [
        0,
        0,
        1,
        3.1391647326017846e-7
      ],
      "initscale": [
        0.999999,
        0.999999,
        1
      ],
      "offmtx": [
        [
          5.420059210337058e-7,
          -0.999999,
          0,
          7.225014
        ],
        [
          -1.4305913964562933e-7,
          0,
          -1,
          -0.981011
        ],
        [
          1,
          5.42005864190287e-7,
          -1.4305909701306518e-7,
          -2.483802
        ]
      ],
      "boundingbox": [
        [
          0.213416,
          -0.558645,
          -0.481863
        ],
        [
          4.210416,
          0.790155,
          0.647237
        ]
      ]
    },
    {
      "name": "Bone003",
      "parent": "Bone001",
      "initpos": [
        4.236575,
        0.017645,
        -2.395745
      ],
      "initquaternion": [
        0,
        0,
        1,
        3.1391647326017846e-7
      ],
      "initscale": [
        0.999999,
        0.999999,
        1
      ],
      "offmtx": [
        [
          5.420059210337058e-7,
          -0.999999,
          0,
          7.225015
        ],
        [
          -1.4305913964562933e-7,
          0,
          -1,
          -0.981012
        ],
        [
          1,
          5.42005864190287e-7,
          -1.4305909701306518e-7,
          2.39574
        ]
      ],
      "boundingbox": [
        [
          0.213414,
          -0.558645,
          -0.653419
        ],
        [
          4.210415,
          0.790154,
          0.475581
        ]
      ]
    },
    {
      "name": "Bone002",
      "parent": "Bone001",
      "initpos": [
        4.030356,
        0.017646,
        0.103816
      ],
      "initquaternion": [
        0,
        0,
        0,
        1
      ],
      "initscale": [
        0.999999,
        0.999999,
        1
      ],
      "offmtx": [
        [
          0,
          0.999999,
          0,
          -7.018795
        ],
        [
          -0.000017,
          0,
          1,
          0.981013
        ],
        [
          1,
          0,
          0.000017,
          -0.103798
        ]
      ],
      "boundingbox": [
        [
          -0.007196,
          -3.393352,
          -4.970706
        ],
        [
          7.488403,
          3.916323,
          4.742895
        ]
      ]
    },
    {
      "name": "Bone006",
      "parent": "Bone001",
      "initpos": [
        0.000288,
        0.017646,
        1.009585
      ],
      "initquaternion": [
        0,
        0,
        1,
        3.1391647326017846e-7
      ],
      "initscale": [
        0.999999,
        0.999999,
        1
      ],
      "offmtx": [
        [
          5.420059210337058e-7,
          -0.999999,
          0,
          2.988725
        ],
        [
          -1.4305913964562933e-7,
          0,
          -1,
          -0.981011
        ],
        [
          1,
          5.42005864190287e-7,
          -1.4305909701306518e-7,
          -1.009588
        ]
      ],
      "boundingbox": [
        [
          -0.026773,
          -1.134244,
          -1.004349
        ],
        [
          2.972126,
          1.497856,
          1.344049
        ]
      ]
    },
    {
      "name": "Bone005",
      "parent": "Bone001",
      "initpos": [
        0.000287,
        0.017646,
        -1.000412
      ],
      "initquaternion": [
        0,
        0,
        1,
        3.1391647326017846e-7
      ],
      "initscale": [
        0.999999,
        0.999999,
        1
      ],
      "offmtx": [
        [
          5.420059210337058e-7,
          -0.999999,
          0,
          2.988726
        ],
        [
          -1.4305913964562933e-7,
          0,
          -1,
          -0.981011
        ],
        [
          1,
          5.42005864190287e-7,
          -1.4305909701306518e-7,
          1.000409
        ]
      ],
      "boundingbox": [
        [
          -0.026773,
          -1.134244,
          -1.343553
        ],
        [
          2.972126,
          1.497856,
          1.488918
        ]
      ]
    },
    {
      "name": "Bone007",
      "parent": "Bone001",
      "initpos": [
        0.550967,
        1.014162,
        -0.000002
      ],
      "initquaternion": [
        -2.3040459495859977e-7,
        1.067701660417697e-7,
        0.707106,
        0.707106
      ],
      "initscale": [
        1,
        0.999999,
        1
      ],
      "offmtx": [
        [
          4.3774147684416675e-7,
          0,
          0.999999,
          -0.015504
        ],
        [
          -1.74845538936097e-7,
          -0.999999,
          0,
          3.539406
        ],
        [
          1,
          -1.7484552472524229e-7,
          -4.377414484224573e-7,
          0.000001
        ]
      ],
      "boundingbox": [
        [
          -0.112371,
          -0.473892,
          -0.492961
        ],
        [
          1.387628,
          0.525207,
          0.507038
        ]
      ]
    },
    {
      "name": "Bone008",
      "parent": "Bone007",
      "initpos": [
        1.774734,
        0,
        0
      ],
      "initquaternion": [
        0,
        0,
        0,
        1
      ],
      "initscale": [
        1,
        1,
        1
      ],
      "offmtx": [
        [
          3.84854956791969e-7,
          0,
          0.999999,
          -1.790239
        ],
        [
          -1.74845538936097e-7,
          -0.999999,
          0,
          3.539406
        ],
        [
          1,
          -1.7484552472524229e-7,
          -3.848549283702596e-7,
          0.000002
        ]
      ],
      "boundingbox": [
        [
          -0.387105,
          -0.473892,
          -0.492961
        ],
        [
          1.112895,
          0.525207,
          0.507039
        ]
      ]
    },
    {
      "name": "Bone009",
      "parent": "Bone008",
      "initpos": [
        1.513535,
        -0.000003,
        0
      ],
      "initquaternion": [
        0,
        0,
        0,
        1
      ],
      "initscale": [
        0.999999,
        0.999999,
        1
      ],