{"mesh":[{"material":"2022s2/2022s2_yx_tnt_slime_horse","indices":[1,2,3,6,1,3,6,3,17,1,0,2,0,1,7,0,4,2,0,5,4,0,7,18,5,8,4,5,19,8,9,10,20,9,21,10,11,12,22,11,23,12,13,14,24,13,25,14,15,16,26,15,27,16],"vertices":[6,7,0,0,7,8,5,0,3,4,4,0,2,3,3,0,4,5,8,0,5,6,1,0,1,2,7,4,1,2,11,4,0,1,9,0,4,5,12,0,2,3,0,0,11,0,16,1,9,0,14,1,15,0,20,2,13,0,18,2,19,0,24,3,17,0,22,3,0,1,6,0,5,6,2,0,1,2,10,4,3,4,1,0,0,1,2,0,8,0,13,1,10,0,15,1,12,0,17,2,14,0,19,2,16,0,21,3,18,0,23,3],"fields":["pos","normal","uvcoord","weight"],"poses":[-8.0628,0.0,8.0628,-8.0628,16.1256,8.0628,-8.06281,-0.0,-8.0628,8.0628,-0.0,-8.0628,8.06281,0.0,8.0628,8.06281,16.1256,8.0628,8.0628,16.1256,-8.06281,-8.06281,16.1256,-8.0628,-1e-06,4.0314,-8.16649,1.00785,4.0314,-8.16649,1.00785,5.03925,-8.16649,-1e-06,5.03925,-8.16649,2.0157,6.0471,-8.16649,5.03925,6.0471,-8.16649,5.03925,9.07065,-8.16649,2.0157,9.07065,-8.16649,-2.0157,9.07065,-8.16649,-5.03925,9.07065,-8.16649,-5.03925,6.0471,-8.16649,-2.0157,6.0471,-8.16649],"normals":[0.0,-0.0,-1.0,-0.5774,-0.5774,0.5774,-0.5774,0.5774,0.5774,-0.5774,-0.5774,-0.5774,0.5774,-0.5774,-0.5774,0.5774,-0.5774,0.5774,0.5774,0.5774,0.5774,0.5774,0.5774,-0.5774,-0.5774,0.5774,-0.5774],"uvcoords":[0.25,0.875,0.375,0.875,0.25,0.75,0.125,1.0,0.25,1.0,0.125,0.875,0.0,1.0,0.0,0.875,0.375,1.0,0.5,1.0,0.5,0.875,0.125,0.75,0.375,0.75,0.1875,0.6641,0.1953,0.6641,0.1953,0.6562,0.1875,0.6562,0.2031,0.6484,0.2266,0.6484,0.2266,0.625,0.2031,0.625,0.1719,0.625,0.1484,0.625,0.1484,0.6484,0.1719,0.6484],"weights":["Bone001",1.0,"Bone003",1.0,"Bone004",1.0,"Bone002",1.0,"Bind",1.0],"colors":[]}],"version":"0.1.0"}