{
  "mesh": [
    {
      "material": "2022s2/cs_sun_skinA_01",
      "indices": [
        0,
        6,
        3,
        0,
        3,
        4,
        3,
        10,
        4,
        0,
        11,
        6,
        12,
        0,
        7,
        0,
        4,
        7,
        1,
        8,
        2,
        5,
        1,
        2,
        5,
        2,
        9,
        2,
        13,
        9,
        1,
        14,
        8,
        5,
        15,
        1
      ],
      "vertices": [
        3,
        0,
        6,
        7,
        0,
        9,
        1,
        0,
        1,
        0,
        6,
        1,
        6,
        7,
        0,
        0,
        0,
        0,
        1,
        0,
        12,
        0,
        12,
        13,
        0,
        11,
        1,
        12,
        13,
        0,
        1,
        0,
        2,
        3,
        0,
        4,
        0,
        8,
        9,
        0,
        7,
        1,
        4,
        5,
        0,
        10,
        1,
        8,
        9,
        0,
        15,
        0,
        14,
        15,
        0,
        2,
        0,
        4,
        5,
        0,
        5,
        0,
        10,
        11,
        0,
        13,
        1,
        10,
        11,
        0,
        8,
        1,
        2,
        3,
        0,
        14,
        1,
        14,
        15,
        0
      ],
      "fields": [
        "pos",
        "normal",
        "uvcoord",
        "uvcoord",
        "weight"
      ],
      "poses": [
        0.047096,
        23.2057,
        0.000002,
        0.54681,
        23.1887,
        0.000002,
        0.614643,
        25.1876,
        0.000001,
        0.114929,
        25.2045,
        0.000002,
        -0.333909,
        26.7206,
        0.000002,
        0.165802,
        26.7037,
        0,
        0.114929,
        25.2045,
        0.000642,
        0.614643,
        25.1876,
        0.000642,
        0.54681,
        23.1887,
        0.000642,
        0.047096,
        23.2057,
        0.000643,
        -0.333909,
        26.7206,
        0.000643,
        -0.469573,
        22.7229,
        0.000643,
        -0.469573,
        22.7229,
        0.000002,
        0.165802,
        26.7037,
        0.00064,
        0.03014,
        22.706,
        0.000643,
        0.03014,
        22.706,
        0.000002
      ],
      "normals": [
        0,
        0,
        -1,
        0,
        0,
        1
      ],
      "uvcoords": [
        0.6875,
        0.9219,
        0.5328,
        1.2369,
        0.7031,
        0.9219,
        0.5484,
        1.2369,
        0.7031,
        0.8594,
        0.5484,
        1.1744,
        0.6875,
        0.8594,
        0.5328,
        1.1744,
        0.6719,
        0.8125,
        0.5172,
        1.1275,
        0.6875,
        0.8125,
        0.5328,
        1.1275,
        0.6719,
        0.9375,
        0.5172,
        1.2525,
        0.6875,
        0.9375,
        0.5328,
        1.2525
      ],
      "weights": [
        "Bone015",
        1
      ],
      "colors": []
    }
  ],
  "version": "0.1.0"
}
