{"mesh":[{"indices":[0,1,26,0,27,1,2,3,28,2,29,3,4,5,30,4,31,5,6,7,32,6,33,7,8,9,34,8,35,9,10,11,36,10,37,11,12,13,38,12,39,13,14,15,40,14,41,15,16,17,42,16,43,17,18,19,44,18,45,19,20,21,46,20,47,21,22,23,48,22,49,23,24,25,50,24,51,25],"material":"2022s2/yx_comic_armor","vertices":[5,4,7,0,0,4,5,0,7,5,5,0,2,5,7,0,1,0,11,0,3,0,9,0,5,1,6,0,2,1,4,0,0,2,6,0,7,2,4,0,11,0,3,0,9,0,1,0,15,3,0,0,13,3,2,0,12,1,0,0,10,1,2,0,8,2,3,0,14,2,1,0,19,3,1,0,17,3,3,0,23,0,2,0,21,0,0,0,18,2,2,0,20,2,0,0,22,1,1,0,16,1,3,0,4,4,4,0,1,4,6,0,6,5,6,0,3,5,4,0,0,0,8,0,2,0,10,0,1,1,7,0,6,1,5,0,4,2,7,0,3,2,5,0,8,0,0,0,10,0,2,0,12,3,3,0,14,3,1,0,11,1,3,0,13,1,1,0,15,2,0,0,9,2,2,0,16,3,0,0,18,3,2,0,20,0,3,0,22,0,1,0,17,2,3,0,23,2,1,0,21,1,0,0,19,1,2,0],"fields":["pos","normal","uvcoord","weight"],"poses":[0.959061,7.4992,-3.3808,2.95906,7.4992,-3.3808,2.95906,5.4992,-3.3808,0.959061,5.4992,-3.3808,0.959061,7.4992,-2.3808,2.95906,7.4992,-2.3808,2.95906,5.4992,-2.3808,0.959061,5.4992,-2.3808,-0.430115,7.4992,-2.88,-0.430115,5.4992,-2.88,4.30428,5.4992,-2.88,4.30428,7.4992,-2.88,4.30428,7.4992,1.8224,4.30428,5.4992,1.8224,-0.430115,5.4992,1.8224,-0.430115,7.4992,1.8224,-0.407432,7.48962,-2.85747,4.2816,7.48962,-2.85747,4.2816,5.50878,-2.85747,-0.407432,5.50878,-2.85747,4.2816,7.48962,1.79987,-0.407432,7.48962,1.79987,-0.407432,5.50878,1.79987,4.2816,5.50878,1.79987],"normals":[0.0,-0.0,-1.0,1.0,0.0,0.0,-1.0,0.0,0.0,0.0,0.0,1.0,0.0,1.0,-0.0,0.0,-1.0,0.0],"uvcoords":[0.7188,0.8437,0.7188,0.9687,0.4063,0.9687,0.4063,0.8437,0.8125,0.9687,0.7813,0.9687,0.7813,0.9062,0.8125,0.9062,0.9688,0.875,0.9688,0.9687,0.875,0.9687,0.875,0.875],"weights":["Bone005",1.0],"colors":[]}],"version":"0.1.0"}