{"mesh":[{"indices":[0,1,24,0,25,1,2,3,26,2,27,3,4,5,28,4,29,5,6,7,30,6,31,7,8,9,32,8,33,9,10,11,34,10,35,11,12,13,36,12,37,13,14,15,38,14,39,15,16,17,40,16,41,17,18,19,42,18,43,19,20,21,44,20,45,21,22,23,46,22,47,23],"material":"2022s2/yx_comic_armor","vertices":[3,0,3,0,1,0,1,0,7,1,2,0,5,1,0,0,2,2,2,0,4,2,0,0,6,3,3,0,0,3,1,0,11,4,7,0,9,4,5,0,15,5,6,0,13,5,4,0,14,0,7,0,10,0,5,0,12,1,6,0,8,1,4,0,15,2,11,0,9,2,9,0,13,3,15,0,11,3,13,0,4,4,0,0,0,4,1,0,2,5,2,0,6,5,3,0,0,0,0,0,2,0,2,0,4,1,1,0,6,1,3,0,1,2,1,0,7,2,3,0,5,3,0,0,3,3,2,0,8,4,4,0,10,4,6,0,12,5,5,0,14,5,7,0,11,0,4,0,15,0,6,0,9,1,5,0,13,1,7,0,10,2,8,0,12,2,10,0,8,3,12,0,14,3,14,0,1,4,1,0,5,4,0,0,7,5,3,0,3,5,2,0],"fields":["pos","normal","uvcoord","weight"],"poses":[-3.3744,15.4591,-3.032,-8.3744,15.4591,-3.032,-8.3744,14.1873,-3.032,-3.3744,14.1873,-3.032,-8.3744,15.4591,1.968,-3.3744,15.4591,1.968,-3.3744,14.1873,1.968,-8.3744,14.1873,1.968,-7.8736,15.7904,0.467199,-8.8736,15.7904,0.467199,-8.8736,15.7904,-1.5328,-7.8736,15.7904,-1.5328,-8.8736,13.7904,0.467199,-7.8736,13.7904,0.467199,-7.8736,13.7904,-1.5328,-8.8736,13.7904,-1.5328],"normals":[0.0,-0.0,-1.0,0.0,0.0,1.0,-1.0,0.0,0.0,1.0,0.0,0.0,0.0,1.0,-0.0,0.0,-1.0,0.0],"uvcoords":[0.3125,0.25,0.0313,0.25,0.0313,0.3437,0.3125,0.3437,0.9688,0.5937,0.9688,0.5625,0.9063,0.5625,0.9063,0.5937,0.8125,0.6562,0.9688,0.6562,0.9688,0.8125,0.8125,0.8125,0.75,0.4687,0.6875,0.4687,0.6875,0.5312,0.75,0.5312],"weights":["Bone003",1.0],"colors":[]}],"version":"0.1.0"}