{"is_global":true,"animation":{"fields":["time","attr"],"times":[0.0,0.0333333,0.0666667,0.1,0.133333,0.166667,0.2,0.233333,0.266667,0.3,0.333333,0.366667,0.4,0.433333,0.466667,0.5,0.533333,0.566667,0.6,0.633333,0.666667,0.7,0.733333,0.766667,0.8,0.833333,0.866667,0.9,0.933333,0.966667,1.0],"poses":[-0.117571,-9.18169e-07,-22.618,0.011444,0.998606,-13.7956,-0.428663,-8.24222e-07,-22.2796,-0.739755,-7.30275e-07,-21.6729,-0.716665,-7.37247e-07,-20.9832,-0.55534,-7.85966e-07,-20.2649,-0.117571,-9.18169e-07,-19.9331,1.04655,-1.26972e-06,-23.3424,2.82617,-1.80715e-06,-30.8633,4.51957,-2.31855e-06,-38.4405,5.42499,-2.59197e-06,-42.0192,5.68281,-2.66984e-06,-42.2293,5.90384,-2.73659e-06,-42.4094,6.09094,-2.79309e-06,-42.5619,6.24693,-2.84019e-06,-42.689,6.37464,-2.87876e-06,-42.7931,6.47692,-2.90965e-06,-42.8764,6.55658,-2.93371e-06,-42.9413,6.61646,-2.95179e-06,-42.9901,6.65938,-2.96475e-06,-43.0251,6.68816,-2.97344e-06,-43.0486,6.70563,-2.97872e-06,-43.0628,6.71461,-2.98143e-06,-43.0701,6.71793,-2.98243e-06,-43.0728,6.71841,-2.98258e-06,-43.0732,6.33961,-2.86818e-06,-41.9397,5.36295,-2.57324e-06,-39.0173,4.02776,-2.17002e-06,-35.022,2.57308,-1.73072e-06,-30.6692,1.23789,-1.3275e-06,-26.6739,0.26123,-1.03256e-06,-23.7515,-0.0212655,0.998606,-13.4417,-0.0819975,0.998606,-12.6965,-0.114707,0.998606,-12.0336,-0.0849157,0.998606,-11.5634,0.123231,0.998606,-11.1756,0.688051,0.998606,-11.0143,1.99749,0.998605,-16.7841,3.66996,0.998605,-27.497,4.73071,0.998604,-33.2668,5.15197,0.998604,-33.2658,5.5554,0.998604,-33.2584,5.93933,0.998604,-33.2386,6.30211,0.998603,-33.1999,6.64208,0.998603,-33.1361,6.95758,0.998603,-33.0411,7.24695,0.998603,-32.9085,7.50853,0.998603,-32.7321,7.74065,0.998603,-32.5056,7.94165,0.998603,-32.2228,8.10985,0.998603,-31.8775,8.2436,0.998603,-31.4632,8.3412,0.998603,-30.9738,8.401,0.998603,-30.403,8.42131,0.998603,-29.7445,7.79816,0.998603,-28.0737,6.24073,0.998604,-24.9832,4.21638,0.998604,-21.2419,2.19203,0.998605,-17.618,0.634592,0.998606,-14.8795],"quats":[-0.70710695,3.0908609e-08,0.70710659,3.0908627e-08,-0.70710677,-1.3767878e-07,0.70710677,-1.3767877e-07,-0.41188765,0.46272099,-0.5079509,0.59851795,-0.44038174,0.48677072,-0.48495263,0.57787466,-0.49049935,0.52835584,-0.43927777,0.53599024,-0.51587421,0.54900396,-0.41318229,0.51161408,-0.51362962,0.54395103,-0.42904362,0.50618523,-0.48901457,0.51434147,-0.47970665,0.51594484,-0.4094936,0.43051133,-0.56329107,0.57417607,-0.27329496,0.2935847,-0.64532506,0.65013337,-0.11554413,0.1338934,-0.69620687,0.69571412,0.055499811,-0.040053457,-0.70782274,0.70306653,0.22876005,-0.21684529,-0.67495751,0.66714263,0.39140701,-0.38328046,-0.59635574,0.58673388,-0.53033257,0.52589184,0.47530365,-0.46505013,-0.63381362,0.63265675,0.31957152,-0.30967706,0.69307953,-0.69459862,-0.14066444,0.13186015,0.70349616,-0.70698828,0.047523446,-0.054793417,0.66514683,-0.66991919,0.23042578,-0.2359916,0.58270681,-0.58816123,0.39459586,-0.39851376,-0.46465072,0.47033772,-0.52926773,0.53174984,-0.32196602,0.32760483,-0.62742746,0.62876689,-0.1666206,0.17209287,-0.68626827,0.6867733,-0.010072208,0.01539326,-0.7070148,0.70695949,0.13795036,-0.13267145,-0.69423664,0.69383252,0.27024576,-0.26483756,-0.65483934,0.65422761,0.38244709,-0.37671334,-0.59695166,0.59621304,0.46711016,-0.45416427,-0.5380857,0.53479594,-0.52432537,0.4949683,0.49576434,-0.48405275,-0.56156534,0.51202023,0.47158074,-0.44731572,-0.58420032,0.51497549,0.46183988,-0.42451641,-0.59592581,0.51157987,0.4606671,-0.41345403,-0.59936208,0.50889957,0.46167749,-0.41065827],"scales":[],"length":1.0,"tracks":{"Bind":{"pos":[0,0,1,2,2,3,3,4,4,5,5,6,6,7,7,8,8,9,9,10,10,11,11,12,12,13,13,14,14,15,15,16,16,17,17,18,18,19,19,20,20,21,21,22,22,23,23,24,24,25,25,26,26,27,27,28,28,29,29,30,30,0],"quat":[0,0,30,1]},"Bone01":{"pos":[0,1,1,31,2,32,3,33,4,34,5,35,6,36,7,37,8,38,9,39,10,40,11,41,12,42,13,43,14,44,15,45,16,46,17,47,18,48,19,49,20,50,21,51,22,52,23,53,24,54,25,55,26,56,27,57,28,58,29,59,30,1],"quat":[0,2,1,3,2,4,3,5,4,6,5,7,6,8,7,9,8,10,9,11,10,12,11,13,12,14,13,15,14,16,15,17,16,18,17,19,18,20,19,21,20,22,21,23,22,24,23,25,24,26,25,27,26,28,27,29,28,30,29,31,30,32]}}},"version":"0.1.0"}