{
  "is_global": true,
  "animation": {
    "fields": [
      "time",
      "attr"
    ],
    "times": [
      0,
      0.0333333,
      0.0666667,
      0.1,
      0.133333,
      0.166667,
      0.2,
      0.233333,
      0.266667,
      0.3,
      0.333333,
      0.366667,
      0.4,
      0.433333,
      0.466667,
      0.5,
      0.533333,
      0.566667,
      0.6,
      0.633333,
      0.666667,
      0.7,
      0.733333,
      0.766667,
      0.8,
      0.833333,
      0.866667,
      0.9,
      0.933333,
      0.966667,
      1
    ],
    "poses": [
      -0.117571,
      -8.77571e-7,
      -22.2433,
      -0.117571,
      -8.78677e-7,
      -22.2687,
      -0.117571,
      -8.81788e-7,
      -22.3398,
      -0.117571,
      -8.86595e-7,
      -22.4498,
      -0.117571,
      -8.9279e-7,
      -22.5915,
      -0.117571,
      -9.00064e-7,
      -22.7579,
      -0.117571,
      -9.08108e-7,
      -22.9419,
      -0.117571,
      -9.16615e-7,
      -23.1366,
      -0.117571,
      -9.25275e-7,
      -23.3347,
      -0.117571,
      -9.33782e-7,
      -23.5293,
      -0.117571,
      -9.41826e-7,
      -23.7133,
      -0.117571,
      -9.491e-7,
      -23.8797,
      -0.117571,
      -9.55295e-7,
      -24.0215,
      -0.117571,
      -9.60102e-7,
      -24.1314,
      -0.117571,
      -9.63213e-7,
      -24.2026,
      0.011444,
      0.998606,
      -13.7431,
      0.011444,
      0.998606,
      -13.7681,
      0.011444,
      0.998606,
      -13.8384,
      0.011444,
      0.998606,
      -13.9471,
      0.011444,
      0.998606,
      -14.0871,
      0.011444,
      0.998606,
      -14.2515,
      0.011444,
      0.998606,
      -14.4333,
      0.011444,
      0.998606,
      -14.6257,
      0.011444,
      0.998606,
      -14.8214,
      0.011444,
      0.998606,
      -15.0137,
      0.011444,
      0.998606,
      -15.1955,
      0.011444,
      0.998606,
      -15.36,
      0.011444,
      0.998606,
      -15.5,
      0.011444,
      0.998606,
      -15.6087,
      0.011444,
      0.998606,
      -15.679,
      -0.117571,
      -9.64319e-7,
      -24.2279,
      0.011444,
      0.998606,
      -15.704
    ],
    "quats": [
      0.49999988,
      -0.50000012,
      0.50000012,
      -0.49999985,
      -0.25340444,
      0.25340447,
      -0.66014129,
      0.66014081,
      -0.70710695,
      -1.0828141e-7,
      0.70710659,
      1.0828141e-7,
      -0.70710677,
      -1.3767878e-7,
      0.70710677,
      -1.3767877e-7,
      -0.38511789,
      0.38511801,
      -0.5930298,
      0.5930295,
      -0.11061587,
      0.11061586,
      -0.69840127,
      0.69840097,
      0.037007086,
      -0.03700716,
      -0.7061379,
      0.7061376,
      0.18301265,
      -0.18301278,
      -0.68301284,
      0.68301255,
      0.32101971,
      -0.32101989,
      -0.63003689,
      0.63003659,
      0.44499665,
      -0.44499683,
      -0.54952526,
      0.54952508,
      0.54952496,
      -0.54952538,
      -0.4449968,
      0.44499657,
      0.63003653,
      -0.63003695,
      -0.32101986,
      0.32101974,
      0.68301255,
      -0.6830129,
      -0.18301269,
      0.18301266,
      0.7061376,
      -0.7061379,
      -0.03700709,
      0.037007142,
      0.69840097,
      -0.69840133,
      0.11061592,
      -0.11061582,
      0.66014087,
      -0.66014123,
      0.2534045,
      -0.25340435,
      0.59302956,
      -0.59302974,
      0.38511807,
      -0.38511786,
      -0.38511792,
      0.38511801,
      -0.5930298,
      0.5930295,
      -0.11061588,
      0.11061586,
      -0.69840121,
      0.69840103,
      0.037007067,
      -0.037007134,
      -0.7061379,
      0.7061376,
      0.18301263,
      -0.18301274,
      -0.68301284,
      0.68301255,
      0.32101959,
      -0.32101974,
      -0.63003695,
      0.63003665,
      0.44499657,
      -0.44499677,
      -0.54952532,
      0.54952514,
      0.54952502,
      -0.54952526,
      -0.44499683,
      0.44499665,
      0.63003653,
      -0.63003689,
      -0.32101992,
      0.3210198,
      0.68301255,
      -0.68301284,
      -0.18301275,
      0.18301275,
      0.7061376,
      -0.7061379,
      -0.03700716,
      0.037007205,
      0.69840103,
      -0.69840127,
      0.11061586,
      -0.11061575,
      0.66014093,
      -0.66014123,
      0.25340444,
      -0.25340432,
      0.59302962,
      -0.5930298,
      0.38511795,
      -0.3851178,
      0.49999994,
      -0.50000012,
      0.50000012,
      -0.49999982
    ],
    "scales": [],
    "length": 1,
    "tracks": {
      "Bind": {
        "pos": [
          0,
          0,
          1,
          1,
          2,
          2,
          3,
          3,
          4,
          4,
          5,
          5,
          6,
          6,
          7,
          7,
          8,
          8,
          9,
          9,
          10,
          10,
          11,
          11,
          12,
          12,
          13,
          13,
          14,
          14,
          15,
          30,
          16,
          14,
          17,
          13,
          18,
          12,
          19,
          11,
          20,
          10,
          21,
          9,
          22,
          8,
          23,
          7,
          24,
          6,
          25,
          5,
          26,
          4,
          27,
          3,
          28,
          2,
          29,
          1,
          30,
          0
        ],
        "quat": [
          0,
          2,
          30,
          3
        ]
      },
      "Bone01": {
        "pos": [
          0,
          15,
          1,
          16,
          2,
          17,
          3,
          18,
          4,
          19,
          5,
          20,
          6,
          21,
          7,
          22,
          8,
          23,
          9,
          24,
          10,
          25,
          11,
          26,
          12,
          27,
          13,
          28,
          14,
          29,
          15,
          31,
          16,
          29,
          17,
          28,
          18,
          27,
          19,
          26,
          20,
          25,
          21,
          24,
          22,
          23,
          23,
          22,
          24,
          21,
          25,
          20,
          26,
          19,
          27,
          18,
          28,
          17,
          29,
          16,
          30,
          15
        ],
        "quat": [
          0,
          0,
          1,
          4,
          2,
          1,
          3,
          5,
          4,
          6,
          5,
          7,
          6,
          8,
          7,
          9,
          8,
          10,
          9,
          11,
          10,
          12,
          11,
          13,
          12,
          14,
          13,
          15,
          14,
          16,
          15,
          0,
          16,
          17,
          17,
          1,
          18,
          18,
          19,
          19,
          20,
          20,
          21,
          21,
          22,
          22,
          23,
          23,
          24,
          24,
          25,
          25,
          26,
          26,
          27,
          27,
          28,
          28,
          29,
          29,
          30,
          30
        ]
      }
    }
  },
  "version": "0.1.0"
}
