{"is_global":true,"animation":{"fields":["time","attr"],"times":[0.0,0.0333333,0.0666667,0.1,0.133333,0.166667,0.2,0.233333,0.266667,0.3,0.333333,0.366667,0.4,0.433333,0.466667,0.5,0.533333,0.566667,0.6,0.633333,0.666667,0.7,0.733333,0.766667,0.8,0.833333,0.866667,0.9,0.933333,0.966667,1.0],"poses":[-13.8185,-3.92889,-10.8631,2.23703,-3.53437,20.026,2e-06,14.0,3e-06,2.23703,-3.53437,-20.0258,-13.9425,7.98048,-12.7169,-13.9425,7.98047,12.6404,-4.31631,3.99073,-0.000183,5.92719,0.206802,-3.61502,5.81802,-3.45495,0.006283,0.00204992,13.7568,0.13369,0.006554,13.222,0.427714,0.0110581,12.6872,0.721739,0.013106,12.4441,0.855426,0.00788045,13.0649,0.8462,-0.0056915,14.6773,0.815981,-0.0244577,16.9066,0.76095,-0.0452698,19.3787,0.677283,-0.0649805,21.7194,0.561144,-0.08044,23.5543,0.40868,-0.0926231,24.9984,0.193759,-0.103913,26.3347,-0.0875344,-0.113268,27.4409,-0.405785,-0.119646,28.1945,-0.731614,-0.122005,28.4731,-1.03563,-0.120661,28.3136,-1.36772,-0.116289,27.7949,-1.72997,-0.108378,26.8567,-2.02144,-0.096414,25.4381,-2.14109,-0.077982,23.253,-2.04974,-0.0537398,20.3791,-1.81331,-0.0277737,17.3009,-1.48816,-0.00416685,14.5024,-1.1306,0.0129967,12.4678,-0.796887,0.019628,11.6817,-0.543356,0.0175864,11.9228,-0.362287,0.0127192,12.4978,-0.211982,0.00691076,13.1839,-0.0978646,0.00204365,13.7588,-0.0253797,5.81801,3.47823,-0.06661,5.92719,-0.206684,-3.61466,-13.8186,-3.92889,10.863,-13.8185,-3.92889,10.863],"quats":[0.00042601177,0.15802911,0.98743081,0.00266162,-0.3872802,-0.59162003,0.40625253,0.57875615,-0.0004583314,0.70710671,-0.00045833146,0.70710659,-0.57875615,-0.40625262,0.59162003,0.3872802,-0.00042181372,0.15394054,0.98807633,-0.0027074355,0.0027074046,-0.98807615,-0.15394166,0.0004218118,-0.0026610538,-0.98743069,-0.15802988,-0.000425879,-0.49471927,-0.50522387,0.49536154,0.50459772,-0.82888824,0.025111996,0.55761564,0.03712827,0.0005085849,0.18866284,0.98203826,0.0026470826,0.00057141075,0.21197054,0.97727233,0.002634235,0.0006114,0.22680609,0.9739362,0.0026252423,0.00062543713,0.23201372,0.97270876,0.0026219334,0.00061251567,0.22721997,0.9738397,0.0026249825,0.00057708065,0.21407402,0.97681373,0.0026329989,0.00052407407,0.19440916,0.9809168,0.0026440599,0.00045847159,0.17007133,0.98542809,0.0026562207,0.00038533277,0.1429377,0.98972797,0.0026678131,0.00030982346,0.11492459,0.99337053,0.0026776327,0.00022240668,0.082493983,0.99658793,0.0026863057,0.00011708401,0.043420538,0.99905324,0.0026929539,4.5858892e-06,0.001685092,0.99999493,0.0026954936,-0.00010422747,-0.038683321,0.99924785,0.0026934822,-0.00019852415,-0.0736662,0.99727929,0.0026881772,-0.00028338545,-0.10514865,0.99445289,0.0026805601,-0.00036147068,-0.13411725,0.99096185,0.002671151,-0.00041859085,-0.15530807,0.98786241,0.0026627975,-0.00044074008,-0.16352512,0.98653549,0.0026592207,-0.00039945819,-0.14821011,0.98895222,0.0026657344,-0.00029257653,-0.1085584,0.99408644,0.002679572,-0.00014571154,-0.054073382,0.99853337,0.0026915562,1.4778353e-05,0.0054663704,0.99998146,0.0026954571,0.00016203098,0.060095318,0.99818897,0.002690624,0.00026942141,0.099935904,0.99499023,0.0026819997,0.00033734672,0.12513539,0.992136,0.0026743042,0.00038498369,0.14280817,0.98974675,0.0026678634,0.0004143409,0.15369938,0.988114,0.002663462,0.00042737729,0.15853572,0.98734957,0.0026614007,-0.39164031,-0.58874291,0.41051707,0.57573903,-0.40137041,-0.58215308,0.42002845,0.56883723,-0.4115167,-0.57502556,0.42993844,0.56138456,-0.41732422,-0.57082474,0.43560672,0.55699778,-0.41745368,-0.57073003,0.43573302,0.55689901,-0.41416514,-0.57312101,0.43252367,0.55939513,-0.40819541,-0.57738793,0.42669544,0.56385344,-0.40027332,-0.58290786,0.41895643,0.56962729,-0.39114147,-0.58907449,0.41002926,0.57608652,-0.38157016,-0.59531891,0.40066537,0.58263791,-0.36883023,-0.60329485,0.38819063,0.59102261,-0.3521167,-0.61320001,0.37180689,0.60146433,-0.33527276,-0.6225692,0.35527551,0.6113748,-0.32237479,-0.62934476,0.34260389,0.61856467,-0.31763768,-0.6317488,0.33794728,0.62112111,-0.32345644,-0.62878942,0.34366703,0.6179747,-0.33625779,-0.62203777,0.35624284,0.61081159,-0.35133237,-0.61364961,0.37103757,0.60193926,-0.36415341,-0.60612929,0.38360807,0.59400713,-0.37488154,-0.59955329,0.39411747,0.58708698,-0.38590652,-0.59251702,0.40490866,0.57969713,-0.39624861,-0.58565128,0.41502273,0.57249963,-0.40497243,-0.57965297,0.42354751,0.56622189,-0.41117838,-0.57526749,0.42960811,0.5616374,-0.41398013,-0.57325464,0.43234304,0.55953473,-0.41175714,-0.57485348,0.4301731,0.56120473,-0.40526119,-0.57945114,0.42382962,0.56601083,-0.39716682,-0.58502901,0.41592032,0.57184786,-0.39022776,-0.58968019,0.40913564,0.57672149,0.0072597121,-0.010153569,-0.5608604,0.82781631,-0.0058332519,0.70710707,-2.1772559e-05,0.70708245,-0.018361716,0.70710766,0.00023309961,0.70686746,-0.032646377,0.70710725,-0.001275776,0.70635116,-0.043297078,0.70708245,-0.0061302772,0.70577776,-0.050587829,0.70694035,-0.015477016,0.70529193,-0.057850253,0.70655334,-0.028071428,0.70473242,-0.064296499,0.70586878,-0.041907445,0.70417261,-0.069140807,0.70497161,-0.054982211,0.7037127,-0.071599662,0.70409125,-0.065303057,0.70346612,-0.070888825,0.70355099,-0.070888147,0.70353794,-0.062634893,0.70384365,-0.067916065,0.70432127,-0.046057489,0.7048468,-0.056547333,0.70560056,-0.0257787,0.70593315,-0.04077743,0.70663363,-0.0064565986,0.70667928,-0.024624586,0.70707589,0.0072355727,0.70700306,-0.012127823,0.70706952,0.015182102,0.70704865,-0.0068619559,0.70696867,0.021042213,0.70693749,-0.0067877695,0.7069304,0.025814643,0.70676416,-0.0075305346,0.70693803,0.030498601,0.7065624,-0.004714868,0.70697755,0.037977289,0.70617235,0.0047655157,0.70700473,0.046651974,0.70555329,0.016026136,0.70693797,0.050810758,0.7051934,0.021466684,0.7068662,0.03526742,0.70637345,0.0074068354,0.70692146,0.0063523375,0.7069298,-0.018720744,0.70700747,-0.009223341,0.70634854,-0.032777667,0.70704478,-0.00831185,0.70649624,-0.029418442,0.70705628,-0.0061381874,0.70678395,-0.02140547,0.70707893,-0.0035436791,0.7070083,-0.011838315,0.70709729,-0.0013699251,0.7070967,-0.0038207467,0.70710522,-0.57469958,-0.41197115,0.58775097,0.3931272,-0.56541884,-0.42461899,0.5788852,0.40606922,-0.55545312,-0.43757474,0.56934452,0.41934112,-0.54984844,-0.44459701,0.56397045,0.42654145,-0.55049193,-0.44380009,0.56458771,0.42572406,-0.55503559,-0.43810421,0.56894439,0.41988388,-0.56237459,-0.42864284,0.57597286,0.41018963,-0.57139236,-0.41654605,0.58459371,0.397807,-0.58102906,-0.40299517,0.59378618,0.38395077,-0.59032589,-0.38924947,0.60263264,0.36991096,-0.60130608,-0.37206301,0.61304992,0.35237762,-0.61433333,-0.350135,0.62535948,0.33003891,-0.62644726,-0.32796901,0.63674867,0.30749196,-0.6353218,-0.31042883,0.64505005,0.28967333,-0.63909179,-0.30259126,0.64856404,0.28171769,-0.63693064,-0.30711436,0.6465506,0.28630844,-0.63061959,-0.31987327,0.64065623,0.29926527,-0.62229317,-0.33578438,0.63284999,0.31543788,-0.61444533,-0.3499383,0.6254651,0.32983866,-0.60699677,-0.36270478,0.61843431,0.3428399,-0.59843069,-0.37667036,0.61032534,0.35707584,-0.58951104,-0.39048246,0.60185814,0.37116975,-0.58112061,-0.40286303,0.59387344,0.38381577,-0.57424402,-0.41260597,0.58731616,0.39377648,-0.56992394,-0.41855282,0.58319128,0.3998602,-0.56913233,-0.41962874,0.58243477,0.40096125,-0.57113838,-0.41689414,0.5843513,0.39816299,-0.57440686,-0.41237915,0.58747172,0.39354444,-0.57743019,-0.40813509,0.59035575,0.38920465,-0.0015853774,0.14770187,0.9888851,-0.016968084,-0.00076761795,0.13402031,0.99043518,-0.032804534,0.0018284715,0.12045564,0.99142295,-0.050672323,0.0055062128,0.11460913,0.99084914,-0.0710807,0.011416608,0.11676321,0.98829424,-0.0975217,0.020098349,0.12187003,0.98381019,-0.12985122,0.029515337,0.12928595,0.9776327,-0.16324317,0.037837349,0.13793981,0.97073126,-0.19292946,0.043531258,0.14638408,0.96476763,-0.21424319,0.045326155,0.15301526,0.96176213,-0.22258838,0.043704677,0.15773816,0.96291435,-0.21448681,0.04026128,0.16177751,0.96695858,-0.19286825,0.035411119,0.16563526,0.97202647,-0.16271321,0.029486474,0.16972062,