{
  "is_global": true,
  "animation": {
    "fields": [
      "time",
      "attr"
    ],
    "times": [
      0,
      0.0333333,
      0.0666667,
      0.1,
      0.133333,
      0.166667,
      0.2,
      0.233333,
      0.266667,
      0.3,
      0.333333,
      0.366667,
      0.4,
      0.433333,
      0.466667,
      0.5,
      0.533333
    ],
    "poses": [
      -13.8185,
      -3.92889,
      -10.8631,
      2.23703,
      -3.53437,
      20.026,
      0.000002,
      15,
      0.000003,
      0.0213755,
      14.91,
      0.0562773,
      0.0732651,
      14.6916,
      0.192897,
      0.137358,
      14.4217,
      0.361647,
      0.195351,
      14.1776,
      0.514337,
      0.253344,
      13.9334,
      0.667027,
      0.317437,
      13.6636,
      0.835776,
      0.369327,
      13.4451,
      0.972397,
      2.23703,
      -3.53437,
      -20.0258,
      -13.9425,
      7.98048,
      -12.7169,
      -4.31631,
      3.99073,
      -0.000183,
      5.92719,
      0.206802,
      -3.61502,
      5.81802,
      -3.45495,
      0.006283,
      5.81802,
      -3.45495,
      0.00628376,
      0.390701,
      13.3552,
      1.02867,
      5.81801,
      3.47823,
      -0.06661,
      5.81802,
      3.47823,
      -0.0666099,
      5.92719,
      -0.206684,
      -3.61466,
      -13.9425,
      7.98047,
      12.6404,
      -13.9425,
      7.98048,
      12.6404,
      -13.8186,
      -3.92889,
      10.863,
      -13.8185,
      -3.92889,
      10.863
    ],
    "quats": [
      0.00042601177,
      0.15802911,
      0.98743081,
      0.00266162,
      -0.3872802,
      -0.59162003,
      0.40625253,
      0.57875615,
      0.0072597121,
      -0.010153569,
      -0.5608604,
      0.82781631,
      0.0072923321,
      -0.010121696,
      -0.56380504,
      0.82581365,
      0.0073773186,
      -0.010041006,
      -0.57153207,
      0.82048512,
      0.0075014485,
      -0.0099308528,
      -0.58236849,
      0.81282967,
      0.0076483171,
      -0.0098101525,
      -0.59466332,
      0.80387861,
      0.0078008301,
      -0.0096972389,
      -0.60681969,
      0.79474211,
      0.0079387929,
      -0.0096035358,
      -0.6173113,
      0.78662032,
      -0.0004583314,
      0.70710671,
      -0.00045833146,
      0.70710659,
      -0.57875615,
      -0.40625262,
      0.59162003,
      0.3872802,
      -0.58939779,
      -0.39065331,
      0.60175055,
      0.37134421,
      -0.00042181372,
      0.15394054,
      0.98807633,
      -0.0027074355,
      -0.0072602564,
      -0.010153741,
      0.56086022,
      0.82781643,
      0.0027074046,
      -0.98807615,
      -0.15394166,
      0.0004218118,
      -0.0026610538,
      -0.98743069,
      -0.15802988,
      -0.000425879,
      -0.0026601681,
      -0.98710215,
      -0.16006926,
      -0.00043137491,
      -0.0026577811,
      -0.98621613,
      -0.16544035,
      -0.00044584967,
      -0.0026542712,
      -0.98491383,
      -0.17302448,
      -0.00046628839,
      -0.0026500549,
      -0.98334938,
      -0.18170537,
      -0.00048968277,
      -0.0026456325,
      -0.98170829,
      -0.19037218,
      -0.00051303918,
      -0.0026416059,
      -0.9802143,
      -0.1979209,
      -0.00053338241,
      -0.0026386634,
      -0.9791224,
      -0.20325392,
      -0.00054775452,
      -0.49471927,
      -0.50522387,
      0.49536154,
      0.50459772,
      -0.82888824,
      0.025111996,
      0.55761564,
      0.03712827,
      0.00035008058,
      0.12985948,
      0.99152875,
      0.0026726667,
      0.00029075317,
      0.10784974,
      0.99416357,
      0.0026797706,
      0.00024818283,
      0.092056632,
      0.99575013,
      0.0026840481,
      0.00022247461,
      0.082519166,
      0.99658585,
      0.0026863003,
      0.0002284003,
      0.084717534,
      0.99640137,
      0.0026858035,
      0.00027222067,
      0.10097439,
      0.99488539,
      0.0026817156,
      0.00034118089,
      0.12655784,
      0.99195558,
      0.0026738178,
      0.00042251329,
      0.15673122,
      0.98763764,
      0.0026621781,
      0.00050356193,
      0.18679935,
      0.9823944,
      0.0026480427,
      0.00057190255,
      0.21215297,
      0.97723275,
      0.0026341288,
      0.00061537168,
      0.2282795,
      0.97359192,
      0.0026243145,
      0.0006219151,
      0.23070711,
      0.97301954,
      0.0026227708,
      0.00059774914,
      0.22174175,
      0.97510171,
      0.0026283837,
      0.00055714755,
      0.20667899,
      0.97840512,
      0.0026372881,
      0.00049996597,
      0.18546529,
      0.98264712,
      0.0026487238,
      -0.37749138,
      -0.59791362,
      0.39667282,
      0.58536345,
      -0.36960676,
      -0.60281932,
      0.38895136,
      0.59052229,
      -0.36435118,
      -0.60601038,
      0.38380206,
      0.59388196,
      -0.36244321,
      -0.60715336,
      0.38193205,
      0.59508628,
      -0.36490688,
      -0.60567588,
      0.38434651,
      0.5935297,
      -0.371373,
      -0.60173279,
      0.39068145,
      0.58937913,
      -0.38044199,
      -0.59604055,
      0.39956114,
      0.58339572,
      -0.39073059,
      -0.58934706,
      0.4096275,
      0.57637227,
      -0.40090156,
      -0.58247608,
      0.41957033,
      0.56917518,
      -0.4096756,
      -0.57633889,
      0.42814079,
      0.56275672,
      -0.41582486,
      -0.57191789,
      0.4341436,
      0.55813891,
      -0.41814497,
      -0.57022381,
      0.43640754,
      0.5563705,
      -0.41572276,
      -0.57199204,
      0.43404394,
      0.55821639,
      -0.40912029,
      -0.57673281,
      0.42759857,
      0.56316894,
      -0.39931187,
      -0.58356708,
      0.41801682,
      0.57031703,
      0.0080378987,
      -0.009541234,
      -0.62466818,
      0.78079069,
      0.0080760373,
      -0.0095178699,
      -0.6274448,
      0.778561,
      0.0080372486,
      -0.0095407125,
      -0.62466818,
      0.78079069,
      0.000091640701,
      0.70707291,
      0.006889734,
      0.70710713,
      0.00051748857,
      0.70699388,
      0.012604874,
      0.70710719,
      0.00081950938,
      0.70690894,
      0.016687764,
      0.70710719,
      0.00099757873,
      0.70684677,
      0.019138193,
      0.70710701,
      0.00094084762,
      0.70686311,
      0.01852745,
      0.70710707,
      0.00060194946,
      0.70696265,
      0.014244596,
      0.70710719,
      0.00007587811,
      0.70706648,
      0.0075140647,
      0.70710719,
      -0.00054241437,
      0.70710659,
      -0.00044117766,
      0.70710659,
      -0.0011581399,
      0.7070573,
      -0.0083967494,
      0.70710546,
      -0.0016763374,
      0.70694572,
      -0.015128882,
      0.70710403,
      -0.002002053,
      0.70684117,
      -0.019414188,
      0.70710301,
      -0.0020403638,
      0.706824,
      -0.02002866,
      0.70710289,
      -0.0018386476,
      0.70688903,
      -0.017583236,
      0.70710349,
      -0.0015077089,
      0.70697844,
      -0.013506348,
      0.7071045,
      -0.001047714,
      0.70706415,
      -0.0077983015,
      0.70710564,
      -0.57994068,
      -0.40455979,
      0.59274912,
      0.38554984,
      -0.58279598,
      -0.4004356,
      0.59546918,
      0.38133532,
      -0.58628219,
      -0.39531383,
      0.59878755,
      0.37610325,
      -0.59247649,
      -0.38596824,
      0.60467565,
      0.36656177,
      -0.59583557,
      -0.38076213,
      0.60786426,
      0.36124957,
      -0.59852159,
      -0.37652585,
      0.61041158,
      0.35692844,
      -0.59961921,
      -0.37477544,
      0.61145186,
      0.35514337,
      -0.59875727,
      -0.37615106,
      0.61063492,
      0.35654622,
      -0.59647,
      -0.37976751,
      0.60846615,
      0.36023489,
      -0.59319973,
      -0.38485566,
      0.60536253,
      0.36542636,
      -0.58553934,
      -0.39641336,
      0.59808069,
      0.37722626,
      -0.58212709,
      -0.40140745,
      0.59483206,
      0.38232836,
      -0.57968736,
