{
  "is_global": true,
  "animation": {
    "fields": [
      "time",
      "attr"
    ],
    "times": [
      0
    ],
    "poses": [
      -0.000391006,
      -0.00000286102,
      1.11759e-8,
      -3.92971,
      -0.0114213,
      -0.000668526,
      -3.92936,
      -0.00844178,
      1.02403,
      -3.929,
      -0.00546311,
      2.04883,
      -3.92864,
      -0.00248412,
      3.07353,
      -3.92828,
      0.000493109,
      4.09833,
      -3.93224,
      -0.0143934,
      -1.02117,
      -3.93979,
      -0.0233108,
      -4.08268
    ],
    "quats": [],
    "scales": [],
    "length": 3.3333334922790527,
    "tracks": {
      "Bind": {
        "pos": [
          0,
          0
        ]
      },
      "Bone003": {
        "pos": [
          0,
          1
        ]
      },
      "Bone004": {
        "pos": [
          0,
          2
        ]
      },
      "Bone005": {
        "pos": [
          0,
          3
        ]
      },
      "Bone006": {
        "pos": [
          0,
          4
        ]
      },
      "Bone007": {
        "pos": [
          0,
          5
        ]
      },
      "Bone009": {
        "pos": [
          0,
          6
        ]
      },
      "Bone012": {
        "pos": [
          0,
          7
        ]
      }
    }
  },
  "version": "0.1.0"
}
