{
  "is_global": true,
  "animation": {
    "fields": [
      "time",
      "attr"
    ],
    "times": [
      0,
      0.0333333,
      0.0666667,
      0.1,
      0.133333,
      0.166667,
      0.2,
      0.233333,
      0.266667,
      0.3,
      0.333333,
      0.366667,
      0.4,
      0.433333,
      0.466667,
      0.5,
      0.533333
    ],
    "poses": [
      -19.7275,
      16.9499,
      12.212,
      0,
      2.65363,
      -15.5559,
      -9.87857,
      -2.14815,
      15.933,
      -19.7275,
      16.9499,
      -12.2124,
      20.1635,
      -2.49436,
      -10.0069,
      -9.87857,
      -2.14814,
      -15.9327,
      20.1635,
      -2.49437,
      10.007,
      -0.217447,
      7.47894,
      0,
      -0.217447,
      7.47894,
      1.81899e-12,
      14.9326,
      -10.7648,
      0.011113,
      22.461,
      3.19153,
      -0.01453,
      22.461,
      -3.19153,
      -0.014004,
      0,
      2.57137,
      -15.6019,
      0,
      2.37166,
      -15.7032,
      0,
      2.12498,
      -15.8044,
      0,
      1.90177,
      -15.8504,
      0,
      1.67857,
      -15.8044,
      0,
      1.43189,
      -15.7032,
      0,
      1.23217,
      -15.6019,
      0,
      1.14991,
      -15.5559,
      0,
      1.23217,
      -15.6052,
      0,
      1.43189,
      -15.7136,
      0,
      1.67857,
      -15.8221,
      0,
      1.90177,
      -15.8714,
      0,
      2.12498,
      -15.8221,
      0,
      2.37166,
      -15.7136,
      0,
      2.57137,
      -15.6052
    ],
    "quats": [
      -0.50168622,
      -0.49830797,
      0.49830794,
      0.50168639,
      -0.49830812,
      0.50168628,
      -0.49830753,
      0.50168645,
      0.0035639815,
      -0.01259503,
      0.96213573,
      -0.27225637,
      -0.39537501,
      -0.91849095,
      -0.0026856095,
      0.0067642713,
      0.25122476,
      -0.96792877,
      -4.2309509e-8,
      1.0981386e-8,
      0.27225691,
      -0.96213561,
      0.012595046,
      -0.0035640388,
      0.26172468,
      -0.96490496,
      0.02079846,
      -0.0050965855,
      0.0065912404,
      -0.0026929574,
      0.91857904,
      0.39517319,
      0,
      0,
      -0.37178442,
      0.9283191,
      -3.1328153e-8,
      -5.3290883e-8,
      0.96792889,
      -0.25122437,
      0.0060383771,
      -0.020256488,
      0.96491653,
      -0.26170468,
      -0.9283191,
      0.37178442,
      -1.6251214e-8,
      4.0578112e-8,
      -0.49398798,
      -0.50615263,
      0.49820998,
      0.50156987,
      -0.48638269,
      -0.51390475,
      0.49798641,
      0.50134146,
      -0.47896177,
      -0.52128887,
      0.4977414,
      0.50110596,
      -0.47560719,
      -0.52456433,
      0.49762461,
      0.5009988,
      -0.47849292,
      -0.52172804,
      0.49773645,
      0.50110149,
      -0.48545864,
      -0.51479644,
      0.4979775,
      0.50133115,
      -0.49398792,
      -0.50615269,
      0.49821004,
      0.50156981,
      -0.50947881,
      -0.49055666,
      0.49819213,
      0.50158757,
      -0.51806492,
      -0.48196924,
      0.49795491,
      0.5013535,
      -0.52494955,
      -0.47495684,
      0.4977268,
      0.50111097,
      -0.52776617,
      -0.47205189,
      0.49762487,
      0.5009985,
      -0.5245133,
      -0.47542819,
      0.49773112,
      0.50111622,
      -0.51717919,
      -0.48289961,
      0.49796447,
      0.50136322,
      -0.50947899,
      -0.49055657,
      0.49819204,
      0.50158769,
      -0.50193036,
      0.4980624,
      0.50528419,
      -0.49465919,
      0.35185492,
      -0.61334836,
      0.60818702,
      -0.36070842,
      -0.35185602,
      -0.61335015,
      -0.60818565,
      -0.36070651,
      -0.39146024,
      -0.92015469,
      -0.003175196,
      0.0080096442,
      -0.38613725,
      -0.92233878,
      -0.0051701828,
      0.012745171,
      -0.38161883,
      -0.92415857,
      -0.0065559298,
      0.015967721,
      -0.37956467,
      -0.92503828,
      -0.0058477819,
      0.014164264,
      -0.37948757,
      -0.92516369,
      -0.0030018217,
      0.0072355061,
      -0.37983239,
      -0.92505485,
      0.00041776366,
      -0.00085434871,
      -0.38058969,
      -0.92470473,
      0.0033703733,
      -0.0078288326,
      -0.38182539,
      -0.9241395,
      0.0052137263,
      -0.012182374,
      -0.38352609,
      -0.92337787,
      0.0065828729,
      -0.015419106,
      -0.38544196,
      -0.92251348,
      0.0078677572,
      -0.018477824,
      -0.38741091,
      -0.92166632,
      0.0083084749,
      -0.019363267,
      -0.38931903,
      -0.92092234,
      0.0072013936,
      -0.016759085,
      -0.39215216,
      -0.91984332,
      0.0041105882,
      -0.0093839932,
      -0.39536113,
      -0.9185257,
      0.00030976936,
      -0.00023192518,
      -0.39688608,
      -0.91784376,
      -0.0024092479,
      0.0062070563,
      -0.49967667,
      0.50168478,
      -0.49693942,
      0.50168425,
      -0.50268608,
      0.50166738,
      -0.49392971,
      0.5016672,
      -0.5056954,
      0.50163215,
      -0.49092042,
      0.50163186,
      -0.50706363,
      0.5016101,
      -0.48955214,
      0.50160986,
      -0.50610584,
      0.50162596,
      -0.49051011,
      0.50162566,
      -0.50378036,
      0.50165677,
      -0.4928357,
      0.50165629,
      -0.50090766,
      0.50167984,
      -0.49570829,
      0.50167948,
      -0.49570876,
      0.50167978,
      -0.50090718,
      0.50167954,
      -0.49283591,
      0.50165671,
      -0.50377995,
      0.50165641,
      -0.49051026,
      0.50162596,
      -0.50610578,
      0.5016256,
      -0.49092042,
      0.50163209,
      -0.50569522,
      0.50163198,
      -0.49393007,
      0.50166744,
      -0.5026859,
      0.50166714,
      -0.49693981,
      0.50168473,
      -0.49967632,
      0.50168431,
      0.261765,
      -0.9651193,
      0.0047233063,
      -0.0012810813,
      0.25117651,
      -0.96758002,
      0.025840444,
      -0.0056212544,
      0.24910954,
      -0.968463,
      0.0047396715,
      -0.0012191454,
      0.22580129,
      -0.97417337,
      -4.2582467e-8,
      9.870087e-9,
      0.24910715,
      -0.96845376,
      0.0063471859,
      -0.0016326328,
      0.27223873,
      -0.96207148,
      0.016792996,
      -0.0047519398,
      0.27006698,
      -0.96242607,
      0.027142931,
      -0.0079457127,
      0.26790351,
      -0.96281821,
      0.033320367,
      -0.0099293357,
      0.27845618,
      -0.96003246,
      0.027072554,
      -0.0081822984,
      0.28898779,
      -0.95717371,
      0.016707506,
      -0.0050442941,
      0.27017456,
      -0.96278912,
      0.0063100602,
      -0.0017707073,
      0.0078380872,
      -0.0031850177,
      0.92023045,
      0.39128554,
      0.012490766,
      -0.0050955443,
      0.92239583,
      0.38601032,
      0.015619908,
      -0.0063935826,
      0.92418039,
      0.38158321,
      0.013830756,
      -0.0057439441,
      0.92503738,
      0.37958083,
      0.0070444848,
      -0.0029484255,
      0.92516565,
      0.37948677,
      -0.00097366387,
      0.00042731408,
      0.92506903,
      0.37979752,
      -0.0079755941,
      0.0033750623,
      0.92472476,
      0.38053799,
      -0.01241062,
      0.0051810932,
      0.92415464,
      0.38178185,
      -0.015728323,
      0.0065682447,
      0.92337865,
      0.38351184,
      -0.018895324,
      0.0078837974,
      0.92249024,
      0.38547713,
      -0.019839557,
      0.0083118929,
      0.92161798,
      0.38750178,
      -0.017163077,
      0.0071611796,
      0.92086577,
      0.38943604,
      -0.0096322596,
      0.0039935987,
      0.91981709,
      0.39220881,
      -0.00042834683,
      0.0001620046,
      0.91856569,
      0.39526811,
      0.005992339,
      -0.0024761618,
      0.91793996,
      0.39666635,
      0.00095886353,
      0.0031365035,
      -0.37987322,
      0.92503273,
      0.0028158752,
      0.008259872,
      -0.38791949,
      0.92165196,
      0.0050108931,
