{"is_global":true,"animation":{"fields":["time","attr"],"times":[0.0,0.0333333,0.0666667,0.1,0.133333,0.166667,0.2,0.233333,0.266667,0.3,0.333333,0.366667,0.4,0.433333,0.466667,0.5,0.533333],"poses":[0.347501,5.96469,11.448,0.0,0.0,-6.0,0.0,0.0166408,-5.93729,0.0,0.0570405,-5.78505,0.0,0.106941,-5.597,0.0,0.152093,-5.42685,0.0,0.197245,-5.25669,0.0,0.247146,-5.06864,0.0,0.287546,-4.9164,-4.71862,11.5897,-8.5186,-4.71862,11.5896,-8.5186,-4.71862,11.5897,8.519,-4.71862,11.5896,8.519,0.347503,5.96469,-11.4477,0.347503,5.96468,-11.4477,0.0,0.304187,-4.85369],"quats":[-5.483912e-08,-2.8531449e-08,0.95364791,0.30092469,-0.30092478,-0.95364785,-4.1685276e-08,-1.3153842e-08,-0.011407322,-0.99993491,-4.370855e-08,-4.9862997e-10,-4.4207148e-08,-4.3209944e-08,0.99993491,0.011406755,0.50115621,-0.49884096,0.50115615,-0.49884138,0.0041711116,-0.011082756,0.95300448,0.30272478,0.0072846613,-0.019673105,0.95133573,0.30744141,0.0093265194,-0.025777558,0.94900775,0.3140586,0.010342428,-0.029377112,0.94636989,0.32158062,0.0095894653,-0.028126491,0.94386566,0.32899016,0.0068606655,-0.020983685,0.94183648,0.3353456,0.0029414571,-0.009905031,0.94043887,0.3398059,-0.0015038095,0.0031080383,0.93987119,0.34151167,-0.0059132609,0.01601781,0.94032049,0.33986154,-0.0097177466,0.026789716,0.94162875,0.33544475,-0.01224373,0.033428349,0.94362056,0.32910925,-0.012694803,0.033985049,0.94615,0.32168943,-0.011268118,0.029507624,0.94885194,0.31413743,-0.0086975405,0.022342822,0.95125085,0.30748492,-0.0049344939,0.012510005,0.95297891,0.30273804,-0.30236229,-0.95315075,-0.0088167917,-0.0017215881,-0.30617538,-0.95183522,-0.016269032,-0.0013183285,-0.31158781,-0.94995755,-0.022211432,0.00065674802,-0.31779775,-0.94778097,-0.026499318,0.0036922586,-0.32398295,-0.94563389,-0.027387276,0.0078498917,-0.32930359,-0.94382983,-0.024026582,0.012926221,-0.33295694,-0.94260657,-0.017575521,0.017991882,-0.33419222,-0.94220251,-0.0091565838,0.022049299,-0.33256239,-0.94277036,4.8665304e-05,0.024213037,-0.32866144,-0.9440968,0.008558129,0.024282387,-0.32331109,-0.9459148,0.014788178,0.022282464,-0.31729123,-0.9479965,0.017135903,0.018310135,-0.31130877,-0.95008153,0.016052699,0.013201013,-0.30607173,-0.9518863,0.012938337,0.0080749188,-0.30234694,-0.95316094,0.0076339096,0.0034968078,-0.02208853,-0.99969381,-0.01109178,-0.0011680084,-0.03039119,-0.99933755,-0.019624328,-0.0039535076,-0.036310244,-0.99898273,-0.025599808,-0.0077292207,-0.039870556,-0.99871165,-0.029046291,-0.011904851,-0.039176725,-0.99871993,-0.027831642,-0.015780918,-0.033468891,-0.99903971,-0.021094771,-0.018830135,-0.024444701,-0.99942684,-0.010742549,-0.020810602,-0.013743839,-0.99967462,0.0013676428,-0.021446092,-0.0029659662,-0.9996953,0.013421185,-0.020502515,0.0062891282,-0.99953461,0.023610827,-0.018263021,0.012374599,-0.99935728,0.030089101,-0.015052377,0.013585035,-0.9993661,0.030959127,-0.011159077,0.010679202,-0.99955064,0.027098047,-0.0070843906,0.0055553881,-0.99976522,0.020656142,-0.003470049,-0.0018091822,-0.99993044,0.011619112,-0.00090169034,0.0053151096,0.0012767999,0.99966788,0.025185741,0.0095429122,0.0047859848,0.99929571,0.035975028,0.012694251,0.0098315291,0.99891257,0.043771397,0.014721831,0.015700068,0.99858677,0.048591904,0.014416099,0.021749133,0.99850374,0.048056945,0.011157204,0.027234823,0.99871778,0.041190207,0.0058241324,0.031228425,0.99904239,0.030086672,-0.00060123927,0.032814782,0.99932015,0.016795225,-0.0070469109,0.031411957,0.99947613,0.003330216,-0.012415868,0.027567429,0.99950844,-0.0082912222,-0.015692152,0.022166576,0.9995029,-0.016013343,-0.015958508,0.016115246,0.99958557,-0.017733462,-0.013804924,0.010179127,0.99974883,-0.014426629,-0.010416421,0.0050379601,0.99989712,-0.0084746163,-0.0058212881,0.0014110568,0.99998206,0.00013868551,-0.49845833,0.50153673,-0.49845833,0.50153714,-0.49636605,0.50360745,-0.49636605,0.50360799,-0.49488676,0.50506115,-0.49488676,0.50506175,-0.49402624,0.50590318,-0.49402624,0.50590342,-0.49435383,0.50558317,-0.49435383,0.50558335,-0.49610808,0.50386137,-0.49610808,0.50386208,-0.49879435,0.5012027,-0.49879435,0.50120294,0.50191975,-0.49807268,0.50191975,-0.4980731,0.50500178,-0.4949474,0.50500184,-0.49494782,0.50756949,-0.49231395,0.50756955,-0.49231434,0.50916046,-0.49066833,0.50916046,-0.49066877,0.50931376,-0.49050918,0.50931382,-0.49050966,-0.50826609,0.49159473,-0.50826609,0.49159524,0.50656223,-0.49335027,0.50656223,-0.49335068,0.50419557,-0.49576876,0.50419557,-0.49576917],"scales":[],"length":0.5333333611488342,"tracks":{"bone03":{"pos":[0,9,16,10],"quat":[0,0,1,5,2,6,3,7,4,8,5,9,6,10,7,11,8,12,9,13,10,14,11,15,12,16,13,17,14,18,15,19,16,0]},"bone04":{"pos":[0,11,16,12],"quat":[0,1,1,20,2,21,3,22,4,23,5,24,6,25,7,26,8,27,9,28,10,29,11,30,12,31,13,32,14,33,15,34,16,1]},"bone05":{"pos":[0,0,16,0],"quat":[0,2,1,35,2,36,3,37,4,38,5,39,6,40,7,41,8,42,9,43,10,44,11,45,12,46,13,47,14,48,15,49,16,2]},"bone06":{"pos":[0,13,16,14],"quat":[0,3,1,50,2,51,3,52,4,53,5,54,6,55,7,56,8,57,9,58,10,59,11,60,12,61,13,62,14,63,15,64,16,3]},"bone08":{"pos":[0,1,1,2,2,3,3,4,4,5,5,6,6,7,7,8,8,15,9,8,10,7,11,6,12,5,13,4,14,3,15,2,16,1],"quat":[0,4,1,65,2,66,3,67,4,68,5,69,6,70,7,71,8,72,9,73,10,74,11,75,12,76,13,77,14,78,15,79,16,4]}}},"version":"0.1.0"}