{"is_global":true,"animation":{"fields":["time","attr"],"times":[0.0,0.0333333,0.0666667,0.1,0.133333,0.166667,0.2,0.233333,0.266667,0.3,0.333333,0.366667,0.4,0.433333,0.466667,0.5,0.533333,0.566667,0.6,0.633333,0.666667],"poses":[0.0,0.038368,-22.2646,-3.48288,6.44441,-12.3513,-3.48288,6.44441,12.351,9.26159,-3.8147e-06,9.53674e-07,9.26159,-2.38419e-06,-0.0,8.73421,0.0,-9.53674e-07,8.73421,1.90735e-06,-9.53674e-07,9.26159,3.8147e-06,-0.0,9.26159,5.72205e-06,-0.0,-0.258137,0.038038,-21.798,-0.873694,0.0372511,-20.6854,-1.60839,0.0363119,-19.3575,-2.22395,0.035525,-18.2449,-2.48209,0.035195,-17.7783,-2.29935,0.035525,-18.2449,-1.83458,0.0363119,-19.3575,-1.21298,0.0372511,-20.6854,-0.55972,0.038038,-21.798,0.533519,0.031857,-21.7979,1.12429,0.0163307,-20.6851,1.67132,-0.00220069,-19.357,2.07361,-0.017727,-18.2442,2.23015,-0.024238,-17.7775,1.99821,-0.017727,-18.2442,1.44514,-0.00220069,-19.357,0.785013,0.0163307,-20.6851,0.231935,0.031857,-21.7979,8.73421,0.0,-1.90735e-06,8.73421,1.90735e-06,-2.86102e-06],"quats":[0.0027541548,0.69400895,0.0028566897,0.7199555,-0.0,-0.0,-0.59116137,0.8065533,-1.0340845e-09,-8.5839794e-08,0.17801268,0.98402822,4.8428781e-08,6.0768798e-08,-5.9604659e-08,1.0,-0.0,-0.0,0.03766511,0.99929041,4.6676163e-08,-3.855016e-10,0.47158533,0.88182044,1.1146911e-08,-1.4922831e-08,0.5984453,0.80116361,-0.0,-0.0,0.64120525,0.76736945,-4.4071382e-09,2.4598325e-08,0.59794194,0.80153942,-0.0,-0.0,0.47129866,0.88197374,2.1359238e-08,1.0381949e-08,0.43715823,0.89938462,2.7401148e-08,-1.0643603e-08,0.47361439,0.8807323,3.7680024e-08,-3.8169926e-08,0.48703334,0.8733834,-2.0355602e-08,-2.5471101e-08,0.57642072,0.8171531,-1.4403447e-08,-1.440787e-08,0.70721531,0.70699823,1.1362411e-08,1.4759425e-08,0.79239035,0.6100145,-2.7960761e-08,1.8501249e-08,0.83396238,0.55182129,-2.1985064e-08,1.4023842e-08,0.84308183,0.53778529,2.4498437e-10,4.5472301e-08,0.81613052,0.57786763,-0.0,-0.0,0.72616678,0.68751866,-0.0,-0.0,0.56644607,0.82409883,-2.5082324e-08,-3.4138672e-08,0.34781733,0.93756235,-3.8523115e-08,-4.3406807e-08,0.17801268,0.98402822,-0.0047631063,-0.0036392279,0.2412639,0.9704411,0.0011837236,-0.0054871491,0.3831273,0.92367852,0.012661072,-0.0024782957,0.51647615,0.85620439,0.026411733,0.018204844,0.33331004,0.94227141,0.053589951,0.02411267,0.30771738,0.94966137,0.07177107,0.023492694,0.34372893,0.93602747,0.073961191,0.027321741,0.47851148,0.87453419,0.075143419,0.034509923,0.61470747,0.78440887,0.05850574,0.025793375,0.59550399,0.80080384,0.024645077,0.010361267,0.55343407,0.8324638,-0.0002191291,-0.000218877,0.514337,0.85758811,-0.0036454154,-0.0092976671,0.49776965,0.86725181,-0.0019225252,-0.015207166,0.47943497,0.87744355,-0.0045935079,-0.0056933789,0.43473315,0.90052962,-0.0074440818,0.012209387,0.38220519,0.92396683,-0.0080908574,0.021977399,0.3516385,0.93584287,-0.003355768,0.0092201205,0.34845451,0.93727434,0.00079070259,-0.0037553518,0.34513274,0.93854606,-0.0011140028,-0.0039828592,0.31439993,0.94928163,-0.0035612111,-0.0038368017,0.26641014,0.96384555,-0.0047631045,-0.0036392254,0.24126381,0.9704411,0.014887382,0.0073338929,0.9568274,-0.29018268,0.022483166,0.0064227185,0.95922112,-0.28168792,0.031907033,0.0062088496,0.98739356,-0.15491064,0.046636876,0.01806386,0.99315548,0.10555039,0.071762323,0.029912991,0.97238827,0.22003761,0.088915065,0.032394059,0.94428271,0.31523797,0.082427077,0.017045459,0.91180789,0.40189752,0.061107498,0.001762743,0.90158457,0.42826167,0.036946245,-0.002918958,0.87097907,0.48992029,0.010855731,-0.0016751564,0.80755138,0.58969492,-0.010096603,0.00199956,0.77255827,0.63486046,-0.022198381,0.00300375,0.74620467,0.66533965,-0.03566739,0.00063053507,0.71471858,0.69850183,-0.053010378,-0.0071100951,0.7329843,0.67813969,-0.065655328,-0.021044191,0.80503988,0.58920056,-0.067199729,-0.034283604,0.88200349,0.46516526,-0.049174611,-0.03333474,0.94831365,0.3117241,-0.023378477,-0.01775777,0.99084949,0.13174003,-0.0034228635,-0.0024587309,0.99915546,-0.040872861,0.0095818304,0.0057656164,0.98053634,-0.19601902,0.014887399,0.0073339292,0.9568274,-0.29018268,3.185399e-08,-1.3143119e-08,-0.381414,0.92440438,2.2074319e-08,-3.9723556e-08,-0.56948876,0.82199913,-2.734005e-08,-2.5304157e-08,-0.73390388,0.67925334,-3.7128874e-08,4.963419e-09,-0.7851311,0.61932969,-5.4469474e-08,-2.6281942e-08,-0.81401318,0.58084643,-8.2931074e-08,-7.8312725e-09,-0.84842205,0.52932048,-9.1138922e-08,6.7618636e-08,-0.86402357,0.50345135,-2.1443428e-08,-3.7966249e-08,-0.7597366,0.65023106,3.9928906e-08,-8.6305505e-09,-0.59376258,0.80464029,1.0459865e-07,-5.5239564e-08,-0.3518751,0.93604696,2.0240712e-08,-5.1792973e-08,-0.077910297,0.99696034,7.2643147e-08,1.0617075e-07,1.1920929e-07,1.0,4.0456051e-08,-1.0354462e-07,-0.17282104,0.98495328,2.9570899e-08,2.1718828e-08,-0.49608746,0.86827254,1.4565418e-08,-1.161005e-08,-0.62330985,0.78197497,-9.0877368e-09,-2.6876103e-08,-0.66758269,0.74453574,-3.4772176e-09,-3.0804962e-08,-0.63169688,0.77521551,3.7132793e-08,-9.9678026e-09,-0.52880418,0.84874386,5.4259583e-08,-9.0172163e-09,-0.4567911,0.88957399,1.053391e-07,-4.6760036e-08,-0.40572295,0.9139961,8.3467846e-08,-7.4234876e-08,-0.381414,0.92440438,-0.55804592,-0.82963651,-0.0035856408,0.016587915,-0.66295642,-0.74829578,-0.0032363182,0.023060219,-0.76244599,-0.6456666,-0.0032021529,0.04219633,-0.78111303,-0.62057579,-0.0023188316,0.068867549,-0.76952004,-0.63108051,0.0025496637,0.097825713,-0.72200185,-0.68144429,0.018109281,0.11840235,-0.50910968,-0.85313785,0.049875937,0.10234994,-0.21264561,-0.97489583,0.038038172,0.053972561,-0.023213269,-0.99926901,0.016921509,0.0252249,0.15310091,-0.98819512,0.0026624138,0.0048480742,0.29719856,-0.95474863,-0.0043322062,-0.01045782,0.2592496,-0.96545821,-0.0067632156,-0.025186034,0.082872786,-0.99586725,-0.009249175,-0.0359856,-0.12497625,-0.99109066,-0.016947806,-0.042815492,-0.23890615,-0.96942544,-0.022226814,-0.051421583,-0.33459264,-0.94031078,-0.022060763,-0.058110043,-0.42974725,-0.90154779,-0.010731836,-0.049130939,-0.47180372,-0.88129276,-0.0014479787,-0.026875813,-0.5056293,-0.86273462,0.00037384589,-0.005277372,-0.54274064,-0.83983231,-0.0017985295,0.010540192,-0.55804592,-0.82963651,-0.003585754,0.016587839,0.0057422426,0.6957078,0.0058288262,0.71827829,0.010007174,0.70187634,0.010055701,0.71215755,0.0092286011,0.7096417,0.0092310458,0.70444191,0.0050444854,0.71351242,0.0050062137,0.70060658,0.0028341338,0.7141158,0.0027773273,0.70001638,0.002689075,0.7142269,0.0026287274,0.69990414,0.002715098,0.71498144,0.0026497031,0.69913322,0.0028383413,0.71537185,0.0027731247,0.69873267,0.0052414448,0.71479946,0.0051920027,0.69929057,0.0094917212,0.71040606,0.0094806114,0.70366418,0.0098780124,0.70259827,0.009912746,0.71144915,0.0055944244,0.69691736,0.0056692343,0.71710724,0.0027584506,0.69520992,0.0028524671,0.71879584,0.0027428381,0.69420373,0.0028442605,0.71976775,0.0027500559,0.694058,0.0028524583,0.71990824,-0.00062006502,-0.0048137531,-0.54126883,0.84083563,-0.0003067448,-0.0097020147,-0.45769078,0.88905847,0.00038874208,-0.0072184824,-0.39045066,0.92059547,0.00045462186,-0.002557832,-0.32382542,0.94611329,3.0111551e-09,1.0762571e-08,-0.26943371,0.96301895,-0.0031979142,-0.01214604,-0.24359421,0.96979594,-0.0063043409,-0.024313943,-0.23990515,0.97047138,-0.0062031341,-0.017410673,-0.30766201,0.95131624,-0.0034642629,-0.0051498376,-0.42918965,0.90319312,-0.0014940928,0.0014236248,-0.49169713,0.87076384,-0.0075801602,-0.0012734798,-0.49037403,0.8714782,-0.012928135,-0.0044368971,-0.48581433,0.87395519,-0.0029154888,0.0040621515,-0.33320791,0.94284016,-0.00079580193,0.0017525111,-0.30281353,0.95304787,-0.0,-0.0,-0.29630342,0.95509386,0.00017127494,0.00078533153,-0.46148378,0.88714832,0.00061646302,0.0014847175,-0.6119414,0.79090148,0.00044919935,0.0011028373,-0.60659343,0.79501134,0.00015237954,0.00038793645,-0.59658808,0.80254751],"scales":[],"length":0.6666666865348816,"tracks":{"bone01":{"pos":[0,3,20,4],