{"is_global":true,"animation":{"fields":["time","attr"],"times":[0.0,0.0333333,0.0666667,0.1,0.133333,0.166667,0.2,0.233333,0.266667,0.3,0.333333,0.366667,0.4,0.433333,0.466667,0.5,0.533333,0.566667,0.6,0.633333,0.666667,0.7,0.733333,0.766667,0.8,0.833333,0.866667,0.9,0.933333,0.966667,1.0,1.03333,1.06667,1.1,1.13333,1.16667,1.2,1.23333,1.26667,1.3],"poses":[9.26159,-4.76837e-06,9.53674e-07,8.73421,-7.15256e-07,-0.0,-3.48288,6.44441,-12.3513,9.26159,4.76837e-06,-1.90735e-06,-3.48288,6.44441,12.351,0.0,0.038368,-17.0657,8.73421,0.0,-9.53674e-07,0.0,0.106835,-16.7898,0.0,0.278434,-16.132,0.0,0.502462,-15.3468,0.0,0.728216,-14.6889,0.0,0.904994,-14.413,0.0,1.03613,-14.7926,0.0,1.14862,-15.9307,0.0,1.22727,-17.8268,0.0,1.25686,-20.4803,0.0,0.993085,-27.1635,0.0,0.66221,-32.6054,0.0,0.536165,-33.1273,0.0,0.424356,-33.5931,0.0,0.323693,-34.0014,0.0,0.231087,-34.3508,0.0,0.143446,-34.6398,0.0,0.0576808,-34.867,0.0,-0.0292982,-35.0311,0.0,-0.120582,-35.1306,0.0,-0.219259,-35.1641,0.0,-0.344322,-34.6727,0.0,-0.493011,-33.3782,0.0,-0.635788,-31.55,0.0,-0.743115,-29.4575,0.0,-0.785455,-27.37,0.0,-0.738564,-24.3616,0.0,-0.691674,-21.1978,0.0,-0.691674,-19.0953,0.0,-0.691674,-18.1459,0.0,-0.691674,-18.5574,0.0,-0.691674,-19.3217,0.0,-0.691674,-19.7332,0.0,-0.691674,-19.3026,0.0,-0.691674,-18.4302,0.0,-0.691674,-17.7455,0.0,-0.577605,-17.425,0.0,-0.326653,-17.2151,0.0,-0.075701,-17.1005],"quats":[-0.0,-0.0,0.56810391,0.82295686,-0.0,-0.0,0.68870288,0.72504371,-0.0,-0.0,0.31158054,0.95021975,-0.0,-0.0,0.38871136,0.9213596,-1.4017978e-07,-4.7931998e-08,0.95184058,0.30659336,-1.9014319e-08,-1.9811408e-08,-0.69244403,0.72147161,-0.39217612,-0.91989011,-1.0534821e-07,-9.2431094e-08,0.0028059038,0.70710111,0.002805904,0.70710129,-0.0,-0.0,-0.3916904,0.92009711,-0.0,-0.0,0.70388919,0.71030986,-0.0,-0.0,0.73736972,0.67548949,-8.4787715e-09,-1.0323657e-08,0.7727769,0.63467783,-0.0,-0.0,0.79874694,0.60166717,-0.0,-0.0,0.80767357,0.58962989,-9.7632373e-09,-1.2439399e-08,0.78664321,0.61740792,-0.0,-0.0,0.73202604,0.68127674,-0.0,-0.0,0.65007329,0.75987154,-0.0,-0.0,0.55542827,0.83156449,7.7323223e-09,-9.9238937e-09,0.6146208,0.78882271,-0.0,-0.0,0.68930435,0.72447199,-0.0,-0.0,0.66795188,0.74420452,-0.0,-0.0,0.63895285,0.76924598,-0.0,-0.0,0.60238284,0.7982074,1.0827021e-08,-1.6094109e-08,0.55817938,0.82972032,2.1855465e-08,1.2826869e-08,0.50616127,0.86243886,2.4359588e-08,2.2516835e-08,0.44597998,0.89504296,-0.0,-0.0,0.3769379,0.92623854,-0.0,-0.0,0.29734865,0.95476896,4.2283595e-08,4.1550393e-08,0.20178308,0.97943026,4.0607855e-08,3.9760785e-08,0.22696732,0.9739024,2.9169968e-08,-2.9229692e-08,0.36394799,0.93141931,1.3408912e-08,-2.4810515e-08,0.47545731,0.87973881,1.1400626e-08,-1.7553983e-08,0.54467052,0.83865011,9.914662e-09,-1.4028552e-08,0.57715541,0.81663436,1.1810442e-08,-1.8699843e-08,0.53399348,0.84548861,-0.0,-0.0,0.48097891,0.87673217,2.2924175e-08,-1.6256372e-08,0.54124749,0.84086335,-0.0,-0.0,0.64096516,0.76756996,-0.0,-0.0,0.61869645,0.78563017,-3.8802394e-08,-1.6807634e-09,0.48784336,0.87293124,2.9711806e-08,2.8177235e-08,0.37843165,0.92562926,-2.6193481e-08,1.9088866e-08,0.49614593,0.86823916,7.0840449e-09,1.6877616e-08,0.60019881,0.79985088,-0.0,-0.0,0.63133633,0.77550918,2.4575083e-08,-1.4263812e-10,0.65883178,0.75229031,6.2564882e-09,-6.7407493e-09,0.68028885,0.73294413,-0.0,-0.0,0.68835205,0.72537684,-0.0,-0.0,0.29573798,0.9552691,-0.0,-0.0,0.25763756,0.96624166,-0.0,-0.0,0.21163794,0.97734815,-0.0,-0.0,0.1727284,0.9849695,-0.0,-0.0,0.15632719,0.98770535,-0.0,-0.0,0.22490984,0.9743796,-0.0,-0.0,0.37146419,0.92844731,-0.0,-0.0,0.50925636,0.8606149,-0.0,-0.0,0.56230527,0.82692975,-0.0,-0.0,0.54662889,0.83737499,-0.0,-0.0,0.5235908,0.8519699,-0.0,-0.0,0.49577466,0.86845118,-0.0,-0.0,0.46594819,0.88481206,-0.0,-0.0,0.43710035,0.89941275,-0.0,-0.0,0.41241148,0.91099769,-0.0,-0.0,0.39517799,0.91860455,-0.0,-0.0,0.38871124,0.92135966,-0.0,-0.0,0.4407959,0.89760739,-0.0,-0.0,0.49143612,0.87091362,-0.0,-0.0,0.43083334,0.90243155,3.4507497e-09,-8.7129823e-09,0.36822012,0.92973864,-0.0,-0.0,0.40503234,0.91430235,-0.0,-0.0,0.47164181,0.88179022,-0.0,-0.0,0.50645792,0.86226469,-5.1534998e-09,9.4220134e-09,0.47987223,0.87733841,-0.0,-0.0,0.42405707,0.90563548,-0.0,-0.0,0.37737131,0.92606205,6.9441777e-09,-1.851677e-08,0.35114068,0.93632269,-0.0,-0.0,0.33028442,0.94388145,-0.0,-0.0,0.31653199,0.94858181,-1.0932182e-07,-3.4874756e-08,0.94998705,0.31228933,-1.1566701e-07,-4.0067334e-08,0.94615489,0.32371438,-1.5745323e-07,-6.0975893e-08,0.94288498,0.33311844,-1.3051724e-07,-5.2859534e-08,0.9418925,0.3359144,-1.3332681e-07,-5.5238509e-08,0.94363153,0.33099782,-1.6190346e-07,-6.4784984e-08,0.95471847,0.29751077,-1.1863479e-07,-3.6573127e-08,0.97301745,0.23073161,-1.0754857e-07,-2.1964949e-08,0.98814231,0.15354112,-9.7287007e-08,-9.3402948e-09,0.99582219,0.091313839,-1.3222676e-07,-3.7781451e-08,0.98564976,0.16880333,-1.0862925e-07,-3.0778537e-08,0.96382356,0.26654124,-1.044316e-07,-2.8788001e-08,0.96117651,0.27593428,-9.9659793e-08,-2.6179906e-08,0.96080625,0.27722073,-9.4527643e-08,-2.3148154e-08,0.96243745,0.27150351,-1.2187175e-07,-3.6613653e-08,0.96563524,0.25990129,-1.1619426e-07,-3.3774171e-08,0.96989667,0.24351686,-1.1046162e-07,-3.1082216e-08,0.97472984,0.22338705,-7.316158e-08,-9.905273e-09,0.97972012,0.20037083,-6.7987884e-08,-6.9230741e-09,0.98459733,0.17483743,-9.335492e-08,-2.452307e-08,0.98938245,0.14533538,-9.4972556e-08,-2.6552661e-08,0.98571467,0.16842394,-1.0381944e-07,-3.1473093e-08,0.97270483,0.23204589,-1.128174e-07,-3.5368231e-08,0.96194977,0.27322659,-1.1978162e-07,-3.7980659e-08,0.95707709,0.28983369,-1.235705e-07,-3.9503494e-08,0.95526135,0.29576311,-1.1842538e-07,-4.2380641e-08,0.93657404,0.35046983,-7.967963e-08,-2.8983026e-08,0.9353891,0.35362014,0.025489423,0.0067603164,0.9568156,0.28949699,-0.02039247,-0.0080739195,0.95677614,0.28999725,-0.040636271,-0.016908724,0.96804774,0.24687339,-0.020144131,-0.0073126764,0.98927659,0.14447361,-1.0696125e-07,-2.0282148e-08,0.99671078,0.081040889,-0.011683612,-0.0040198024,0.9853332,0.17019321,-0.00078382692,-0.00027749618,0.96064299,0.27778471,0.020497842,0.0072644157,0.94937712,0.31338504,0.015669975,0.0059445244,0.94557834,0.32496274,0.0066480506,0.0027315202,0.94565493,0.32509243,0.0011715328,0.00032347246,0.94939214,0.31409094,-2.1047565e-08,-2.0979806e-08,-0.70824593,0.70596582,-2.6070799e-08,-2.3470488e-08,-0.74319822,0.66907132,-3.5047304e-08,-4.1675914e-08,-0.78042501,0.62524951,-4.0539916e-08,-4.9191069e-08,-0.80819404,0.58891642,-5.5729672e-08,-3.909804e-08,-0.81862921,0.5743224,-3.8024094e-08,-4.5747221e-08,-0.79563153,0.6057809,-2.3030385e-08,-2.2027063e-08,-0.72267318,0.69118994,9.3222785e-10,-1.7104094e-08,-0.57378739,0.8190043,5.0348223e-08,-1.1070096e-08,-0.21474126,0.97667098,7.545674e-08,8.9951452e-15,1.192093e-07,1.0,5.5815903e-08,8.0900499e-08,-0.15343185,0.98815924,2.8036116e-08,4.3773142e-08,-0.37922043,0.92530638,1.3178757e-08,2.3574817e-08,-0.48795104,0.87287104,5.1987938e-09,7.7271398e-09,-0.55821633,0.82969546,-0.0,-0.0,-0.60703856,0.79467243,-8.6692511e-09,-1.0354081e-08,-0.64196789,0.7667315,-1.3049966e-08,-1.4567261e-08,-0.667252,0.7448321,-1.7240191e-08,-1.830526e-08,-0.68561172,0.72796744,-1.9528082e-08,-1.9981984e-08,-0.69893724,0.71518302,-2.1777579e-08,-2.1686255e-08,-0.70859098,0.70561945,-1.9879021e-08,-2.0937037e-08,-0.6885463,0.72519243,-9.2059906e-09,-1.1717261e-08,-0.61780375,0.78633237,1.4495371e-08,-5.2361575e-08,-0.49808592,0.86712772,7.9802165e-09,2.2861595e-08,-0.32956526,0.9441328,6.2080169e-08,-7.4835089e-09,-0.11967948,0.99281257,4.9523265e-08,-8.6300254e-08,-0.24254337,0.97014058,-2.0778892e-09,-3.539666e-08,-0.46129808,0.88724524,1.0086165e-08,-7.8901694e-09,-0.61614603,0.78763193,-1.2995916e-08,-1.8470773e-08,-0.57543331,0.81784874,1.7726517e-08,3.3293553e-08,-0.46996799,0.88268346,4.9075044e-08,6.8757956e-08,-0.38847357,0.92145985,2.9633521e-08,-1.2172243e-08,-0.37995443,0.9250052,3.1965325e-08,-3.861599e-08,-0.4424189,0.89680856,2.614484e-09,