{"is_global":true,"animation":{"fields":["time","attr"],"times":[0.0,0.0333333,0.0666667,0.1,0.133333,0.166667,0.2,0.233333,0.266667,0.3,0.333333,0.366667,0.4,0.433333,0.466667,0.5,0.533333,0.566667,0.6,0.633333,0.666667,0.7,0.733333,0.766667,0.8,0.833333,0.866667,0.9,0.933333,0.966667,1.0,1.03333,1.06667,1.1,1.13333,1.16667,1.2],"poses":[0.347501,5.96469,11.448,0.0,0.0,-6.0,0.0,0.00354867,-5.98578,0.0,0.0133575,-5.94531,0.0,0.0281721,-5.88189,0.0,0.0467401,-5.79878,0.0,0.0678101,-5.69929,0.0,0.0901314,-5.58668,0.0,0.112453,-5.46424,0.0,0.133525,-5.33524,0.0,0.152093,-5.20297,0.0,0.170661,-5.0707,0.0,0.191733,-4.9417,0.0,0.214055,-4.81926,0.0,0.236376,-4.70665,0.0,0.257446,-4.60716,0.0,0.276015,-4.52406,0.0,0.290829,-4.46063,0.0,0.300638,-4.42016,-4.71862,11.5897,-8.5186,-4.71862,11.5896,-8.5186,-4.71862,11.5897,8.519,-4.71862,11.5896,8.519,0.347503,5.96469,-11.4477,0.347503,5.96468,-11.4477,0.0,0.304187,-4.40594],"quats":[-5.483912e-08,-2.8531449e-08,0.95364791,0.30092469,-0.30092478,-0.95364785,-4.1685276e-08,-1.3153842e-08,-0.011407322,-0.99993491,-4.370855e-08,-4.9862997e-10,-4.4207148e-08,-4.3209944e-08,0.99993491,0.011406755,0.50115621,-0.49884096,0.50115615,-0.49884138,0.0019799932,-0.0052353083,0.95351332,0.30129895,0.0037581732,-0.0099750543,0.95313358,0.30236194,0.0053285691,-0.014222841,0.9525435,0.30402339,0.0066852854,-0.017979288,0.95177609,0.3061935,0.0078301271,-0.021244546,0.950863,0.30878305,0.0087635731,-0.02401948,0.9498353,0.31170368,0.0094892392,-0.026301375,0.94872361,0.31486771,0.010012586,-0.028088111,0.94755834,0.31818864,0.010342428,-0.029377112,0.94636989,0.32158062,0.010306726,-0.029672332,0.9452098,0.32494894,0.0097863805,-0.028591953,0.94412357,0.32820335,0.0088576078,-0.026304733,0.94312853,0.33126754,0.007595744,-0.022980651,0.94223833,0.33406761,0.0060673566,-0.018792087,0.94146562,0.33653018,0.0043368693,-0.013912743,0.94082415,0.33858177,0.0024629077,-0.0085177571,0.94033033,0.3401475,0.00049901236,-0.0027841916,0.94000441,0.34115058,-0.0015038095,0.0031080383,0.93987119,0.34151167,-0.0035001154,0.0089800963,0.93994999,0.34117624,-0.0054418789,0.014651978,0.94022411,0.3401975,-0.0072795795,0.01994543,0.94067144,0.33865386,-0.0089568775,0.024683127,0.94127399,0.33662131,-0.010414958,0.028690726,0.94201732,0.33417329,-0.011589979,0.031795245,0.94288921,0.33138305,-0.012411845,0.033825438,0.94387811,0.3283228,-0.012806267,0.034612022,0.94497091,0.32506618,-0.012694803,0.033985049,0.94615,0.32168943,-0.012197522,0.032329354,0.94736505,0.31828523,-0.011481894,0.030137997,0.94856012,0.3149502,-0.010541786,0.027415933,0.94970328,0.31177071,-0.0093706129,0.024166061,0.95076263,0.30883434,-0.0079651345,0.020388206,0.95170599,0.30622956,-0.0063219322,0.016083743,0.95250076,0.30404559,-0.00444317,0.011252358,0.95311308,0.30237263,-0.0023333884,0.0058924425,0.95350772,0.3013019,-0.30122247,-0.95354456,-0.0040765107,-0.0010646917,-0.30207101,-0.95325124,-0.0079020932,-0.0016459164,-0.30340677,-0.95279056,-0.011459625,-0.0017948921,-0.30516243,-0.95218498,-0.014738875,-0.0015626542,-0.30726802,-0.95145738,-0.017724987,-0.00099666696,-0.30965531,-0.95062989,-0.020407353,-0.00014402765,-0.31225297,-0.94972557,-0.022772659,0.00095057185,-0.31499097,-0.94876778,-0.024807194,0.0022437251,-0.31779775,-0.94778097,-0.026499318,0.0036922586,-0.32059997,-0.94680035,-0.027494222,0.0053697638,-0.3233228,-0.94586009,-0.027519427,0.0073263999,-0.32589316,-0.94498247,-0.02668076,0.0094845882,-0.32823783,-0.94418877,-0.025080759,0.01176527,-0.33028638,-0.94349974,-0.022819765,0.014087,-0.33197209,-0.94293517,-0.019999109,0.016364761,-0.33322626,-0.94251698,-0.016717071,0.018511362,-0.3339873,-0.94226533,-0.013070173,0.020437164,-0.33419222,-0.94220251,-0.0091565838,0.022049299,-0.33380195,-0.94234234,-0.0050796564,0.023268506,-0.33287048,-0.94266468,-0.00096788583,0.024076067,-0.33147326,-0.94314235,0.0030407324,0.02446924,-0.32968143,-0.9437511,0.0068085347,0.024447959,-0.32756943,-0.94446683,0.010195736,0.024014499,-0.32520649,-0.94526881,0.013063692,0.023174621,-0.32266101,-0.94613719,0.015269783,0.021935901,-0.32000113,-0.94705266,0.01667463,0.020310007,-0.31729123,-0.9479965,0.017135903,0.018310135,-0.31458911,-0.94894141,0.016894167,0.016078472,-0.31195024,-0.9498592,0.01627012,0.013780023,-0.30944294,-0.95072663,0.015248304,0.011465763,-0.30713224,-0.95152223,0.013813851,0.0091860294,-0.30508634,-0.95222402,0.011953997,0.0069908071,-0.30337203,-0.95281053,0.0096540991,0.0049281092,-0.30206013,-0.95325899,0.0069029299,0.0030454691,-0.30122116,-0.95354617,0.0036888851,0.0013883716,-0.016446007,-0.99985099,-0.0052442309,-0.0002777669,-0.021018626,-0.9997288,-0.0099855065,-0.00094652554,-0.025121374,-0.9995814,-0.01422129,-0.0019485314,-0.028752599,-0.99942017,-0.017949726,-0.0032274276,-0.03191185,-0.99925524,-0.021173343,-0.0047283666,-0.034601372,-0.99909508,-0.023891555,-0.0063978611,-0.036821622,-0.99894726,-0.026107449,-0.0081838882,-0.038577396,-0.99881774,-0.027824562,-0.010035954,-0.039870556,-0.99871165,-0.029046291,-0.011904851,-0.040292751,-0.99866372,-0.029312531,-0.013711439,-0.039532583,-0.99869967,-0.028274592,-0.015386134,-0.037745841,-0.99880338,-0.026103675,-0.016901851,-0.035082046,-0.998954,-0.022970252,-0.018236697,-0.031691622,-0.99912858,-0.019040631,-0.019370936,-0.027718751,-0.99930507,-0.014479346,-0.02028425,-0.023309108,-0.99946404,-0.0094506247,-0.020953694,-0.0186032,-0.99959052,-0.0041145859,-0.021351887,-0.013743839,-0.99967462,0.0013676428,-0.021446092,-0.008869404,-0.99971229,0.0068388213,-0.021212053,-0.0041174465,-0.999704,0.012140901,-0.020678315,0.00036873308,-0.99965578,0.01711558,-0.019881956,0.0044474904,-0.99957901,0.021601126,-0.018854637,0.0079749646,-0.99948925,0.025436614,-0.017623631,0.010802751,-0.99940515,0.028457703,-0.016213376,0.012781752,-0.99934572,0.030497821,-0.014647759,0.01376048,-0.99932861,0.031388443,-0.012952648,0.013585035,-0.9993661,0.030959127,-0.011159077,0.012564708,-0.99944049,0.029559992,-0.0093273176,0.011110879,-0.99952745,0.027654324,-0.0075247744,0.0092196604,-0.99962211,0.025238801,-0.0058002756,0.0068873116,-0.99971849,0.022312038,-0.0042040166,0.0041124481,-0.99980962,0.018871857,-0.0027875933,0.00089507387,-0.99988705,0.014919702,-0.001603993,-0.0027660024,-0.99994123,0.010455576,-0.00070750859,-0.006867901,-0.99996144,0.0054805703,-0.00015384523,0.0024998358,0.00024755095,0.99983668,0.017898515,0.0047787405,0.0010122719,0.99970478,0.023802059,0.0068431883,0.0022319267,0.99955016,0.029115042,0.0086960187,0.0038482919,0.99938214,0.033836327,0.010337417,0.0057996418,0.99920875,0.037965838,0.011765665,0.0080226697,0.99903685,0.041504424,0.012976508,0.010456822,0.9988724,0.044453509,0.013964426,0.013037127,0.99872088,0.046815217,0.014721831,0.015700068,0.99858677,0.048591904,0.015003462,0.01840147,0.99850315,0.049271926,0.014611516,0.021088613,0.99849522,0.048467852,0.013616769,0.023685144,0.99855077,0.04636712,0.012093367,0.02611143,0.99865389,0.04315529,0.010118541,0.028283603,0.99878699,0.039016068,0.0077739144,0.030120207,0.99893314,0.034131255,0.0051452122,0.031539496,0.99907774,0.028680818,0.0023220233,0.032462422,0.99920917,0.022843165,-0.00060123927,0.032814782,0.99932015,0.016795225,-0.0035297622,0.032546096,0.99940664,0.010712964,-0.0063637621,0.031703729,0.9994657,0.0047724391,-0.0090087,0.030358855,0.99949813,-0.00084901531,-0.011369071,0.028587695,0.9995088,-0.0059725773,-0.013358512,0.026469365,0.99950612,-0.010417514,-0.014891637,0.024083011,0.99950099,-0.014001377,-0.015885929,0.021510474,0.99950558,-0.016539775,-0.016267024,0.018829579,0.99953103,-0.017846428,-0.015958508,0.016115246,0.99958557,-0.017733462,-0.015156941,0.013426133,0.99965739,-0.016588653,-0.014105897,0.010813433,0.99973065,-0.014924224,-0.012809927,0.0083412239,0.99980205,-0.012737692,-0.011274338,0.0060749878,0.99986768,-0.010026986,-0.0094997771,0.0040758224,0.99992353,-0.0067907344,-0.0074868705,0.0024075268,0.99996448,-0.0030282943,-0.0052362988,0.0011323208,0.99998486,