{
  "is_global": true,
  "animation": {
    "fields": [
      "time",
      "attr"
    ],
    "times": [
      0,
      0.0333333,
      0.0666667,
      0.1,
      0.133333,
      0.166667,
      0.2,
      0.233333,
      0.266667,
      0.3,
      0.333333,
      0.366667,
      0.4,
      0.433333,
      0.466667,
      0.5,
      0.533333,
      0.566667,
      0.6,
      0.633333,
      0.666667,
      0.7,
      0.733333,
      0.766667,
      0.8,
      0.833333,
      0.866667,
      0.9,
      0.933333,
      0.966667,
      1
    ],
    "poses": [
      0.347501,
      5.96469,
      11.448,
      0,
      0,
      -6,
      -4.71862,
      11.5897,
      -8.5186,
      -4.71862,
      11.5896,
      -8.5186,
      -4.71862,
      11.5897,
      8.519,
      -4.71862,
      11.5896,
      8.519,
      0.347503,
      5.96469,
      -11.4477,
      0.347503,
      5.96468,
      -11.4477,
      0,
      0.109754,
      -5.77813,
      0,
      0.351142,
      -5.29016,
      0,
      0.59253,
      -4.80219,
      0,
      0.702284,
      -4.58032,
      0,
      0.685044,
      -4.93658,
      0,
      0.637234,
      -5.88338,
      0,
      0.564708,
      -7.23801,
      0,
      0.473312,
      -8.81801,
      0,
      0.368881,
      -10.441,
      0,
      0.25725,
      -11.9247,
      0,
      0.144255,
      -13.0864,
      0,
      0.0188456,
      -13.9761,
      0,
      -0.129198,
      -14.7386,
      0,
      -0.292806,
      -15.3335,
      0,
      -0.464919,
      -15.7203,
      0,
      -0.638481,
      -15.8583,
      0,
      -0.85467,
      -15.7633,
      0,
      -1.10675,
      -15.4323,
      0,
      -1.31587,
      -14.7961,
      0,
      -1.40314,
      -13.7853,
      0,
      -1.30357,
      -12.0758,
      0,
      -1.0576,
      -9.76611,
      0,
      -0.744217,
      -7.4192,
      0,
      -0.442321,
      -5.59783,
      0,
      -0.230862,
      -4.86533,
      0,
      -0.117336,
      -4.98337,
      0,
      -0.0489041,
      -5.26476,
      0,
      -0.0141377,
      -5.60057,
      0,
      -0.00163464,
      -5.88196
    ],
    "quats": [
      -5.483912e-8,
      -2.8531449e-8,
      0.95364791,
      0.30092469,
      -0.30092478,
      -0.95364785,
      -4.1685276e-8,
      -1.3153842e-8,
      -0.011407322,
      -0.99993491,
      -4.370855e-8,
      -4.9862997e-10,
      -4.4207148e-8,
      -4.3209944e-8,
      0.99993491,
      0.011406755,
      0.50115621,
      -0.49884096,
      0.50115615,
      -0.49884138,
      -5.4529401e-8,
      -2.9118976e-8,
      0.95682597,
      0.29066145,
      -5.3754267e-8,
      -3.0526241e-8,
      0.96405637,
      0.26569775,
      -5.2753556e-8,
      -3.2224758e-8,
      0.97203833,
      0.23482214,
      -5.1815409e-8,
      -3.3712524e-8,
      0.97832555,
      0.20707284,
      -5.0908643e-8,
      -3.5066787e-8,
      0.98344451,
      0.18120968,
      -4.9834192e-8,
      -3.6577642e-8,
      0.98843622,
      0.15163727,
      -4.8683479e-8,
      -3.8095802e-8,
      0.9926393,
      0.12110893,
      -4.7564527e-8,
      -3.9484011e-8,
      0.99571919,
      0.092430301,
      -4.6600327e-8,
      -4.0617493e-8,
      0.99765551,
      0.068435714,
      -4.592378e-8,
      -4.1380883e-8,
      0.99864894,
      0.051964663,
      -4.5669477e-8,
      -4.1661369e-8,
      0.99894851,
      0.04584742,
      -4.6568978e-8,
      -4.0653426e-8,
      0.99770808,
      0.067666069,
      -4.8739199e-8,
      -3.8024478e-8,
      0.99246085,
      0.12256214,
      -5.1378041e-8,
      -3.4375404e-8,
      0.980905,
      0.19448751,
      -5.3809433e-8,
      -3.0428868e-8,
      0.96357381,
      0.26744249,
      -5.5579662e-8,
      -2.7060523e-8,
      0.94529361,
      0.32622087,
      -5.693483e-8,
      -2.4078957e-8,
      0.92668974,
      0.37582725,
      -5.8109975e-8,
      -2.1085571e-8,
      0.90589148,
      0.4235099,
      -5.8899602e-8,
      -1.8767214e-8,
      0.88840473,
      0.45906103,
      -5.9188018e-8,
      -1.7836749e-8,
      0.8810606,
      0.47300345,
      -5.8674605e-8,
      -1.9459241e-8,
      0.89374697,
      0.44857144,
      -5.7272104e-8,
      -2.3265386e-8,
      0.92124134,
      0.3889915,
      -5.527615e-8,
      -2.7675215e-8,
      0.94885308,
      0.315718,
      -5.3342152e-8,
      -3.1240791e-8,
      0.96751595,
      0.25281018,
      -5.2461989e-8,
      -3.269728e-8,
      0.97410828,
      0.22608195,
      -5.2724239e-8,
      -3.2272666e-8,
      0.97225136,
      0.23393875,
      -5.3335576e-8,
      -3.1251997e-8,
      0.96756905,
      0.25260669,
      -5.4039262e-8,
      -3.0018807e-8,
      0.96151227,
      0.27476203,
      -5.4606968e-8,
      -2.8973247e-8,
      0.95604634,
      0.29321563,
      -0.28988796,
      -0.95706064,
      -4.1834447e-8,
      -1.2671405e-8,
      -0.26356587,
      -0.96464139,
      -4.2165816e-8,
      -1.1520832e-8,
      -0.23222661,
      -0.97266173,
      -4.2516398e-8,
      -1.0150948e-8,
      -0.20643903,
      -0.97845948,
      -4.2769827e-8,
      -9.0237373e-9,
      -0.18559539,
      -0.98262626,
      -4.295195e-8,
      -8.1126323e-9,
      -0.1630566,
      -0.98661667,
      -4.3126391e-8,
      -7.1274315e-9,
      -0.14058588,
      -0.9900685,
      -4.3277268e-8,
      -6.1452043e-9,
      -0.11996794,
      -0.99277776,
      -4.3395694e-8,
      -5.2439639e-9,
      -0.10300521,
      -0.99468082,
      -4.3478877e-8,
      -4.5025006e-9,
      -0.091506064,
      -0.99580449,
      -4.3528004e-8,
      -3.9998578e-9,
      -0.087272175,
      -0.99618453,
      -4.3544606e-8,
      -3.814788e-9,
      -0.10515687,
      -0.99445564,
      -4.3469036e-8,
      -4.5965529e-9,
      -0.1506113,
      -0.98859304,
      -4.3212783e-8,
      -6.5834285e-9,
      -0.21120033,
      -0.9774428,
      -4.2725375e-8,
      -9.2318588e-9,
      -0.27456096,
      -0.96156973,
      -4.2031544e-8,
      -1.2001443e-8,
      -0.32886666,
      -0.94437635,
      -4.128e-8,
      -1.4375217e-8,
      -0.38240278,
      -0.92399573,
      -4.0389136e-8,
      -1.6715356e-8,
      -0.43950343,
      -0.89824092,
      -3.9263355e-8,
      -1.9211305e-8,
      -0.48425543,
      -0.87492669,
      -3.8244256e-8,
      -2.116748e-8,
      -0.50228667,
      -0.86470115,
      -3.7797285e-8,
      -2.1955646e-8,
      -0.48321214,
      -0.8755033,
      -3.8269462e-8,
      -2.1121872e-8,
      -0.43454361,
      -0.9006508,
      -3.93687e-8,
      -1.8994504e-8,
      -0.36935762,
      -0.92928737,
      -4.0620439e-8,
      -1.614513e-8,
      -0.30229914,
      -0.9532131,
      -4.1666265e-8,
      -1.3213914e-8,
      -0.24964653,
      -0.96833706,
      -4.2327347e-8,
      -1.0912394e-8,
      -0.22836018,
      -0.97357672,
      -4.2556387e-8,
      -9.9819388e-9,
      -0.2397968,
      -0.97082311,
      -4.2436017e-8,
      -1.0481851e-8,
      -0.26483005,
      -0.96429509,
      -4.2150692e-8,
      -1.1576088e-8,
      -0.28968668,
      -0.95712155,
      -4.1837101e-8,
      -1.2662606e-8,
      -0.0062125092,
      -0.99998069,
      -4.3710546e-8,
      -2.7155739e-10,
      0.007726518,
      -0.99997014,
      -4.3710092e-8,
      3.3773681e-10,
      0.027942521,
      -0.99960953,
      -4.3694328e-8,
      1.2214065e-9,
      0.05196118,
      -0.99864912,
      -4.3652335e-8,
      2.2712952e-9,
      0.077308141,
      -0.99700725,
      -4.3580567e-8,
      3.3792453e-9,
      0.10151208,
      -0.9948343,
      -4.3485588e-8,
      4.4372337e-9,
      0.13046393,
      -0.99145305,
      -4.3337792e-8,
      5.7027596e-9,
      0.1664021,
      -0.98605794,
      -4.3101974e-8,
      7.2736679e-9,
      0.20147541,
      -0.97949356,
      -4.2815035e-8,
      8.8067713e-9,
      0.22801533,
      -0.97365755,
      -4.2559922e-8,
      9.9668656e-9,
      0.23852414,
      -0.97113657,
      -4.244972e-8,
      1.042622e-8,
      0.22641504,
      -0.97403091,
