{"animation":{"fields":["time","attr"],"times":[0.0,0.0333333,0.0666667,0.1,0.133333,0.166667,0.2,0.233333,0.266667,0.3,0.333333,0.366667,0.4,0.433333,0.466667,0.5,0.533333],"poses":[2.18225e-06,13.3946,-13.8118,9.73699,-3.90397,-1.98008,9.73699,-3.90397,1.99934,2.83569,-3.90397,1.99934,2.83569,-3.90397,-1.98008,11.5789,-0.234175,-1.02361e-08,11.5789,-0.234175,-4.47035e-08,-0.289003,0.0,-0.0,-0.289002,0.0,-0.0,2.18225e-06,13.3946,-13.6672,2.20846e-06,13.3946,-13.6085,2.20846e-06,13.3946,-13.6766,2.20846e-06,13.3946,-13.8266,2.20846e-06,13.3946,-13.9765,2.14729e-06,13.3946,-14.0447,2.14729e-06,13.3946,-13.9568,2.18225e-06,13.3946,-13.6817,2.18225e-06,13.3946,-13.6088,2.18225e-06,13.3946,-13.6769,2.18225e-06,13.3946,-13.8268,2.18225e-06,13.3946,-13.9767,2.18225e-06,13.3946,-14.0449,2.18225e-06,13.3946,-13.9763],"quats":[-0.50168061,0.4803209,-0.50403559,0.51337761,-0.49782258,0.47286943,-0.50886834,0.51924974,0.51452136,-0.52524042,0.4914979,-0.466712,-4.180437e-08,1.1194157e-07,-0.38268235,0.92387992,-0.024490705,0.019251661,0.022393107,0.99926376,-0.027578829,0.026403937,-0.0078283455,0.99924022,-0.043619465,-5.4069485e-08,0.99904823,-2.4009842e-07,-0.49174768,0.47918117,-0.50292772,0.52500802,-0.49390382,0.47695741,-0.50503653,0.52298069,0.50878328,-0.53080398,0.48548567,-0.47295919,-3.9255845e-08,1.1286052e-07,-0.40352884,0.91496688,-4.7224212e-08,-1.0976516e-07,0.91535926,-0.40263808,-4.2886143e-08,-1.1153158e-07,0.89887631,-0.43820241,-0.028479345,0.025430033,0.026885679,0.99890912,0.012853289,-0.025847405,0.026484668,0.99923235,0.011947704,-0.026278276,-0.0082403356,0.99954933,-0.055199821,-0.0002103388,0.995417,0.078090079,-0.054896638,-0.0036744506,0.9971146,-0.052300502,-0.055013724,-5.6761497e-08,0.99848562,-2.404623e-07,0.04324989,-0.0019747133,0.99598742,0.078324027,0.043137632,0.0036874234,0.9976899,-0.052348506,-4.9594505e-08,-1.087148e-07,0.92387915,-0.38268432,-3.8763762e-08,1.1303051e-07,-0.4075115,0.91320002,-4.4133149e-08,-1.1104408e-07,0.9037298,-0.42810336],"scales":[1.0,0.714058,0.714058,2.01588,2.01588,2.01588,0.359686,0.359686,0.281937],"length":0.5333333611488342,"tracks":{"Bone002":{"pos":[0,5,16,6],"quat":[0,4,2,13,6,5,8,5,10,14,14,15,16,4]},"Bone004":{"pos":[0,7,16,8],"quat":[0,6,2,16,6,17,8,18,10,19,14,20,16,6],"scale":[0,0,16,0]},"Bone005":{"pos":[0,0,1,9,2,10,3,11,4,12,5,13,6,14,7,15,8,0,9,16,10,17,11,18,12,19,13,20,14,21,15,22,16,0],"quat":[0,0,1,0,2,1,3,1,5,1,6,7,7,7,8,8,9,8,10,2,11,2,13,2,14,9,15,9,16,0],"scale":[0,1,16,1]},"Bone006":{"pos":[0,1,16,1],"quat":[0,10,8,21,16,10]},"Bone007":{"pos":[0,2,16,2],"quat":[0,11,8,22,16,11]},"Bone008":{"pos":[0,3,16,3],"quat":[0,3,8,23,16,3],"scale":[0,2,16,2]},"Bone009":{"pos":[0,4,16,4],"quat":[0,12,8,3,16,12]}}},"version":"0.1.0"}