{
  "animation": {
    "fields": [
      "time",
      "attr"
    ],
    "times": [
      0,
      0.0333333,
      0.0666667,
      0.1,
      0.133333,
      0.166667,
      0.2,
      0.233333,
      0.266667,
      0.3,
      0.333333,
      0.366667,
      0.4,
      0.433333,
      0.466667,
      0.5,
      0.533333,
      0.566667,
      0.6,
      0.633333,
      0.666667,
      0.7,
      0.733333,
      0.766667,
      0.8,
      0.833333,
      0.866667,
      0.9,
      0.933333,
      0.966667,
      1.03333,
      1.06667,
      1.1,
      1.13333,
      1.16667,
      1.2,
      1.23333,
      1.26667,
      1.3,
      1.33333
    ],
    "poses": [
      9.67429,
      1.02452,
      7.17669e-7,
      1.35774,
      -1.28349,
      4.23122e-7,
      5.85494e-7,
      13.6602,
      -5.59052,
      4.63067,
      -3.35993,
      -1.98008,
      4.63067,
      -3.35993,
      1.99934,
      1.33297,
      -2.9012,
      1.99934,
      1.33297,
      -2.9012,
      -1.98008
    ],
    "quats": [
      0.013373589,
      -0.0039746459,
      0.95846915,
      0.2848548,
      -0.0090846829,
      0.0025703197,
      -0.3033669,
      0.95282704,
      -0.009071202,
      0.0026173086,
      -0.30828974,
      0.95124567,
      -0.33490983,
      0.62276435,
      -0.33490989,
      0.62276429,
      7.2079708e-8,
      4.9469737e-8,
      -0.82449579,
      0.56586802,
      7.2533297e-8,
      4.8802292e-8,
      -0.82968414,
      0.55823314,
      -0.057134543,
      -0.14648278,
      -0.402275,
      0.90191644,
      0.065072164,
      0.15043153,
      -0.38999161,
      0.90611398,
      -0.0090810005,
      0.0025831044,
      -0.30470601,
      0.95239967,
      -0.009079596,
      0.0025880523,
      -0.30521777,
      0.95223582,
      -0.009078118,
      0.002593294,
      -0.30578128,
      0.95205498,
      -0.0090746703,
      0.0026050596,
      -0.30701011,
      0.95165938,
      -0.0090729557,
      0.0026112434,
      -0.30764991,
      0.95145279,
      -0.0090678791,
      0.0026289672,
      -0.30951756,
      0.95084685,
      -0.0090662753,
      0.0026344226,
      -0.31007969,
      0.95066369,
      -0.0090649063,
      0.0026392052,
      -0.31059101,
      0.95049673,
      -0.009067812,
      0.0026290519,
      -0.30951735,
      0.95084691,
      -0.0090694679,
      0.0026232135,
      -0.30891654,
      0.95104229,
      -0.0090747811,
      0.0026050569,
      -0.30701017,
      0.95165938,
      -0.0090764957,
      0.0025990757,
      -0.30638289,
      0.95186156,
      -0.0090780258,
      0.0025933417,
      -0.30578128,
      0.95205498,
      -0.009081061,
      0.0025830874,
      -0.30470604,
      0.95239967,
      -0.0090821628,
      0.002578815,
      -0.30425775,
      0.95254296,
      -0.0090832775,
      0.0025752839,
      -0.30388755,
      0.9526611,
      0.019242361,
      -0.0057185842,
      0.95836931,
      0.28482509,
      0.024621725,
      -0.0073175663,
      0.95824611,
      0.28478858,
      0.029511074,
      -0.0087706633,
      0.95810813,
      0.2847473,
      0.033911027,
      -0.01007868,
      0.95796257,
      0.28470382,
      0.037821423,
      -0.011240489,
      0.957816,
      0.2846607,
      0.041242726,
      -0.012257288,
      0.95767474,
      0.28461882,
      0.044174571,
      -0.013128628,
      0.95754403,
      0.28457987,
      0.04661743,
      -0.013854641,
      0.95742822,
      0.28454545,
      0.048571542,
      -0.014435396,
      0.95733106,
      0.28451657,
      0.050037168,
      -0.014870964,
      0.9572556,
      0.28449395,
      0.049744114,
      -0.014783883,
      0.95727086,
      0.28449866,
      0.047765668,
      -0.014196018,
      0.95737159,
      0.28452864,
      0.044761065,
      -0.013302921,
      0.95751685,
      0.28457156,
      0.040876005,
      -0.012148302,
      0.95769054,
      0.28462335,
      0.036257558,
      -0.01077571,
      0.95787644,
      0.28467876,
      0.031051185,
      -0.0092281373,
      0.95805937,
      0.28473309,
      0.02540425,
      -0.0075503797,
      0.95822573,
      0.2847825,
      0.019462451,
      -0.005784241,
      0.95836484,
      0.28482381,
      0.0072841188,
      -0.0021651178,
      0.95853472,
      0.28487438,
      0.0013412106,
      -0.0003986503,
      0.95856154,
      0.28488231,
      -0.0043084905,
      0.0012804276,
      0.95855272,
      0.28487974,
      -0.0095176687,
      0.0028285831,
      0.95851517,
      0.28486854,
      -0.014139741,
      0.0042022537,
      0.95845819,
      0.28485155,
      -0.018027782,
      0.0053577707,
      0.95839292,
      0.28483215,
      -0.021035422,
      0.0062516336,
      0.95833158,
      0.28481391,
      -0.023016099,
      0.0068402858,
      0.95828605,
      0.28480041,
      -0.021842344,
      0.0064916979,
      0.95831358,
      0.28480849,
      -0.019886129,
      0.0059100674,
      0.95835614,
      0.28482124,
      -0.017440766,
      0.0051833116,
      0.95840377,
      0.2848354,
      -0.014506383,
      0.0043108365,
      0.95845276,
      0.28484952,
      -0.011082841,
      0.0032937494,
      0.95849836,
      0.2848635,
      -0.0071697459,
      0.0021307827,
      0.95853579,
      0.28487408,
      -0.0027676213,
      0.00082273374,
      0.95855844,
      0.28488138,
      0.0021237272,
      -0.00063121249,
      0.95856011,
      0.28488183,
      0.007504215,
      -0.0022300326,
      0.95853305,
      0.28487381
    ],
    "scales": [
      0.359686,
      0.359686,
      0.281937,
      1,
      1,
      1,
      0.999999,
      0.714058,
      0.714058,
      2.01587,
      2.01587,
      2.01587
    ],
    "length": 1.3333333730697632,
    "tracks": {
      "Bone002": {
        "pos": [
          0,
          0,
          39,
          0
        ],
        "quat": [
          0,
          1,
          5,
          8,
          6,
          9,
          7,
          10,
          9,
          11,
          10,
          12,
          11,
          2,
          13,
          13,
          14,
          14,
          15,
          15,
          27,
          16,
          28,
          17,
          29,
          2,
          30,
          18,
          31,
          19,
          32,
          20,
          34,
          21,
          35,
          22,
          36,
          23,
          39,
          1
        ],
        "scale": [
          0,
          1,
          39,
          1
        ]
      },
      "Bone004": {
        "pos": [
          0,
          1,
          39,
          1
        ],
        "quat": [
          0,
          0,
          1,
          24,
          2,
          25,
          3,
          26,
          4,
          27,
          5,
          28,
          6,
          29,
          7,
          30,
          8,
          31,
          9,
          32,
          10,
          33,
          12,
          34,
          13,
          35,
          14,
          36,
          15,
          37,
          16,
          38,
          17,
          39,
          18,
          40,
          19,
          41,
          20,
          0,
          21,
          42,
          22,
          43,
          23,
          44,
          24,
          45,
          25,
          46,
          26,
          47,
          27,
          48,
          28,
          49,
          30,
          50,
          31,
          51,
          32,
          52,
          33,
          53,
          34,
          54,
          35,
          55,
          36,
          56,
          37,
          57,
          38,
          58,
          39,
          0
        ],
        "scale": [
          0,
          2,
          39,
          2
        ]
      },
      "Bone005": {
        "pos": [
          0,
          2,
          39,
          2
        ],
        "quat": [
          0,
          3,
          39,
          3
        ],