{"is_global":true,"animation":{"fields":["time","attr"],"times":[0.0,0.0333333,0.0666667,0.1,0.133333,0.166667,0.2,0.233333,0.266667,0.3,0.333333,0.366667,0.4,0.433333,0.466667,0.5,0.533333,0.566667,0.6,0.633333,0.666667,0.7,0.733333,0.766667,0.8,0.833333,0.866667,0.9,0.933333,0.966667,1.0,1.03333,1.06667,1.1,1.13333,1.16667,1.2,1.23333,1.26667,1.3,1.33333],"poses":[0.0949864,1.60451,-0.326079,0.150414,-1.66643,-0.265485,-0.0222388,-2.57357e-07,-6.04128,0.162921,1.60135,-0.314512,0.160357,1.60154,-0.314889,0.153563,1.602,-0.315904,0.143928,1.6026,-0.317388,0.132822,1.60321,-0.319174,0.121524,1.60372,-0.321087,0.111166,1.6041,-0.322943,0.102729,1.60434,-0.324538,0.097065,1.60447,-0.325658,0.0972171,1.60394,-0.328225,0.103278,1.60237,-0.333996,0.112269,1.59999,-0.342396,0.123255,1.597,-0.352426,0.135191,1.59365,-0.363058,0.146885,1.59026,-0.373237,0.157011,1.58723,-0.381876,0.164143,1.58506,-0.38787,0.166833,1.58423,-0.390113,0.165005,1.58479,-0.388589,0.160028,1.58632,-0.38442,0.152693,1.58853,-0.37821,0.143793,1.59116,-0.370567,0.134097,1.59396,-0.362094,0.124318,1.5967,-0.353383,0.115109,1.59922,-0.345013,0.107056,1.60137,-0.337548,0.100688,1.60304,-0.331541,0.096499,1.60412,-0.327536,0.0964065,1.60448,-0.325788,0.100344,1.6044,-0.324996,0.106349,1.60425,-0.323826,0.11397,1.60401,-0.322397,0.122716,1.60369,-0.320828,0.132029,1.60326,-0.319229,0.141286,1.60278,-0.317703,0.149796,1.60227,-0.31635,0.156815,1.60181,-0.315264,0.161579,1.60148,-0.31454,0.16333,1.60136,-0.314277,0.0703239,-1.66913,-0.281313,0.0732098,-1.66909,-0.280836,0.0809045,-1.66895,-0.279534,0.0919309,-1.6687,-0.277595,0.104819,-1.66834,-0.275207,0.118143,-1.66788,-0.272586,0.130562,-1.66738,-0.269988,0.140841,-1.66691,-0.267714,0.14783,-1.66656,-0.266098,0.147028,-1.66701,-0.263695,0.13788,-1.66855,-0.258849,0.124458,-1.6707,-0.251711,0.108274,-1.67311,-0.243061,0.0909381,-1.67546,-0.233746,0.0741777,-1.67753,-0.224692,0.0598321,-1.67912,-0.216905,0.0498147,-1.68015,-0.211449,0.0460548,-1.68051,-0.209397,0.0486102,-1.68026,-0.210792,0.0555868,-1.67957,-0.214595,0.0659332,-1.67846,-0.22022,0.0785885,-1.677,-0.227079,0.0925174,-1.67526,-0.234597,0.106721,-1.67333,-0.242229,0.120253,-1.67134,-0.249468,0.13222,-1.66948,-0.255843,0.141779,-1.6679,-0.260917,0.148115,-1.66683,-0.264271,0.14867,-1.66652,-0.265898,0.143858,-1.66676,-0.267017,0.136588,-1.66711,-0.268656,0.127469,-1.66751,-0.270628,0.117147,-1.66792,-0.272758,0.106303,-1.6683,-0.274886,0.0956669,-1.66861,-0.276874,0.0860095,-1.66885,-0.278602,0.0781217,-1.66901,-0.279961,0.0728078,-1.6691,-0.280854,0.0708623,-1.66913,-0.281176,7.54428,0.0403076,0.00314192,7.54428,0.0403075,0.00314188,7.87574,2.77633,-0.231748,7.87575,2.77633,-0.231748,8.13925,-2.73869,-0.246088,8.13925,-2.73869,-0.246089,2.20653,0.00456653,1.57937,2.20653,0.00456655,1.57937],"quats":[0.13419569,0.056456748,0.98393536,0.10332179,-0.48572141,0.45596436,0.58431637,0.46340662,0.086395651,-0.11964404,0.058391739,0.98732543,0.12396369,-0.18649454,0.86969829,0.439861,0.60752165,-0.14629145,-0.53993589,0.56390214,0.14299713,0.049754269,0.9808358,0.12262762,0.14288697,0.050047915,0.98087716,0.12230496,0.14236987,0.050734676,0.98111111,0.12073879,0.1414675,0.051683426,0.98149484,0.11825243,0.1402171,0.052764237,0.98198414,0.11516184,0.13870081,0.053851251,0.98253322,0.11176143,0.1370967,0.054849889,0.98307008,0.10848641,0.13564824,0.055679914,0.98351687,0.10580123,0.13459787,0.056246646,0.98382223,0.10398872,0.13505161,0.057036664,0.9836905,0.1042156,0.13732061,0.058585983,0.98302513,0.10664085,0.14070377,0.060770959,0.98203462,0.11007895,0.14486219,0.063266575,0.98081905,0.11404496,0.14929917,0.065806329,0.9794966,0.11817674,0.15356411,0.068135187,0.97820032,0.12206469,0.15725461,0.070012018,0.97707802,0.12525131,0.16000792,0.071208,0.97628641,0.12724686,0.16147496,0.071500421,0.97598284,0.12755775,0.16161996,0.070924371,0.97617418,0.12622476,0.16071537,0.069772802,0.97671044,0.12385088,0.15885325,0.068205558,0.97750616,0.12081143,0.15606397,0.066396408,0.97847766,0.11754568,0.15251528,0.064475365,0.97954428,0.11434625,0.148516,0.062536135,0.98062837,0.11135671,0.1443992,0.060680926,0.98165739,0.1086996,0.14052317,0.059022382,0.98256397,0.10647863,0.13726802,0.057680938,0.98328555,0.10478495,0.13502775,0.056783531,0.9837625,0.10370355,0.13503535,0.056266036,0.98376328,0.10396849,0.13718827,0.055749338,0.98331088,0.10569404,0.1400951,0.054987613,0.98267239,0.10818809,0.14318623,0.054064326,0.98194695,0.11115292,0.14589107,0.053071268,0.98124063,0.11430682,0.14765085,0.052110177,0.98066741,0.1173678,0.14806521,0.051255502,0.98033988,0.11993051,0.14734036,0.050541829,0.98025972,0.12176707,0.14586228,0.050013233,0.98037279,0.12284964,0.14402518,0.049709633,0.98062265,0.12314621,0.14221583,0.049668279,0.98095202,0.12264118,0.01743977,-0.072984017,0.99595422,-0.049440593,0.017574299,-0.072777092,0.99594069,-0.049968865,0.017465143,-0.072311535,0.99588156,-0.051826812,0.017123861,-0.071640313,0.99578524,-0.054646842,0.016575355,-0.070817895,0.99565989,-0.058064543,0.015889212,-0.069905713,0.99551493,-0.061731365,0.015193248,-0.068971477,0.99536127,-0.065330409,0.014754495,-0.06807296,0.99521792,-0.068481788,0.014783242,-0.067308187,0.9951095,-0.070768006,0.015368539,-0.066815749,0.99505639,-0.071848921,0.017096179,-0.065978639,0.99512506,-0.071279019,0.02012543,-0.064284049,0.9953326,-0.069105767,0.023870416,-0.062020894,0.99562389,-0.065701514,0.027750552,-0.059475671,0.99594963,-0.061456691,0.031382889,-0.056879159,0.99626249,-0.056929205,0.034540828,-0.05444042,0.99652749,-0.052688878,0.036936153,-0.052415602,0.99672836,-0.049202647,0.038320091,-0.051067159,0.99685401,-0.046966169,0.037417602,-0.05118325,0.99684781,-0.047694534,0.035583496,-0.052354023,0.99674135,-0.049995832,0.033152279,-0.054011539,0.99658132,-0.053003598,0.030275606,-0.056018889,0.99639177,-0.056113534,0.027093828,-0.05824488,0.99619043,-0.058975421,0.023798985,-0.060534786,0.99597865,-0.061608851,0.020595707,-0.062732622,0.9957599,-0.064052366,0.017699411,-0.064680107,0.99553967,-0.066362537,0.015335728,-0.066217355,0.99532527,-0.068613224,0.014068576,-0.067105241,0.9951508,-0.070525683,0.014309729,-0.067177437,0.99506968,-0.071545497,0.015569353,-0.06692303,0.99506766,-0.071549423,0.017128602,-0.066890292,0.99510562,-0.070689872,0.018628938,-0.067115612,0.99517912,-0.069043078,0.019705098,-0.067631513,0.99528408,-0.066687658,0.020218432,-0.068394199,0.99541098,-0.063799866,0.020290265,-0.069282725,0.99554527,-0.060645577,0.019971054,-0.070215106,0.99567538,-0.057458878,0.01933928,-0.071115009,0.99579096,-0.054488398,0.018497437,-0.071911983,0.99588299,-0.051996522,0.017562499,-0.072540537,0.99594384,-0.050251827,0.016651142,-0.072936632,0.99596697,-0.049525913,-0.47264218,0.46080631,0.60037148,0.4514654,-0.47307131,0.46057254,0.59984851,0.45194939,-0.47423026,0.45996895,0.59843588,0.45322043,-0.47592804,0.45915616,0.59636241,0.4549945,-0.4779698,0.45828581,0.5938645,0.45699453,-0.48014733,0.45748079,0.59119314,0.45897788,-0.4822405,0.45682177,0.58861732,0.46074679,-0.48402134,0.45634669,0.58641952,0.46215069,-0.48525855,0.45606154,0.58488965,0.46307248,-0.48451951,0.45633912,0.58487028,0.46359706,-0.48129424,0.45736656,0.58634883,0.46407616,-0.47661686,0.45891142,0.58847433,0.46468773,-0.47105971,0.46083188,0.59096855,0.46528804,-0.46520224,0.46295607,0.59356034,0.46577322,-0.45962793,0.46507326,0.59599012,0.46609536,-0.45492297,0.46693301,0.59801233,0.46626166,-0.45167261,0.46825668,0.59939402,0.46632001,-0.45045978,0.46875891,0.59990609,0.46633011,-0.45128325,0.46841753,0.59955835,0.46632421,-0.4535422,0.46749127,0.5986011,0.4662919,-0.45691636,0.4661369,0.59715873,0.46620306,-0.46108645,0.46451044,0.5953576,0.4660244,-0.46573168,0.46275994,0.59332752,0.4657357,-0.47053102,0.46101937,0.59120417,0.46533793,-0.47516415,0.45940465,0.58912939,0.46485808,-0.47931382,0.45801276,0.58725142,0.46434724,-0.48266539,0.45692596,0.58572167,0.46387815,-0.48490542,0.45621824,0.58469284,0.46353638,-0.48541704,