{"is_global":true,"animation":{"fields":["time","attr"],"times":[0.0,0.0333333,0.0666667,0.1,0.133333,0.166667,0.2,0.233333,0.266667,0.3,0.333333,0.366667,0.4,0.433333,0.466667,0.5,0.533333,0.566667,0.6,0.633333,0.666667,0.7,0.733333,0.766667,0.8,0.833333,0.866667,0.9,0.933333,0.966667,1.0,1.03333,1.06667,1.1,1.13333,1.16667,1.2,1.23333,1.26667,1.3,1.33333,1.36667,1.4,1.43333,1.46667,1.5,1.53333,1.56667,1.6,1.63333,1.66667],"poses":[0.244232,1.60595,-0.0171734,0.240757,-1.71038,-0.0169274,-0.0222388,-2.57357e-07,-5.74032,-0.0222388,-2.57357e-07,-5.63186,7.94381,-1.84774e-05,0.000477672,7.86742,3.42482,0.00632882,7.58829,-3.31241,0.0373985,2.47141,-0.0143495,1.60837,0.245179,1.60595,-0.0171194,0.247897,1.60596,-0.0172019,0.252236,1.60597,-0.0174077,0.258052,1.60599,-0.0177253,0.265195,1.60601,-0.0181428,0.27352,1.60603,-0.0186491,0.282877,1.60606,-0.0192336,0.29312,1.60609,-0.0198859,0.304103,1.60612,-0.0205957,0.315675,1.60616,-0.0213525,0.327692,1.60619,-0.0221466,0.340005,1.60623,-0.0229674,0.352467,1.60627,-0.0238044,0.364926,1.6063,-0.0246641,0.377235,1.60634,-0.025554,0.389244,1.60637,-0.0264638,0.400806,1.60641,-0.0273835,0.411774,1.60644,-0.028302,0.422,1.60647,-0.0292074,0.431336,1.6065,-0.0300865,0.439636,1.60653,-0.0309257,0.446752,1.60655,-0.0317102,0.452537,1.60657,-0.0324235,0.456843,1.60659,-0.03305,0.459525,1.60659,-0.0335717,0.460432,1.6066,-0.0339707,0.459311,1.6066,-0.0342195,0.456125,1.60659,-0.0343084,0.451062,1.60657,-0.0342425,0.444311,1.60655,-0.0340286,0.43606,1.60653,-0.0336756,0.426499,1.6065,-0.0331917,0.415814,1.60646,-0.0325871,0.404191,1.60643,-0.0318725,0.391822,1.60639,-0.031061,0.378893,1.60635,-0.0301652,0.36559,1.60632,-0.0291997,0.352102,1.60628,-0.0281799,0.338617,1.60624,-0.0271208,0.325327,1.6062,-0.0259978,0.312419,1.60616,-0.0248072,0.300083,1.60612,-0.0235948,0.2885,1.60609,-0.0224013,0.27786,1.60605,-0.0212635,0.268349,1.60602,-0.0202132,0.260152,1.606,-0.0192793,0.253455,1.60598,-0.0184857,0.248446,1.60596,-0.017856,0.24531,1.60595,-0.0174113,0.241698,-1.71037,-0.0168749,0.244413,-1.71037,-0.016959,0.248754,-1.71035,-0.017167,0.254574,-1.71034,-0.0174861,0.261725,-1.71031,-0.0179053,0.270058,-1.71029,-0.0184133,0.279425,-1.71026,-0.0189993,0.289679,-1.71023,-0.0196531,0.300671,-1.7102,-0.020364,0.312252,-1.71016,-0.0211221,0.324277,-1.71013,-0.0219168,0.336595,-1.71009,-0.0227378,0.349059,-1.71005,-0.0235752,0.36152,-1.71002,-0.0244349,0.373833,-1.70998,-0.0253239,0.385848,-1.70994,-0.026233,0.39742,-1.70991,-0.0271518,0.408398,-1.70988,-0.0280691,0.418634,-1.70985,-0.0289729,0.427982,-1.70982,-0.0298504,0.436294,-1.70979,-0.0306876,0.443421,-1.70977,-0.0314695,0.449216,-1.70975,-0.0321812,0.453532,-1.70974,-0.0328051,0.45622,-1.70973,-0.0333242,0.457134,-1.70972,-0.0337205,0.456017,-1.70973,-0.0339674,0.452833,-1.70973,-0.034053,0.447771,-1.70975,-0.0339844,0.441019,-1.70977,-0.0337684,0.432766,-1.70979,-0.0334124,0.423201,-1.70982,-0.0329259,0.412512,-1.70986,-0.0323188,0.400886,-1.70989,-0.0316028,0.388511,-1.70993,-0.0307893,0.375578,-1.70997,-0.0298924,0.362272,-1.71001,-0.0289258,0.348782,-1.71005,-0.0279047,0.335297,-1.71008,-0.0268456,0.322005,-1.71012,-0.0257232,0.309095,-1.71016,-0.0245344,0.296753,-1.7102,-0.0233244,0.285161,-1.71023,-0.022134,0.274507,-1.71027,-0.0209994,0.264978,-1.7103,-0.0199528,0.256759,-1.71032,-0.0190217,0.250039,-1.71034,-0.0182319,0.245006,-1.71036,-0.0176051,0.241849,-1.71037,-0.0171632,-0.0222388,-2.57357e-07,-5.73939,-0.0222388,-2.57357e-07,-5.73667,-0.0222388,-2.57357e-07,-5.73233,-0.0222388,-2.57357e-07,-5.7265,-0.0222388,-2.57357e-07,-5.71934,-0.0222388,-2.57357e-07,-5.711,-0.0222388,-2.57357e-07,-5.70162,-0.0222388,-2.57357e-07,-5.69135,-0.0222388,-2.57357e-07,-5.68034,-0.0222388,-2.57357e-07,-5.66874,-0.0222388,-2.57357e-07,-5.65669,-0.0222388,-2.57357e-07,-5.64435,-0.0222388,-2.57357e-07,-5.61936,-0.0222388,-2.57357e-07,-5.60702,-0.0222388,-2.57357e-07,-5.59497,-0.0222388,-2.57357e-07,-5.58337,-0.0222388,-2.57357e-07,-5.57236,-0.0222388,-2.57357e-07,-5.5621,-0.0222388,-2.57357e-07,-5.55271,-0.0222388,-2.57357e-07,-5.54437,-0.0222388,-2.57357e-07,-5.53721,-0.0222388,-2.57357e-07,-5.53139,-0.0222388,-2.57357e-07,-5.52704,-0.0222388,-2.57357e-07,-5.52433,-0.0222388,-2.57357e-07,-5.52339,-0.0222388,-2.57357e-07,-5.52449,-0.0222388,-2.57357e-07,-5.52766,-0.0222388,-2.57357e-07,-5.53271,-0.0222388,-2.57357e-07,-5.53946,-0.0222388,-2.57357e-07,-5.54771,-0.0222388,-2.57357e-07,-5.55728,-0.0222388,-2.57357e-07,-5.56799,-0.0222388,-2.57357e-07,-5.57963,-0.0222388,-2.57357e-07,-5.59203,-0.0222388,-2.57357e-07,-5.60499,-0.0222388,-2.57357e-07,-5.61833,-0.0222388,-2.57357e-07,-5.64538,-0.0222388,-2.57357e-07,-5.65872,-0.0222388,-2.57357e-07,-5.67168,-0.0222388,-2.57357e-07,-5.68408,-0.0222388,-2.57357e-07,-5.69572,-0.0222388,-2.57357e-07,-5.70643,-0.0222388,-2.57357e-07,-5.716,-0.0222388,-2.57357e-07,-5.72425,-0.0222388,-2.57357e-07,-5.731,-0.0222388,-2.57357e-07,-5.73605,-0.0222388,-2.57357e-07,-5.73922,8.03275,0.000241112,-0.00553325,7.96372,3.84189e-05,-0.000360072,7.95358,8.71345e-06,0.000394344,7.94352,-2.08542e-05,0.00114292,7.88088,-0.000204604,0.0058046,7.99776,3.42525,-0.00242031,7.74538,3.42446,0.0170597,7.81501,3.42467,0.0105405,7.71375,-3.31212,0.0288132,7.60056,-3.31238,0.0367558,7.58859,-3.31241,0.0373828],"quats":[0.074846499,0.10581933,0.99130052,0.022882668,0.083424501,0.025412183,0.99150568,-0.096494049,-0.36434782,0.57643116,0.38900006,0.61940038,-0.18652025,-0.064689375,-0.011505061,0.98025155,0.033031929,-0.029990125,0.97851831,0.20127442,0.13474222,-0.0047120047,0.96435082,-0.22770572,0.59195852,-0.47779408,0.39406535,0.51576215,0.075885653,0.10584394,0.99122202,0.022746516,0.07623715,0.10585216,0.99119502,0.022708364,0.076592855,0.10586034,0.9911676,0.022669712,0.077643171,0.10588463,0.99108589,0.022556383,0.077973679,0.10589201,0.99105996,0.022521414,0.078287199,0.10589934,0.99103522,0.022487666,0.079655796,0.10593037,0.99092603,0.022345666,0.079682507,0.10593094,0.99092388,0.022342551,0.079591155,0.10592882,0.99093121,0.022353204,0.078467093,0.10590325,0.99102086,0.022475312,0.07791198,0.10589058,0.99106461,0.022536445,0.077318229,0.10587697,0.99111104,0.02260296,0.07613752,0.1058496,0.99120235,0.022735635,0.075612374,0.10583733,0.99124247,0.022795593,0.075171836,0.10582699,0.99127591,0.022845935,0.08446575,0.025311569,0.99141514,-0.096545056,0.084817328,0.025277453,0.99138498,-0.096555308,0.08517316,0.025242856,0.99135447,-0.096564539,0.086554311,0.025108481,0.99123478,-0.096600436,0.086867973,0.025078055,0.9912073,-0.096608184,0.087160587,0.025049565,0.99118167,-0.096615024,0.085897923,0.025172189,0.99129295,-0.096572556,0.085295826,0.025230706,0.99134535,-0.096553184,0.084716529,0.025286885,0.99139529,-0.096535392,-0.36395377,0.5757705,0.38936833,0.62001479,-0.36381626,0.57555026,0.38949674,0.62021935,-0.36367691,0.57532734,0.38962671,0.62042624,-0.36313403,0.57446212,0.39013237,0.62122762,-0.36301026,0.57426566,0.39024743,0.6214093,-0.36289477,0.57408237,0.3903549,0.62157857,-0.36338523,0.57487804,0.38989872,0.62084258,-0.36362007,0.57525635,0.38967976,0.62049198,-0.36384565,0.57562017,0.38946939,0.62015432,-0.18549855,-0.091065913,-0.0092407027,0.9783721,-0.18661281,-0.068171546,-0.011155023,0.98000199,-0.18677413,-0.064364158,-0.011577066,0.98022377,-0.18692333,-0.060584858,-0.011996241,0.9804312,-0.18761404,-0.037030876,-0.014618597,0.98143572,0.035094611,-0.0025290763,0.98180228,0.18661816,0.031126097,-0.056569889,0.9778372,0.19916207,0.032618381,-0.0404559,0.97500801,0.21600622,0.14219376,-0.031269647,0.96980256,-0.19566847,0.14637202,0.01031523,0.96516556,-0.21662007,0.13715972,-0.00013651157,0.96284449,-0.23263219,0.62386924,-0.45563582,0.38889107,0.50194305,0.58545357,-0.48577517,0.39532554,0.51476628],"scales":[1.0,1.0,0.999998,1.0,0.999999,0.999998,1.0,1.0,1.0],"length":1.6666667461395264,