{
  "animation": {
    "fields": [
      "time",
      "attr"
    ],
    "times": [
      0,
      0.266667,
      0.3,
      0.5,
      0.7,
      0.766667,
      0.8,
      1
    ],
    "poses": [
      -0.0222388,
      -2.57357e-7,
      -6.04128,
      7.96259,
      4.02601,
      0.000038147,
      8.02232,
      -3.99907,
      0.0000762939,
      2.47141,
      -0.0143324,
      1.60837,
      -0.0596055,
      -1.71125,
      0.0000543594,
      -0.0596051,
      -1.71125,
      0.0000543595,
      -0.0222388,
      -2.59916e-7,
      -6.50448,
      -0.0222388,
      -2.63525e-7,
      -6.498,
      7.66428,
      3.74344,
      -0.042824,
      7.83388,
      4.02995,
      -0.0000339999,
      7.77868,
      -3.79146,
      -0.0390673
    ],
    "quats": [
      0.0080686705,
      0.0000019170145,
      0.99996734,
      0.00052516937,
      -0.50054485,
      0.49945322,
      0.49894303,
      0.50105625,
      0.0000036027673,
      0.00057855225,
      0.0016026014,
      0.99999851,
      0.0073006288,
      0.0000023204548,
      0.99997324,
      0.00052517722,
      -0.00068240298,
      1.5872513e-7,
      0.99999285,
      -0.003721226,
      -0.0010488498,
      -0.0000012049176,
      0.99999255,
      -0.0037212244,
      0.45699987,
      -0.53958732,
      0.53813463,
      0.45870227,
      -0.27100328,
      -0.063697994,
      0.95991677,
      0.032551475,
      0.0072998516,
      -0.000018284893,
      0.99997079,
      -0.00226919,
      0.2502169,
      0.11221053,
      0.9577828,
      0.086327605,
      0.27079117,
      -0.061527513,
      0.95777404,
      -0.074534573,
      -0.24339263,
      0.086964212,
      0.96526474,
      -0.038226523,
      -0.54425234,
      0.45225492,
      0.52953398,
      0.46781266,
      -0.44134334,
      0.55271709,
      0.45779246,
      0.538652,
      0.076515786,
      -0.034001973,
      0.041704435,
      0.99561536,
      -0.08643131,
      -0.026229944,
      -0.034762304,
      0.9953056,
      0.3506161,
      -0.067893595,
      0.86451769,
      0.35364953,
      0.0012022268,
      0.000033820117,
      0.99963278,
      0.027073067,
      -0.57352984,
      0.13807014,
      0.80445325,
      0.069678947,
      -0.55126941,
      -0.14679027,
      0.81981021,
      -0.049658056,
      -0.0023897528,
      -0.000015063221,
      0.99966848,
      -0.025637466,
      0.39108792,
      0.065468252,
      0.87348676,
      -0.28246245,
      0.45221704,
      -0.50404,
      0.51369423,
      0.52684116,
      0.47868294,
      -0.52055371,
      0.53787774,
      0.45888349,
      -0.53179258,
      0.48581204,
      -0.53071135,
      -0.44668648
    ],
    "scales": [],
    "length": 1,
    "tracks": {
      "Bone001": {
        "quat": [
          0,
          3,
          2,
          7,
          3,
          8,
          5,
          9,
          7,
          3
        ]
      },
      "Bone002": {
        "pos": [
          0,
          4,
          7,
          5
        ],
        "quat": [
          0,
          0,
          2,
          10,
          3,
          0,
          5,
          11,
          7,
          0
        ]
      },
      "Bone003": {
        "pos": [
          0,
          0,
          2,
          6,
          3,
          0,
          5,
          7,
          7,
          0
        ],
        "quat": [
          0,
          1,
          2,
          12,
          3,
          1,
          5,
          13,
          7,
          1
        ]
      },
      "Bone004": {
        "quat": [
          0,
          2,
          2,
          14,
          3,
          2,
          5,
          15,
          7,
          2
        ]
      },
      "Bone005": {
        "pos": [
          0,
          1,
          1,
          8,
          3,
          1,
          5,
          9,
          7,
          1
        ],
        "quat": [
          0,
          4,
          1,
          16,
          3,
          17,
          5,
          18,
          7,
          4
        ]
      },
      "Bone006": {
        "pos": [
          0,
          2,
          3,
          2,
          6,
          10,
          7,
          2
        ],
        "quat": [
          0,
          5,
          2,
          19,
          3,
          20,
          6,
          21,
          7,
          5
        ]
      },
      "Bone007": {
        "pos": [
          0,
          3,
          7,
          3
        ],
        "quat": [
          0,
          6,
          2,
          22,
          3,
          23,
          4,
          24,
          7,
          6
        ]
      }
    }
  },
  "version": "0.1.0"
}
