{"is_global":true,"animation":{"fields":["time","attr"],"times":[0.0,0.0333333,0.0666667,0.1,0.133333,0.166667,0.2,0.233333,0.266667,0.3,0.333333,0.366667,0.4,0.433333,0.466667,0.5,0.533333,0.566667,0.6,0.633333,0.666667,0.7,0.733333,0.766667,0.8,0.833333,0.866667,0.9,0.933333,0.966667,1.0,1.03333,1.06667,1.1,1.13333,1.16667,1.2,1.23333,1.26667,1.3,1.33333],"poses":[-0.124344,-5.51428,-18.7544,-0.129011,-5.49676,-18.7685,-0.141677,-5.48109,-18.8076,-0.160339,-5.46726,-18.8675,-0.182998,-5.45528,-18.9435,-0.207654,-5.44514,-19.0314,-0.232311,-5.43684,-19.1266,-0.254969,-5.43039,-19.2248,-0.273631,-5.42578,-19.3216,-0.286297,-5.42302,-19.4124,-0.290964,-5.42209,-19.4929,-0.287713,-5.42338,-19.5734,-0.278666,-5.42705,-19.6642,-0.264881,-5.43286,-19.761,-0.247413,-5.44052,-19.8592,-0.227318,-5.44977,-19.9544,-0.20565,-5.46036,-20.0423,-0.183464,-5.47201,-20.1183,-0.161814,-5.48445,-20.1782,-0.141755,-5.49743,-20.2173,-0.124344,-5.51067,-20.2314,-0.107452,-5.52391,-20.2173,-0.0888016,-5.53689,-20.1782,-0.0692272,-5.54933,-20.1183,-0.0495611,-5.56098,-20.0423,-0.0306355,-5.57157,-19.9544,-0.0132825,-5.58082,-19.8592,0.00166554,-5.58848,-19.761,0.0133756,-5.59429,-19.6642,0.021014,-5.59796,-19.5734,0.0237459,-5.59925,-19.4929,0.0195977,-5.5984,-19.4124,0.00834049,-5.59585,-19.3216,-0.00824618,-5.5916,-19.2248,-0.0283848,-5.58565,-19.1266,-0.050299,-5.578,-19.0314,-0.0722132,-5.56866,-18.9435,-0.0923518,-5.55761,-18.8675,-0.108938,-5.54487,-18.8076,-0.120196,-5.53042,-18.7685,0.665849,13.8548,5.51446,0.665848,13.8548,5.51446],"quats":[-0.49752098,0.4971402,0.50247329,0.50283706,3.959045e-06,-5.4304692e-06,0.80938441,0.58727938,3.9555512e-06,5.5097134e-06,-0.80938441,0.58727926,-0.49866283,0.49658498,0.50231951,0.50240797,-0.49922019,0.49635619,0.50225538,0.50214475,-0.49983895,0.49613243,0.50219792,0.50180769,-0.50049227,0.49592924,0.50215906,0.50139594,-0.50115305,0.49575752,0.50215119,0.50091362,-0.5017947,0.495621,0.50218517,0.50037163,-0.50239521,0.49551958,0.50226909,0.49978507,-0.50293583,0.49544773,0.50240618,0.49917451,-0.50340432,0.4953981,0.50259399,0.49856192,-0.50379372,0.49536297,0.50282472,0.49797067,-0.50410324,0.49533591,0.50308448,0.49742156,-0.50433564,0.49531376,0.50335574,0.49693349,-0.5036763,0.49588683,0.50284898,0.49754333,-0.50306159,0.49591237,0.50233501,0.4986577,-0.50215411,0.49594796,0.50201231,0.49986053,-0.50100482,0.49607018,0.5019291,0.5009746,-0.49976128,0.49632552,0.50203848,0.50185359,-0.4986304,0.49667695,0.50223374,0.50243509,-0.49782377,0.49700165,0.50240493,0.50274277,-9.9958461e-06,-2.4871499e-05,0.81213939,0.58346343,-2.2337294e-05,-4.2392563e-05,0.81458938,0.58003813,-3.3116372e-05,-5.7955975e-05,0.81673908,0.57700723,-4.237852e-05,-7.1528884e-05,0.81859297,0.5743742,-5.0163402e-05,-8.30832e-05,0.82015491,0.57214153,-5.6436751e-05,-9.2497423e-05,0.82142866,0.57031143,-6.1294682e-05,-9.9850084e-05,0.82241625,0.56888622,-6.4758795e-05,-0.00010512647,0.82312018,0.56786722,-5.2767784e-05,-9.7777163e-05,0.82237583,0.56894463,-4.2158244e-05,-8.9494279e-05,0.8214429,0.57029074,-2.9462804e-05,-7.9493409e-05,0.82031298,0.57191497,-1.4930773e-05,-6.819141e-05,0.81901687,0.57376945,1.1273523e-06,-5.5670665e-05,0.81758577,0.57580692,1.8512957e-05,-4.2673935e-05,0.81605124,0.57797974,3.6711757e-05,-2.9135899e-05,0.81444484,0.58024114,5.5193104e-05,-1.5411679e-05,0.8127991,0.58254409,7.3918702e-05,-1.7654671e-06,0.81114691,0.5848425,9.2151728e-05,1.1603715e-05,0.8095215,0.58709025,0.00010982433,2.4017349e-05,0.80795687,0.58924162,0.00012641661,3.6012443e-05,0.80648726,0.59125149,0.00014156845,4.6537927e-05,0.80514741,0.59307474,0.00015490125,5.5739692e-05,0.80397248,0.59466648,0.00016584892,6.3312844e-05,0.80299729,0.59598261,0.00017410715,6.8907793e-05,0.80225778,0.59697777,0.00017956186,7.2625648e-05,0.80178851,0.59760797,0.00018134239,7.3940129e-05,0.80162442,0.59782803,0.00015569644,7.4149721e-05,0.80232841,0.59688282,0.00013818507,7.2396542e-05,0.8028751,0.59614724,0.0001177388,6.8503497e-05,0.8035773,0.59520054,9.5277064e-05,6.2069499e-05,0.80443388,0.59404224,7.1730858e-05,5.2098963e-05,0.80544388,0.59267205,4.8061913e-05,3.8029997e-05,0.80660659,0.59108865,2.5031613e-05,1.901836e-05,0.80792058,0.58929151,-3.5826841e-05,3.3808039e-05,-0.81263345,0.58277524,-6.9242444e-05,5.8097452e-05,-0.81536293,0.57895017,-9.6412856e-05,7.8204466e-05,-0.81758302,0.57581085,-0.00011743898,9.3988077e-05,-0.81930113,0.57336354,-0.00013240028,0.00010533947,-0.82052398,0.57161212,-0.00014135402,0.00011218119,-0.82125586,0.5705601,-0.00012843525,0.00010228938,-0.82046771,0.57169282,-0.00010993733,8.8235945e-05,-0.81926745,0.57341158,-8.5610547e-05,6.9939328e-05,-0.8176893,0.57565975,-5.6351553e-05,4.8208422e-05,-0.81579161,0.57834613,-2.3063323e-05,2.3845363e-05,-0.81363291,0.58137906,1.333798e-05,-2.3640557e-06,-0.81127292,0.5846678,5.1917825e-05,-2.9657836e-05,-0.80877185,0.58812261,9.1719761e-05,-5.7303292e-05,-0.80619198,0.59165406,0.00013176377,-8.4600702e-05,-0.80359697,0.59517395,0.00017104583,-0.0001108845,-0.80105126,0.5985958,0.00020853957,-0.00013552293,-0.79862171,0.6018334,0.00024319832,-0.00015791481,-0.79637563,0.60480225,0.00027396003,-0.00017748446,-0.79438198,0.60741848,0.00029975158,-0.00019367452,-0.7927106,0.6095981,0.00031949568,-0.00020593556,-0.79143083,0.61125863,0.00033211865,-0.00021371448,-0.79061282,0.61231631,0.00033655879,-0.00021643966,-0.79032493,0.61268783,0.00033504941,-0.00021549998,-0.79041147,0.61257625,0.00032298366,-0.00020796726,-0.79110283,0.61168319,0.00031244039,-0.00020135414,-0.79170692,0.61090106,0.00029890458,-0.00019282104,-0.79248244,0.60989469,0.00028239092,-0.00018234563,-0.79342866,0.60866326,0.00026291763,-0.00016989998,-0.79454428,0.60720623,0.00024050666,-0.00015545178,-0.79582828,0.60552227,0.00021518298,-0.00013896334,-0.7972793,0.60361058,0.00018697558,-0.00012039243,-0.79889548,0.60146987,0.00015591693,-9.9691933e-05,-0.80067503,0.59909892,0.00012204333,-7.6810175e-05,-0.80261624,0.59649581,8.5395041e-05,-5.1690626e-05,-0.80471635,0.59365958,4.6016346e-05,-2.4272487e-05,-0.80697334,0.59058791],"scales":[],"length":1.3333333730697632,"tracks":{"Bone001":{"pos":[0,0,1,1,2,2,3,3,4,4,5,5,6,6,7,7,8,8,9,9,10,10,11,11,12,12,13,13,14,14,15,15,16,16,17,17,18,18,19,19,20,20,21,21,22,22,23,23,24,24,25,25,26,26,27,27,28,28,29,29,30,30,31,31,32,32,33,33,34,34,35,35,36,36,37,37,38,38,39,39,40,0],"quat":[0,0,4,3,5,4,6,5,7,6,8,7,9,8,10,9,11,10,12,11,13,12,14,13,15,14,33,15,34,16,35,17,36,18,37,19,38,20,39,21,40,0]},"Bone002":{"pos":[0,40,40,41],"quat":[0,1,1,22,2,23,3,24,4,25,5,26,6,27,7,28,8,29,13,30,14,31,15,32,16,33,17,34,18,35,19,36,20,37,21,38,22,39,23,40,24,41,25,42,26,43,27,44,28,45,29,46,30,47,33,48,34,49,35,50,36,51,37,52,38,53,39,54,40,1]},"Bone003":{"quat":[0,2,1,55,2,56,3,57,4,58,5,59,6,60,9,61,10,62,11,63,12,64,13,65,14,66,15,67,16,68,17,69,18,70,19,71,20,72,21,73,22,74,23,75,24,76,25,77,26,78,28,79,29,80,30,81,31,82,32,83,33,84,34,85,35,86,36,87,37,88,38,89,39,90,40,2]}}},"version":"0.1.0"}