{
  "is_global": true,
  "animation": {
    "fields": [
      "time",
      "attr"
    ],
    "times": [
      0,
      0.0333333,
      0.0666667,
      0.1,
      0.133333,
      0.166667,
      0.2,
      0.233333,
      0.266667,
      0.3,
      0.333333,
      0.366667,
      0.4,
      0.433333,
      0.466667,
      0.5,
      0.533333,
      0.566667,
      0.6,
      0.633333,
      0.666667,
      0.7,
      0.733333,
      0.766667,
      0.8,
      0.833333,
      0.866667,
      0.9,
      0.933333,
      0.966667,
      1,
      1.03333,
      1.06667,
      1.1,
      1.13333,
      1.16667,
      1.2,
      1.23333,
      1.26667,
      1.3,
      1.33333
    ],
    "poses": [
      -0.124344,
      -5.51428,
      -18.7544,
      -0.129011,
      -5.49676,
      -18.7685,
      -0.141677,
      -5.48109,
      -18.8076,
      -0.160339,
      -5.46726,
      -18.8675,
      -0.182998,
      -5.45528,
      -18.9435,
      -0.207654,
      -5.44514,
      -19.0314,
      -0.232311,
      -5.43684,
      -19.1266,
      -0.254969,
      -5.43039,
      -19.2248,
      -0.273631,
      -5.42578,
      -19.3216,
      -0.286297,
      -5.42302,
      -19.4124,
      -0.290964,
      -5.42209,
      -19.4929,
      -0.287713,
      -5.42338,
      -19.5734,
      -0.278666,
      -5.42705,
      -19.6642,
      -0.264881,
      -5.43286,
      -19.761,
      -0.247413,
      -5.44052,
      -19.8592,
      -0.227318,
      -5.44977,
      -19.9544,
      -0.20565,
      -5.46036,
      -20.0423,
      -0.183464,
      -5.47201,
      -20.1183,
      -0.161814,
      -5.48445,
      -20.1782,
      -0.141755,
      -5.49743,
      -20.2173,
      -0.124344,
      -5.51067,
      -20.2314,
      -0.107452,
      -5.52391,
      -20.2173,
      -0.0888016,
      -5.53689,
      -20.1782,
      -0.0692272,
      -5.54933,
      -20.1183,
      -0.0495611,
      -5.56098,
      -20.0423,
      -0.0306355,
      -5.57157,
      -19.9544,
      -0.0132825,
      -5.58082,
      -19.8592,
      0.00166554,
      -5.58848,
      -19.761,
      0.0133756,
      -5.59429,
      -19.6642,
      0.021014,
      -5.59796,
      -19.5734,
      0.0237459,
      -5.59925,
      -19.4929,
      0.0195977,
      -5.5984,
      -19.4124,
      0.00834049,
      -5.59585,
      -19.3216,
      -0.00824618,
      -5.5916,
      -19.2248,
      -0.0283848,
      -5.58565,
      -19.1266,
      -0.050299,
      -5.578,
      -19.0314,
      -0.0722132,
      -5.56866,
      -18.9435,
      -0.0923518,
      -5.55761,
      -18.8675,
      -0.108938,
      -5.54487,
      -18.8076,
      -0.120196,
      -5.53042,
      -18.7685,
      0.665849,
      13.8548,
      5.51446,
      0.665848,
      13.8548,
      5.51446
    ],
    "quats": [
      -0.49752098,
      0.4971402,
      0.50247329,
      0.50283706,
      0.000003959045,
      -0.0000054304692,
      0.80938441,
      0.58727938,
      0.0000039555512,
      0.0000055097134,
      -0.80938441,
      0.58727926,
      -0.49866283,
      0.49658498,
      0.50231951,
      0.50240797,
      -0.49922019,
      0.49635619,
      0.50225538,
      0.50214475,
      -0.49983895,
      0.49613243,
      0.50219792,
      0.50180769,
      -0.50049227,
      0.49592924,
      0.50215906,
      0.50139594,
      -0.50115305,
      0.49575752,
      0.50215119,
      0.50091362,
      -0.5017947,
      0.495621,
      0.50218517,
      0.50037163,
      -0.50239521,
      0.49551958,
      0.50226909,
      0.49978507,
      -0.50293583,
      0.49544773,
      0.50240618,
      0.49917451,
      -0.50340432,
      0.4953981,
      0.50259399,
      0.49856192,
      -0.50379372,
      0.49536297,
      0.50282472,
      0.49797067,
      -0.50410324,
      0.49533591,
      0.50308448,
      0.49742156,
      -0.50433564,
      0.49531376,
      0.50335574,
      0.49693349,
      -0.5036763,
      0.49588683,
      0.50284898,
      0.49754333,
      -0.50306159,
      0.49591237,
      0.50233501,
      0.4986577,
      -0.50215411,
      0.49594796,
      0.50201231,
      0.49986053,
      -0.50100482,
      0.49607018,
      0.5019291,
      0.5009746,
      -0.49976128,
      0.49632552,
      0.50203848,
      0.50185359,
      -0.4986304,
      0.49667695,
      0.50223374,
      0.50243509,
      -0.49782377,
      0.49700165,
      0.50240493,
      0.50274277,
      -0.0000099958461,
      -0.000024871499,
      0.81213939,
      0.58346343,
      -0.000022337294,
      -0.000042392563,
      0.81458938,
      0.58003813,
      -0.000033116372,
      -0.000057955975,
      0.81673908,
      0.57700723,
      -0.00004237852,
      -0.000071528884,
      0.81859297,
      0.5743742,
      -0.000050163402,
      -0.0000830832,
      0.82015491,
      0.57214153,
      -0.000056436751,
      -0.000092497423,
      0.82142866,
      0.57031143,
      -0.000061294682,
      -0.000099850084,
      0.82241625,
      0.56888622,
      -0.000064758795,
      -0.00010512647,
      0.82312018,
      0.56786722,
      -0.000052767784,
      -0.000097777163,
      0.82237583,
      0.56894463,
      -0.000042158244,
      -0.000089494279,
      0.8214429,
      0.57029074,
      -0.000029462804,
      -0.000079493409,
      0.82031298,
      0.57191497,
      -0.000014930773,
      -0.00006819141,
      0.81901687,
      0.57376945,
      0.0000011273523,
      -0.000055670665,
      0.81758577,
      0.57580692,
      0.000018512957,
      -0.000042673935,
      0.81605124,
      0.57797974,
      0.000036711757,
      -0.000029135899,
      0.81444484,
      0.58024114,
      0.000055193104,
      -0.000015411679,
      0.8127991,
      0.58254409,
      0.000073918702,
      -0.0000017654671,
      0.81114691,
      0.5848425,
      0.000092151728,
      0.000011603715,
      0.8095215,
      0.58709025,
      0.00010982433,
      0.000024017349,
      0.80795687,
      0.58924162,
      0.00012641661,
      0.000036012443,
      0.80648726,
      0.59125149,
      0.00014156845,
      0.000046537927,
      0.80514741,
      0.59307474,
      0.00015490125,
      0.000055739692,
      0.80397248,
      0.59466648,
      0.00016584892,
      0.000063312844,
      0.80299729,
      0.59598261,
      0.00017410715,
      0.000068907793,
      0.80225778,
      0.59697777,
      0.00017956186,
      0.000072625648,
      0.80178851,
      0.59760797,
      0.00018134239,
      0.000073940129,
      0.80162442,
      0.59782803,
      0.00015569644,
      0.000074149721,
      0.80232841,
      0.59688282,
      0.00013818507,
      0.000072396542,
      0.8028751,
      0.59614724,
      0.0001177388,
      0.000068503497,
      0.8035773,
      0.59520054,
      0.000095277064,
      0.000062069499,
      0.80443388,
      0.59404224,
      0.000071730858,
      0.000052098963,
      0.80544388,
      0.59267205,
      0.000048061913,
      0.000038029997,
      0.80660659,
      0.59108865,
      0.000025031613,
      0.00001901836,
      0.80792058,
      0.58929151,
      -0.000035826841,
      0.000033808039,
      -0.81263345,
      0.58277524,
      -0.000069242444,
      0.000058097452,
      -0.81536293,
      0.57895017,
      -0.000096412856,
      0.000078204466,
      -0.81758302,
      0.57581085,
      -0.00011743898,
      0.000093988077,
      -0.81930113,
      0.57336354,
      -0.00013240028,
      0.00010533947,
      -0.82052398,
      0.57161212,
      -0.00014135402,
      0.00011218119,
      -0.82125586,
      0.5705601,
      -0.00012843525,
      0.00010228938,
      -0.82046771,
      0.57169282,
      -0.00010993733,
      0.000088235945,
      -0.81926745,
      0.57341158,
      -0.000085610547,
      0.000069939328,
      -0.8176893,
      0.57565975,
      -0.000056351553,
      0.000048208422,
      -0.81579161,
      0.57834613,
      -0.000023063323,
      0.000023845363,
      -0.81363291,
      0.58137906,
      0.00001333798,
      -0.0000023640557,
      -0.81127292,
