{"is_global":true,"animation":{"fields":["time","attr"],"times":[0.0,0.0333333,0.0666667,0.1,0.133333,0.166667,0.2,0.233333,0.266667,0.3,0.333333,0.366667,0.4,0.433333,0.466667,0.5,0.533333,0.566667,0.6,0.633333,0.666667,0.7,0.733333,0.766667,0.8,0.833333,0.866667,0.9,0.933333,0.966667,1.0,1.03333,1.06667,1.1,1.13333,1.16667,1.2,1.23333,1.26667,1.3,1.33333,1.36667,1.4,1.43333,1.46667,1.5,1.53333,1.56667,1.6,1.63333,1.66667,1.7,1.73333,1.76667,1.8,1.83333,1.86667,1.9,1.93333,1.96667,2.0],"poses":[-8.49191e-08,7.90871e-17,-9.21263,-8.49191e-08,7.90871e-17,-9.21389,-8.49191e-08,7.90871e-17,-9.21756,-8.49191e-08,7.90871e-17,-9.22346,-8.49191e-08,7.90871e-17,-9.23142,-8.49191e-08,7.90871e-17,-9.24127,-8.49191e-08,7.90871e-17,-9.25284,-8.49191e-08,7.90871e-17,-9.26596,-8.49191e-08,7.90871e-17,-9.28045,-8.49191e-08,7.90871e-17,-9.29614,-8.49191e-08,7.90871e-17,-9.31286,-8.49191e-08,7.90871e-17,-9.33044,-8.49191e-08,7.90871e-17,-9.34871,-8.49191e-08,7.90871e-17,-9.36749,-8.49191e-08,7.90871e-17,-9.38661,-8.49191e-08,7.90871e-17,-9.40591,-8.49191e-08,7.90871e-17,-9.4252,-8.49191e-08,7.90871e-17,-9.44433,-8.49191e-08,7.90871e-17,-9.46311,-8.49191e-08,7.90871e-17,-9.48138,-8.49191e-08,7.90871e-17,-9.49896,-8.49191e-08,7.90871e-17,-9.51568,-8.49191e-08,7.90871e-17,-9.53137,-8.49191e-08,7.90871e-17,-9.54586,-8.49191e-08,7.90871e-17,-9.55897,-8.49191e-08,7.90871e-17,-9.57054,-8.49191e-08,7.90871e-17,-9.58836,-8.49191e-08,7.90871e-17,-9.59426,-8.49191e-08,7.90871e-17,-9.59792,-8.49191e-08,7.90871e-17,-9.58039,-8.49191e-08,7.90871e-17,-9.59918,-8.49191e-08,7.90871e-17,-9.5804],"quats":[-0.49884924,0.50114816,-0.49884918,0.50114805,-0.49939007,0.50131655,-0.49868,0.50060916,-0.49989298,0.50147331,-0.49852243,0.50010693,0.50035822,-0.50161839,0.49837649,-0.49964145,0.501176,-0.50187361,0.4981195,-0.49882117,0.50152868,-0.50198376,0.49800843,-0.49846655,0.50184405,-0.50208229,0.49790907,-0.49814907,-0.50273347,0.50236052,-0.49762842,0.49725142,-0.50286299,0.50240099,-0.49758756,0.49712044,-0.50295556,0.50243002,-0.49755827,0.4970268,0.5020681,-0.50220412,0.49778616,-0.49792337,0.50175399,-0.50212294,0.49786812,-0.49823979,0.50140685,-0.50203323,0.49795857,-0.49858916,0.50062919,-0.50183237,0.49816102,-0.49937001,0.50020689,-0.50172335,0.49827081,-0.49979299,-0.49976784,0.50161028,-0.49838495,0.50023198,-0.49885496,0.50137484,-0.49862123,0.50114238,-0.49838984,0.50125521,-0.49874172,0.50160491,-0.49792421,0.50113541,-0.49886209,0.50206715,-0.49700817,0.50090003,-0.49909842,0.50297397,-0.49656627,0.50078666,-0.49921227,0.50341028,-0.49614051,0.50067735,-0.49932176,0.5038299,-0.49535474,0.50047612,-0.49952376,0.50460237,-0.49500316,0.50038606,-0.49961394,0.5049473,-0.49468461,0.50030434,-0.49969557,0.50525939,-0.49556431,0.50044847,-0.49955118,0.50439668,-0.49599898,0.50054091,-0.49945873,0.50396919,-0.49647889,0.50064301,-0.4993563,0.50349641,-0.49700412,0.50075477,-0.4992443,0.50297797,-0.4975743,0.50087619,-0.49912238,0.50241393,-0.49818957,0.50100744,-0.49899074,0.50180387],"scales":[],"length":2.0,"tracks":{"Bone001":{"pos":[0,0,1,1,2,2,3,3,4,4,5,5,6,6,7,7,8,8,9,9,10,10,11,11,12,12,13,13,14,14,15,15,16,16,17,17,18,18,19,19,20,20,21,21,22,22,23,23,24,24,25,25,26,29,27,26,28,27,29,28,30,30,31,28,32,27,33,26,34,31,35,25,36,24,37,23,38,22,39,21,40,20,41,19,42,18,43,17,44,16,45,15,46,14,47,13,48,12,49,11,50,10,51,9,52,8,53,7,54,6,55,5,56,4,57,3,58,2,59,1,60,0],"quat":[0,0,1,1,2,2,3,3,5,4,6,5,7,6,11,7,12,8,13,9,21,10,22,11,23,12,25,13,26,14,27,15,29,16,30,17,31,18,33,19,34,20,35,21,37,22,38,23,39,24,54,25,55,26,56,27,57,28,58,29,59,30,60,0]}}},"version":"0.1.0"}