{
  "is_global": true,
  "animation": {
    "fields": [
      "time",
      "attr"
    ],
    "times": [
      0,
      0.0333333,
      0.0666667,
      0.1,
      0.133333,
      0.166667,
      0.2,
      0.233333,
      0.266667,
      0.3,
      0.333333,
      0.366667,
      0.4,
      0.433333,
      0.466667,
      0.5
    ],
    "poses": [
      -8.49191e-8,
      7.90871e-17,
      -9.21263,
      -8.49522e-8,
      -0.0354926,
      -9.22927,
      -8.50312e-8,
      -0.120317,
      -9.27173,
      -8.51259e-8,
      -0.222062,
      -9.32887,
      -8.52469e-8,
      -0.352003,
      -9.41135,
      -8.53928e-8,
      -0.508634,
      -9.5138,
      -8.55156e-8,
      -0.640426,
      -9.60107,
      -8.55672e-8,
      -0.695831,
      -9.63799,
      -8.55393e-8,
      -0.665921,
      -9.6197,
      -8.54659e-8,
      -0.587086,
      -9.57151,
      -8.53621e-8,
      -0.475649,
      -9.50339,
      -8.52431e-8,
      -0.347916,
      -9.42531,
      -8.51242e-8,
      -0.220183,
      -9.34723,
      -8.50204e-8,
      -0.108746,
      -9.27911,
      -8.4947e-8,
      -0.0299102,
      -9.23092
    ],
    "quats": [
      0.50691235,
      -0.49299079,
      0.50691241,
      -0.49299055,
      0.50309557,
      -0.49158251,
      0.50827813,
      -0.49688515,
      -0.49896508,
      0.49259105,
      -0.50730067,
      0.50103271,
      -0.49623579,
      0.49428058,
      -0.50565469,
      0.50373608,
      -0.49526116,
      0.49621853,
      -0.50375342,
      0.50469428,
      -0.49514002,
      0.49872571,
      -0.50127113,
      0.50481313,
      -0.49573237,
      0.50120926,
      -0.49878812,
      0.50423139,
      -0.4968946,
      0.50308615,
      -0.49689466,
      0.50308621,
      -0.49988776,
      0.50366545,
      -0.49626225,
      0.5001573,
      -0.50472116,
      0.50304443,
      -0.49679163,
      0.49537963,
      -0.50941074,
      0.50182813,
      -0.49792057,
      0.49065721,
      -0.51203948,
      0.50062412,
      -0.49908587,
      0.48795938,
      -0.51237422,
      0.49948007,
      -0.50027603,
      0.48756167,
      -0.51153666,
      0.49793217,
      -0.50191563,
      0.48833862,
      -0.50967014,
      0.49582267,
      -0.50409806,
      0.49018511
    ],
    "scales": [],
    "length": 0.5,
    "tracks": {
      "Bone001": {
        "pos": [
          0,
          0,
          1,
          1,
          2,
          2,
          3,
          3,
          4,
          4,
          5,
          5,
          6,
          6,
          7,
          7,
          8,
          8,
          9,
          9,
          10,
          10,
          11,
          11,
          12,
          12,
          13,
          13,
          14,
          14,
          15,
          0
        ],
        "quat": [
          0,
          0,
          1,
          1,
          2,
          2,
          3,
          3,
          4,
          4,
          5,
          5,
          6,
          6,
          7,
          7,
          8,
          8,
          9,
          9,
          10,
          10,
          11,
          11,
          12,
          12,
          13,
          13,
          14,
          14,
          15,
          0
        ]
      }
    }
  },
  "version": "0.1.0"
}
