{"is_global":true,"animation":{"fields":["time","attr"],"times":[0.0,0.0333333,0.0666667,0.1,0.133333,0.166667,0.2,0.233333,0.266667,0.3,0.333333,0.366667,0.4,0.433333,0.466667,0.5,0.533333,0.566667,0.6,0.633333,0.666667,0.7,0.733333,0.766667,0.8,0.833333,0.866667,0.9,0.933333,0.966667,1.0,1.03333,1.06667],"poses":[-1.17999e-09,-0.0346892,-5.06801,-1.17992e-09,-0.0348288,-5.06773,-1.17947e-09,-0.0358047,-5.06577,-1.16623e-09,-0.0642236,-5.00893,-1.15339e-09,-0.0918062,-4.95377,-1.15838e-09,-0.0810957,-4.97519,-1.16669e-09,-0.0632477,-5.01089,-1.175e-09,-0.0453997,-5.04659],"quats":[0.50134879,-0.49864763,0.50134885,-0.49864739,-0.49912497,0.50087333,-0.49912485,0.50087345,0.50023824,-0.49976176,0.50023824,-0.49976152,0.50000006,-0.50000012,0.49999994,-0.49999988,-0.49845603,0.50153953,-0.49845582,0.50153917,0.50023818,-0.49976173,0.50023824,-0.49976149,-0.49912503,0.50087345,-0.49912491,0.50087339,-0.49922863,0.50077045,-0.49922845,0.50077009,-0.49914852,0.5008502,-0.49914834,0.50084996,0.50030041,-0.49969959,0.50030041,-0.49969923,-0.5014497,0.4985463,-0.50144964,0.498546,0.50144958,-0.4985463,0.50144964,-0.498546,0.50030035,-0.49969965,0.50030035,-0.49969929,-0.49914855,0.50085032,-0.49914837,0.5008499,0.50100809,-0.49899,0.50100809,-0.49898976],"scales":[],"length":1.0666667222976685,"tracks":{"Bone001":{"pos":[0,0,1,1,2,2,3,3,4,4,5,5,6,6,7,7,8,0,9,1,10,2,11,3,12,4,13,5,14,6,15,7,16,0,17,1,18,2,19,3,20,4,21,5,22,6,23,7,24,0,25,1,26,2,27,3,28,4,29,5,30,6,31,7,32,0],"quat":[0,3,1,7,2,4,3,8,4,9,5,10,7,11,8,12,9,13,10,4,11,1,12,2,13,0,15,0,16,5,17,6,19,1,20,2,21,0,23,0,24,5,25,6,27,1,28,2,29,0,31,14,32,3]}}},"version":"0.1.0"}