{
  "is_global": true,
  "animation": {
    "fields": [
      "time",
      "attr"
    ],
    "times": [
      0,
      0.0333333,
      0.0666667,
      0.1,
      0.133333,
      0.166667,
      0.2,
      0.233333,
      0.266667,
      0.3,
      0.333333,
      0.366667,
      0.4,
      0.433333,
      0.466667,
      0.5,
      0.533333,
      0.566667,
      0.6
    ],
    "poses": [
      -1.17999e-9,
      -0.0346892,
      -5.06801,
      -1.16854e-9,
      -0.0674815,
      -5.01882,
      -1.15043e-9,
      -0.119307,
      -4.94108,
      -1.14009e-9,
      -0.148923,
      -4.89665,
      -1.15154e-9,
      -0.116131,
      -4.94584,
      -1.16964e-9,
      -0.0643054,
      -5.02358
    ],
    "quats": [
      0.50000006,
      -0.50000012,
      0.49999994,
      -0.49999988,
      -0.49781361,
      0.50217694,
      -0.49781349,
      0.50217682,
      -0.50145227,
      0.49854371,
      -0.50145215,
      0.49854341,
      -0.50217694,
      0.49781373,
      -0.50217682,
      0.49781343,
      -0.49854353,
      0.50145227,
      -0.49854341,
      0.50145221,
      -0.49890798,
      0.50108969,
      -0.49890786,
      0.50108963
    ],
    "scales": [],
    "length": 0.6000000238418579,
    "tracks": {
      "Bone001": {
        "pos": [
          0,
          0,
          1,
          1,
          2,
          2,
          3,
          3,
          4,
          4,
          5,
          5,
          6,
          0,
          7,
          1,
          8,
          2,
          9,
          3,
          10,
          4,
          11,
          5,
          12,
          0,
          13,
          1,
          14,
          2,
          15,
          3,
          16,
          4,
          17,
          5,
          18,
          0
        ],
        "quat": [
          0,
          0,
          1,
          5,
          2,
          1,
          3,
          0,
          4,
          2,
          5,
          3,
          6,
          0,
          7,
          4,
          8,
          1,
          9,
          0,
          10,
          2,
          11,
          3,
          12,
          0,
          13,
          4,
          14,
          1,
          15,
          0,
          16,
          2,
          17,
          3,
          18,
          0
        ]
      }
    }
  },
  "version": "0.1.0"
}
