{
  "mesh": [
    {
      "indices": [
        0,
        1,
        10,
        0,
        11,
        1,
        2,
        3,
        12,
        2,
        13,
        3,
        4,
        5,
        14,
        4,
        15,
        5,
        6,
        7,
        16,
        6,
        17,
        7,
        8,
        9,
        18,
        8,
        19,
        9
      ],
      "material": "2021s3/cs_swk_armor",
      "vertices": [
        3,
        3,
        3,
        0,
        1,
        1,
        1,
        0,
        5,
        5,
        7,
        0,
        0,
        0,
        5,
        0,
        7,
        7,
        11,
        0,
        2,
        2,
        9,
        0,
        6,
        6,
        15,
        0,
        1,
        1,
        13,
        0,
        4,
        4,
        19,
        0,
        3,
        3,
        17,
        0,
        0,
        0,
        0,
        0,
        2,
        2,
        2,
        0,
        1,
        1,
        4,
        0,
        4,
        4,
        6,
        0,
        3,
        3,
        8,
        0,
        6,
        6,
        10,
        0,
        2,
        2,
        12,
        0,
        5,
        5,
        14,
        0,
        0,
        0,
        16,
        0,
        7,
        7,
        18,
        0
      ],
      "fields": [
        "pos",
        "normal",
        "uvcoord",
        "weight"
      ],
      "poses": [
        0.2247,
        -0.2292,
        -2.456,
        -4.3187,
        -0.2292,
        -2.456,
        -4.3187,
        -0.229199,
        2.455,
        0.2247,
        -0.229199,
        2.455,
        0.2247,
        3.8093,
        -2.456,
        -4.3187,
        3.8093,
        -2.456,
        -4.3187,
        3.8093,
        2.455,
        0.2247,
        3.8093,
        2.455
      ],
      "normals": [
        0.5774,
        -0.5774,
        -0.5774,
        -0.5774,
        -0.5774,
        -0.5774,
        -0.5774,
        -0.5774,
        0.5774,
        0.5774,
        -0.5774,
        0.5774,
        0.7071,
        0,
        -0.7071,
        -0.7071,
        0,
        -0.7071,
        -0.7071,
        0,
        0.7071,
        0.7071,
        0,
        0.7071
      ],
      "uvcoords": [
        0.9531,
        0.8438,
        0.8906,
        0.8438,
        0.8906,
        0.7812,
        0.9531,
        0.7812,
        0.8906,
        0.9531,
        0.9531,
        0.9531,
        0.9531,
        0.8906,
        0.8906,
        0.8906,
        0.2812,
        0.5625,
        0.3438,
        0.5625,
        0.3438,
        0.5,
        0.2812,
        0.5,
        0.2344,
        0.5625,
        0.1719,
        0.5625,
        0.1719,
        0.5,
        0.2344,
        0.5,
        0.7812,
        0.9531,
        0.8438,
        0.9531,
        0.8438,
        0.8906,
        0.7812,
        0.8906
      ],
      "weights": [
        "Bone007",
        1
      ],
      "colors": []
    }
  ],
  "version": "0.1.0"
}
