{
  "mesh": [
    {
      "indices": [
        0,
        6,
        1,
        0,
        1,
        7,
        2,
        8,
        3,
        2,
        3,
        9,
        4,
        10,
        5,
        4,
        5,
        11
      ],
      "material": "2021s3/cs_swk_armor",
      "vertices": [
        1,
        0,
        3,
        0,
        4,
        2,
        1,
        0,
        7,
        3,
        2,
        0,
        2,
        1,
        0,
        0,
        3,
        1,
        7,
        0,
        0,
        0,
        5,
        0,
        5,
        2,
        2,
        0,
        0,
        0,
        0,
        0,
        3,
        1,
        3,
        0,
        6,
        3,
        1,
        0,
        1,
        0,
        6,
        0,
        2,
        1,
        4,
        0
      ],
      "fields": [
        "pos",
        "normal",
        "uvcoord",
        "weight"
      ],
      "poses": [
        -4.11287,
        9.79023,
        -2.2787,
        -4.11287,
        13.2082,
        -2.2787,
        -4.11287,
        9.79023,
        2.2787,
        -4.11287,
        13.2082,
        2.2787,
        -1.83417,
        9.79023,
        -2.2787,
        -1.83417,
        13.2082,
        -2.2787,
        -1.83417,
        9.79023,
        2.2787,
        -1.83417,
        13.2082,
        2.2787
      ],
      "normals": [
        -0.7071,
        0,
        -0.7071,
        -0.7071,
        0,
        0.7071,
        0,
        0,
        -1,
        0,
        0,
        1
      ],
      "uvcoords": [
        0.4375,
        0.1719,
        0.4062,
        0.1719,
        0.4062,
        0.125,
        0.4375,
        0.125,
        0.8438,
        0.8438,
        0.7812,
        0.8438,
        0.7812,
        0.7969,
        0.8438,
        0.7969
      ],
      "weights": [
        "Bone002",
        1
      ],
      "colors": []
    }
  ],
  "version": "0.1.0"
}
