{"mesh":[{"material":"2021s3/cs_swk_armor","indices":[0,6,1,0,1,7,2,8,3,2,3,9,4,10,5,4,5,11],"vertices":[5,2,3,0,1,0,1,0,3,1,0,0,7,3,2,0,0,0,7,0,2,1,5,0,4,2,2,0,0,0,0,0,2,1,1,0,6,3,3,0,1,0,6,0,3,1,4,0],"fields":["pos","normal","uvcoord","weight"],"poses":[4.11287,9.79023,-2.2787,4.11287,13.2082,-2.2787,4.11287,13.2082,2.2787,4.11287,9.79023,2.2787,1.83417,13.2082,-2.2787,1.83417,9.79023,-2.2787,1.83417,9.79023,2.2787,1.83417,13.2082,2.2787],"normals":[0.7071,-0.0,-0.7071,0.7071,0.0,0.7071,0.0,-0.0,-1.0,0.0,0.0,1.0],"uvcoords":[0.7344,0.9531,0.7344,0.9062,0.7031,0.9062,0.7031,0.9531,0.4531,0.4688,0.4531,0.4219,0.3906,0.4219,0.3906,0.4688],"weights":["Bone003",1.0],"colors":[]}],"version":"0.1.0"}