{"animation":{"fields":["time","attr"],"times":[0.0,0.033333,0.066666,0.1,0.133333,0.166666,0.2,0.233333,0.266666,0.3,0.333333,0.366666,0.4,0.433333,0.466666,0.5,0.533333,0.566666,0.6,0.633333,0.666666,0.7,0.733333,0.766666,0.8,0.833333,0.866666,0.9,0.933333,0.966666,1.0,1.03333,1.06667],"poses":[1.44894,2.97966,0.392938,-0.020091,-1.07651,-4.58358,1.44905,-3.03308,0.392793,3.01238,-2e-06,-1e-06,5.49557,-0.217571,0.01838,2.00094,-8e-06,-9e-06,3.78932,2.30599,-1.3075,3.79575,-2.36036,-1.29931,2.24772,-0.020091,2.11807,1.56285,0.007343,-1.57248,1.64657,0.019616,-1.16221,0.029908,-1.07651,-4.38358,0.079908,-1.07651,-4.58358,0.029908,-1.07651,-4.78358,-0.070091,-1.07651,-4.38358,-0.120091,-1.07651,-4.58358,-0.070091,-1.07651,-4.78358,2.98137,-1e-06,-5e-06,2.98137,-1e-06,-4e-06,4.6133,-0.008407,0.198608,4.6133,-0.008407,0.198609,2.00095,-3e-06,-1e-05,2.00095,-4e-06,-1e-05,1.57221,2.97919,0.4784,1.69548,2.97872,0.563863,5.49557,-0.21739,-0.011639,5.49557,-0.217389,-0.011639,1.47845,-0.011661,-2.39599,1.47844,-0.011661,-2.39599,1.57232,-3.03257,0.478255,1.69559,-3.03206,0.563718],"quats":[0.293386,-0.378314,-0.03841,0.877112,-0.000799,0.737957,0.000484,0.674846,0.003841,-0.420392,0.075421,0.904193,-0.20281,-0.92146,-0.089848,-0.318913,0.226156,-0.926475,-0.004243,-0.300795,0.589043,-0.660841,-0.330832,-0.326903,0.00103,0.320286,-0.010381,0.947263,-6.3e-05,0.113152,0.007267,0.993551,-0.00435,-0.947881,0.001255,0.318591,-0.030092,-0.201833,-0.040988,0.978098,7.5e-05,-0.179404,-8.4e-05,0.983775,0.002431,-0.002469,0.701486,0.712674,0.292735,-0.339972,-0.025398,0.893352,-0.14444,-0.710736,0.681396,-0.098441,-0.005645,-0.00556,0.760596,0.649176,-0.000859,0.749622,0.000422,0.661864,0.000544,-0.380572,0.074945,0.921708,-0.198698,-0.934494,-0.098609,-0.278416,0.226126,-0.938714,0.005625,-0.260096,-0.288193,-0.638023,0.646458,-0.303252,0.0,-0.69088,-0.0,0.722969,-0.005029,0.659879,0.003603,0.751345,-0.000726,0.658043,-0.002471,0.752975,0.606979,-0.645073,-0.329277,-0.327158,0.624288,-0.6286,-0.328087,-0.327846,-0.64301,0.609223,0.327223,0.329104,-0.660842,0.589042,0.326903,0.330832,-0.645162,0.606881,0.327156,0.329285,-0.628787,0.6241,0.327836,0.328098,0.60932,-0.64292,-0.329097,-0.327225,0.001799,0.328795,-0.00877,0.944358,0.002507,0.328664,-0.011567,0.944372,0.00376,0.331527,-0.016489,0.943293,0.005484,0.341786,-0.022127,0.939501,0.007376,0.355868,-0.028632,0.934068,0.008895,0.365141,-0.035545,0.93023,0.009682,0.367356,-0.041321,0.929111,0.009645,0.362812,-0.045405,0.930705,0.009015,0.35655,-0.047213,0.933038,0.00823,0.350937,-0.048351,0.935113,0.007556,0.343172,-0.051084,0.937851,0.007196,0.332622,-0.056098,0.941362,0.007174,0.320562,-0.062429,0.94514,0.007324,0.312045,-0.068327,0.947578,0.007505,0.310097,-0.073013,0.947867,0.007536,0.315129,-0.075845,0.945983,0.007353,0.321796,-0.076584,0.943677,0.006936,0.327441,-0.074929,0.94187,0.00626,0.33528,-0.070815,0.939432,0.005417,0.346081,-0.064707,0.935954,0.004428,0.358194,-0.056981,0.931895,0.003413,0.366299,-0.04927,0.929185,0.002612,0.367834,-0.04323,0.928882,0.002151,0.362898,-0.039375,0.930994,0.002174,0.356396,-0.037929,0.933562,0.00242,0.350628,-0.037107,0.935776,0.002426,0.342763,-0.034834,0.938772,0.001966,0.332153,-0.030472,0.94273,0.001087,0.318548,-0.025384,0.947566,0.000376,0.308576,-0.020435,0.95098,0.000309,0.308741,-0.015258,0.951023,-0.006069,0.107966,0.004637,0.994125,-0.013123,0.108175,-0.002475,0.994042,-0.020479,0.106567,-0.011807,0.994024,-0.02689,0.103018,-0.021027,0.994093,-0.031732,0.10113,-0.029521,0.993928,-0.034081,0.104153,-0.036487,0.993307,-0.033616,0.110497,-0.040657,0.992475,-0.030987,0.117922,-0.041882,0.991655,-0.026986,0.123354,-0.040176,0.991181,-0.023517,0.126573,-0.037834,0.990956,-0.022311,0.129668,-0.038094,0.990574,-0.023337,0.13259,-0.042088,0.990001,-0.024983,0.134088,-0.048256,0.989478,-0.025486,0.131672,-0.05376,0.989506,-0.02427,0.125255,-0.057094,0.990182,-0.021585,0.116654,-0.057851,0.991251,-0.01768,0.10961,-0.056107,0.992232,-0.012699,0.105011,-0.051771,0.993041,-0.007572,0.10118,-0.045383,0.993803,-0.003313,0.098508,-0.037966,0.994406,-0.000337,0.098188,-0.030107,0.994712,0.001218,0.101734,-0.022856,0.994548,0.001361,0.108273,-0.01744,0.993967,0.000568,0.115937,-0.014285,0.993153,-0.001462,0.121735,-0.014008,0.992462,-0.003287,0.125288,-0.014584,0.992007,-0.002702,0.12855,-0.012838,0.991616,0.00028,0.131455,-0.007867,0.99129,0.003639,0.133559,-0.001934,0.991032,0.005111,0.131415,0.002732,0.99131,0.003923,0.123715,0.005914,0.992292,0.005458,-0.94765,-0.00124,0.319261,0.013744,-0.944719,-0.002841,0.327579,0.021276,-0.942557,-0.004235,0.333337,0.028625,-0.943753,-0.005912,0.329355,0.034844,-0.948323,-0.007663,0.315293,0.039282,-0.953428,-0.009133,0.298911,0.042865,-0.95752,-0.010542,0.284965,0.046163,-0.959768,-0.011967,0.276713,0.051364,-0.96106,-0.013999,0.271161,0.058484,-0.961986,-0.016555,0.266247,0.064878,-0.961687,-0.018731,0.265701,0.068628,-0.95962,-0.019832,0.272076,0.069214,-0.955562,-0.019694,0.285869,0.067209,-0.95071,-0.01869,0.302132,0.062669,-0.946541,-0.017061,0.315977,0.055766,-0.94431,-0.015062,0.323944,0.046928,-0.943054,-0.012753,0.329063,0.03748,-0.941901,-0.010375,0.333629,0.028664,-0.942126,-0.008353,0.333925,0.021318,-0.944636,-0.006968,0.327352,0.01638,-0.949436,-0.006463,0.313464,0.013331,-0.954693,-0.006419,0.297222,0.010885,-0.958936,-0.006211,0.283342,0.008238,-0.961376,-0.005492,0.27506,0.003447,-0.96305,-0.003931,0.269271,-0.003328,-0.964529,-0.00179,0.263947,-0.009717,-0.964745,0.000339,0.263003,-0.013982,-0.963,0.001984,0.26913,-0.01623,-0.958431,0.00329,0.284841,-0.016276,-0.952543,0.004035,0.303939,-0.012604,-0.948223,0.003486,0.317333,0.030379,-0.206288,0.040895,0.977163,0.0035,0.001234,0.699485,0.714637,0.004209,0.005819,0.760648,0.649124,0.006529,0.005932,0.779749,0.626029,0.003488,0.009014,0.626604,0.779277,-0.139697,-0.710996,0.682747,-0.093941,-0.194751,-0.695093,0.673089,-0.160832,-0.301493,-0.649435,0.635469,-0.288987,-0.201452,-0.681427,0.672379,-0.207313,-0.008269,-0.005797,0.779681,0.626095,-0.003195,-0.008294,0.626598,0.779291,-0.003286,0.003339,0.701483,0.71267,-0.004775,-0.001183,0.709504,0.704684,-0.213053,-0.67012,0.676589,-0.21857,-0.098361,-0.684364,0.707686,-0.14543,-0.100128,-0.685359,0.706659,-0.144529,-0.164591,-0.675311,0.690969,-0.198558,0.003,-0.691623,0.002967,0.722245,0.005782,-0.689034,0.00658,0.724675,0.008276,-0.687526,0.01029,0.726038,0.010511,-0.689675,0.013629,0.723914,0.012371,-0.695228,0.016413,0.718494,0.01416,-0.700903,0.018113,0.712885,0.016201,-0.705005,0.018237,0.708782,0.017728,-0.707117,0.017451,0.706658,0.018876,-0.709001,0.017001,0.704748,0.019243,-0.710942,0.018192,0.702751,0.018664,-0.710341,0.020342,0.703315,0.019915,-0.707146,0.020086,0.706501,0.02098,-0.701546,0.019021,0.712061,0.020987,-0.695561,0.017692,0.717942,0.019969,-0.691091,0.015841,0.722317,0.017983,-0.689184,0.013245,0.724241,0.015321,-0.688329,0.009954,0.725168,0.012477,-0.687524,0.006454,0.726025,0.00967,-0.688175,0.003122,0.725472,0.006999,-0.691125,0.000268,0.7227,0.004555,-0.696385,-0.001903,0.717651,0.002109,-0.701825,-0.002932,0.712339,-0.000429,-0.705638,-0.002564,0.708567,-0.002199,-0.707503,-0.001553,0.706704,-0.003573,-0.709256,-0.000916,0.704941,-0.004146,-0.711277,-0.001945,0.702896,-0.003392,-0.710862,-0.004309,0.703309,-0.004293,-0.707606,-0.004439,0.706579,-0.004799,-0.701089,-0.003947,0.713046,-0.004217,-0.694028,-0.003214,0.719928,-0.002597,-0.689959,-0.001975,0.72384,-0.00767,0.656712,0.005937,0.754079,-0.010086,0.657406,0.007913,0.753427,-0.012404,0.656523,0.008631,0.754154,-0.014261,0.655735,0.008356,0.75481,-0.015118,0.6586,0.007581,0.752303,-0.014434,0.66627,0.006791,0.745539,-0.012597,0.675817,0.006057,0.736936,-0.010517,0.684339,0.005408,0.729067,-0.00883,0.689535,0.004691,0.724182,-0.007976,0.691866,0.003943,0.72197,-0.008039,0.692861,0.003266,0.721018,-0.00873,0.692065,0.002227,0.721778,-0.009714,0.68845,0.00031,0.725218,-0.010739,0.681067,-0.002815,0.732136,-0.011421,0.67142,-0.006792,0.740957,