{"is_global":true,"animation":{"fields":["time","attr"],"times":[0.0,0.0333333,0.0666667,0.1,0.133333,0.166667,0.2,0.233333,0.266667,0.3,0.333333,0.366667,0.4,0.433333,0.466667,0.5],"poses":[-5.26141e-08,9.58237,-14.1235,1.28337,0.546103,3.71695,6.05283,2.50841,-0.373061,1.28337,0.546091,-3.67371,6.05283,-2.50841,-0.373061,19.3711,0.511534,-4.1036,5.98792,-0.00185967,-9.53674e-07,19.3711,0.511532,4.06433,5.98792,0.00185967,-2.38419e-06,10.4181,5.64303,3.8147e-06,-5.40718e-08,9.53389,-14.5148,-5.61494e-08,9.36869,-15.0725,-5.8227e-08,9.20349,-15.6302,-5.91714e-08,9.1284,-15.8837,-5.75792e-08,9.1284,-15.4563,-5.37816e-08,9.1284,-14.4369,-4.92498e-08,9.1284,-13.2204,-4.54526e-08,9.1284,-12.2011,-4.38601e-08,9.1284,-11.7736,-4.43734e-08,9.15502,-11.9114,-4.56974e-08,9.22367,-12.2668,-4.75075e-08,9.31755,-12.7527,-4.94797e-08,9.41983,-13.2821,-5.12902e-08,9.51371,-13.7681,25.8757,-0.965573,3.03469e-06,25.8756,-0.965612,2.68734e-06,25.8757,-0.965472,2.91833e-06,25.8757,-0.96562,2.80382e-06,25.8756,-0.965583,2.91934e-06,-1.21379,3.87277,1.50422e-06,-1.21384,3.87271,1.96569e-06,8.04765,3.8147e-05,2.05822e-06,8.0476,-1.52588e-05,1.88593e-06,7.92244,9.53674e-06,4.65661e-10,7.92233,-4.19617e-05,2.91038e-10,7.9224,1.90735e-06,-4.65661e-10,7.92241,-3.8147e-06,2.91038e-10],"quats":[-0.5163936,0.48305073,-0.51639313,0.48305064,0.62146592,-0.78342205,0.0053205122,0.001341045,6.6240244e-07,-0.0064628827,-0.04345531,0.99903452,-0.0051152925,-0.02895724,0.94307452,-0.33127913,-1.6059042e-08,-0.024622921,0.16556086,0.98589212,0.00010587395,-0.00012537479,0.88893199,-0.45803919,-0.0,-0.00032052593,0.62432438,0.78116518,0.23321982,-0.97242403,0.00029129005,1.8971554e-05,-2.2907605e-07,-0.00028403997,-0.27683473,0.96091753,-0.51647639,0.48296216,-0.51647586,0.48296207,-0.51561642,0.48388013,-0.51561594,0.4838801,-0.51393706,0.4856635,-0.51393658,0.48566341,-0.50970179,0.49010649,-0.50970131,0.49010637,-0.50269091,0.49729496,-0.50269026,0.49729472,-0.49495232,0.50499773,-0.4949517,0.50499737,-0.4886511,0.51109743,-0.48865038,0.51109725,-0.48604563,0.51357561,-0.48604503,0.51357567,-0.48925316,0.51052111,-0.48925248,0.51052088,-0.49668652,0.50329208,-0.49668586,0.50329196,-0.50510651,0.49484134,-0.50510573,0.4948411,-0.51144075,0.48829162,-0.51144022,0.48829153,-0.51475257,0.48479921,-0.51475185,0.48479903,0.68898845,-0.72455937,-0.0049756858,-0.01684921,0.65089375,-0.75894552,-0.00058966153,-0.01840529,0.61378074,-0.78922385,0.0040677572,-0.019554025,0.58309251,-0.81211829,0.0081305327,-0.020023651,0.40612695,-0.91353917,0.022453204,0.0017353175,0.2068045,-0.97733301,0.035965275,0.027542438,0.10326434,-0.99169654,0.052106865,0.056208588,0.2957392,-0.9507491,0.074688748,0.055100519,0.60390872,-0.79397523,0.066264331,0.022508755,-0.75727433,0.65165365,-0.042588502,-0.0083333813,-0.84421754,0.53544658,-0.024362994,0.00046317169,-0.77770513,0.62786341,-0.029902752,-0.0082593756,0.62611175,-0.77879268,0.030387046,0.023295883,0.56611997,-0.82397115,0.017049249,0.017002292,6.0797038e-07,0.028991831,0.19493625,0.98038733,6.0654543e-07,0.028991856,0.19493634,0.98038733,6.1058273e-07,0.028991897,0.19493639,0.98038733,6.7301318e-07,-0.01642287,-0.11042479,0.99374878,6.5815027e-07,-0.064128876,-0.4311913,0.89997864,6.2170346e-07,-0.10223325,-0.68739939,0.71904832,5.4542778e-07,-0.11278459,-0.75834417,0.64202321,6.0855973e-07,-0.095768765,-0.64393306,0.75906432,6.8669459e-07,-0.06395705,-0.43003646,0.90054327,6.9543023e-07,-0.03399564,-0.22858064,0.97293127,6.9227991e-07,-0.046628729,-0.31352341,0.94843495,6.6505675e-07,-0.057153758,-0.38429257,0.92144054,6.9164264e-07,-0.037206326,-0.25016901,0.96748704,-0.02936977,-0.037217245,0.98082346,-0.18904407,-0.048398171,-0.045504753,0.97714639,-0.20192054,-0.044730436,-0.055669919,0.90989465,-0.40864632,0.020383155,0.049541038,-0.74971777,0.65958589,0.00089778245,0.034333035,-0.57274848,0.81901139,-0.0070198821,0.023877366,-0.47374406,0.88031083,0.0023330175,0.031203175,-0.57754612,0.81575823,0.019649964,0.040150899,-0.73388511,0.67780119,0.033981822,0.041097898,-0.85526264,0.51544356,-0.032419696,-0.031818621,0.90377879,-0.42558247,-0.014549009,-0.019480688,0.88905275,-0.45715868,-0.010005314,0.008390896,-0.82610899,0.56335908,-0.020195259,0.010158133,-0.82168996,0.5694862,-0.020447334,0.015491191,-0.84531409,0.53365344,-2.3039e-08,-0.067268893,0.45230615,0.88932228,-4.7703036e-08,-0.09188471,0.61781877,0.78093356,-3.9106293e-08,-0.095247716,0.64043283,0.76208508,-4.3773398e-09,-0.077245608,0.51938856,0.85103977,-1.7802392e-08,-0.049510669,0.33290306,0.94166034,-2.3310374e-08,-0.030093536,0.20234476,0.97885185,-4.8963593e-09,-0.0454676,0.30571818,0.9510358,-4.1674348e-09,-0.065941177,0.44338006,0.89390486,-3.9150329e-08,-0.075957417,0.51072645,0.8563813,-1.462924e-08,-0.066710316,0.44855106,0.89126408,-2.4006578e-08,-0.035843242,0.24100471,0.96986187,-7.5867257e-10,0.010602351,-0.071288668,0.99739939,2.2323912e-08,0.028991718,-0.19493634,0.98038733,9.9745137e-09,0.028991718,-0.19493626,0.98038733,-5.9604822e-08,-8.7422777e-08,-5.2108192e-15,1.0,-2.1899551e-09,-8.7395328e-08,-0.025050169,0.99968618,-3.7534376e-09,-8.7342158e-08,-0.042934332,0.99907792,-6.3866935e-08,-8.4116948e-08,-0.053658452,0.99855942,-5.0033684e-09,-8.7279503e-08,-0.057231855,0.99836087,-4.7083089e-09,-8.7295881e-08,-0.053856768,0.99854869,-3.9301646e-09,-8.7334392e-08,-0.044955835,0.99898899,-2.8295557e-09,-8.7376961e-08,-0.032366347,0.99947608,-1.5672839e-09,-8.7408715e-08,-0.017927635,0.99983931,-3.0470632e-10,-8.7422244e-08,-0.0034854345,0.99999392,7.9673834e-10,-8.7419153e-08,0.0091136256,0.99995852,1.5757569e-09,-8.7408573e-08,0.018024556,0.99983758,1.8712025e-09,-8.7402753e-08,0.021404061,0.99977094,1.7542737e-09,-8.7405162e-08,0.020066554,0.99979866,1.4034495e-09,-8.7411507e-08,0.016053591,0.99987113,8.1870161e-10,-8.7418947e-08,0.0093648555,0.99995613,8.7282488e-06,-0.00010350766,0.99642807,-0.084445767,8.7510243e-06,-0.00010350574,0.99640948,-0.084665038,9.9913841e-06,-0.00010339339,0.9953227,-0.096605457,1.0747335e-05,-0.00010331754,0.99458957,-0.10388265,4.9654473e-06,-5.2140706e-05,0.99541664,-0.095633522,2.942287e-06,-5.2293908e-05,0.99837369,-0.057008818,-9.1351396e-08,-5.2376534e-05,0.99999958,0.00090956688,-2.723348e-06,-5.2305753e-05,0.99869037,0.05116206,-3.0229326e-06,-5.2297197e-05,0.99718052,0.075039834,-3.1966797e-06,-5.2278971e-05,0.99818635,0.06019957,8.0073093e-08,-5.2384432e-05,0.99987453,0.015842497,-1.6186313e-08,-8.7911468e-07,0.99950945,-0.031319022,3.6899241e-06,-5.2246458e-05,0.99745619,-0.071282312,1.0113717e-05,-0.0001033815,0.99520773,-0.097783111,1.136955e-05,-0.00010325092,0.99394572,-0.10987239,1.1398256e-05,-0.00010324776,0.99391514,-0.11014877,0.00011142618,-7.2035887e-06,0.12402008,0.99227971,0.00011118918,-7.5782245e-06,0.13289863,0.99112964,0.00011138901,-7.2952043e-06,0.13277681,0.99114597,6.0287122e-05,-1.4520767e-05,0.13839911,0.99037653,9.0045069e-06,-9.7540014e-06,0.1543583,0.98801494,8.8350034e-06,-1.248467e-05,0.18043643,0.98358667,8.7073577e-06,-1.434544e-05,0.19629326,0.98054522,5.9653099e-05,-3.9532929e-06,0.18210605,0.98327893,5.9991165e-05,-2.1710794e-06,0.13702479,0.99056762,6.0478033e-05,3.4818143e-08,0.072843887,0.99734336,6.0767565e-05,2.3651198e-06,0.015375459,0.9998818,9.3157496e-06,1.3122873e-06,-0.012702122,0.99991935,6.1068487e-05,2.0286611e-06,-0.013633071,0.99990708,0.00011300316,1.920645e-06,0.0043371851,0.99999058,0.00011330862,7.0718844e-09,0.032545641,0.99947029,0.00011340521,-2.3221332e-06,0.065413609,0.99785829,-2.0280877e-05,2.4349005e-05,-0.14213166,0.98984778,-1.947137e-05,2.4144736e-05,-0.12782797,0.99179631,-1.8795698e-05,2.3618475e-05,-0.11875527,0.99292356,3.304832e-05,2.6698577e-05,-0.11357065,0.99352992,-1.7858256e-05,3.1438089e-05,-0.10800161,0.9941507,-1.7898799e-05,2.9954143e-05,-0.094271913,0.99554652,-1.853599e-05,2.72999e-05,-0.067442454,0.99772316,-2.0142128e-05,2.3098515e-05,-0.033473209,0.9994396,2.9478955e-05,2.4853054e-05,-0.0061525921,0.99998111,2.7420409e-05,2.6462109e-05,