{
  "skeleton": [
    {
      "name": "Bone001",
      "parent": "Bone001",
      "initpos": [
        0,
        0,
        0
      ],
      "initquaternion": [
        0.503648,
        0.496324,
        -0.496324,
        0.503648
      ],
      "initscale": [
        0.999999,
        0.999999,
        0.999999
      ],
      "offmtx": [
        [
          0.014648,
          0,
          -0.999892,
          0
        ],
        [
          0.999892,
          0,
          0.014648,
          0
        ],
        [
          0,
          -0.999999,
          0,
          0
        ]
      ],
      "boundingbox": [
        [
          -0.50727,
          -0.50727,
          0
        ],
        [
          0.50727,
          0.50727,
          0
        ]
      ]
    }
  ],
  "boundingbox": [
    [
      -0.5,
      0,
      -0.499999
    ],
    [
      0.499999,
      0,
      0.499999
    ]
  ]
}
