{
  "skeleton": [
    {
      "name": "root",
      "parent": "root",
      "initpos": [
        0,
        0,
        0
      ],
      "initquaternion": [
        0.707106,
        0,
        0,
        0.707106
      ],
      "initscale": [
        1,
        0.999999,
        0.999999
      ],
      "offmtx": [
        [
          1,
          0,
          0,
          0
        ],
        [
          0,
          1,
          0,
          0
        ],
        [
          0,
          0,
          1,
          0
        ]
      ],
      "boundingbox": [
        [
          0,
          0,
          0
        ],
        [
          0,
          0,
          0
        ]
      ]
    },
    {
      "name": "Bone002",
      "parent": "root",
      "initpos": [
        -8.509756,
        -1.579555,
        -14.056093
      ],
      "initquaternion": [
        0.678216,
        -0.200055,
        0.678219,
        -0.200046
      ],
      "initscale": [
        1,
        0.999999,
        0.999999
      ],
      "offmtx": [
        [
          -0.000007,
          -0.839918,
          -0.542712,
          10.948675
        ],
        [
          -0.000011,
          0.542712,
          -0.839918,
          -8.955206
        ],
        [
          1,
          0,
          -0.000013,
          8.509734
        ]
      ],
      "boundingbox": [
        [
          0.056795,
          -0.838891,
          -0.526221
        ],
        [
          1.585683,
          0.778757,
          0.545742
        ]
      ]
    },
    {
      "name": "Bone001",
      "parent": "root",
      "initpos": [
        -8.458768,
        1.52654,
        -14.061385
      ],
      "initquaternion": [
        0.688478,
        0.161235,
        0.688476,
        0.161244
      ],
      "initscale": [
        0.999999,
        0.999999,
        0.999999
      ],
      "offmtx": [
        [
          0.000005,
          -0.896007,
          0.444039,
          11.921306
        ],
        [
          -0.000011,
          -0.444039,
          -0.896007,
          7.611506
        ],
        [
          0.999999,
          -1.415609887089886e-7,
          -0.000013,
          8.458789
        ]
      ],
      "boundingbox": [
        [
          0.028128,
          -0.837618,
          -0.577217
        ],
        [
          1.578346,
          0.800142,
          0.494746
        ]
      ]
    }
  ],
  "boundingbox": [
    [
      -9.035969,
      12.277656,
      -3.086012
    ],
    [
      -7.96403,
      14.42234,
      2.963712
    ]
  ]
}
