{
  "skeleton": [
    {
      "name": "root",
      "parent": "root",
      "initpos": [
        0,
        0,
        0
      ],
      "initquaternion": [
        0.707106,
        0,
        0,
        0.707106
      ],
      "initscale": [
        1,
        0.999999,
        0.999999
      ],
      "offmtx": [
        [
          1,
          0,
          0,
          0
        ],
        [
          0,
          1,
          0,
          0
        ],
        [
          0,
          0,
          1,
          0
        ]
      ],
      "boundingbox": [
        [
          0,
          0,
          0
        ],
        [
          0,
          0,
          0
        ]
      ]
    },
    {
      "name": "Bone_05",
      "parent": "root",
      "initpos": [
        15.501154,
        0.508854,
        -17.600818
      ],
      "initquaternion": [
        -0.499999,
        0.5,
        0.499999,
        0.5
      ],
      "initscale": [
        1,
        0.999999,
        0.999999
      ],
      "offmtx": [
        [
          3.1391647326017846e-7,
          0.999999,
          0,
          -17.600828
        ],
        [
          -1,
          3.1391644483846903e-7,
          0.000001,
          15.501148
        ],
        [
          0.000001,
          0,
          0.999999,
          -0.50888
        ]
      ],
      "boundingbox": [
        [
          0.342881,
          0.001147,
          -0.008855
        ],
        [
          0.342896,
          0.001162,
          -0.008855
        ]
      ]
    },
    {
      "name": "Bone_10",
      "parent": "Bone_05",
      "initpos": [
        -3.265055,
        -4.459543,
        -0.008945
      ],
      "initquaternion": [
        0,
        0,
        0,
        1
      ],
      "initscale": [
        1,
        1,
        1
      ],
      "offmtx": [
        [
          1.9470718370939721e-7,
          0.999999,
          0,
          -14.335767
        ],
        [
          -1,
          1.947071694985425e-7,
          -8.78176422247634e-7,
          19.960695
        ],
        [
          -8.781764790910529e-7,
          0,
          0.999999,
          -0.499889
        ]
      ],
      "boundingbox": [
        [
          0.005237,
          -0.363626,
          -0.246575
        ],
        [
          1.801063,
          0.379417,
          0.253425
        ]
      ]
    },
    {
      "name": "Bone_11",
      "parent": "Bone_05",
      "initpos": [
        4.009363,
        4.504064,
        -0.033571
      ],
      "initquaternion": [
        0,
        4.768372718899627e-7,
        1,
        -1.9470719792025193e-7
      ],
      "initscale": [
        0.999999,
        0.999999,
        1
      ],
      "offmtx": [
        [
          1.8489383535325032e-7,
          -0.999999,
          0,
          21.610185
        ],
        [
          1,
          1.848938211423956e-7,
          -5.205484399084526e-7,
          -10.997094
        ],
        [
          5.205484967518714e-7,
          0,
          0.999999,
          -0.475299
        ]
      ],
      "boundingbox": [
        [
          -0.282346,
          -0.383039,
          -0.22141
        ],
        [
          2.599024,
          1.823023,
          0.27859
        ]
      ]
    },
    {
      "name": "Bone_04",
      "parent": "root",
      "initpos": [
        15.501154,
        0.508857,
        -6.793438
      ],
      "initquaternion": [
        -0.499999,
        0.5,
        0.499999,
        0.5
      ],
      "initscale": [
        1,
        0.999999,
        0.999999
      ],
      "offmtx": [
        [
          3.1391647326017846e-7,
          0.999999,
          0,
          -6.793445
        ],
        [
          -1,
          3.1391644483846903e-7,
          0.000001,
          15.501152
        ],
        [
          0.000001,
          0,
          0.999999,
          -0.508881
        ]
      ],
      "boundingbox": [
        [
          0.127257,
          0.001147,
          -0.008857
        ],
        [
          0.127268,
          0.001162,
          -0.008856
        ]
      ]
    },
    {
      "name": "Bone_02",
      "parent": "Bone_04",
      "initpos": [
        -3.413808,
        -4.459547,
        -0.008946
      ],
      "initquaternion": [
        0,
        0,
        0,
        1
      ],
      "initscale": [
        1,
        1,
        1
      ],
      "offmtx": [
        [
          1.9470718370939721e-7,
          0.999999,
          0,
          -3.379632
        ],
        [
          -1,
          1.947071694985425e-7,
          -8.78176422247634e-7,
          19.960699
        ],
        [
          -8.781764790910529e-7,
          0,
          0.999999,
          -0.499889
        ]
      ],
      "boundingbox": [
        [
          -0.061626,
          -0.363624,
          -0.246576
        ],
        [
          1.734197,
          0.379419,
          0.253424
        ]
      ]
    },
    {
      "name": "Bone_06",
      "parent": "Bone_04",
      "initpos": [
        3.860613,
        4.504063,
        -0.033572
      ],
      "initquaternion": [
        0,
        4.768372718899627e-7,
        1,
        -1.9470719792025193e-7
      ],
      "initscale": [
        0.999999,
        0.999999,
        1
      ],
      "offmtx": [
        [
          1.8489383535325032e-7,
          -0.999999,
          0,
          10.65405
        ],
        [
          1,
          1.848938211423956e-7,
          -5.205484399084526e-7,
          -10.997092
        ],
        [
          5.205484967518714e-7,
          0,
          0.999999,
          -0.475299
        ]
      ],
      "boundingbox": [
        [
          -0.215482,
          -0.383039,
          -0.22141
        ],
        [
          2.665886,
          1.823023,
          0.27859
        ]
      ]
    },
    {
      "name": "Bone_07",
      "parent": "root",
      "initpos": [
        15.501154,
        0.508851,
        -28.340581
      ],
      "initquaternion": [
        -0.499999,
        0.5,
        0.499999,
        0.5
      ],
      "initscale": [
        1,
        0.999999,
        0.999999
      ],
      "offmtx": [
        [
          3.1391647326017846e-7,
          0.999999,
          0,
          -28.340589
        ],
        [
          -1,
          3.1391644483846903e-7,
          0.000001,
          15.501145
        ],
        [
          0.000001,
          0,
          0.999999,
          -0.50888
        ]
      ],
      "boundingbox": [
        [
          0.159409,
          0.001147,
          -0.008854
        ],
        [
          0.159424,
          0.001162,
          -0.008853
        ]
      ]
    },
    {
      "name": "Bone_09",
      "parent": "Bone_07",
      "initpos": [
        3.870368,
        4.504063,
        -0.033569
      ],
      "initquaternion": [
        0,
        4.768372718899627e-7,
        1,
        -1.9470719792025193e-7
      ],
      "initscale": [
        0.999999,
        0.999999,
        1
      ],
      "offmtx": [
        [
          1.8489383535325032e-7,
          -0.999999,
          0,
          32.210952
        ],
        [
          1,
          1.848938211423956e-7,
          -5.205484399084526e-7,
          -10.997096
        ],
        [
          5.205484967518714e-7,
          0,
          0.999999,
          -0.475301
        ]
      ],
      "boundingbox": [
        [
          -0.237878,
          -0.383039,
          -0.22141
        ],
        [
          2.643491,
          1.823023,
          0.27859
        ]
      ]
    },
    {
      "name": "Bone_03",
      "parent": "Bone_07",
      "initpos": [
        -3.404058,
        -4.459547,
        -0.008943
      ],
      "initquaternion": [
        0,
        0,
        0,
        1
      ],
      "initscale": [
        1,
        1,
        1
      ],