{"skeleton":[{"name":"Bone001","parent":"Bone001","initpos":[0.005887,0.0,0.472509],"initquaternion":[0.502202,0.497787,-0.497787,0.502202],"initscale":[0.999999,1.0,0.999999],"offmtx":[[0.008829,0.0,-0.99996,0.472438],[0.999961,0.0,0.008829,-0.010059],[0.0,-0.999999,0.0,-0.0]],"boundingbox":[[-0.00335,-0.250323,-0.0],[0.948228,0.230204,0.0]]}],"boundingbox":[[-0.23609,-0.0,-0.473723],[0.23609,0.0,0.473723]]}