{
  "skeleton": [
    {
      "name": "bottom",
      "parent": "bottom",
      "initpos": [
        0,
        0,
        0
      ],
      "initquaternion": [
        -0.234057,
        0.667245,
        -0.667245,
        -0.234057
      ],
      "initscale": [
        0.000096,
        0.000096,
        0.008196
      ],
      "offmtx": [
        [
          -8129.137695,
          0,
          6503.3125,
          0.534525
        ],
        [
          -6503.3125,
          0,
          -8129.136718,
          0.42762
        ],
        [
          0,
          -121.99604,
          0,
          0
        ]
      ],
      "boundingbox": [
        [
          -6.781699,
          -6.888604,
          0
        ],
        [
          7.85075,
          7.743845,
          0
        ]
      ]
    }
  ],
  "boundingbox": [
    [
      -0.0005,
      0,
      -0.000499
    ],
    [
      0.0005,
      0,
      0.000499
    ]
  ]
}
