{
  "skeleton": [
    {
      "name": "bottom",
      "parent": "bottom",
      "initpos": [
        0,
        0,
        0
      ],
      "initquaternion": [
        0.707106,
        0,
        0,
        0.707106
      ],
      "initscale": [
        0.000009,
        0.000009,
        0.000009
      ],
      "offmtx": [
        [
          100967.5,
          0,
          0,
          6.722296
        ],
        [
          0,
          0,
          100967.492187,
          -2.303971
        ],
        [
          0,
          -100967.492187,
          0,
          0
        ]
      ],
      "boundingbox": [
        [
          -43.761455,
          -52.787719,
          -0.000004
        ],
        [
          57.20605,
          48.179779,
          0.000004
        ]
      ]
    }
  ],
  "boundingbox": [
    [
      -0.0005,
      0,
      -0.000499
    ],
    [
      0.0005,
      0,
      0.000499
    ]
  ]
}
