{"skeleton":[{"name":"root","parent":"root","initpos":[0.0,0.0,-0.0],"initquaternion":[0.707106,0.0,0.0,0.707106],"initscale":[1.0,0.999999,0.999999],"offmtx":[[1.0,0.0,0.0,0.0],[0.0,1.0,0.0,0.0],[0.0,0.0,1.0,0.0]],"boundingbox":[[0.0,0.0,0.0],[0.0,0.0,0.0]]},{"name":"Bone005","parent":"root","initpos":[6.0,-0.0,-11.374687],"initquaternion":[-0.5,0.499999,0.499999,0.5],"initscale":[1.0,1.0,1.0],"offmtx":[[1e-06,0.999999,0.0,-11.374697],[-1.0,1e-06,-1e-06,5.999979],[-1e-06,0.0,0.999999,1e-05]],"boundingbox":[[0.025169,-2.78968,-2.594705],[6.966494,2.596643,2.601226]]}],"boundingbox":[[3.403366,11.399861,-2.594702],[8.789679,18.341176,2.60122]]}