{
  "skeleton": [
    {
      "name": "root",
      "parent": "root",
      "initpos": [
        0,
        0,
        0
      ],
      "initquaternion": [
        0.707106,
        0,
        0,
        0.707106
      ],
      "initscale": [
        1,
        0.999999,
        0.999999
      ],
      "offmtx": [
        [
          1,
          0,
          0,
          0
        ],
        [
          0,
          1,
          0,
          0
        ],
        [
          0,
          0,
          1,
          0
        ]
      ],
      "boundingbox": [
        [
          0,
          0,
          0
        ],
        [
          0,
          0,
          0
        ]
      ]
    },
    {
      "name": "Bone003",
      "parent": "root",
      "initpos": [
        0,
        0,
        -13.171898
      ],
      "initquaternion": [
        0.500005,
        -0.499994,
        -0.500004,
        -0.499995
      ],
      "initscale": [
        1,
        1,
        1
      ],
      "offmtx": [
        [
          1.6292068494294654e-7,
          0.999999,
          0,
          -13.171898
        ],
        [
          -1,
          1.6292067073209182e-7,
          -0.000019,
          -0.000002
        ],
        [
          -0.000019,
          0,
          0.999999,
          0
        ]
      ],
      "boundingbox": [
        [
          0.701388,
          -4.439265,
          -2.477436
        ],
        [
          10.849843,
          4.404357,
          2.501893
        ]
      ]
    }
  ],
  "boundingbox": [
    [
      -4.404307,
      13.873287,
      -2.477349
    ],
    [
      4.439215,
      24.021739,
      2.501803
    ]
  ]
}
