{"skeleton":[{"name":"root","parent":"root","initpos":[0.0,0.0,-0.0],"initquaternion":[0.707106,0.0,0.0,0.707106],"initscale":[1.0,0.999999,0.999999],"offmtx":[[1.0,0.0,0.0,0.0],[0.0,1.0,0.0,0.0],[0.0,0.0,1.0,0.0]],"boundingbox":[[0.0,0.0,0.0],[0.0,0.0,0.0]]},{"name":"Bone007","parent":"root","initpos":[0.0,1.916542,-23.556468],"initquaternion":[0.5,-0.499999,-0.5,-0.499999],"initscale":[1.0,1.0,1.0],"offmtx":[[1.6292068494294654e-07,0.999999,0.0,-23.556468],[-1.0,1.6292067073209182e-07,-1.4289751959495334e-07,-3e-06],[-1.4289753380580805e-07,0.0,0.999999,-1.916542]],"boundingbox":[[-0.163626,-5.239626,-2.900446],[7.934573,5.303574,4.040869]]}],"boundingbox":[[-5.303572,23.392843,-0.983907],[5.239627,31.491039,5.957406]]}