{
  "skeleton": [
    {
      "name": "root",
      "parent": "root",
      "initpos": [
        0,
        0,
        0
      ],
      "initquaternion": [
        0.707106,
        0,
        0,
        0.707106
      ],
      "initscale": [
        1,
        0.999999,
        0.999999
      ],
      "offmtx": [
        [
          0.999999,
          0,
          0,
          0
        ],
        [
          0,
          0,
          0.999999,
          0
        ],
        [
          0,
          -0.999999,
          0,
          0.000005
        ]
      ],
      "boundingbox": [
        [
          -0.801975,
          -2.444005,
          -1.746416
        ],
        [
          0.424109,
          -2.444001,
          0.443413
        ]
      ]
    },
    {
      "name": "Bone001",
      "parent": "root",
      "initpos": [
        -2,
        0,
        0.004864
      ],
      "initquaternion": [
        -0.499995,
        0.500004,
        0.499995,
        0.500004
      ],
      "initscale": [
        1,
        1,
        1
      ],
      "offmtx": [
        [
          2.821299744937278e-7,
          0.999999,
          0,
          0.00486
        ],
        [
          -0.999999,
          2.8212994607201836e-7,
          0.000019,
          -2
        ],
        [
          0.000019,
          0,
          0.999999,
          0.000039
        ]
      ],
      "boundingbox": [
        [
          -0.438549,
          -2.23307,
          -2.444054
        ],
        [
          6.202458,
          3.625756,
          4.124688
        ]
      ]
    }
  ],
  "boundingbox": [
    [
      -5.625696,
      -0.443408,
      -2.444001
    ],
    [
      0.424109,
      6.197601,
      4.12474
    ]
  ]
}
