{
  "skeleton": [
    {
      "name": "root",
      "parent": "root",
      "initpos": [
        0,
        0,
        0
      ],
      "initquaternion": [
        0.707106,
        0,
        0,
        0.707106
      ],
      "initscale": [
        1,
        0.999999,
        0.999999
      ],
      "offmtx": [
        [
          1,
          0,
          0,
          0
        ],
        [
          0,
          1,
          0,
          0
        ],
        [
          0,
          0,
          1,
          0
        ]
      ],
      "boundingbox": [
        [
          0,
          0,
          0
        ],
        [
          0,
          0,
          0
        ]
      ]
    },
    {
      "name": "Bone006",
      "parent": "root",
      "initpos": [
        -6,
        0,
        -11.374687
      ],
      "initquaternion": [
        -0.5,
        0.499999,
        0.499999,
        0.5
      ],
      "initscale": [
        1,
        1,
        1
      ],
      "offmtx": [
        [
          0.000001,
          0.999999,
          0,
          -11.374677
        ],
        [
          -1,
          0.000001,
          0.000001,
          -6.000018
        ],
        [
          0.000001,
          0,
          0.999999,
          0.00001
        ]
      ],
      "boundingbox": [
        [
          0.02517,
          -2.596635,
          -2.594705
        ],
        [
          6.966485,
          2.78969,
          2.601226
        ]
      ]
    }
  ],
  "boundingbox": [
    [
      -8.78968,
      11.399861,
      -2.594702
    ],
    [
      -3.403367,
      18.341176,
      2.60122
    ]
  ]
}
