{"skeleton":[{"name":"root","parent":"root","initpos":[0.0,0.0,-0.0],"initquaternion":[0.707106,0.0,0.0,0.707106],"initscale":[1.0,0.999999,0.999999],"offmtx":[[1.0,0.0,0.0,0.0],[0.0,1.0,0.0,0.0],[0.0,0.0,1.0,0.0]],"boundingbox":[[0.0,0.0,0.0],[0.0,0.0,0.0]]},{"name":"Bone001","parent":"root","initpos":[0.0,0.007294,6.327753],"initquaternion":[0.0,0.707106,0.0,0.707106],"initscale":[1.0,1.0,1.0],"offmtx":[[3.1391647326017846e-07,0.999999,0.0,6.327753],[-0.0,0.0,0.999999,-0.007294],[1.0,-3.1391644483846903e-07,0.0,-1e-06]],"boundingbox":[[-0.060521,-5.507297,-1.402479],[20.413263,5.693439,1.402466]]}],"boundingbox":[[-1.402474,-6.388274,-5.500004],[1.402471,14.085508,5.700732]]}