{"skeleton":[{"name":"root","parent":"root","initpos":[0.0,0.0,-0.0],"initquaternion":[0.707106,0.0,0.0,0.707106],"initscale":[1.0,0.999999,0.999999],"offmtx":[[1.0,0.0,0.0,0.0],[-0.0,0.0,1.0,0.0],[-0.0,-1.0,0.0,0.0]],"boundingbox":[[-4.536972,-2.630662,-12.502888],[0.608153,2.559011,0.043945]]}],"boundingbox":[[-4.536972,-0.043945,-2.630662],[0.608153,12.502888,2.55901]]}