{"skeleton":[{"name":"root","parent":"root","initpos":[0.0,0.0,-0.0],"initquaternion":[0.707106,0.0,0.0,0.707106],"initscale":[1.0,0.999999,0.999999],"offmtx":[[1.0,0.0,0.0,-1e-06],[-0.0,0.0,1.0,0.0],[-0.0,-1.0,0.0,0.0]],"boundingbox":[[-8.46875,-2.491885,-24.400003],[-3.516359,2.460503,-19.447608]]}],"boundingbox":[[-8.46875,19.44761,-2.491885],[-3.516359,24.400003,2.460503]]}