{"skeleton":[{"name":"root","parent":"root","initpos":[0.0,0.0,-0.0],"initquaternion":[0.707106,0.0,0.0,0.707106],"initscale":[1.0,0.999999,0.999999],"offmtx":[[1.0,0.0,0.0,0.0],[-0.0,0.0,0.999999,-0.0],[-0.0,-0.999999,0.0,-0.0]],"boundingbox":[[-5.103097,-4.880175,-38.550888],[4.896902,5.119825,-23.550889]]}],"boundingbox":[[-5.103097,23.550888,-4.880175],[4.896902,38.550888,5.119825]]}