{
  "skeleton": [
    {
      "name": "root",
      "parent": "root",
      "initpos": [
        0,
        0,
        0
      ],
      "initquaternion": [
        0.707106,
        0,
        0,
        0.707106
      ],
      "initscale": [
        1,
        0.999999,
        0.999999
      ],
      "offmtx": [
        [
          0.999999,
          0,
          0,
          0
        ],
        [
          0,
          0,
          1,
          0
        ],
        [
          0,
          -1,
          0,
          -1.1920928955078125e-7
        ]
      ],
      "boundingbox": [
        [
          -4.340857,
          -2.569901,
          -24.447454
        ],
        [
          4.355744,
          2.53852,
          -11.434963
        ]
      ]
    }
  ],
  "boundingbox": [
    [
      -4.340857,
      11.434963,
      -2.569901
    ],
    [
      4.355744,
      24.447452,
      2.53852
    ]
  ]
}
