{
  "skeleton": [
    {
      "name": "root",
      "parent": "root",
      "initpos": [
        0,
        0,
        0
      ],
      "initquaternion": [
        0.707106,
        0,
        0,
        0.707106
      ],
      "initscale": [
        1,
        0.999999,
        0.999999
      ],
      "offmtx": [
        [
          1,
          0,
          0,
          0
        ],
        [
          0,
          0,
          1,
          0
        ],
        [
          0,
          -1,
          0,
          0
        ]
      ],
      "boundingbox": [
        [
          3.564225,
          -2.491885,
          -24.400003
        ],
        [
          8.516615,
          2.460503,
          -19.447608
        ]
      ]
    }
  ],
  "boundingbox": [
    [
      3.564225,
      19.44761,
      -2.491885
    ],
    [
      8.516615,
      24.400003,
      2.460503
    ]
  ]
}
