{
  "skeleton": [
    {
      "name": "root",
      "parent": "root",
      "initpos": [
        0,
        0,
        0
      ],
      "initquaternion": [
        0.707106,
        0,
        0,
        0.707106
      ],
      "initscale": [
        1,
        0.999999,
        0.999999
      ],
      "offmtx": [
        [
          1,
          0,
          0,
          0
        ],
        [
          0,
          1,
          0,
          0
        ],
        [
          0,
          0,
          1,
          0
        ]
      ],
      "boundingbox": [
        [
          0,
          0,
          0
        ],
        [
          0,
          0,
          0
        ]
      ]
    },
    {
      "name": "Bone003",
      "parent": "root",
      "initpos": [
        -5.870331,
        -9.4942100758999e-7,
        -17.67073
      ],
      "initquaternion": [
        -0.499999,
        0.5,
        0.499999,
        0.5
      ],
      "initscale": [
        1,
        1,
        1
      ],
      "offmtx": [
        [
          3.1391647326017846e-7,
          0.999999,
          0,
          -17.670728
        ],
        [
          -1,
          3.1391644483846903e-7,
          0.000003,
          -5.870337
        ],
        [
          0.000003,
          0,
          0.999999,
          0.000022
        ]
      ],
      "boundingbox": [
        [
          -4.79227,
          -2.170345,
          -2.30001
        ],
        [
          6.879267,
          3.02587,
          2.30001
        ]
      ]
    }
  ],
  "boundingbox": [
    [
      -8.896191,
      12.878459,
      -2.300003
    ],
    [
      -3.699991,
      24.549995,
      2.299997
    ]
  ]
}
