{
  "skeleton": [
    {
      "name": "root",
      "parent": "root",
      "initpos": [
        0,
        0,
        0
      ],
      "initquaternion": [
        0.707106,
        0,
        0,
        0.707106
      ],
      "initscale": [
        1,
        0.999999,
        0.999999
      ],
      "offmtx": [
        [
          1,
          0,
          0,
          0
        ],
        [
          0,
          1,
          0,
          0
        ],
        [
          0,
          0,
          1,
          0
        ]
      ],
      "boundingbox": [
        [
          0,
          0,
          0
        ],
        [
          0,
          0,
          0
        ]
      ]
    },
    {
      "name": "Bone005",
      "parent": "root",
      "initpos": [
        -2.260503,
        -9.4942100758999e-7,
        0
      ],
      "initquaternion": [
        -0.499999,
        0.5,
        0.499999,
        0.5
      ],
      "initscale": [
        1,
        1,
        1
      ],
      "offmtx": [
        [
          3.1391647326017846e-7,
          0.999999,
          0,
          7.096091962921491e-7
        ],
        [
          -1,
          3.1391644483846903e-7,
          0.000003,
          -2.260503
        ],
        [
          0.000003,
          0,
          0.999999,
          0.000009
        ]
      ],
      "boundingbox": [
        [
          -0.017721,
          -2.523908,
          -2.250007
        ],
        [
          6.414849,
          1.989509,
          2.999993
        ]
      ]
    }
  ],
  "boundingbox": [
    [
      -4.25,
      -0.01772,
      -2.250001
    ],
    [
      0.263397,
      6.414848,
      2.999998
    ]
  ]
}
