{
  "skeleton": [
    {
      "name": "root",
      "parent": "root",
      "initpos": [
        0,
        0,
        0
      ],
      "initquaternion": [
        0.707106,
        0,
        0,
        0.707106
      ],
      "initscale": [
        1,
        0.999999,
        0.999999
      ],
      "offmtx": [
        [
          1,
          0,
          0,
          0
        ],
        [
          0,
          1,
          0,
          0
        ],
        [
          0,
          0,
          1,
          0
        ]
      ],
      "boundingbox": [
        [
          0,
          0,
          0
        ],
        [
          0,
          0,
          0
        ]
      ]
    },
    {
      "name": "Bone001",
      "parent": "root",
      "initpos": [
        0,
        -9.4942100758999e-7,
        -19.054738
      ],
      "initquaternion": [
        -0.499999,
        0.5,
        0.499999,
        0.5
      ],
      "initscale": [
        1,
        1,
        1
      ],
      "offmtx": [
        [
          3.1391647326017846e-7,
          0.999999,
          0,
          -19.054738
        ],
        [
          -1,
          3.1391644483846903e-7,
          0.000003,
          -0.000005
        ],
        [
          0.000003,
          0,
          0.999999,
          9.494428354628326e-7
        ]
      ],
      "boundingbox": [
        [
          -7.304741,
          -4.214654,
          -2.214656
        ],
        [
          5.1729,
          4.214651,
          2.221153
        ]
      ]
    }
  ],
  "boundingbox": [
    [
      -4.214644,
      11.749999,
      -2.214644
    ],
    [
      4.214644,
      24.227636,
      2.221133
    ]
  ]
}
