{
  "skeleton": [
    {
      "name": "root",
      "parent": "root",
      "initpos": [
        0,
        0,
        0
      ],
      "initquaternion": [
        0.707106,
        0,
        0,
        0.707106
      ],
      "initscale": [
        1,
        0.999999,
        0.999999
      ],
      "offmtx": [
        [
          1,
          0,
          0,
          0
        ],
        [
          0,
          1,
          0,
          0
        ],
        [
          0,
          0,
          1,
          0
        ]
      ],
      "boundingbox": [
        [
          0,
          0,
          0
        ],
        [
          0,
          0,
          0
        ]
      ]
    },
    {
      "name": "Bone011",
      "parent": "root",
      "initpos": [
        -0.16942,
        3.167589,
        0
      ],
      "initquaternion": [
        0,
        0,
        -0.704402,
        0.7098
      ],
      "initscale": [
        1,
        1,
        1
      ],
      "offmtx": [
        [
          0.007633,
          0,
          -0.99997,
          3.16879
        ],
        [
          0.99997,
          0,
          0.007633,
          0.145235
        ],
        [
          0,
          -1,
          0,
          0
        ]
      ],
      "boundingbox": [
        [
          -6.79647,
          -11.471784,
          -0.726604
        ],
        [
          13.127067,
          11.777501,
          0.726604
        ]
      ]
    },
    {
      "name": "Bone005",
      "parent": "Bone011",
      "initpos": [
        4.683595,
        -0.514909,
        0
      ],
      "initquaternion": [
        0,
        0,
        -0.009999,
        0.999949
      ],
      "initscale": [
        1,
        1,
        1
      ],
      "offmtx": [
        [
          -0.012366,
          0,
          -0.999922,
          -1.527703
        ],
        [
          0.999922,
          0,
          -0.012366,
          0.629719
        ],
        [
          0,
          -1,
          0,
          0
        ]
      ],
      "boundingbox": [
        [
          0.254605,
          0.638194,
          -0.54925
        ],
        [
          1.610779,
          1.994352,
          0.607002
        ]
      ]
    },
    {
      "name": "Bone004",
      "parent": "Bone011",
      "initpos": [
        4.676313,
        -1.557751,
        0
      ],
      "initquaternion": [
        0,
        0,
        -0.003597,
        0.999993
      ],
      "initscale": [
        1,
        1,
        1
      ],
      "offmtx": [
        [
          0.000438,
          0,
          -0.999999,
          -1.519738
        ],
        [
          0.999999,
          0,
          0.000438,
          1.692095
        ],
        [
          0,
          -1,
          0,
          0
        ]
      ],
      "boundingbox": [
        [
          0.270994,
          3.025226,
          -0.549251
        ],
        [
          1.627264,
          4.381497,
          0.607002
        ]
      ]
    },
    {
      "name": "Bone008",
      "parent": "Bone011",
      "initpos": [
        4.671412,
        2.575145,
        0
      ],
      "initquaternion": [
        0,
        0,
        -0.001597,
        0.999998
      ],
      "initscale": [
        0.999999,
        0.999999,
        1
      ],
      "offmtx": [
        [
          0.004438,
          0,
          -0.99999,
          -1.49485
        ],
        [
          0.99999,
          0,
          0.004438,
          -2.434699
        ],
        [
          0,
          -1,
          0,
          0
        ]
      ],
      "boundingbox": [
        [
          0.307396,
          -6.512011,
          -0.54925
        ],
        [
          1.664367,
          -5.155042,
          0.607003
        ]
      ]
    },
    {
      "name": "Bone002",
      "parent": "Bone011",
      "initpos": [
        4.672067,
        -3.636329,
        0
      ],
      "initquaternion": [
        0,
        0,
        -0.005846,
        0.999982
      ],
      "initscale": [
        1,
        1,
        1
      ],
      "offmtx": [
        [
          -0.004059,
          0,
          -0.999991,
          -1.547392
        ],
        [
          0.999991,
          0,
          -0.004059,
          3.763727
        ],
        [
          0,
          -1,
          0,
          0
        ]
      ],
      "boundingbox": [
        [
          0.221801,
          7.820425,
          -0.549251
        ],
        [
          1.577894,
          9.176516,
          0.607001
        ]
      ]
    },
    {
      "name": "Bone007",
      "parent": "Bone011",
      "initpos": [
        4.682852,
        1.557239,
        0
      ],
      "initquaternion": [
        0,
        0,
        -0.010742,
        0.999942
      ],
      "initscale": [
        0.999999,
        0.999999,
        1
      ],
      "offmtx": [
        [
          -0.013851,
          0,
          -0.999903,
          -1.483377
        ],
        [
          0.999903,
          0,
          -0.013851,
          -1.444206
        ],
        [
          0,
          -1,
          0,
          0
        ]
      ],
      "boundingbox": [
        [
          0.361879,
          -4.118666,
          -0.54925
        ],
        [
          1.692637,
          -2.788641,
          0.607002
        ]
      ]
    },
    {
      "name": "Bone003",
      "parent": "Bone011",
      "initpos": [
        4.674329,
        -2.601166,
        0
      ],
      "initquaternion": [
        0,
        0,
        -0.003017,
        0.999995
      ],
      "initscale": [
        1,
        1,
        1
      ],
      "offmtx": [
        [
          0.001597,
          0,
          -0.999998,
          -1.522088
        ],
        [
          0.999998,
          0,
          0.001597,
          2.737264
        ],
        [
          0,
          -1,
          0,
          0
        ]
      ],
      "boundingbox": [
        [
          0.27243,
          5.423802,
          -0.549251
        ],
        [
          1.628668,
          6.780034,
          0.607001
        ]
      ]
    },
    {
      "name": "Bone006",
      "parent": "Bone011",
      "initpos": [
        4.681036,
        0.521543,
        0
      ],
      "initquaternion": [
        0,
        0,
        -0.005846,
        0.999982
      ],
      "initscale": [
        1,
        1,
        1
      ],
      "offmtx": [
        [
          -0.004059,
          0,
          -0.999991,
          -1.507742
        ],
        [
          0.999991,
          0,
          -0.004059,
          -0.393965
        ],
        [
          0,
          -1,
          0,
          0
        ]
      ],
      "boundingbox": [
        [
          0.28592,
          -1.7627,
          -0.54925
        ],
        [
          1.642622,
          -0.406,
          0.607002
        ]
      ]
    },
    {
      "name": "Bone009",
      "parent": "Bone011",
      "initpos": [
        4.668884,
        3.623345,
        0
      ],
      "initquaternion": [
        0,
        0,
        -0.003014,
        0.999995
      ],
      "initscale": [
        1,
        1,
        1
      ],
      "offmtx": [
        [
          0.001605,
          0,
          -0.999998,
          -1.479099
        ],
        [
          0.999998,
          0,
          0.001605,
          -3.487088
        ],
        [
          0,
          -1,
          0,
          0
        ]
      ],
      "boundingbox": [
        [
          0.33058,
          -8.914344,
          -0.54925
        ],
        [
          1.687561,
          -7.557361,
          0.607002
        ]
      ]
    },
    {
      "name": "Bone001",
      "parent": "Bone011",
      "initpos": [
        4.654008,
        -4.693272,
        0
      ],
      "initquaternion": [
        0,
        0,
        -0.001597,
        0.999998
      ],
      "initscale": [
        0.999999,
        0.999999,
        1
      ],