{
  "skeleton": [
    {
      "name": "root",
      "parent": "root",
      "initpos": [
        0,
        0,
        0
      ],
      "initquaternion": [
        0.707106,
        0,
        0,
        0.707106
      ],
      "initscale": [
        1,
        0.999999,
        0.999999
      ],
      "offmtx": [
        [
          1,
          0,
          0,
          0
        ],
        [
          0,
          1,
          0,
          0
        ],
        [
          0,
          0,
          1,
          0
        ]
      ],
      "boundingbox": [
        [
          0,
          0,
          0
        ],
        [
          0,
          0,
          0
        ]
      ]
    },
    {
      "name": "bone_01",
      "parent": "root",
      "initpos": [
        -0.01283,
        4.097397,
        -2.249504
      ],
      "initquaternion": [
        0.5,
        -0.499999,
        -0.5,
        -0.499999
      ],
      "initscale": [
        1,
        1,
        1
      ],
      "offmtx": [
        [
          3.1391644483846903e-7,
          1,
          0,
          -2.249504
        ],
        [
          -0.999999,
          3.1391647326017846e-7,
          -2.503386156149645e-7,
          -0.012829
        ],
        [
          -2.503386156149645e-7,
          0,
          0.999999,
          -4.097397
        ]
      ],
      "boundingbox": [
        [
          -0.131285,
          -6.31283,
          -5.672398
        ],
        [
          8.268717,
          6.287173,
          5.352603
        ]
      ]
    },
    {
      "name": "bone_02",
      "parent": "bone_01",
      "initpos": [
        3.771533,
        4.857083,
        9.5367431640625e-7
      ],
      "initquaternion": [
        3.793551286435104e-7,
        -2.3467808318855532e-7,
        0.535503,
        0.844533
      ],
      "initscale": [
        0.999999,
        0.999999,
        1
      ],
      "offmtx": [
        [
          -0.9045,
          0.426473,
          5.762473733739171e-7,
          -6.97265
        ],
        [
          -0.426473,
          -0.9045,
          2.826511149578437e-7,
          3.369144
        ],
        [
          6.417590157070663e-7,
          0,
          0.999999,
          -4.097393
        ]
      ],
      "boundingbox": [
        [
          -0.134954,
          -1.40431,
          -1.525112
        ],
        [
          7.783455,
          1.68306,
          1.946968
        ]
      ]
    },
    {
      "name": "bone_03",
      "parent": "bone_02",
      "initpos": [
        8.908622,
        -0.000005,
        4.76837158203125e-7
      ],
      "initquaternion": [
        0,
        1.2388163384002837e-7,
        -0.826004,
        0.563662
      ],
      "initscale": [
        0.999999,
        0.999999,
        1
      ],
      "offmtx": [
        [
          0.726873,
          0.68677,
          -4.732796696771402e-7,
          2.652536
        ],
        [
          -0.68677,
          0.726873,
          1.3358877026803384e-7,
          -16.016557
        ],
        [
          4.3575951735874696e-7,
          2.279325457266168e-7,
          0.999999,
          -4.097399
        ]
      ],
      "boundingbox": [
        [
          -2.972006,
          -3.460296,
          -3.677404
        ],
        [
          8.707457,
          2.923478,
          3.882599
        ]
      ]
    },
    {
      "name": "bone_04",
      "parent": "bone_03",
      "initpos": [
        8.328575,
        0,
        -2.961914
      ],
      "initquaternion": [
        -1.4973431916587288e-7,
        -1.4485839017197577e-7,
        0.695307,
        0.718711
      ],
      "initscale": [
        0.999999,
        0.999999,
        1
      ],
      "offmtx": [
        [
          -0.662339,
          0.749203,
          1.3165785617275105e-7,
          -16.195627
        ],
        [
          -0.749203,
          -0.662339,
          0,
          5.142883
        ],
        [
          1.3272932619656785e-7,
          0,
          0.999999,
          -1.135482
        ]
      ],
      "boundingbox": [
        [
          1.549767,
          -1.069585,
          -1.135485
        ],
        [
          3.768964,
          1.149616,
          0.964515
        ]
      ]
    },
    {
      "name": "bone_05",
      "parent": "bone_04",
      "initpos": [
        3.845127,
        -4.76837158203125e-7,
        1.1920928955078125e-7
      ],
      "initquaternion": [
        0,
        0,
        -0.023273,
        0.999729
      ],
      "initscale": [
        0.999999,
        0.999999,
        1
      ],
      "offmtx": [
        [
          -0.626758,
          0.779213,
          1.286874748984701e-7,
          -20.258367
        ],
        [
          -0.779213,
          -0.626758,
          0,
          4.204727
        ],
        [
          1.3272905619032827e-7,
          0,
          0.999999,
          -1.135482
        ]
      ],
      "boundingbox": [
        [
          0.269174,
          -1.185212,
          -1.135485
        ],
        [
          2.441834,
          0.987444,
          0.964514
        ]
      ]
    },
    {
      "name": "bone_06",
      "parent": "bone_05",
      "initpos": [
        2.464694,
        4.76837158203125e-7,
        0
      ],
      "initquaternion": [
        0,
        0,
        -0.12106,
        0.992645
      ],
      "initscale": [
        1,
        1,
        1
      ],
      "offmtx": [
        [
          -0.421111,
          0.907008,
          1.0885409551519842e-7,
          -23.067577
        ],
        [
          -0.907008,
          -0.421111,
          0,
          -1.379772
        ],
        [
          1.3272735088776244e-7,
          0,
          0.999999,
          -1.135482
        ]
      ],
      "boundingbox": [
        [
          -0.506382,
          -1.136472,
          -1.135485
        ],
        [
          3.690948,
          1.636491,
          0.964514
        ]
      ]
    },
    {
      "name": "bone_08",
      "parent": "bone_03",
      "initpos": [
        8.328573,
        0,
        3.044738
      ],
      "initquaternion": [
        0.718711,
        0.695307,
        1.6400740321387275e-7,
        2.78109780538216e-7
      ],
      "initscale": [
        0.999999,
        0.999999,
        0.999999
      ],
      "offmtx": [
        [
          -0.662339,
          0.749203,
          0,
          -16.195627
        ],
        [
          0.749203,
          0.662339,
          0,
          -5.142884
        ],
        [
          0,
          0,
          -0.999999,
          7.142138
        ]
      ],
      "boundingbox": [
        [
          1.549768,
          -1.149615,
          -1.25786
        ],
        [
          3.768965,
          1.069587,
          0.842138
        ]
      ]
    },
    {
      "name": "bone_09",
      "parent": "bone_08",
      "initpos": [
        3.845125,
        4.76837158203125e-7,
        0
      ],
      "initquaternion": [
        0,
        -2.3835403339944605e-7,
        0.023273,
        0.999729
      ],
      "initscale": [
        1,
        0.999999,
        1
      ],
      "offmtx": [
        [
          -0.626759,
          0.779213,
          -5.099721533952106e-7,
          -20.258356
        ],
        [
          0.779213,
          0.626759,
          0,
          -4.204746
        ],
        [
          3.2036118113865086e-7,
          -3.967887209910259e-7,
          -0.999999,
          7.142148
        ]
      ],
      "boundingbox": [
        [
          0.269175,
          -0.987444,
          -1.257861
        ],
        [
          2.441838,
          1.185212,
          0.842138
        ]
      ]
    },
    {
      "name": "bone_10",
      "parent": "bone_09",
      "initpos": [
        2.464693,
        9.5367431640625e-7,
        0
      ],
      "initquaternion": [
        0,
        2.3666505910568958e-7,
        0.12106,
        0.992645
      ],