{
  "skeleton": [
    {
      "name": "root",
      "parent": "root",
      "initpos": [
        0,
        0,
        0
      ],
      "initquaternion": [
        0.707106,
        0,
        0,
        0.707106
      ],
      "initscale": [
        1,
        0.999999,
        0.999999
      ],
      "offmtx": [
        [
          1,
          0,
          0,
          0
        ],
        [
          0,
          1,
          0,
          0
        ],
        [
          0,
          0,
          1,
          0
        ]
      ],
      "boundingbox": [
        [
          0,
          0,
          0
        ],
        [
          0,
          0,
          0
        ]
      ]
    },
    {
      "name": "Bone002",
      "parent": "root",
      "initpos": [
        6.34034,
        -9.4942100758999e-7,
        -22.086589
      ],
      "initquaternion": [
        -0.499999,
        0.5,
        0.499999,
        0.5
      ],
      "initscale": [
        1,
        1,
        1
      ],
      "offmtx": [
        [
          3.1391647326017846e-7,
          0.999999,
          0,
          -22.086591
        ],
        [
          -1,
          3.1391644483846903e-7,
          0.000003,
          6.340333
        ],
        [
          0.000003,
          0,
          0.999999,
          -0.000022
        ]
      ],
      "boundingbox": [
        [
          -1.774128,
          -2.555862,
          -2.300005
        ],
        [
          2.463408,
          2.640347,
          2.300013
        ]
      ]
    }
  ],
  "boundingbox": [
    [
      3.700001,
      20.312461,
      -2.3
    ],
    [
      8.896195,
      24.549995,
      2.3
    ]
  ]
}
