{
  "skeleton": [
    {
      "name": "root",
      "parent": "root",
      "initpos": [
        0,
        0,
        0
      ],
      "initquaternion": [
        0.707106,
        0,
        0,
        0.707106
      ],
      "initscale": [
        1,
        0.999999,
        0.999999
      ],
      "offmtx": [
        [
          1,
          0,
          0,
          0
        ],
        [
          0,
          1,
          0,
          0
        ],
        [
          0,
          0,
          1,
          0
        ]
      ],
      "boundingbox": [
        [
          0,
          0,
          0
        ],
        [
          0,
          0,
          0
        ]
      ]
    },
    {
      "name": "Bone001",
      "parent": "root",
      "initpos": [
        0,
        1.345394,
        1.6038346473123966e-7
      ],
      "initquaternion": [
        0.5,
        -0.499999,
        -0.5,
        -0.499999
      ],
      "initscale": [
        1,
        1,
        1
      ],
      "offmtx": [
        [
          3.1391647326017846e-7,
          0.999999,
          0,
          0
        ],
        [
          -1,
          3.1391644483846903e-7,
          -2.1855167631201766e-7,
          2.940380454674596e-7
        ],
        [
          -2.1855169052287238e-7,
          0,
          0.999999,
          -1.345394
        ]
      ],
      "boundingbox": [
        [
          -10.344192,
          -6.668499,
          -2.977061
        ],
        [
          10.344189,
          6.668531,
          2.546449
        ]
      ]
    }
  ],
  "boundingbox": [
    [
      -6.668533,
      -10.344191,
      -1.631666
    ],
    [
      6.668498,
      10.344188,
      3.891842
    ]
  ]
}
