{"skeleton":[{"name":"root","parent":"root","initpos":[0.0,0.0,-0.0],"initquaternion":[0.707106,0.0,0.0,0.707106],"initscale":[1.0,0.999999,0.999999],"offmtx":[[1.0,0.0,0.0,0.0],[0.0,1.0,0.0,0.0],[0.0,0.0,1.0,0.0]],"boundingbox":[[0.0,0.0,0.0],[0.0,0.0,0.0]]},{"name":"Bone004","parent":"root","initpos":[0.0,-9.4942100758999e-07,-26.952915],"initquaternion":[-0.499999,0.5,0.499999,0.5],"initscale":[1.0,1.0,1.0],"offmtx":[[3.1391647326017846e-07,0.999999,0.0,-26.952915],[-1.0,3.1391644483846903e-07,3e-06,-8e-06],[3e-06,-0.0,0.999999,9.494519304098503e-07]],"boundingbox":[[-2.007868,-4.526012,-4.50001],[2.047081,4.53363,1.500021]]}],"boundingbox":[[-4.533628,24.945043,-4.499998],[4.526003,28.999996,1.5]]}