{"mesh":[{"indices":[10,2,3,11,48,3,11,3,2,10,49,2,12,0,50,12,13,0,0,13,14,0,14,51,4,15,5,16,4,5,16,5,52,4,53,15,17,18,54,17,55,18,19,20,56,19,57,20,21,22,58,21,59,22,23,24,60,23,61,24,25,26,62,25,63,26,27,28,64,27,65,28,29,6,66,29,7,6,7,30,6,7,67,30,31,1,32,33,32,1,31,68,1,33,1,69,34,8,9,9,8,35,9,35,70,34,71,8,36,37,72,36,73,37,38,39,74,38,75,39,40,41,76,40,77,41,42,43,78,42,79,43,44,45,80,44,81,45,46,47,82,46,83,47],"material":"2022s3/cs_carnival_armor","vertices":[3,24,3,0,18,29,3,0,0,23,0,0,32,22,13,0,2,10,2,0,1,10,1,0,17,26,0,0,42,27,13,0,19,17,2,0,16,17,1,0,33,8,14,0,5,12,5,0,35,9,16,0,34,25,15,0,7,13,6,0,0,11,0,0,37,14,21,0,6,0,19,0,4,0,4,0,11,1,10,0,9,1,8,0,15,2,12,0,13,2,23,0,12,0,24,0,10,0,9,0,39,4,26,0,14,4,11,0,41,5,28,0,8,5,7,0,43,15,14,0,20,19,5,0,45,16,16,0,44,28,15,0,23,20,6,0,17,18,0,0,47,21,21,0,21,3,4,0,22,3,19,0,27,2,8,0,25,2,10,0,31,1,23,0,29,1,12,0,26,3,9,0,28,3,24,0,49,6,26,0,30,6,11,0,51,7,28,0,24,7,7,0,4,12,4,0,1,8,1,0,2,9,2,0,6,13,17,0,36,14,20,0,3,11,3,0,5,0,5,0,7,0,18,0,8,1,7,0,10,1,9,0,12,2,22,0,14,2,11,0,11,0,10,0,13,0,6,0,15,4,12,0,38,4,25,0,9,5,8,0,40,5,27,0,16,15,1,0,21,19,4,0,19,16,2,0,22,20,17,0,46,21,20,0,18,18,3,0,20,3,5,0,23,3,18,0,24,2,7,0,26,2,9,0,28,1,22,0,30,1,11,0,25,3,10,0,31,3,6,0,48,6,25,0,29,6,12,0,50,7,27,0,27,7,8,0],"fields":["pos","normal","uvcoord","weight"],"poses":[8.09428,12.12,-2.03428,8.09807,18.18,-2.02903,8.09807,18.18,2.02903,8.09428,12.12,2.03428,4.02572,16.16,-2.03428,4.02572,12.12,-2.03428,4.02572,12.12,2.03428,4.02572,16.16,2.03428,8.34678,13.9717,-2.28678,8.34678,16.0758,-2.28678,3.77322,16.0758,-2.28678,3.77322,13.9717,-2.28678,3.77322,13.9717,2.28678,3.77322,16.0758,2.28678,8.34678,16.0758,2.28678,8.34678,13.9717,2.28678,8.08903,18.18,-2.02452,8.08714,12.12,-2.02714,8.08714,12.12,2.02714,8.08903,18.18,2.02452,4.03286,12.12,-2.02714,4.03286,16.16,-2.02714,4.03286,12.12,2.02714,4.03286,16.16,2.02714,8.33964,13.9717,-2.27964,3.78036,13.9717,-2.27964,3.78036,16.0758,-2.27964,8.33964,16.0758,-2.27964,3.78036,13.9717,2.27964,8.33964,13.9717,2.27964,8.33964,16.0758,2.27964,3.78036,16.0758,2.27964,5.05,16.16,-2.0402,5.05,18.18,-2.0402,5.05,16.16,2.0402,5.05,18.18,2.0402,8.1002,20.2,-2.02,8.1002,20.2,2.02,8.3527,16.0758,1.13625,8.3527,13.9717,1.13625,8.3527,13.9717,-1.13625,8.3527,16.0758,-1.13625,5.05,16.16,-2.0301,5.05,18.18,-2.0301,5.05,16.16,2.0301,5.05,18.18,2.0301,8.0901,20.2,-2.02,8.0901,20.2,2.02,8.3426,16.0758,1.13625,8.3426,13.9717,1.13625,8.3426,13.9717,-1.13625,8.3426,16.0758,-1.13625],"normals":[-1.0,-0.0,-0.0,0.0,-0.0,-1.0,-0.0,0.0,1.0,1.0,0.0,0.0,1.0,0.0,0.0051,1.0,-0.0,-0.0051,-1.0,-0.0,-0.0026,-1.0,0.0,0.0026,0.0032,0.0006,-1.0,0.0032,0.0006,1.0,1.0,-0.0008,0.0,1.0,-0.0006,0.0,-0.0012,-0.0012,-1.0,-0.0012,-0.0012,1.0,1.0,-0.0011,0.0,-0.0016,-0.0003,1.0,-0.0016,-0.0003,-1.0,-1.0,0.0004,-0.0,-1.0,0.0003,-0.0,0.0006,0.0006,1.0,0.0006,0.0006,-1.0,-1.0,0.0005,-0.0,0.0012,-0.0002,-1.0,0.0006,-0.0004,-1.0,0.0006,-0.0004,1.0,0.0012,-0.0002,1.0,-0.0003,0.0002,1.0,-0.0006,0.0001,1.0,-0.0006,0.0001,-1.0,-0.0003,0.0002,-1.0],"uvcoords":[0.625,1.0,0.625,0.9062,0.6875,0.9062,0.6875,1.0,0.5625,0.9375,0.5625,1.0,0.75,0.9375,0.875,0.9688,0.875,0.9375,0.8125,0.9375,0.8125,0.9688,0.9375,0.9375,0.9375,0.9688,0.5781,0.9375,0.5781,0.9062,0.7344,0.9375,0.7344,0.9062,0.75,1.0,0.5,0.9375,0.5,1.0,0.625,0.875,0.6875,0.875,1.0,0.9688,1.0,0.9375,0.75,0.9688,0.9219,0.9375,0.9219,0.9688,0.8906,0.9688,0.8906,0.9375],"weights":["Bone003",1.0],"colors":[]}],"version":"0.1.0"}