{
  "mesh": [
    {
      "indices": [
        0,
        9,
        1,
        3,
        0,
        1,
        3,
        1,
        4,
        4,
        1,
        5,
        0,
        21,
        9,
        10,
        22,
        0,
        10,
        0,
        3,
        6,
        5,
        11,
        4,
        5,
        6,
        6,
        11,
        23,
        12,
        13,
        24,
        12,
        25,
        13,
        14,
        15,
        26,
        14,
        27,
        15,
        16,
        2,
        17,
        2,
        7,
        17,
        16,
        28,
        2,
        2,
        8,
        7,
        8,
        18,
        7,
        8,
        29,
        18,
        19,
        20,
        30,
        19,
        31,
        20
      ],
      "material": "2022s3/ss_carnival_skin_1",
      "vertices": [
        7,
        11,
        8,
        0,
        6,
        10,
        0,
        0,
        13,
        8,
        18,
        0,
        3,
        5,
        11,
        0,
        5,
        7,
        10,
        0,
        2,
        4,
        2,
        0,
        4,
        6,
        14,
        0,
        16,
        9,
        21,
        0,
        17,
        9,
        22,
        0,
        2,
        4,
        1,
        0,
        1,
        3,
        16,
        0,
        0,
        2,
        13,
        0,
        5,
        7,
        2,
        0,
        1,
        3,
        1,
        0,
        11,
        0,
        6,
        0,
        9,
        0,
        4,
        0,
        15,
        0,
        20,
        0,
        12,
        8,
        17,
        0,
        18,
        1,
        23,
        0,
        23,
        1,
        4,
        0,
        21,
        1,
        6,
        0,
        0,
        2,
        7,
        0,
        0,
        2,
        15,
        0,
        1,
        3,
        12,
        0,
        3,
        5,
        0,
        0,
        4,
        6,
        9,
        0,
        8,
        0,
        3,
        0,
        10,
        0,
        5,
        0,
        14,
        0,
        19,
        0,
        19,
        1,
        24,
        0,
        20,
        1,
        5,
        0,
        22,
        1,
        3,
        0
      ],
      "fields": [
        "pos",
        "normal",
        "uvcoord",
        "weight"
      ],
      "poses": [
        3.95905,
        24.1295,
        1.58463,
        3.95905,
        9.86256,
        1.58463,
        7.03837,
        24.1295,
        1.58463,
        3.95905,
        9.86256,
        -1.58463,
        7.03837,
        9.86256,
        1.58463,
        7.03837,
        9.86256,
        -1.58464,
        7.03837,
        24.1295,
        -1.58464,
        3.95905,
        24.1295,
        -1.58464,
        4.02426,
        18.5074,
        -1.67326,
        4.02426,
        19.4981,
        -1.67326,
        3.05935,
        19.4981,
        -1.67326,
        3.05935,
        18.5074,
        -1.67326,
        7.3125,
        18.5074,
        -1.67316,
        7.3125,
        19.4942,
        -1.67316,
        5.07786,
        19.4942,
        -1.67326,
        5.07786,
        18.5074,
        -1.67326,
        7.3125,
        18.5074,
        1.75853,
        7.3125,
        19.4942,
        1.75853,
        5.04797,
        18.5074,
        1.75853,
        5.04797,
        19.4942,
        1.75853,
        4.02426,
        18.5074,
        1.75853,
        3.05935,
        18.5074,
        1.75853,
        3.05935,
        19.4981,
        1.75853,
        4.02426,
        19.4981,
        1.75853
      ],
      "normals": [
        0,
        0,
        -1,
        0,
        0,
        1,
        -0.5774,
        0.5774,
        0.5774,
        -0.5774,
        -0.5774,
        0.5774,
        0.5774,
        0.5774,
        0.5774,
        -0.5774,
        -0.5774,
        -0.5774,
        0.5774,
        -0.5774,
        0.5774,
        0.5774,
        -0.5774,
        -0.5774,
        0.7071,
        0,
        -0.7071,
        0.7071,
        0,
        0.7071,
        0.5774,
        0.5774,
        -0.5774,
        -0.5774,
        0.5774,
        -0.5774
      ],
      "uvcoords": [
        0.4531,
        0.2969,
        0.4531,
        0.25,
        0.5,
        0.2969,
        0.8281,
        0.3203,
        0.8281,
        0.3047,
        0.8125,
        0.3047,
        0.8125,
        0.3203,
        0.4062,
        0.25,
        0.4062,
        0.2969,
        0.5,
        0.25,
        0.4531,
        0.5156,
        0.4062,
        0.5156,
        0.5469,
        0.5156,
        0.5469,
        0.2969,
        0.5,
        0.5156,
        0.3594,
        0.2969,
        0.3594,
        0.5156,
        0.8203,
        0.4141,
        0.8203,
        0.3984,
        0.7891,
        0.3984,
        0.7891,
        0.4141,
        0.8828,
        0.4141,
        0.8828,
        0.3984,
        0.9141,
        0.4141,
        0.9141,
        0.3984
      ],
      "weights": [
        "root",
        1
      ],
      "colors": []
    }
  ],
  "version": "0.1.0"
}
