{
  "mesh": [
    {
      "indices": [
        0,
        9,
        1,
        3,
        0,
        1,
        3,
        1,
        4,
        4,
        1,
        5,
        0,
        21,
        9,
        10,
        22,
        0,
        10,
        0,
        3,
        6,
        5,
        11,
        4,
        5,
        6,
        6,
        11,
        23,
        12,
        13,
        24,
        12,
        25,
        13,
        2,
        14,
        15,
        7,
        2,
        15,
        2,
        26,
        14,
        7,
        8,
        2,
        16,
        8,
        7,
        16,
        27,
        8,
        17,
        18,
        28,
        17,
        29,
        18,
        19,
        20,
        30,
        19,
        31,
        20
      ],
      "material": "2022s3/ss_carnival_skin_1",
      "vertices": [
        7,
        12,
        8,
        0,
        6,
        11,
        0,
        0,
        11,
        8,
        20,
        0,
        3,
        5,
        11,
        0,
        5,
        7,
        10,
        0,
        2,
        4,
        2,
        0,
        4,
        6,
        14,
        0,
        13,
        10,
        22,
        0,
        12,
        10,
        21,
        0,
        2,
        4,
        1,
        0,
        1,
        3,
        16,
        0,
        0,
        2,
        13,
        0,
        5,
        7,
        2,
        0,
        1,
        3,
        1,
        0,
        9,
        9,
        18,
        0,
        8,
        8,
        17,
        0,
        15,
        0,
        24,
        0,
        19,
        1,
        6,
        0,
        17,
        1,
        4,
        0,
        23,
        0,
        4,
        0,
        21,
        0,
        6,
        0,
        0,
        2,
        7,
        0,
        0,
        2,
        15,
        0,
        1,
        3,
        12,
        0,
        3,
        5,
        0,
        0,
        4,
        6,
        9,
        0,
        10,
        9,
        19,
        0,
        14,
        0,
        23,
        0,
        16,
        1,
        3,
        0,
        18,
        1,
        5,
        0,
        20,
        0,
        3,
        0,
        22,
        0,
        5,
        0
      ],
      "fields": [
        "pos",
        "normal",
        "uvcoord",
        "weight"
      ],
      "poses": [
        -7.07972,
        24.0831,
        1.58463,
        -7.07972,
        9.90897,
        1.58464,
        -3.91771,
        24.0831,
        1.58463,
        -7.07972,
        9.90897,
        -1.58463,
        -3.91771,
        9.90897,
        1.58463,
        -3.91771,
        9.90897,
        -1.58463,
        -3.91771,
        24.0831,
        -1.58464,
        -7.07972,
        24.0831,
        -1.58464,
        -7.6473,
        18.5074,
        -1.67315,
        -6.5889,
        18.5074,
        -1.67326,
        -6.5889,
        19.4942,
        -1.67326,
        -7.6473,
        19.4942,
        -1.67315,
        -7.6473,
        19.4942,
        1.75853,
        -7.6473,
        18.5074,
        1.75853,
        -6.55901,
        19.4942,
        1.75853,
        -6.55901,
        18.5074,
        1.75853,
        -7.08009,
        18.0092,
        -1.58463,
        -7.08009,
        19.5352,
        -1.58463,
        -7.58009,
        19.5352,
        -1.58463,
        -7.58009,
        18.0092,
        -1.58463,
        -7.08009,
        18.0092,
        -1.57699,
        -7.58009,
        18.0092,
        -1.57699,
        -7.58009,
        19.5352,
        -1.57699,
        -7.08009,
        19.5352,
        -1.57699
      ],
      "normals": [
        0,
        0,
        1,
        0,
        0,
        -1,
        -0.5774,
        0.5774,
        0.5774,
        -0.5774,
        -0.5774,
        0.5774,
        0.5774,
        0.5774,
        0.5774,
        -0.5774,
        -0.5774,
        -0.5773,
        0.5774,
        -0.5774,
        0.5774,
        0.5774,
        -0.5774,
        -0.5774,
        -0.7071,
        0,
        -0.7071,
        -0.0001,
        0,
        -1,
        -0.7071,
        0,
        0.7071,
        0.5774,
        0.5774,
        -0.5774,
        -0.5774,
        0.5774,
        -0.5774
      ],
      "uvcoords": [
        0.6406,
        0.2969,
        0.6406,
        0.25,
        0.6875,
        0.2969,
        0.8438,
        0.5938,
        0.8438,
        0.5625,
        0.8594,
        0.5625,
        0.8594,
        0.5938,
        0.5938,
        0.25,
        0.5938,
        0.2969,
        0.6875,
        0.25,
        0.6406,
        0.5156,
        0.5938,
        0.5156,
        0.7344,
        0.5156,
        0.7344,
        0.2969,
        0.6875,
        0.5156,
        0.5469,
        0.2969,
        0.5469,
        0.5156,
        0.8281,
        0.4844,
        0.8438,
        0.4844,
        0.8438,
        0.4688,
        0.8281,
        0.4688,
        0.7656,
        0.4688,
        0.7656,
        0.4844,
        0.75,
        0.4688,
        0.75,
        0.4844
      ],
      "weights": [
        "root",
        1
      ],
      "colors": []
    }
  ],
  "version": "0.1.0"
}
