{"mesh":[{"indices":[0,6,1,2,0,1,2,1,3,3,1,4,0,11,6,7,12,0,7,0,2,5,4,8,3,4,5,5,8,13,9,10,14,9,15,10],"material":"2022s3/ss_carnival_skin_1","vertices":[7,7,3,0,6,6,0,0,3,3,7,0,5,5,6,0,2,2,10,0,4,4,11,0,2,2,1,0,1,1,13,0,0,0,9,0,5,5,5,0,1,1,1,0,0,0,2,0,0,0,12,0,1,1,8,0,3,3,0,0,4,4,4,0],"fields":["pos","normal","uvcoord","weight"],"poses":[-0.127502,12.1321,1.61697,-0.127502,-0.134881,1.61697,3.92661,12.1321,1.61696,-0.127502,-0.134881,-1.61697,3.92661,-0.134881,1.61697,3.92661,-0.134881,-1.61697,3.92661,12.1321,-1.61697,-0.127502,12.1321,-1.61697],"normals":[-0.5774,0.5774,0.5774,-0.5774,-0.5774,0.5774,0.5774,0.5774,0.5774,-0.5774,-0.5774,-0.5774,0.5774,-0.5774,0.5774,0.5774,-0.5774,-0.5774,0.5774,0.5774,-0.5774,-0.5774,0.5774,-0.5774],"uvcoords":[0.1094,0.8125,0.1094,0.7656,0.0469,0.7656,0.0469,0.8125,0.1719,0.7656,0.1719,0.8125,0.1094,1.0,0.0469,1.0,0.2188,1.0,0.2188,0.8125,0.1562,0.8125,0.1562,1.0,0.0,0.8125,0.0,1.0],"weights":["root",1.0],"colors":[]}],"version":"0.1.0"}