{
  "mesh": [
    {
      "indices": [
        0,
        6,
        1,
        2,
        0,
        1,
        2,
        1,
        3,
        3,
        1,
        4,
        0,
        11,
        6,
        7,
        12,
        0,
        7,
        0,
        2,
        5,
        4,
        8,
        3,
        4,
        5,
        5,
        8,
        13,
        9,
        10,
        14,
        9,
        15,
        10
      ],
      "material": "2022s3/ss_carnival_skin_1",
      "vertices": [
        7,
        7,
        3,
        0,
        6,
        6,
        0,
        0,
        3,
        3,
        7,
        0,
        5,
        5,
        6,
        0,
        2,
        2,
        10,
        0,
        4,
        4,
        11,
        0,
        2,
        2,
        1,
        0,
        1,
        1,
        13,
        0,
        0,
        0,
        9,
        0,
        5,
        5,
        5,
        0,
        1,
        1,
        1,
        0,
        0,
        0,
        2,
        0,
        0,
        0,
        12,
        0,
        1,
        1,
        8,
        0,
        3,
        3,
        0,
        0,
        4,
        4,
        4,
        0
      ],
      "fields": [
        "pos",
        "normal",
        "uvcoord",
        "weight"
      ],
      "poses": [
        -3.96817,
        12.1256,
        1.6105,
        -3.96817,
        -0.128385,
        1.61051,
        0.169057,
        12.1256,
        1.6105,
        -3.96817,
        -0.128385,
        -1.61051,
        0.169057,
        -0.128385,
        1.6105,
        0.169056,
        -0.128385,
        -1.61051,
        0.169056,
        12.1256,
        -1.61051,
        -3.96817,
        12.1256,
        -1.61051
      ],
      "normals": [
        -0.5774,
        0.5774,
        0.5774,
        -0.5774,
        -0.5774,
        0.5774,
        0.5774,
        0.5774,
        0.5773,
        -0.5774,
        -0.5774,
        -0.5774,
        0.5774,
        -0.5774,
        0.5774,
        0.5774,
        -0.5774,
        -0.5774,
        0.5774,
        0.5774,
        -0.5774,
        -0.5774,
        0.5774,
        -0.5774
      ],
      "uvcoords": [
        0.3438,
        0.8125,
        0.3438,
        0.7656,
        0.2812,
        0.7656,
        0.2812,
        0.8125,
        0.4062,
        0.7656,
        0.4062,
        0.8125,
        0.3438,
        1,
        0.2812,
        1,
        0.4531,
        1,
        0.4531,
        0.8125,
        0.3906,
        0.8125,
        0.3906,
        1,
        0.2344,
        0.8125,
        0.2344,
        1
      ],
      "weights": [
        "root",
        1
      ],
      "colors": []
    }
  ],
  "version": "0.1.0"
}
