{"mesh":[{"indices":[0,6,1,2,0,1,2,1,3,3,1,4,0,11,6,7,12,0,7,0,2,5,4,8,3,4,5,5,8,13,9,10,14,9,15,10],"material":"2022s3/ss_carnival_skin_1","vertices":[7,7,4,0,6,6,0,0,3,3,7,0,5,5,6,0,2,2,2,0,4,4,10,0,2,2,1,0,1,1,12,0,0,0,9,0,5,5,2,0,1,1,1,0,0,0,3,0,0,0,11,0,1,1,8,0,3,3,0,0,4,4,5,0],"fields":["pos","normal","uvcoord","weight"],"poses":[-4.10207,32.0955,4.10207,-4.10207,23.8914,4.10207,4.10207,32.0955,4.10207,-4.10207,23.8914,-4.10207,4.10207,23.8914,4.10207,4.10207,23.8914,-4.10207,4.10207,32.0955,-4.10207,-4.10207,32.0955,-4.10207],"normals":[-0.5774,0.5774,0.5774,-0.5774,-0.5774,0.5774,0.5774,0.5774,0.5774,-0.5774,-0.5774,-0.5774,0.5774,-0.5774,0.5774,0.5774,-0.5774,-0.5774,0.5774,0.5774,-0.5774,-0.5774,0.5774,-0.5774],"uvcoords":[0.75,0.125,0.75,0.0,0.875,0.125,0.625,0.0,0.625,0.125,0.875,0.0,0.75,0.25,0.625,0.25,1.0,0.25,1.0,0.125,0.875,0.25,0.5,0.125,0.5,0.25],"weights":["root",1.0],"colors":[]}],"version":"0.1.0"}