{"mesh":[{"indices":[0,6,1,2,0,1,2,1,3,3,1,4,0,11,6,7,12,0,7,0,2,5,4,8,3,4,5,5,8,13,9,10,14,9,15,10],"material":"2022s3/ss_carnival_skin_1","vertices":[7,7,3,0,6,6,0,0,3,3,7,0,5,5,6,0,2,2,10,0,4,4,11,0,2,2,1,0,1,1,13,0,0,0,9,0,5,5,5,0,1,1,1,0,0,0,2,0,0,0,12,0,1,1,8,0,3,3,0,0,4,4,4,0],"fields":["pos","normal","uvcoord","weight"],"poses":[-3.98055,24.2443,1.5718,-3.98055,11.7472,1.5718,3.98055,24.2443,1.5718,-3.98055,11.7472,-1.5718,3.98055,11.7472,1.5718,3.98055,11.7472,-1.5718,3.98055,24.2443,-1.5718,-3.98055,24.2443,-1.5718],"normals":[-0.5774,0.5774,0.5774,-0.5774,-0.5774,0.5774,0.5774,0.5774,0.5773,-0.5774,-0.5774,-0.5774,0.5774,-0.5774,0.5774,0.5774,-0.5774,-0.5774,0.5774,0.5774,-0.5774,-0.5774,0.5774,-0.5774],"uvcoords":[0.5625,0.5625,0.5625,0.5156,0.4375,0.5156,0.4375,0.5625,0.6875,0.5156,0.6875,0.5625,0.5625,0.75,0.4375,0.75,0.7344,0.75,0.7344,0.5625,0.6094,0.5625,0.6094,0.75,0.3906,0.5625,0.3906,0.75],"weights":["root",1.0],"colors":[]}],"version":"0.1.0"}