{"mesh":[{"material":"2022s3/xy_heros_armor","indices":[0,1,40,0,41,1,2,3,42,2,43,3,4,5,44,4,45,5,6,7,46,6,47,7,8,9,48,8,49,9,10,11,50,10,51,11,12,13,52,12,53,13,14,15,54,14,55,15,16,17,56,16,57,17,18,19,58,18,59,19,20,21,60,20,61,21,22,23,62,22,63,23,24,25,64,24,65,25,26,27,66,26,67,27,28,29,68,28,69,29,30,31,70,30,71,31,32,33,72,32,73,33,34,35,74,34,75,35,36,37,76,36,77,37,38,39,78,38,79,39],"vertices":[9,4,9,0,16,2,7,0,19,0,3,0,8,4,1,0,21,3,13,0,10,3,11,0,11,0,3,0,22,0,1,0,27,2,17,0,25,2,15,0,3,5,18,0,1,5,5,0,7,6,18,0,5,6,24,0,0,7,4,0,4,7,20,0,2,8,27,0,6,8,21,0,1,1,5,0,7,1,28,0,3,0,22,0,5,0,19,0,31,0,3,0,29,0,1,0,35,0,3,0,33,0,1,0,37,3,7,0,13,9,9,0,12,9,1,0,39,1,3,0,15,2,11,0,41,2,13,0,43,1,1,0,14,1,3,0,47,3,15,0,45,3,17,0,51,1,1,0,49,1,3,0,55,1,1,0,53,1,3,0,8,4,6,0,17,2,8,0,18,0,0,0,9,4,2,0,20,3,10,0,11,3,12,0,10,0,0,0,23,0,2,0,24,2,14,0,26,2,16,0,0,5,4,0,2,5,23,0,4,6,4,0,6,6,25,0,5,7,19,0,1,7,5,0,7,8,26,0,3,8,22,0,4,1,20,0,2,1,29,0,6,0,21,0,0,0,4,0,28,0,0,0,30,0,2,0,32,0,0,0,34,0,2,0,12,9,6,0,36,3,8,0,38,1,0,0,13,9,2,0,40,2,10,0,14,2,12,0,15,1,0,0,42,1,2,0,44,3,14,0,46,3,16,0,48,1,0,0,50,1,2,0,52,1,0,0,54,1,2,0],"fields":["pos","normal","uvcoord","weight"],"poses":[-5.95257,7.15496,-3.38557,-4.95257,7.15496,-3.38557,-4.95257,9.27628,-1.26425,-5.95257,9.27628,-1.26425,-4.95257,5.03364,-1.26425,-5.95257,5.03364,-1.26425,-5.95257,7.15496,0.857067,-4.95257,7.15496,0.857067,-4.91164,5.08785,-3.59371,-4.91164,6.11687,-3.59371,-4.93395,7.08785,1.22483,-4.93395,8.11687,1.22483,-4.90635,5.09762,-3.57701,-4.90635,6.10711,-3.57701,-4.91311,8.10711,1.18468,-4.91311,7.09762,1.18468,-3.79632,5.08785,-3.59371,-3.79632,6.11687,-3.59371,-4.91164,5.08785,-2.115,-4.91164,6.11687,-2.115,-0.541663,7.08785,1.22483,-0.541663,8.11687,1.22483,-4.93395,7.08785,-0.175093,-4.93395,8.11687,-0.175094,-3.61723,5.0008,-3.50321,-1.61723,5.0008,-3.50321,-1.61723,6.0008,-3.50321,-3.61723,6.0008,-3.50321,-4.90378,6.08785,-0.130965,-4.90378,6.08785,-1.15999,-4.90378,7.11688,-1.15999,-4.90378,7.11688,-0.130966,-4.90378,6.08785,-1.13096,-4.90378,6.08785,-2.15999,-4.90378,7.11688,-2.15999,-4.90378,7.11688,-1.13097,-3.81219,6.10711,-3.57701,-3.81219,5.09762,-3.57701,-4.90635,5.09762,-2.12636,-4.90635,6.10711,-2.12636,-0.604196,7.09762,1.18468,-0.604196,8.10711,1.18468,-4.9131,8.10711,-0.145471,-4.9131,7.09762,-0.145471,-3.59824,5.01029,-3.49352,-3.59824,5.99131,-3.49352,-1.63621,5.99131,-3.49352,-1.63621,5.01029,-3.49352,-4.90378,6.09762,-0.131041,-4.90378,7.10711,-0.131041,-4.90378,7.10711,-1.14053,-4.90378,6.09762,-1.14053,-4.90378,6.09762,-1.13104,-4.90378,7.10711,-1.13104,-4.90378,7.10711,-2.14053,-4.90378,6.09762,-2.14053],"normals":[-1.0,-0.0,-0.0,1.0,0.0,0.0,0.0,-0.0,-1.0,-0.0,0.0,1.0,-0.7071,-0.0,-0.7071,0.0,0.7071,-0.7071,-0.0,-0.7071,0.7071,0.0,-0.7071,-0.7071,-0.0,0.7071,0.7071,0.7071,0.0,0.7071],"uvcoords":[0.3594,0.7344,0.3438,0.7344,0.3438,0.7188,0.3594,0.7188,0.3594,0.9062,0.3438,0.9062,0.2812,0.7344,0.2656,0.7344,0.2656,0.7188,0.2812,0.7188,0.5,0.7344,0.4375,0.7344,0.4375,0.7188,0.5,0.7188,0.5625,0.5625,0.5312,0.5625,0.5312,0.5469,0.5625,0.5469,0.3594,0.8594,0.3594,0.9531,0.3438,0.9531,0.4062,0.9531,0.4062,0.9062,0.3438,0.8594,0.375,0.9062,0.375,0.8594,0.4219,0.9531,0.4219,0.9062,0.2969,0.9531,0.2969,0.9062],"weights":["Bone005",1.0],"colors":[]}],"version":"0.1.0"}