{"skeleton":[{"name":"root","parent":"root","initpos":[0.0,0.0,-0.0],"initquaternion":[0.707106,0.0,0.0,0.707106],"initscale":[1.0,1.0,1.0],"offmtx":[[1.0,0.0,0.0,0.0],[0.0,1.0,0.0,0.0],[0.0,0.0,1.0,0.0]],"boundingbox":[[0.0,0.0,0.0],[0.0,0.0,0.0]]},{"name":"Bone003","parent":"root","initpos":[6.171347,-1e-06,-14.902062],"initquaternion":[0.5,-0.499999,-0.5,-0.499999],"initscale":[1.0,1.0,1.0],"offmtx":[[1.6292068494294654e-07,1.0,0.0,-14.902063],[-1.0,1.6292068494294654e-07,-1.2566852092277259e-07,6.171345],[-1.2566852092277259e-07,0.0,1.0,1e-06]],"boundingbox":[[-3.450323,-13.577812,-2.868446],[5.251356,0.0,2.974221]]}],"boundingbox":[[13.682569,11.451737,-2.868448],[19.74916,20.153413,2.974219]]}