{
  "frameeffect": {
    "blend_mode": 2,
    "cylinder_enable": false,
    "delay": 0,
    "delay_in_loop": false,
    "depth_test": true,
    "face_camera": false,
    "fade_distance": 0,
    "first_person_enable": false,
    "fps": 12,
    "frame_color": [
      [
        1,
        1,
        1,
        0.4733333333333334
      ],
      [
        1,
        1,
        1,
        0.4733333333333334
      ],
      [
        1,
        1,
        1,
        0.4733333333333334
      ],
      [
        1,
        1,
        1,
        0.4733333333333334
      ],
      [
        1,
        1,
        1,
        0.4733333333333334
      ],
      [
        1,
        1,
        1,
        0.4733333333333334
      ],
      [
        1,
        1,
        1,
        0.4733333333333334
      ],
      [
        1,
        1,
        1,
        0.4733333333333334
      ],
      [
        1,
        1,
        1,
        0.4733333333333334
      ],
      [
        1,
        1,
        1,
        0.4733333333333334
      ],
      [
        1,
        1,
        1,
        0.4733333333333334
      ],
      [
        1,
        1,
        1,
        0.4733333333333334
      ],
      [
        1,
        1,
        1,
        0.4733333333333334
      ],
      [
        1,
        1,
        1,
        0.4733333333333334
      ],
      [
        1,
        1,
        1,
        0.48
      ],
      [
        1,
        1,
        1,
        0.4733333333333334
      ],
      [
        1,
        1,
        1,
        0.4733333333333334
      ]
    ],
    "layer": 1,
    "lerp_scale": true,
    "loop": true,
    "rot_speed": [
      0,
      0,
      0
    ],
    "scale": [
      0.42,
      0.42,
      0.42
    ],
    "shuffle": false,
    "sub_layer": 0,
    "tex_repeat_num": [
      1,
      1
    ],
    "texture": "textures/sfxs/2023s2/ss_fantacy_horse_hua1"
  }
}
