{"animation":{"fields":["time","attr"],"times":[0.0,0.033333,0.066666,0.1,0.133333,0.166666,0.2,0.233333,0.266666,0.3,0.333333,0.366666,0.4,0.433333,0.466666,0.5,0.533333,0.566666,0.6,0.633333,0.666666,0.699791,0.7,0.733333,0.766666,0.8,0.833333,0.866666,0.9,0.933333,0.966666,1.0,1.03333,1.06667,1.1,1.13333,1.16667,1.2,1.23333,1.26667,1.3,1.33333],"poses":[-0.103821,-0.000369,-2.98709,4.23658,0.017644,-2.39574,4.23658,0.017645,2.4838,0.0003,0.018014,-1.00041,0.000299,0.018015,1.00959,1.77473,0.0,-0.0,-0.103817,0.0,-2.9871,-0.103814,-0.00082,-2.98575,-0.103808,-0.003046,-2.98203,-0.1038,-0.006328,-2.97644,-0.10379,-0.010312,-2.96948,-0.103779,-0.014649,-2.96167,-0.103767,-0.018984,-2.95349,-0.103757,-0.02297,-2.94545,-0.103748,-0.026251,-2.93806,-0.103742,-0.028478,-2.93181,-0.103739,-0.029299,-2.92721,-0.10374,-0.02904,-2.92394,-0.103745,-0.028332,-2.92131,-0.103752,-0.027265,-2.91925,-0.103761,-0.02594,-2.91769,-0.10377,-0.024451,-2.91655,-0.10378,-0.022892,-2.91578,-0.103791,-0.021359,-2.9153,-0.103803,-0.019949,-2.91505,-0.103813,-0.018757,-2.91494,-0.103825,-0.017877,-2.91492,-0.103835,-0.017317,-2.91652,-0.103848,-0.016976,-2.9209,-0.10386,-0.016799,-2.92742,-0.103874,-0.016733,-2.93544,-0.103889,-0.016719,-2.94432,-0.103901,-0.016703,-2.95344,-0.103913,-0.016628,-2.96215,-0.103922,-0.016442,-2.96981,-0.103927,-0.016085,-2.97579,-0.103929,-0.015503,-2.97946,-0.103927,-0.014492,-2.98153,-0.103918,-0.012978,-2.98319,-0.103905,-0.011106,-2.98448,-0.103891,-0.009019,-2.98545,-0.103873,-0.00686,-2.98615,-0.103857,-0.004772,-2.98661,-0.103841,-0.002899,-2.9869,-0.103828,-0.001383,-2.98704,4.03035,0.511363,0.103816,4.03036,0.511363,0.103816,0.00029,0.017644,-1.00041,0.00164,0.018464,-1.00041,0.00536,0.020691,-1.00042,0.01095,0.023973,-1.00043,0.01791,0.027957,-1.00044,0.02572,0.032293,-1.00045,0.0339,0.036629,-1.00046,0.04194,0.040614,-1.00047,0.04933,0.043896,-1.00048,0.05558,0.046122,-1.00049,0.06018,0.046943,-1.00049,0.06345,0.046685,-1.00049,0.06608,0.045976,-1.00048,0.06814,0.04491,-1.00048,0.0697,0.043585,-1.00047,0.07084,0.042095,-1.00046,0.07161,0.040536,-1.00045,0.07209,0.039003,-1.00044,0.07234,0.037593,-1.00043,0.07245,0.036401,-1.00042,0.07247,0.035522,-1.0004,0.070869,0.034961,-1.00039,0.06649,0.034621,-1.00038,0.05997,0.034444,-1.00037,0.05195,0.034377,-1.00036,0.04307,0.034363,-1.00034,0.03395,0.034347,-1.00033,0.02524,0.034273,-1.00032,0.01758,0.034086,-1.00031,0.0116,0.033729,-1.0003,0.00793,0.033148,-1.0003,0.00586,0.032136,-1.0003,0.0042,0.030623,-1.00031,0.00291,0.028751,-1.00032,0.00194,0.026664,-1.00034,0.00124,0.024505,-1.00036,0.00078,0.022417,-1.00037,0.00049,0.020544,-1.00039,0.00035,0.019028,-1.0004,0.000289,0.017646,1.00958,0.001639,0.018466,1.00958,0.005359,0.020693,1.00958,0.010949,0.023974,1.00957,0.017909,0.027958,1.00956,0.025719,0.032294,1.00955,0.033899,0.03663,1.00953,0.041939,0.040615,1.00952,0.049329,0.043897,1.00952,0.055579,0.046123,1.00951,0.060179,0.046944,1.00951,0.063449,0.046686,1.00951,0.066079,0.045977,1.00951,0.068139,0.044911,1.00952,0.069699,0.043586,1.00953,0.070839,0.042096,1.00954,0.071609,0.040537,1.00955,0.072089,0.039004,1.00956,0.072339,0.037594,1.00957,0.072449,0.036402,1.00958,0.072469,0.035523,1.00959,0.070869,0.034962,1.0096,0.066489,0.034622,1.00962,0.059969,0.034445,1.00963,0.051949,0.034378,1.00964,0.043069,0.034364,1.00966,0.033949,0.034348,1.00967,0.025239,0.034274,1.00968,0.017579,0.034087,1.00969,0.011599,0.03373,1.0097,0.007929,0.033149,1.0097,0.005859,0.032137,1.0097,0.004199,0.030624,1.00969,0.002909,0.028752,1.00967,0.001939,0.026665,1.00966,0.001239,0.024506,1.00964,0.000779,0.022418,1.00962,0.000489,0.020545,1.00961,0.000349,0.019029,1.0096,0.822059,-0.014107,0.107688,0.822067,-0.0141,0.107689,1.51354,-4e-06,0.0,1.51354,-3e-06,0.0],"quats":[0.03182,0.017172,-0.045502,0.998309,-0.162008,0.112604,0.980295,-0.0097,-0.160779,0.112675,0.980487,-0.009912,-0.159157,0.112768,0.980738,-0.010192,-0.157196,0.112881,0.981038,-0.01053,-0.152484,0.113151,0.981741,-0.011344,-0.149845,0.113302,0.982125,-0.011799,-0.147092,0.113459,0.982517,-0.012275,-0.144282,0.113619,0.982909,-0.01276,-0.141471,0.11378,0.983292,-0.013245,-0.138715,0.113937,0.98366,-0.013722,-0.13607,0.114088,0.984005,-0.014178,-0.133595,0.114229,0.984322,-0.014607,-0.131344,0.114356,0.984604,-0.014996,-0.129376,0.114468,0.984846,-0.015336,-0.127747,0.114561,0.985044,-0.015618,-0.162786,0.11256,0.980173,-0.009565,0.092391,-0.044934,0.994035,-0.036569,0.090871,-0.04489,0.994186,-0.03634,0.088864,-0.044828,0.994381,-0.036038,0.086438,-0.044751,0.994612,-0.03567,0.083664,-0.04466,0.994868,-0.035249,0.08061,-0.044556,0.995141,-0.034783,0.077347,-0.044439,0.995423,-0.034281,0.073943,-0.044312,0.995705,-0.033756,0.070469,-0.044176,0.995981,-0.033216,0.066995,-0.044035,0.996245,-0.032674,0.06359,-0.043891,0.996492,-0.032141,0.060323,-0.043748,0.996718,-0.031625,0.057265,-0.043609,0.996919,-0.031141,0.054486,-0.043479,0.997094,-0.030699,0.052056,-0.043363,0.997241,-0.030311,0.050044,-0.043264,0.997358,-0.029988,0.04852,-0.043188,0.997444,-0.029743,-0.017447,-0.026173,0.999505,-0.00045,-0.000996,0.000757,0.80037,0.599504,7.3e-05,0.004985,-0.107706,0.99417,0.000492,-0.002064,-0.328991,0.94433,2.5288114e-07,0.707106,-2.5288102e-07,0.707106,1.738558e-07,0.707106,-1.7385574e-07,0.707106,0.02887,0.016275,-0.040901,0.998613,0.028092,0.015991,-0.03994,0.998679,0.026003,0.015219,-0.037367,0.998847,0.021004,0.013315,-0.031242,0.999202,0.018868,0.012477,-0.028648,0.999333,0.016974,0.011719,-0.026367,0.999439,0.015319,0.011046,-0.024395,0.999523,0.013903,0.010459,-0.022734,0.99959,0.012724,0.009963,-0.021381,0.99964,0.011781,0.009557,-0.020336,0.999678,0.011075,0.009245,-0.0196,0.999703,0.010604,0.009027,-0.019171,0.999719,0.010599,0.008994,-0.019373,0.999715,0.011239,0.009216,-0.020461,0.999684,0.012448,0.009658,-0.022326,0.999626,0.014152,0.010286,-0.024861,0.999537,0.016275,0.011063,-0.02796,0.999415,0.018744,0.011956,-0.031515,0.999255,0.021483,0.012928,-0.035419,0.999057,0.024415,0.013948,-0.039563,0.998821,0.027464,0.014984,-0.04384,0.998548,0.030516,0.015997,-0.048089,0.998248,0.033605,0.016996,-0.052358,0.997918,0.036536,0.017924,-0.056379,0.997579,0.03927,0.018771,-0.060094,0.997243,0.041725,0.019519,-0.063392,0.996924,0.043819,0.020151,-0.066163,0.996642,0.045472,0.02065,-0.068295,0.996414,0.046602,0.021001,-0.069678,0.996259,0.047129,0.021187,-0.070201,0.996193,0.046972,0.021187,-0.069753,0.996232,0.046318,0.021052,-0.068591,0.996346,0.045404,0.020846,-0.067044,0.996498,0.044232,0.020567,-0.065115,0.996684,0.042801,0.020213,-0.062801,0.996902,0.041114,0.01978,-0.060105,0.997148,0.039171,0.019265,-0.057026,0.997417,0.036972,0.018662,-0.053565,0.997705,0.034522,0.017966,-0.049724,0.998004,-0.163058,0.112544,0.98013,-0.009518,-0.154953,0.11301,0.981376,-0.010917,-0.126512,0.114631,0.985192,-0.015831,-0.154953,0.11301,0.981375,-0.010917,0.09369,-0.044972,0.993905,-0.036764,0.093354,-0.044962,0.993939,-0.036714,-0.0,-0.0,1.0,-0.0,-0.0,-1.984325e-07,1.0,-0.0,1.6234429e-07,1.7603361e-07,0.795208,0.606335,0.000954,-0.000737,0.789405,0.613871,0.003558,-0.002832,0.782763,0.622303,0.007311,-0.005951,0.775571,0.631189,0.011798,-0.009832,0.768136,0.640101,0.0166,-0.014153,0.760791,0.648629,0.021321,-0.018563,0.753892,0.656389,0.025591,-0.022688,0.747823,0.663015,0.029061,-0.026135,0.742985,0.668165,0.031394,-0.028496,0.739787,0.671503,0.032249,-0.02937,0.738633,0.672694,0.031685,-0.028758,0.7398,0.671463,0.030103,-0.027063,0.743037,0.668024,0.027654,-0.024505,0.747932,0.662745,0.024487,-0.021302,0.754071,0.65599,0.020759,-0.01768,0.761042,0.648128,0.016633,-0.013842,0.768449,0.639544,0.012289,-0.009988,0.775913,0.63064,0.007927,-0.006295,0.783078,0.62184,0.003755,-0.002917,0.789613,0.613586,-2e-06,3e-06,0.795208,0.606335,-0.003767,0.002812,0.800538,0.599263,-0.008166,0.005988,0.806413,0.591265,-0.012867,0.009229,0.812442,0.582826,-0.017714,0.01243,0.818389,0.574256,-0.022477,0.015437,0.824004,0.565926,-0.026922,0.018126,0.829058,0.558218,-0.030812,