{
  "is_global": true,
  "animation": {
    "fields": [
      "time",
      "attr"
    ],
    "times": [
      0,
      0.033333,
      0.066666,
      0.1,
      0.133333,
      0.166666,
      0.2,
      0.233333,
      0.266666,
      0.3,
      0.333333,
      0.366666,
      0.4,
      0.433333,
      0.466666,
      0.5,
      0.533333,
      0.566666,
      0.6,
      0.633333,
      0.666666
    ],
    "poses": [
      0.000038,
      18,
      0.000001,
      0.000038,
      18.0161,
      0.000002,
      0.000038,
      18.0574,
      0.000002,
      0.000038,
      18.1129,
      0.000002,
      0.000038,
      18.172,
      0.000002,
      0.000038,
      18.224,
      0.000003,
      0.000038,
      18.276,
      0.000003,
      0.000038,
      18.3351,
      0.000003,
      0.000038,
      18.3907,
      0.000003,
      0.000038,
      18.4319,
      0.000003,
      -13.7949,
      0.033204,
      3.27284,
      6.983,
      2.18361,
      -1.097,
      6.98285,
      2.18361,
      -1.09771,
      6.98245,
      2.18361,
      -1.09966,
      6.98185,
      2.18361,
      -1.10253,
      6.98113,
      2.18361,
      -1.10602,
      6.98034,
      2.18361,
      -1.10981,
      6.97955,
      2.18361,
      -1.1136,
      6.97883,
      2.18361,
      -1.11709,
      6.97823,
      2.18361,
      -1.11996,
      6.97783,
      2.18361,
      -1.12191,
      6.8562,
      -2.17334,
      -1.1692,
      6.85604,
      -2.17334,
      -1.16991,
      6.85563,
      -2.17334,
      -1.17186,
      6.85501,
      -2.17334,
      -1.17472,
      6.85426,
      -2.17334,
      -1.17819,
      6.85345,
      -2.17334,
      -1.18197,
      6.85189,
      -2.17334,
      -1.18923,
      6.85127,
      -2.17334,
      -1.19209,
      6.85085,
      -2.17334,
      -1.19403,
      8.00569,
      -2.80716,
      -4.1923,
      8.00562,
      -2.80716,
      -4.1923,
      8.00557,
      -2.80716,
      -4.1923,
      8.00551,
      -2.80716,
      -4.1923,
      8.00541,
      -2.80716,
      -4.1923,
      8.00564,
      2.80738,
      -4.31167,
      -0.574711,
      12.1774,
      -3.68589,
      -1.08501,
      12.1774,
      -3.68499,
      -0.574963,
      -11.8226,
      -3.75487,
      -0.593799,
      -11.8226,
      -3.75488,
      1.5521,
      0.055968,
      0.783325,
      0.000038,
      18.448,
      0.000003,
      10.7947,
      0.000043,
      3.22694,
      6.97768,
      2.18361,
      -1.12262,
      6.85263,
      -2.17334,
      -1.18575,
      6.8507,
      -2.17334,
      -1.19475,
      6.85264,
      -2.17334,
      -1.18575,
      8.00536,
      -2.80716,
      -4.1923,
      8.00534,
      -2.80716,
      -4.1923,
      8.00545,
      -2.80716,
      -4.1923,
      8.00566,
      -2.80716,
      -4.1923,
      8.00556,
      2.80738,
      -4.31167,
      8.00553,
      2.80738,
      -4.31167,
      8.0055,
      2.80738,
      -4.31167,
      8.00559,
      2.80738,
      -4.31167,
      8.00561,
      2.80738,
      -4.31167,
      8.00563,
      2.80738,
      -4.31167,
      -0.593549,
      12.1774,
      -3.68592,
      -0.641713,
      12.1774,
      -3.68597,
      -0.706705,
      12.1774,
      -3.68604,
      -0.776044,
      12.1774,
      -3.68609,
      -0.837242,
      12.1774,
      -3.68612,
      -0.898913,
      12.1774,
      -3.68599,
      -0.96938,
      12.1774,
      -3.68568,
      -1.03572,
      12.1774,
      -3.68531,
      -1.10432,
      12.1774,
      -3.68486,
      -1.03572,
      12.1774,
      -3.68528,
      -0.969381,
      12.1774,
      -3.68564,
      -0.898914,
      12.1774,
      -3.68593,
      -0.837243,
      12.1774,
      -3.68606,
      -0.776046,
      12.1774,
      -3.68604,
      -0.706707,
      12.1774,
      -3.686,
      -0.641713,
      12.1774,
      -3.68595,
      -0.593549,
      12.1774,
      -3.68591,
      -0.641961,
      -11.8226,
      -3.75491,
      -0.706953,
      -11.8226,
      -3.75494,
      -0.776292,
      -11.8226,
      -3.75497,
      -0.837495,
      -11.8226,
      -3.75498,
      -0.89918,
      -11.8226,
      -3.75486,
      -0.969667,
      -11.8226,
      -3.75458,
      -1.03603,
      -11.8226,
      -3.75424,
      -1.08534,
      -11.8226,
      -3.75395,
      -1.10465,
      -11.8226,
      -3.75383,
      -1.08534,
      -11.8226,
      -3.75396,
      -1.03603,
      -11.8226,
      -3.75426,
      -0.969667,
      -11.8226,
      -3.75461,
      -0.89918,
      -11.8226,
      -3.75491,
      -0.837495,
      -11.8226,
      -3.75504,
      -0.776292,
      -11.8226,
      -3.75502,
      -0.706953,
      -11.8226,
      -3.75498,
      -0.641961,
      -11.8226,
      -3.75493
    ],