{
  "is_global": true,
  "animation": {
    "fields": [
      "time",
      "attr"
    ],
    "times": [
      0,
      0.033333,
      0.066666,
      0.1,
      0.133333,
      0.166666,
      0.2,
      0.233333,
      0.266666,
      0.3,
      0.333333,
      0.366666,
      0.4,
      0.433333,
      0.466666,
      0.5,
      0.533333,
      0.566666,
      0.6
    ],
    "poses": [
      25.6843,
      11.116,
      11.911,
      25.6837,
      -9.61466,
      11.9117,
      0,
      54.8683,
      0.000011,
      25.6843,
      11.0462,
      11.8852,
      25.6843,
      10.8715,
      11.8208,
      25.6843,
      10.6445,
      11.7371,
      25.6843,
      10.4174,
      11.6534,
      25.6843,
      10.2428,
      11.589,
      25.6843,
      10.1729,
      11.5632,
      25.6843,
      10.1804,
      11.5632,
      25.6843,
      10.2031,
      11.5635,
      25.6843,
      10.2414,
      11.5641,
      25.6843,
      10.2956,
      11.5653,
      25.6843,
      10.3659,
      11.5673,
      25.6843,
      10.4652,
      11.5882,
      25.6843,
      10.5948,
      11.638,
      25.6843,
      10.7382,
      11.705,
      25.6843,
      10.8785,
      11.7775,
      25.6843,
      10.9994,
      11.8438,
      25.6843,
      11.0841,
      11.8922,
      25.6837,
      -9.68452,
      11.8859,
      25.6837,
      -9.85917,
      11.8215,
      25.6837,
      -10.0862,
      11.7378,
      25.6837,
      -10.3133,
      11.6541,
      25.6837,
      -10.4879,
      11.5897,
      25.6837,
      -10.5578,
      11.5639,
      25.6837,
      -10.5503,
      11.5639,
      25.6837,
      -10.5276,
      11.5642,
      25.6837,
      -10.4893,
      11.5648,
      25.6837,
      -10.4351,
      11.566,
      25.6837,
      -10.3647,
      11.568,
      25.6837,
      -10.2655,
      11.5889,
      25.6837,
      -10.1358,
      11.6387,
      25.6837,
      -9.99254,
      11.7057,
      25.6837,
      -9.85215,
      11.7782,
      25.6837,
      -9.73129,
      11.8445,
      25.6837,
      -9.64659,
      11.8929
    ],
    "quats": [
      0.146206,
      -0.691826,
      0.691826,
      0.146207,
      0.146206,
      0.691825,
      0.691827,
      -0.146207,
      0.195318,
      -0.679596,
      0.679596,
      0.195318,
      0.250371,
      -0.661297,
      0.661297,
      0.250371,
      0.303738,
      -0.638547,
      0.638547,
      0.303738,
      0.348635,
      -0.615185,
      0.615185,
      0.348635,
      0.379326,
      -0.59675,
      0.59675,
      0.379326,
      0.390717,
      -0.589355,
      0.589354,
      0.390718,
      0.390484,
      -0.589509,
      0.589509,
      0.390484,
      0.388848,
      -0.59059,
      0.590589,
      0.388848,
      0.384393,
      -0.593499,
      0.593499,
      0.384393,
      0.375655,
      -0.599068,
      0.599068,
      0.375655,
      0.361073,
      -0.607968,
      0.607968,
      0.361073,
      0.340048,
      -0.619973,
      0.619973,
      0.340048,
      0.313766,
      -0.633679,
      0.633679,
      0.313767,
      0.28332,
      -0.647865,
      0.647865,
      0.28332,
      0.249928,
      -0.661465,
      0.661464,
      0.249928,
      0.214945,
      -0.673645,
      0.673645,
      0.214945,
      0.17985,
      -0.683852,
      0.683852,
      0.17985,
      0.195317,
      0.679594,
      0.679596,
      -0.195319,
      0.25037,
      0.661296,
      0.661298,
      -0.250371,
      0.303738,
      0.638546,
      0.638548,
      -0.303739,
      0.348635,
      0.615184,
      0.615186,
      -0.348636,
      0.379326,
      0.596749,
      0.596751,
      -0.379327,
      0.390717,
      0.589354,
      0.589355,
      -0.390718,
      0.390484,
      0.589509,
      0.58951,
      -0.390484,
      0.388848,
      0.590589,
      0.59059,
      -0.388849,
      0.384393,
      0.593499,
      0.593499,
      -0.384393,
      0.375654,
      0.599068,
      0.599068,
      -0.375655,
      0.361073,
      0.607967,
      0.607969,
      -0.361074,
      0.340047,
      0.619972,
      0.619974,
      -0.340048,
      0.313766,
      0.633679,
      0.63368,
      -0.313767,
      0.28332,
      0.647864,
      0.647865,
      -0.283321,
      0.249927,
      0.661464,
      0.661465,
      -0.249928,
      0.214944,
      0.673644,
      0.673646,
      -0.214946,
      0.179849,
      0.683851,
      0.683853,
      -0.179851
    ],
    "scales": [
      2.49962,
      2.49963,
      2.49962,
      2.49962,
      2.49963,
      2.49963
    ],
    "length": 0.6,
    "tracks": {
      "Bone002": {
        "pos": [
          0,
          2
        ]
      },
      "Bone007": {
        "pos": [
          0,
          0,
          1,
          3,
          2,
          4,
          3,
          5,
          4,
          6,
          5,
          7,
          6,
          8,
          7,
          9,
          8,
          10,
          9,
          11,
          10,
          12,
          11,
          13,
          12,
          14,
          13,
          15,
          14,
          16,
          15,
          17,
          16,
          18,
          17,
          19,
          18,
          0
        ],
        "quat": [
          0,
          0,
          1,
          2,
          2,
          3,
          3,
          4,
          4,
          5,
          5,
          6,
          6,
          7,
          7,
          8,
          8,
          9,
          9,
          10,
          10,
          11,
          11,
          12,
          12,
          13,
          13,
          14,
          14,
          15,
          15,
          16,
          16,
          17,
          17,
          18,
          18,
          0
        ],
        "scale": [
          0,
          0,
          18,
          0
        ]
      },
      "Bone008": {
        "pos": [
          0,
          1,
          1,
          20,
          2,
          21,
          3,
          22,
          4,
          23,
          5,
          24,
          6,
          25,
          7,
          26,
          8,
          27,
          9,
          28,
          10,
          29,
          11,
          30,
          12,
          31,
          13,
          32,
          14,
          33,
          15,
          34,
          16,
          35,
          17,
          36,
          18,
          1
        ],
        "quat": [
          0,
          1,
          1,
          19,
          2,
          20,
          3,
          21,
          4,
          22,
          5,
          23,
          6,
          24,
          7,
          25,
          8,
          26,
          9,
          27,
          10,
          28,
          11,
          29,
          12,
          30,
          13,
          31,
          14,
          32,
          15,
          33,
          16,
          34,
          17,
          35,
          18,
          1
        ],
        "scale": [
          0,
          1,
          18,
          1
        ]
      }
    }
  },
  "version": "0.1.0"
}
