{"is_global":true,"animation":{"fields":["time","attr"],"times":[0.0,0.033333,0.066666,0.1,0.133333,0.166666,0.2,0.233333,0.266666,0.3,0.333333,0.366666,0.4,0.433333,0.466666,0.5,0.533333,0.566666,0.6,0.633333,0.666666,0.7,0.733333,0.766666,0.8,0.833333,0.866666,0.9,0.933333,0.966666,1.0,1.03333,1.06667,1.1],"poses":[3.8e-05,18.0,1e-06,-13.7949,0.033204,3.27279,6.983,2.18361,-1.0971,6.8562,-2.17334,-1.1693,8.00569,-2.80716,-4.1923,8.00564,2.80738,-4.31168,-0.574711,12.1774,-3.68589,-0.574963,-11.8226,-3.75487,6.98041,2.18361,-1.02263,6.97471,2.18361,-0.858851,6.8536,-2.17334,-1.09482,6.84789,-2.17334,-0.931032,6.84218,-2.17334,-0.767239,1.5521,0.055968,0.783325,3.8e-05,18.3597,2e-06,3.8e-05,19.3181,2e-06,3.8e-05,20.695,2e-06,3.8e-05,22.3103,2e-06,3.8e-05,23.984,3e-06,3.8e-05,26.57,3e-06,3.8e-05,29.6514,4e-06,3.8e-05,31.1425,4e-06,3.8e-05,31.0593,4e-06,3.8e-05,30.8223,4e-06,3.8e-05,30.4508,4e-06,3.8e-05,29.9638,4e-06,3.8e-05,29.3804,4e-06,3.8e-05,28.7199,4e-06,3.8e-05,28.0011,4e-06,3.8e-05,27.2433,4e-06,3.8e-05,26.4654,3e-06,3.8e-05,25.6866,3e-06,3.8e-05,24.926,3e-06,3.8e-05,24.2025,3e-06,3.8e-05,23.5354,3e-06,3.8e-05,22.9437,3e-06,3.8e-05,22.3617,2e-06,3.8e-05,21.7286,2e-06,3.8e-05,21.071,2e-06,3.8e-05,20.4151,2e-06,3.8e-05,19.7875,2e-06,3.8e-05,19.2147,2e-06,3.8e-05,18.7231,2e-06,3.8e-05,18.3391,2e-06,3.8e-05,18.0892,2e-06,10.7947,4.3e-05,3.2269,-13.6424,0.033203,3.25435,-13.2788,0.033203,3.21037,-12.8448,0.033202,3.15788,-12.4812,0.033202,3.1139,-12.3287,0.033201,3.09545,-12.6715,0.033202,3.15074,-13.3079,0.033203,3.26589,-13.6507,0.033204,3.36494,-13.6183,0.033204,3.43433,-13.5374,0.033204,3.50662,-13.4323,0.033205,3.57487,-13.3271,0.033205,3.63218,-13.2462,0.033205,3.67165,-13.2138,0.033206,3.68634,-13.219,0.033205,3.68265,-13.2338,0.033205,3.67216,-13.2569,0.033205,3.6557,-13.2872,0.033205,3.63414,-13.3234,0.033205,3.60833,-13.3645,0.033205,3.57911,-13.4091,0.033205,3.54735,-13.4562,0.033205,3.51389,-13.5044,0.033204,3.47957,-13.5526,0.033204,3.44525,-13.5996,0.033204,3.41179,-13.6442,0.033204,3.38002,-13.6853,0.033204,3.35081,-13.7215,0.033204,3.325,-13.7518,0.033204,3.30344,-13.775,0.033204,3.28698,-13.7897,0.033204,3.27648,6.96901,2.18361,-0.695071,6.96642,2.18361,-0.620604,6.96649,2.18361,-0.622385,6.96667,2.18361,-0.627554,6.96695,2.18361,-0.635848,6.96734,2.18361,-0.647008,6.96782,2.18361,-0.660773,6.96838,2.18361,-0.676881,6.96902,2.18361,-0.695071,6.96971,2.18361,-0.715085,6.97046,2.18361,-0.73666,6.97126,2.18361,-0.759536,6.97209,2.18361,-0.783454,6.97295,2.18361,-0.808152,6.97382,2.18361,-0.833371,6.9756,2.18361,-0.88433,6.97648,2.18361,-0.909549,6.97733,2.18361,-0.934247,6.97817,2.18361,-0.958165,6.97896,2.18361,-0.981041,6.97971,2.18361,-1.00262,6.98104,2.18361,-1.04082,6.9816,2.18361,-1.05693,6.98208,2.18361,-1.07069,6.98247,2.18361,-1.08185,6.98276,2.18361,-1.09015,6.98294,2.18361,-1.09532,6.83958,-2.17334,-0.692767,6.83964,-2.17334,-0.694548,6.83982,-2.17334,-0.699716,6.84011,-2.17334,-0.708012,6.8405,-2.17334,-0.719173,6.84098,-2.17334,-0.732938,6.84154,-2.17334,-0.749047,6.84288,-2.17334,-0.787254,6.84363,-2.17334,-0.808831,6.84443,-2.17334,-0.831709,6.84526,-2.17334,-0.855629,6.84612,-2.17334,-0.880329,6.847,-2.17334,-0.90555,6.84878,-2.17334,-0.956513,6.84966,-2.17334,-0.981734,6.85052,-2.17334,-1.00643,6.85135,-2.17334,-1.03035,6.85215,-2.17334,-1.05323,6.8529,-2.17334,-1.07481,6.85424,-2.17334,-1.11302,6.8548,-2.17334,-1.12912,6.85528,-2.17334,-1.14289,6.85567,-2.17334,-1.15405,6.85596,-2.17334,-1.16235,6.85614,-2.17334,-1.16752,8.03913,-2.80726,-4.15748,8.11885,-2.80801,-4.06195,8.21398,-2.81002,-3.91901,8.2937,-2.81394,-3.74197,8.32714,-2.82041,-3.54407,8.00472,-2.84789,-3.19864,7.34699,-2.89057,-2.77076,6.81771,-2.91274,-2.56121,6.4965,-2.90912,-2.61014,6.16263,-2.89942,-2.74169,5.82959,-2.88538,-2.93307,5.51083,-2.86874,-3.16148,5.2198,-2.85123,-3.40417,4.96997,-2.83458,-3.63836,4.77482,-2.82054,-3.84129,4.64782,-2.81084,-3.99018,4.60248,-2.80721,-4.06223,4.64586,-2.8072,-4.08655,4.76791,-2.80719,-4.10762,4.9565,-2.80718,-4.1257,5.19954,-2.80718,-4.14099,5.48489,-2.80718,-4.15374,5.80048,-2.80717,-4.16419,6.1342,-2.80717,-4.17255,6.47397,-2.80717,-4.17906,6.80769,-2.80717,-4.18396,7.12328,-2.80717,-4.18747,7.40864,-2.80716,-4.18982,7.65167,-2.80716,-4.19125,7.84026,-2.80716,-4.19199,7.96232,-2.80716,-4.19226,8.03906,2.80749,-4.27687,8.11876,2.80823,-4.18134,8.21386,2.81025,-4.03841,8.29355,2.81418,-3.86137,8.32698,2.82065,-3.66349,7.99822,2.84812,-3.31807,7.33418,2.89079,-2.89021,6.81762,2.91296,-2.68068,6.53078,2.90855,-2.74429,6.24046,2.89675,-2.91471,5.95661,2.87967,-3.16139,5.68915,2.85942,-3.45382,5.44801,2.83811,-3.76149,5.24313,2.81786,-4.05392,5.08446,2.80078,-4.3006,4.98194,2.78898,-4.47102,4.94555,2.78457,-4.53463,4.98455,2.78486,-4.53179,5.0943,2.78568,-4.52379,5.26388,2.78695,-4.51144,5.48241,2.78857,-4.49552,5.739,2.79049,-4.47682,6.02276,2.7926,-4.45615,6.32284,2.79484,-4.43429,6.62835,2.79711,-4.41203,6.92842,2.79935,-4.39017,7.21219,2.80146,-4.36949,7.46877,2.80337,-4.3508,7.6873,2.80501,-4.33488,7.85688,2.80627,-4.32252,7.96663,2.80709,-4.31452,-0.574803,12.1774,-3.76848,-0.575443,12.1774,-3.95012,-0.57718,12.1774,-4.13176,-0.58056,12.1774,-4.21435,-2.09618,12.1774,-2.66473,-3.60961,12.1774,-1.11511,-3.60008,12.1774,-1.15202,-3.57258,12.1774,-1.25482,-3.52878,12.1774,-1.41169,-3.47032,12.1774,-1.61079,-3.39884,12.1774,-1.8403,-3.316,12.1774,-2.08839,-3.22344,12.1774,-2.34327,-3.1228,12.1774,-2.59312,-3.01573,12.1774,-2.82613,-2.90386,12.1774,-3.03048,-2.78884,12.1774,-3.19435,-2.67232,12.1774,-3.30589,-2.54109,12.1774,-3.38163,-2.3846,12.1774,-3.44657,-2.20845,12.1774,-3.50154,-2.01825,12.1774,-3.54737,-1.8196,12.1774,-3.58489,-1.61808,12.1774,-3.61493,-1.41931,12.1774,-3.63834,-1.22886,12.1774,-3.65593,-1.05235,12.1774,-3.66854,-0.895359,12.1774,-3.67699,-0.763495,12.1774,-3.68213,-0.662359,12.1774,-3.68477,-0.59756,12.1774,-3.68575,-0.575053,-11.8226,-3.83746,-0.575679,-11.8226,-4.0191,-0.577377,-11.8226,-4.20075,-0.580684,-11.8226,-4.28334,-2.09635,-11.8226,-2.73373,-3.60987,-11.8226,-1.18411,-3.60034,-11.8226,-1.22101,-3.57284,-11.8226,-1.32382,-3.52904,-11.8226,-1.48068,-3.47058,-11.8226,-1.67977,-3.3991,-11.8226,-1.90927,-3.31626,-11.8226,-2.15736,-3.2237,-11.8226,-2.41223,-3.12306,-11.8226,-2.66208,-3.01598,-11.8226,-2.89509,-2.90411,-11.8226,-3.09943,-2.7891,-11.8226,-3.2633,-2.67258,-11.8226,-3.37484,-2.54135,-11.8226,-3.45059,-2.38485,-11.8226,-3.51554,-2.20871,-11.8226,-3.57051,-2.0185,-11.8226,-3.61634,-1.81985,-11.8226,-3.65387,-1.61833,-11.8226,-3.68392,-1.41956,-11.8226,-3.70732,-1.22911,-11.8226,-3.72492,-1.0526,-11.8226,-3.73753,-0.895611,-11.8226,-3.74598,-0.763747,-11.8226,-3.75112,-0.662611,-11.8226,-3.75375,-0.597812,-11.8226,-3.75473],