{
  "is_global": true,
  "animation": {
    "fields": [
      "time",
      "attr"
    ],
    "times": [
      0,
      0.033333,
      0.2,
      0.4,
      0.6,
      0.8
    ],
    "poses": [
      -3.53336,
      0.054292,
      -3.275,
      0.464269,
      -2.24576,
      2.38299,
      0.464267,
      2.58655,
      2.38299,
      -15.3849,
      5.88904,
      5.98915,
      -15.2842,
      -6.11053,
      5.98921,
      -0.029334,
      -7.86739,
      -5.302,
      -3.53336,
      0.054287,
      -3.275,
      -4.17588,
      -0.047561,
      -0.03923,
      -3.53335,
      0.05429,
      -3.27493,
      -3.53335,
      0.05429,
      -3.27488,
      -3.53336,
      0.054285,
      -3.27489,
      0.366061,
      -2.24577,
      2.38307,
      0.460436,
      -2.24576,
      2.38302,
      0.554818,
      -2.24577,
      2.383,
      0.366059,
      2.58656,
      2.38306,
      0.460438,
      2.58654,
      2.38304,
      0.554808,
      2.58654,
      2.38302,
      -15.408,
      5.88977,
      5.89079,
      -15.4263,
      5.88869,
      5.98941,
      -15.4089,
      5.88993,
      6.11956,
      -15.3074,
      -6.1098,
      5.89084,
      -15.3257,
      -6.11088,
      5.98948,
      -15.3082,
      -6.10964,
      6.11965,
      -0.029334,
      -7.86739,
      -5.10383,
      -0.029334,
      -7.86739,
      -5.00891,
      -0.029334,
      -7.86739,
      -5.09592,
      -3.53336,
      0.054274,
      -3.27483,
      -3.53336,
      0.054285,
      -3.27488,
      -3.53335,
      0.054278,
      -3.27499
    ],
    "quats": [
      -0.38295,
      -9.4050853e-7,
      0.923768,
      -4.2332974e-7,
      0.5,
      -0.5,
      -0.5,
      0.499999,
      -0.999991,
      -0.004195,
      0,
      -0.000002,
      -0.999991,
      -0.004194,
      0,
      -0.000003,
      -0.710066,
      0.704134,
      -0.000001,
      0.000001,
      -0.38295,
      6.4912047e-7,
      0.923768,
      -1.1341395e-7,
      0.00733,
      -0.707137,
      -0.001395,
      0.707036,
      -0.369989,
      -9.4520897e-7,
      0.929035,
      -4.1059934e-7,
      -0.385534,
      -9.3954583e-7,
      0.922693,
      -4.2586726e-7,
      -0.400971,
      -9.3361768e-7,
      0.91609,
      -4.4101557e-7,
      -0.499999,
      -0.5,
      0.5,
      0.499999,
      0.499999,
      0.5,
      -0.5,
      -0.499999,
      -0.999958,
      -0.004194,
      0.008055,
      -0.000036,
      -0.999988,
      -0.004195,
      0.002218,
      -0.000012,
      -0.999984,
      -0.004195,
      -0.003619,
      0.000012,
      -0.999958,
      -0.004194,
      0.008055,
      -0.000037,
      -0.999988,
      -0.004194,
      0.002217,
      -0.000012,
      -0.999984,
      -0.004194,
      -0.003619,
      0.000011,
      -0.710062,
      0.70413,
      0.00228,
      -0.0023,
      -0.710066,
      0.704134,
      -0.000498,
      0.000502,
      -0.710058,
      0.704126,
      -0.003276,
      0.003304,
      -0.369989,
      6.6039291e-7,
      0.929035,
      -1.2784068e-7,
      -0.385534,
      6.4684917e-7,
      0.922693,
      -1.105242e-7,
      -0.400971,
      6.3312234e-7,
      0.91609,
      0
    ],
    "scales": [
      1,
      1,
      1,
      0.99,
      1,
      1,
      0.999999,
      0.999999,
      0.999999,
      1,
      0.999999,
      0.999999,
      0.979999,
      1,
      1,
      0.98,
      1,
      1
    ],
    "length": 0.8,
    "tracks": {
      "Bone0010": {
        "pos": [
          0,
          0,
          2,
          8,
          3,
          9,
          4,
          10,
          5,
          0
        ],
        "quat": [
          0,
          0,
          2,
          7,
          3,
          8,
          4,
          9,
          5,
          0
        ]
      },
      "Bone004": {
        "pos": [
          0,
          1,
          2,
          11,
          3,
          12,
          4,
          13,
          5,
          1
        ],
        "quat": [
          0,
          1,
          5,
          1
        ],
        "scale": [
          0,
          0,
          2,
          4,
          3,
          1,
          4,
          0,
          5,
          0
        ]
      },
      "Bone005": {
        "pos": [
          0,
          2,
          2,
          14,
          3,
          15,
          4,
          16,
          5,
          2
        ],
        "quat": [
          0,
          10,
          5,
          11
        ],
        "scale": [
          0,
          0,
          2,
          5,
          3,
          1,
          4,
          0,
          5,
          0
        ]
      },
      "Bone006": {
        "pos": [
          0,
          3,
          2,
          17,
          3,
          18,
          4,
          19,
          5,
          3
        ],
        "quat": [
          0,
          2,
          2,
          12,
          3,
          13,
          4,
          14,
          5,
          2
        ],
        "scale": [
          0,
          2,
          5,
          2
        ]
      },
      "Bone007": {
        "pos": [
          0,
          4,
          2,
          20,
          3,
          21,
          4,
          22,
          5,
          4
        ],
        "quat": [
          0,
          3,
          2,
          15,
          3,
          16,
          4,
          17,
          5,
          3
        ],
        "scale": [
          0,
          3,
          5,
          3
        ]
      },
      "Bone008": {
        "pos": [
          0,
          5,
          2,
          23,
          3,
          24,
          4,
          25,
          5,
          5
        ],
        "quat": [
          0,
          4,
          2,
          18,
          3,
          19,
          4,
          20,
          5,
          4
        ]
      },
      "Bone009": {
        "pos": [
          0,
          6,
          2,
          26,
          3,
          27,
          4,
          28,
          5,
          6
        ],
        "quat": [
          0,
          5,
          2,
          21,
          3,
          22,
          4,
          23,
          5,
          5
        ]
      },
      "bind": {
        "pos": [
          0,
          7,
          1,
          7
        ],
        "quat": [
          0,
          6,
          1,
          6
        ]
      }
    }
  },
  "version": "0.1.0"
}
