{"is_global":true,"animation":{"fields":["time","attr"],"times":[0.0,0.033333,0.066666,0.1,0.133333,0.166666,0.2,0.233333,0.266666,0.3,0.333333],"poses":[0.0,1.79276,-15.0,0.216454,1.73988,-14.9225,0.432909,1.71239,-14.7784,0.412466,1.72194,-14.6044,0.362911,1.74935,-14.4206,0.301901,1.79276,-14.3352,0.215163,1.8923,-14.4436,0.128658,1.96644,-14.6185,0.068467,1.9327,-14.7765,0.019938,1.86037,-14.9306],"quats":[0.002028,0.002523,-0.707101,0.707104,0.008015,0.006119,-0.70341,0.710712,0.011812,0.00877,-0.700945,0.713062,0.010937,0.008274,-0.701985,0.712059,0.008591,0.007093,-0.704388,0.709727,0.005196,0.00569,-0.707082,0.707088,-0.001879,0.003486,-0.710857,0.703325,-0.007076,0.001997,-0.713376,0.700742,-0.005663,0.001729,-0.712302,0.701847,-0.002224,0.00158,-0.709833,0.704364],"scales":[],"length":0.333333,"tracks":{"Bone001":{"pos":[0,0,1,1,2,2,3,3,4,4,5,5,6,6,7,7,8,8,9,9,10,0],"quat":[0,0,1,1,2,2,3,3,4,4,5,5,6,6,7,7,8,8,9,9,10,0]}}},"version":"0.1.0"}