{
  "is_global": true,
  "animation": {
    "fields": [
      "time",
      "attr"
    ],
    "times": [
      0,
      0.033333,
      0.066666,
      0.1,
      0.133333,
      0.166666,
      0.2,
      0.233333,
      0.266666,
      0.3,
      0.333333,
      0.366666,
      0.4,
      0.433333,
      0.466666,
      0.5,
      0.533333,
      0.566666,
      0.6,
      0.633333,
      0.666666,
      0.7,
      0.733333,
      0.766666,
      0.8
    ],
    "poses": [
      0,
      1.79276,
      -15,
      5.49375,
      -0.000004,
      -0.086872,
      0,
      1.79276,
      -14.9882,
      0,
      1.79276,
      -14.9578,
      0,
      1.79276,
      -14.916,
      0,
      1.79276,
      -14.87,
      0,
      1.79276,
      -14.827,
      0,
      1.79276,
      -14.7944,
      0,
      1.79276,
      -14.77,
      0,
      1.79276,
      -14.7476,
      0,
      1.79276,
      -14.7282,
      0,
      1.79276,
      -14.7129,
      0,
      1.79276,
      -14.703,
      0,
      1.79276,
      -14.6994,
      0,
      1.79276,
      -14.7144,
      0,
      1.79276,
      -14.7529,
      0,
      1.79276,
      -14.8052,
      0,
      1.79276,
      -14.8617,
      0,
      1.79276,
      -14.9128,
      0,
      1.79276,
      -14.9486,
      0,
      1.79276,
      -14.9698,
      0,
      1.79276,
      -14.9842,
      0,
      1.79276,
      -14.9931,
      0,
      1.79276,
      -14.9978,
      0,
      1.79276,
      -14.9997
    ],
    "quats": [
      0,
      0,
      -0.707106,
      0.707106,
      -0.707106,
      -0.000002,
      0.707106,
      -0.000002,
      -0.000344,
      0.000826,
      -0.707691,
      0.70652,
      -0.000379,
      0.002131,
      -0.708359,
      0.705848,
      -0.000149,
      0.003697,
      -0.709022,
      0.705176,
      0.000299,
      0.005307,
      -0.709596,
      0.704588,
      0.00092,
      0.006744,
      -0.709996,
      0.704172,
      0.001664,
      0.007793,
      -0.710142,
      0.704012,
      0.002717,
      0.008527,
      -0.709977,
      0.704167,
      0.004155,
      0.009135,
      -0.709556,
      0.704576,
      0.00576,
      0.009574,
      -0.708967,
      0.705152,
      0.007317,
      0.0098,
      -0.708294,
      0.705811,
      0.008612,
      0.009768,
      -0.707624,
      0.706468,
      0.00943,
      0.00943,
      -0.707044,
      0.707043,
      0.009768,
      0.008612,
      -0.706468,
      0.707624,
      0.0098,
      0.007317,
      -0.705811,
      0.708294,
      0.009574,
      0.00576,
      -0.705152,
      0.708967,
      0.009135,
      0.004155,
      -0.704576,
      0.709556,
      0.008527,
      0.002717,
      -0.704167,
      0.709977,
      0.007793,
      0.001664,
      -0.704013,
      0.710142,
      0.006744,
      0.00092,
      -0.704172,
      0.709996,
      0.005307,
      0.000299,
      -0.704588,
      0.709596,
      0.003697,
      -0.000149,
      -0.705176,
      0.709022,
      0.002131,
      -0.000379,
      -0.705848,
      0.708359,
      0.000826,
      -0.000344,
      -0.70652,
      0.707691
    ],
    "scales": [],
    "length": 0.8,
    "tracks": {
      "Bind": {
        "pos": [
          0,
          1
        ],
        "quat": [
          0,
          1
        ]
      },
      "Bone001": {
        "pos": [
          0,
          0,
          1,
          2,
          2,
          3,
          3,
          4,
          4,
          5,
          5,
          6,
          6,
          7,
          7,
          8,
          8,
          9,
          9,
          10,
          10,
          11,
          11,
          12,
          12,
          13,
          13,
          14,
          14,
          15,
          15,
          16,
          16,
          17,
          17,
          18,
          18,
          19,
          19,
          20,
          20,
          21,
          21,
          22,
          22,
          23,
          23,
          24,
          24,
          0
        ],
        "quat": [
          0,
          0,
          1,
          2,
          2,
          3,
          3,
          4,
          4,
          5,
          5,
          6,
          6,
          7,
          7,
          8,
          8,
          9,
          9,
          10,
          10,
          11,
          11,
          12,
          12,
          13,
          13,
          14,
          14,
          15,
          15,
          16,
          16,
          17,
          17,
          18,
          18,
          19,
          19,
          20,
          20,
          21,
          21,
          22,
          22,
          23,
          23,
          24,
          24,
          0
        ]
      }
    }
  },
  "version": "0.1.0"
}
