{
  "is_global": true,
  "animation": {
    "fields": [
      "time",
      "attr"
    ],
    "times": [
      0,
      0.033333,
      0.066666,
      0.1,
      0.133333,
      0.166666,
      0.2,
      0.233333,
      0.266666,
      0.3,
      0.333333,
      0.366666,
      0.4,
      0.433333,
      0.466666,
      0.5,
      0.533333,
      0.566666,
      0.6,
      0.633333,
      0.666666,
      0.7,
      0.733333,
      0.766666,
      0.8,
      0.833333,
      0.866666,
      0.9,
      0.933333,
      0.966666,
      1,
      1.03333,
      1.06667,
      1.1,
      1.13333,
      1.16667,
      1.2,
      1.23333,
      1.26667,
      1.3,
      1.33333,
      1.36667,
      1.4,
      1.43312,
      1.46667,
      1.5,
      1.53333,
      1.56667,
      1.6,
      1.63333,
      1.66667,
      1.7,
      1.73333,
      1.76667,
      1.8,
      1.83333,
      1.86667,
      1.9,
      1.93333,
      1.96667,
      2
    ],
    "poses": [
      0,
      1.79276,
      -15,
      -0.005895,
      1.78923,
      -14.9885,
      -0.022484,
      1.7793,
      -14.9556,
      -0.048121,
      1.76395,
      -14.904,
      -0.081162,
      1.74417,
      -14.8364,
      -0.119961,
      1.72093,
      -14.7554,
      -0.162873,
      1.69524,
      -14.6635,
      -0.208253,
      1.66807,
      -14.5634,
      -0.254456,
      1.6404,
      -14.4578,
      -0.299836,
      1.61323,
      -14.3493,
      -0.342748,
      1.58753,
      -14.2404,
      -0.381547,
      1.5643,
      -14.1339,
      -0.414588,
      1.54452,
      -14.0323,
      -0.440225,
      1.52916,
      -13.9383,
      -0.456814,
      1.51923,
      -13.8545,
      -0.462709,
      1.5157,
      -13.7836,
      -0.458883,
      1.5183,
      -13.7193,
      -0.447908,
      1.52569,
      -13.6542,
      -0.430545,
      1.5373,
      -13.5892,
      -0.407551,
      1.55255,
      -13.525,
      -0.379685,
      1.57084,
      -13.4623,
      -0.347707,
      1.59159,
      -13.4019,
      -0.312374,
      1.61422,
      -13.3446,
      -0.274445,
      1.63815,
      -13.2912,
      -0.23468,
      1.66278,
      -13.2424,
      -0.193836,
      1.68755,
      -13.1991,
      -0.152673,
      1.71185,
      -13.1618,
      -0.111949,
      1.7351,
      -13.1315,
      -0.072423,
      1.75673,
      -13.109,
      -0.034854,
      1.77615,
      -13.0948,
      0,
      1.79276,
      -13.09,
      0.03577,
      1.80807,
      -13.1,
      0.075917,
      1.82377,
      -13.1287,
      0.119426,
      1.83967,
      -13.1737,
      0.165284,
      1.85555,
      -13.2329,
      0.212476,
      1.87118,
      -13.3042,
      0.259987,
      1.88635,
      -13.3851,
      0.306803,
      1.90085,
      -13.4737,
      0.35191,
      1.91445,
      -13.5676,
      0.394294,
      1.92694,
      -13.6646,
      0.43294,
      1.93811,
      -13.7626,
      0.466834,
      1.94773,
      -13.8592,
      0.494962,
      1.95559,
      -13.9524,
      0.516198,
      1.96144,
      -14.0394,
      0.529861,
      1.96516,
      -14.1195,
      0.534604,
      1.96644,
      -14.189,
      0.529861,
      1.96516,
      -14.2548,
      0.516309,
      1.96147,
      -14.324,
      0.494962,
      1.95559,
      -14.3955,
      0.466834,
      1.94773,
      -14.4682,
      0.43294,
      1.93811,
      -14.5407,
      0.394294,
      1.92694,
      -14.612,
      0.35191,
      1.91445,
      -14.6808,
      0.306803,
      1.90085,
      -14.7459,
      0.259987,
      1.88635,
      -14.8062,
      0.212476,
      1.87118,
      -14.8605,
      0.165284,
      1.85555,
      -14.9075,
      0.119426,
      1.83967,
      -14.9462,
      0.075917,
      1.82377,
      -14.9753,
      0.03577,
      1.80807,
      -14.9936
    ],
    "quats": [
      0,
      0,
      -0.707106,
      0.707106,
      0.000516,
      -0.000324,
      -0.706693,
      0.707519,
      0.001109,
      -0.000691,
      -0.706316,
      0.707895,
      0.001877,
      -0.00116,
      -0.705852,
      0.708355,
      0.002786,
      -0.001702,
      -0.705321,
      0.70888,
      0.003798,
      -0.002294,
      -0.704743,
      0.709448,
      0.00488,
      -0.002909,
      -0.704138,
      0.710039,
      0.005994,
      -0.003521,
      -0.703527,
      0.710633,
      0.007104,
      -0.004104,
      -0.70293,
      0.71121,
      0.008176,
      -0.004634,
      -0.702369,
      0.71175,
      0.009171,
      -0.005085,
      -0.701862,
      0.712235,
      0.010054,
      -0.005432,
      -0.701433,
      0.712643,
      0.010789,
      -0.005651,
      -0.7011,
      0.712958,
      0.011339,
      -0.005717,
      -0.700886,
      0.713159,
      0.011849,
      -0.004858,
      -0.701026,
      0.713019,
      0.011782,
      -0.004269,
      -0.701274,
      0.71278,
      0.011622,
      -0.003562,
      -0.701601,
      0.712465,
      0.011378,
      -0.002757,
      -0.701994,
      0.712085,
      0.011058,
      -0.001875,
      -0.702442,
      0.711651,
      0.010672,
      -0.000936,
      -0.702934,
      0.711174,
      0.010228,
      0.000039,
      -0.703457,
      0.710663,
      0.009734,
      0.001031,
      -0.704001,
      0.710131,
      0.009201,
      0.002021,
      -0.704554,
      0.709587,
      0.008635,
      0.002988,
      -0.705106,
      0.709042,
      0.008045,
      0.003911,
      -0.705645,
      0.708508,
      0.007439,
      0.004769,
      -0.70616,
      0.707996,
      0.006826,
      0.005543,
      -0.706642,
      0.707516,
      0.006213,
      0.006213,
      -0.707079,
      0.707079,
      0.005529,
      0.006839,
      -0.707516,
      0.706642,
      0.004715,
      0.007491,
      -0.707996,
      0.70616,
      0.003796,
      0.008156,
      -0.708508,
      0.705645,
      0.002794,
      0.008822,
      -0.709041,
      0.705105,
      0.001735,
      0.009478,
      -0.709585,
      0.704553,
      0.000644,
      0.010112,
      -0.710129,
      0.703998,
      -0.000456,
      0.010711,
      -0.71066,
      0.703453,
      -0.001542,
      0.011263,
      -0.711169,
      0.702928,
      -0.002588,
      0.011755,
      -0.711646,
      0.702434,
      -0.003571,
      0.012175,
      -0.712079,
      0.701984,
      -0.004467,
      0.01251,
      -0.712458,
      0.701588,
      -0.005252,
      0.012747,
      -0.712772,
      0.70126,
      -0.005899,
      0.012873,
      -0.713009,
      0.701011,
      -0.006394,
      0.012877,
      -0.713163,
      0.70085,
      -0.006834,
      0.011958,
      -0.713026,
      0.701001,
      -0.006705,
      0.011318,
      -0.712796,
      0.701247,
      -0.006463,
      0.010545,
      -0.71249,
      0.701573,
      -0.00612,
      0.009662,
      -0.712118,
      0.701966,
      -0.00569,
      0.008694,
      -0.71169,
      0.702416,
      -0.005184,
      0.007663,
      -0.711218,
      0.70291,
      -0.004616,
      0.006594,
      -0.710711,
      0.703437,
      -0.003998,
      0.00551,
      -0.710179,
      0.703987,
      -0.003344,
      0.004434,
      -0.709635,
      0.704547,
      -0.002668,
      0.00339,
      -0.709089,
      0.705105,
      -0.001981,
      0.002402,
      -0.708551,
      0.705652,
      -0.001299,
      0.001492,
      -0.708034,
      0.706175,
      -0.000634,
      0.000683,
      -0.707548,
      0.706663
    ],
    "scales": [],
    "length": 2,