{"is_global":true,"animation":{"fields":["time","attr"],"times":[0.0,0.033333,0.066666,0.1,0.133333,0.166666,0.2,0.233333,0.266666,0.3,0.333333,0.366666,0.4,0.433333,0.466666,0.5,0.533333,0.566666,0.6,0.633333,0.666666,0.7,0.733333,0.766666,0.8],"poses":[0.0,0.0,-11.3642,2.37596,-4.85201,-4.00132,2.37596,-4.85201,4.00068,0.018981,0.0,-11.3067,0.040741,0.0,-11.2286,0.0625,0.0,-11.1438,0.081482,0.0,-11.0661,0.094907,0.0,-11.0093,0.1,0.0,-10.9873,0.094907,0.0,-10.995,0.081482,0.0,-11.016,0.0625,0.0,-11.0472,0.040741,0.0,-11.0854,0.018981,0.0,-11.1278,0.0,0.0,-11.171,-0.018981,0.0,-11.225,-0.040741,0.0,-11.2941,-0.0625,0.0,-11.3672,-0.081482,0.0,-11.4332,-0.094907,0.0,-11.481,-0.1,0.0,-11.4994,-0.094907,0.0,-11.4953,-0.081482,0.0,-11.4833,-0.0625,0.0,-11.4638,-0.040741,0.0,-11.4372,-0.018981,0.0,-11.4039,2.36864,-4.82181,-4.00131,2.35034,-4.75523,-4.00132,2.32662,-4.68868,-4.00132,2.30302,-4.65842,-4.00132,2.27834,-4.66699,-4.00132,2.24932,-4.68969,-4.00132,2.21827,-4.72181,-4.00132,2.18759,-4.75864,-4.00132,2.15961,-4.79547,-4.00132,2.13671,-4.82748,-4.00132,2.12124,-4.85027,-4.00132,2.11556,-4.85886,-4.00132,2.122,-4.85706,-4.00132,2.13836,-4.85302,-4.00132,2.16013,-4.84897,-4.00132,2.18285,-4.84712,-4.00132,2.20777,-4.84735,-4.00131,2.23744,-4.8479,-4.00132,2.26939,-4.84866,-4.00132,2.30111,-4.84955,-4.00132,2.33012,-4.85046,-4.00131,2.35392,-4.85126,-4.00132,2.37003,-4.85185,-4.00132,2.36863,-4.82181,4.00067,2.35033,-4.75524,4.00068,2.32662,-4.68869,4.00067,2.30301,-4.65843,4.00068,2.27834,-4.66699,4.00068,2.24931,-4.68969,4.00068,2.21827,-4.72181,4.00068,2.18758,-4.75864,4.00068,2.15961,-4.79547,4.00068,2.1367,-4.82748,4.00068,2.12124,-4.85027,4.00067,2.11556,-4.85886,4.00068,2.122,-4.85707,4.00068,2.13836,-4.85302,4.00068,2.16014,-4.84897,4.00067,2.18286,-4.84712,4.00068,2.20777,-4.84735,4.00068,2.23744,-4.8479,4.00068,2.26939,-4.84867,4.00068,2.30111,-4.84956,4.00068,2.33012,-4.85046,4.00068,2.35392,-4.85127,4.00068,2.37003,-4.85185,4.00068],"quats":[0.707106,-0.0,0.0,0.707107,0.707106,0.000303,0.000303,0.707106,0.707105,0.001142,0.001142,0.707105,0.707102,0.00241,0.00241,0.707102,0.707095,0.003999,0.003999,0.707095,0.707082,0.005802,0.005802,0.707083,0.707064,0.007713,0.007713,0.707064,0.707041,0.009623,0.009623,0.707041,0.707014,0.011426,0.011426,0.707014,0.706986,0.013015,0.013015,0.706987,0.706962,0.014282,0.014282,0.706962,0.499999,-0.5,0.5,-0.5,0.706944,0.015122,0.015122,0.706945,0.499338,-0.500661,0.500994,-0.499003,0.498826,-0.50117,0.502378,-0.49761,0.498497,-0.501497,0.503938,-0.496029,0.498381,-0.501613,0.505464,-0.494475,0.498508,-0.501487,0.506745,-0.493161,0.498907,-0.501089,0.507577,-0.492306,0.499752,-0.500247,0.507969,-0.4919,0.501049,-0.498948,0.508094,-0.491772,0.502583,-0.497402,0.507979,-0.49189,0.504143,-0.495821,0.507656,-0.492223,0.505518,-0.494419,0.507154,-0.492741,0.506501,-0.493412,0.506502,-0.493412,-0.507154,0.492741,-0.505519,0.494419,-0.507656,0.492224,-0.504144,0.495821,-0.507979,0.49189,-0.502583,0.497402,-0.508093,0.491772,-0.501049,0.498948,-0.507969,0.491901,-0.499752,0.500246,-0.507577,0.492306,-0.498908,0.501089,-0.506745,0.493162,-0.498508,0.501487,-0.505464,0.494475,-0.498381,0.501613,-0.503938,0.49603,-0.498498,0.501497,-0.502378,0.49761,-0.498826,0.50117,-0.500993,0.499004,-0.499338,0.500661],"scales":[1.0,0.999999,0.999999,1.0,1.0,1.0],"length":0.8,"tracks":{"Bone001":{"pos":[0,0,1,3,2,4,3,5,4,6,5,7,6,8,7,9,8,10,9,11,10,12,11,13,12,14,13,15,14,16,15,17,16,18,17,19,18,20,19,21,20,22,21,23,22,24,23,25,24,0],"quat":[0,11,1,13,2,14,3,15,4,16,5,17,6,18,7,19,8,20,9,21,10,22,11,23,12,24,13,25,14,26,15,27,16,28,17,29,18,30,19,31,20,32,21,33,22,34,23,35,24,11],"scale":[0,1,24,1]},"Bone002":{"pos":[0,1,1,26,2,27,3,28,4,29,5,30,6,31,7,32,8,33,9,34,10,35,11,36,12,37,13,38,14,39,15,40,16,41,17,42,18,43,19,44,20,45,21,46,22,47,23,48,24,1],"quat":[0,0,1,1,2,2,3,3,4,4,5,5,6,6,7,7,8,8,9,9,10,10,11,12,14,10,15,9,16,8,17,7,18,6,19,5,20,4,21,3,22,2,23,1,24,0],"scale":[0,0,24,0]},"Bone003":{"pos":[0,2,1,49,2,50,3,51,4,52,5,53,6,54,7,55,8,56,9,57,10,58,11,59,12,60,13,61,14,62,15,63,16,64,17,65,18,66,19,67,20,68,21,69,22,70,23,71,24,2],"quat":[0,0,1,1,2,2,3,3,4,4,5,5,6,6,7,7,8,8,9,9,10,10,11,12,14,10,15,9,16,8,17,7,18,6,19,5,20,4,21,3,22,2,23,1,24,0],"scale":[0,0,24,0]}}},"version":"0.1.0"}