{
  "is_global": true,
  "animation": {
    "fields": [
      "time",
      "attr"
    ],
    "times": [
      0,
      0.033333,
      0.066666,
      0.1,
      0.133333,
      0.166666,
      0.2,
      0.233333,
      0.266666,
      0.3,
      0.333333,
      0.366666,
      0.4,
      0.433333,
      0.466666,
      0.5,
      0.533333,
      0.566666,
      0.6,
      0.633333,
      0.666666,
      0.7,
      0.733333,
      0.766666,
      0.8,
      0.833333,
      0.866666,
      0.9,
      0.933333,
      0.966666,
      1,
      1.03333,
      1.06667,
      1.1,
      1.13333,
      1.16667,
      1.2,
      1.23333,
      1.26667,
      1.3,
      1.33333,
      1.36667,
      1.4,
      1.43333,
      1.46667,
      1.5,
      1.53333,
      1.56667,
      1.6,
      1.63333,
      1.66667,
      1.7,
      1.73333,
      1.76667,
      1.8,
      1.83333,
      1.86667,
      1.9,
      1.93333,
      1.96667,
      2
    ],
    "poses": [
      0,
      -3.21049,
      -9,
      0.012672,
      -3.19823,
      -8.99721,
      0.02447,
      -3.18682,
      -8.98927,
      0.035394,
      -3.17626,
      -8.97679,
      0.045445,
      -3.16654,
      -8.9604,
      0.054621,
      -3.15767,
      -8.94073,
      0.062924,
      -3.14964,
      -8.91839,
      0.070352,
      -3.14245,
      -8.894,
      0.076907,
      -3.13611,
      -8.8682,
      0.082587,
      -3.13062,
      -8.84159,
      0.087394,
      -3.12597,
      -8.81481,
      0.091327,
      -3.12217,
      -8.78848,
      0.094386,
      -3.11921,
      -8.7632,
      0.096571,
      -3.1171,
      -8.73962,
      0.097882,
      -3.11583,
      -8.71834,
      0.098319,
      -3.11541,
      -8.7,
      0.097882,
      -3.11583,
      -8.68293,
      0.096571,
      -3.1171,
      -8.66525,
      0.094386,
      -3.11921,
      -8.6472,
      0.091327,
      -3.12217,
      -8.62907,
      0.087394,
      -3.12597,
      -8.61112,
      0.082587,
      -3.13062,
      -8.59361,
      0.076907,
      -3.13611,
      -8.57681,
      0.070352,
      -3.14245,
      -8.56099,
      0.062924,
      -3.14964,
      -8.54641,
      0.054621,
      -3.15767,
      -8.53334,
      0.045445,
      -3.16654,
      -8.52205,
      0.035394,
      -3.17626,
      -8.51281,
      0.02447,
      -3.18682,
      -8.50587,
      0.012672,
      -3.19823,
      -8.50151,
      0,
      -3.21049,
      -8.5,
      -0.012354,
      -3.22193,
      -8.50215,
      -0.023857,
      -3.23258,
      -8.5083,
      -0.034508,
      -3.24245,
      -8.51801,
      -0.044306,
      -3.25153,
      -8.53083,
      -0.053253,
      -3.25981,
      -8.54631,
      -0.061347,
      -3.26731,
      -8.56401,
      -0.06859,
      -3.27402,
      -8.58349,
      -0.07498,
      -3.27994,
      -8.60431,
      -0.080519,
      -3.28507,
      -8.62601,
      -0.085205,
      -3.28941,
      -8.64815,
      -0.089039,
      -3.29296,
      -8.6703,
      -0.092021,
      -3.29572,
      -8.692,
      -0.094151,
      -3.2977,
      -8.71282,
      -0.095429,
      -3.29888,
      -8.7323,
      -0.095856,
      -3.29927,
      -8.75,
      -0.095429,
      -3.29888,
      -8.7677,
      -0.094151,
      -3.2977,
      -8.78719,
      -0.092021,
      -3.29572,
      -8.808,
      -0.089039,
      -3.29296,
      -8.8297,
      -0.085205,
      -3.28941,
      -8.85185,
      -0.080519,
      -3.28507,
      -8.87399,
      -0.07498,
      -3.27994,
      -8.8957,
      -0.06859,
      -3.27402,
      -8.91651,
      -0.061347,
      -3.26731,
      -8.93599,
      -0.053253,
      -3.25981,
      -8.95369,
      -0.044306,
      -3.25153,
      -8.96917,
      -0.034508,
      -3.24245,
      -8.98199,
      -0.023857,
      -3.23258,
      -8.9917,
      -0.012354,
      -3.22193,
      -8.99785
    ],
    "quats": [
      0.499596,
      0.499596,
      0.500403,
      0.500403,
      0.498729,
      0.500004,
      0.500271,
      0.500991,
      0.497843,
      0.500344,
      0.500226,
      0.501578,
      0.496949,
      0.500623,
      0.500256,
      0.502154,
      0.49606,
      0.500846,
      0.500351,
      0.502718,
      0.495187,
      0.501018,
      0.500497,
      0.50326,
      0.494342,
      0.501145,
      0.500685,
      0.503778,
      0.493536,
      0.501234,
      0.500901,
      0.504264,
      0.49278,
      0.50129,
      0.501137,
      0.504714,
      0.492088,
      0.501319,
      0.501378,
      0.505121,
      0.491469,
      0.501328,
      0.501613,
      0.50548,
      0.490937,
      0.501321,
      0.501832,
      0.505787,
      0.490503,
      0.501306,
      0.502023,
      0.506034,
      0.491373,
      0.501232,
      0.501709,
      0.505574,
      0.491963,
      0.501195,
      0.501502,
      0.505243,
      0.492629,
      0.50114,
      0.501287,
      0.504862,
      0.493363,
      0.501062,
      0.501073,
      0.504434,
      0.494155,
      0.500959,
      0.500871,
      0.503962,
      0.494995,
      0.500825,
      0.500689,
      0.503451,
      0.495874,
      0.50066,
      0.500537,
      0.502901,
      0.496783,
      0.500458,
      0.500422,
      0.502318,
      0.497713,
      0.500215,
      0.500356,
      0.501707,
      0.498653,
      0.499929,
      0.500346,
      0.501066,
      -0.500615,
      -0.499204,
      -0.500508,
      -0.49967,
      -0.501653,
      -0.498872,
      -0.500516,
      -0.498952,
      -0.502696,
      -0.498595,
      -0.50044,
      -0.498255,
      -0.503731,
      -0.498368,
      -0.500293,
      -0.497584,
      -0.504745,
      -0.498186,
      -0.50009,
      -0.496942,
      -0.505723,
      -0.498044,
      -0.499844,
      -0.496337,
      -0.506655,
      -0.497937,
      -0.499567,
      -0.495773,
      -0.507525,
      -0.497861,
      -0.499273,
      -0.495255,
      -0.508323,
      -0.49781,
      -0.498975,
      -0.494788,
      -0.509033,
      -0.497779,
      -0.498687,
      -0.494379,
      -0.510141,
      -0.497762,
      -0.498192,
      -0.493752,
      -0.510513,
      -0.497767,
      -0.498012,
      -0.493545,
      -0.510746,
      -0.497772,
      -0.497894,
      -0.493418,
      -0.5097,
      -0.497822,
      -0.498365,
      -0.493974,
      -0.509113,
      -0.49786,
      -0.498607,
      -0.494297,
      -0.508426,
      -0.497914,
      -0.498871,
      -0.494682,
      -0.507651,
      -0.497987,
      -0.499147,
      -0.495126,
      -0.506799,
      -0.498082,
      -0.499422,
      -0.495626,
      -0.505879,
      -0.498201,
      -0.499687,
      -0.496178,
      -0.504905,
      -0.498347,
      -0.499929,
      -0.49678,
      -0.503887,
      -0.498525,
      -0.500137,
      -0.497426,
      -0.502835,
      -0.498734,
      -0.5003,
      -0.498115,
      -0.501762,
      -0.498981,
      -0.500407,
      -0.498842,
      -0.500678,
      -0.499267,
      -0.500445,
      -0.499606
    ],
    "scales": [],
    "length": 2,