{
  "is_global": true,
  "animation": {
    "fields": [
      "time",
      "attr"
    ],
    "times": [
      0,
      0.033333,
      0.066666,
      0.1,
      0.133333,
      0.166666,
      0.2,
      0.233333,
      0.266666,
      0.3,
      0.333333,
      0.366666,
      0.4
    ],
    "poses": [
      0,
      0,
      -11.3642,
      2.37596,
      -4.85201,
      -4.00132,
      2.37596,
      -4.85201,
      4.00068,
      0.040741,
      0,
      -11.2286,
      0.081482,
      0,
      -11.0661,
      0.1,
      0,
      -10.9873,
      0.081482,
      0,
      -11.016,
      0.040741,
      0,
      -11.0854,
      0,
      0,
      -11.171,
      -0.040741,
      0,
      -11.2941,
      -0.081482,
      0,
      -11.4332,
      -0.1,
      0,
      -11.4994,
      -0.081482,
      0,
      -11.4833,
      -0.040741,
      0,
      -11.4372,
      2.35034,
      -4.75523,
      -4.00132,
      2.30302,
      -4.65842,
      -4.00132,
      2.24932,
      -4.68969,
      -4.00132,
      2.18759,
      -4.75864,
      -4.00132,
      2.13671,
      -4.82748,
      -4.00132,
      2.11556,
      -4.85886,
      -4.00132,
      2.13836,
      -4.85302,
      -4.00132,
      2.18285,
      -4.84712,
      -4.00132,
      2.23744,
      -4.8479,
      -4.00132,
      2.30111,
      -4.84955,
      -4.00132,
      2.35392,
      -4.85126,
      -4.00132,
      2.35033,
      -4.75524,
      4.00068,
      2.30301,
      -4.65843,
      4.00068,
      2.24931,
      -4.68969,
      4.00068,
      2.18758,
      -4.75864,
      4.00068,
      2.1367,
      -4.82748,
      4.00068,
      2.11556,
      -4.85886,
      4.00068,
      2.13836,
      -4.85302,
      4.00068,
      2.18286,
      -4.84712,
      4.00068,
      2.23744,
      -4.8479,
      4.00068,
      2.30111,
      -4.84956,
      4.00068,
      2.35392,
      -4.85127,
      4.00068
    ],
    "quats": [
      0.707106,
      0,
      0,
      0.707107,
      0.707105,
      0.001142,
      0.001142,
      0.707105,
      0.707095,
      0.003999,
      0.003999,
      0.707095,
      0.707064,
      0.007713,
      0.007713,
      0.707064,
      0.707014,
      0.011426,
      0.011426,
      0.707014,
      0.706962,
      0.014282,
      0.014282,
      0.706962,
      0.499999,
      -0.5,
      0.5,
      -0.5,
      0.706938,
      0.015425,
      0.015425,
      0.706938,
      0.498826,
      -0.50117,
      0.502378,
      -0.49761,
      0.498381,
      -0.501613,
      0.505464,
      -0.494475,
      0.498907,
      -0.501089,
      0.507577,
      -0.492306,
      0.501049,
      -0.498948,
      0.508094,
      -0.491772,
      0.504143,
      -0.495821,
      0.507656,
      -0.492223,
      0.506501,
      -0.493412,
      0.506502,
      -0.493412,
      -0.507656,
      0.492224,
      -0.504144,
      0.495821,
      -0.508093,
      0.491772,
      -0.501049,
      0.498948,
      -0.507577,
      0.492306,
      -0.498908,
      0.501089,
      -0.505464,
      0.494475,
      -0.498381,
      0.501613,
      -0.502378,
      0.49761,
      -0.498826,
      0.50117
    ],
    "scales": [
      1,
      0.999999,
      0.999999
    ],
    "length": 0.4,
    "tracks": {
      "Bone001": {
        "pos": [
          0,
          0,
          1,
          3,
          2,
          4,
          3,
          5,
          4,
          6,
          5,
          7,
          6,
          8,
          7,
          9,
          8,
          10,
          9,
          11,
          10,
          12,
          11,
          13,
          12,
          0
        ],
        "quat": [
          0,
          6,
          1,
          8,
          2,
          9,
          3,
          10,
          4,
          11,
          5,
          12,
          6,
          13,
          7,
          14,
          8,
          15,
          9,
          16,
          10,
          17,
          11,
          18,
          12,
          6
        ]
      },
      "Bone002": {
        "pos": [
          0,
          1,
          1,
          14,
          2,
          15,
          3,
          16,
          4,
          17,
          5,
          18,
          6,
          19,
          7,
          20,
          8,
          21,
          9,
          22,
          10,
          23,
          11,
          24,
          12,
          1
        ],
        "quat": [
          0,
          0,
          1,
          1,
          2,
          2,
          3,
          3,
          4,
          4,
          5,
          5,
          6,
          7,
          7,
          5,
          8,
          4,
          9,
          3,
          10,
          2,
          11,
          1,
          12,
          0
        ],
        "scale": [
          0,
          0,
          12,
          0
        ]
      },
      "Bone003": {
        "pos": [
          0,
          2,
          1,
          25,
          2,
          26,
          3,
          27,
          4,
          28,
          5,
          29,
          6,
          30,
          7,
          31,
          8,
          32,
          9,
          33,
          10,
          34,
          11,
          35,
          12,
          2
        ],
        "quat": [
          0,
          0,
          1,
          1,
          2,
          2,
          3,
          3,
          4,
          4,
          5,
          5,
          6,
          7,
          7,
          5,
          8,
          4,
          9,
          3,
          10,
          2,
          11,
          1,
          12,
          0
        ],
        "scale": [
          0,
          0,
          12,
          0
        ]
      }
    }
  },
  "version": "0.1.0"
}
