{
  "is_global": true,
  "animation": {
    "fields": [
      "time",
      "attr"
    ],
    "times": [
      0,
      0.033333,
      0.066666,
      0.1,
      0.133333,
      0.166666,
      0.2,
      0.233333,
      0.266666,
      0.3,
      0.333333
    ],
    "poses": [
      0,
      -3.21049,
      -9,
      0.04002,
      -3.19445,
      -8.97481,
      0.081247,
      -3.17859,
      -8.90518,
      0.100207,
      -3.17141,
      -8.8,
      0.06195,
      -3.18597,
      -8.57,
      0,
      -3.21049,
      -8.4,
      -0.05652,
      -3.23577,
      -8.47,
      -0.089346,
      -3.25109,
      -8.6,
      -0.073203,
      -3.24352,
      -8.75704,
      -0.037205,
      -3.22692,
      -8.92296
    ],
    "quats": [
      0.5,
      0.5,
      0.5,
      0.5,
      -0.502659,
      -0.497326,
      -0.500888,
      -0.49911,
      -0.505304,
      -0.494638,
      -0.501774,
      -0.498219,
      -0.506502,
      -0.493412,
      -0.502177,
      -0.497813,
      -0.504479,
      -0.495479,
      -0.501497,
      -0.498497,
      0.5,
      0.499999,
      0.5,
      0.499999,
      0.49548,
      0.504479,
      0.498497,
      0.501497,
      0.493412,
      0.506501,
      0.497813,
      0.502176,
      0.494638,
      0.505304,
      0.498219,
      0.501774,
      0.497326,
      0.502659,
      0.49911,
      0.500888
    ],
    "scales": [],
    "length": 0.333333,
    "tracks": {
      "Bone001": {
        "pos": [
          0,
          0,
          1,
          1,
          2,
          2,
          3,
          3,
          4,
          4,
          5,
          5,
          6,
          6,
          7,
          7,
          8,
          8,
          9,
          9,
          10,
          0
        ],
        "quat": [
          0,
          0,
          1,
          1,
          2,
          2,
          3,
          3,
          4,
          4,
          5,
          5,
          6,
          6,
          7,
          7,
          8,
          8,
          9,
          9,
          10,
          0
        ]
      }
    }
  },
  "version": "0.1.0"
}
