{"is_global":true,"animation":{"fields":["time","attr"],"times":[0.0,0.033333,0.066666,0.1,0.133333,0.166666,0.2,0.233333,0.266666,0.3,0.333333],"poses":[1e-06,3.33423,-4.16879,1e-06,3.35596,-4.16879,1e-06,3.41494,-4.16879,1e-06,3.50186,-4.16879,1e-06,3.6074,-4.16879,1e-06,3.72225,-4.16879,1e-06,3.8371,-4.16879,1e-06,3.94264,-4.16879,1e-06,4.02955,-4.16879,1e-06,4.08853,-4.16879,1e-06,4.11026,-4.16879,9.53674e-07,3.33421,-3.3351,9.55659e-07,3.3796,-3.3351,9.61045e-07,3.50283,-3.3351,9.68982e-07,3.68442,-3.3351,9.78621e-07,3.90492,-3.3351,9.8911e-07,4.14488,-3.3351,9.99599e-07,4.38483,-3.3351,1e-06,4.60534,-3.3351,1e-06,4.78693,-3.3351,1e-06,4.91015,-3.3351,1e-06,4.95555,-3.3351,7.15256e-07,3.33418,-2.50384,7.18234e-07,3.40232,-2.50384,7.26319e-07,3.58726,-2.50384,7.38233e-07,3.85982,-2.50384,7.52699e-07,4.19079,-2.50384,7.68443e-07,4.55095,-2.50384,7.84186e-07,4.91112,-2.50384,7.98653e-07,5.24208,-2.50384,8.10567e-07,5.51464,-2.50384,8.18651e-07,5.69959,-2.50384,8.2163e-07,5.76773,-2.50384,4.76837e-07,3.33415,-1.66801,4.8069e-07,3.42228,-1.66801,4.91146e-07,3.66149,-1.66801,5.06556e-07,4.01403,-1.66801,5.25267e-07,4.4421,-1.66801,5.4563e-07,4.90794,-1.66801,5.65992e-07,5.37378,-1.66801,5.84704e-07,5.80185,-1.66801,6.00113e-07,6.15438,-1.66801,6.1057e-07,6.3936,-1.66801,6.14422e-07,6.48173,-1.66801,2.38419e-07,3.33412,-0.839821,2.43045e-07,3.43995,-0.839821,2.55601e-07,3.72722,-0.839821,2.74106e-07,4.15055,-0.839821,2.96576e-07,4.6646,-0.839821,3.21028e-07,5.22401,-0.839821,3.4548e-07,5.78341,-0.839821,3.6795e-07,6.29746,-0.839821,3.86455e-07,6.72079,-0.839821,3.99011e-07,7.00805,-0.839821,4.03638e-07,7.11389,-0.839821,0.0,3.33409,-0.001615,0.0,3.43993,-0.001615,0.0,3.72719,-0.001615,0.0,4.15052,-0.001615,0.0,4.66457,-0.001615,0.0,5.22398,-0.001615,1.07062e-07,5.78338,-0.001615,1.29532e-07,6.29743,-0.001615,1.48036e-07,6.72077,-0.001615,1.60593e-07,7.00803,-0.001615,1.65219e-07,7.11386,-0.001615,0.0,3.33406,0.834334,0.0,3.42219,0.834334,0.0,3.66141,0.834334,0.0,4.01394,0.834334,0.0,4.44201,0.834334,0.0,4.90785,0.834334,0.0,5.3737,0.834334,1.07867e-07,5.80177,0.834334,1.23276e-07,6.1543,0.834334,1.33733e-07,6.39351,0.834334,1.37585e-07,6.48165,0.834334,-2.38419e-07,3.33403,1.67934,-2.3544e-07,3.40217,1.67934,-2.27356e-07,3.58712,1.67934,-2.15442e-07,3.85968,1.67934,-2.00975e-07,4.19064,1.67934,-1.85231e-07,4.55081,1.67934,-1.69488e-07,4.91097,1.67934,-1.55021e-07,5.24194,1.67934,-1.43107e-07,5.5145,1.67934,-1.35023e-07,5.69945,1.67934,-1.32045e-07,5.76759,1.67934,-4.76837e-07,3.33401,2.5003,-4.74853e-07,3.3794,2.5003,-4.69467e-07,3.50262,2.5003,-4.61529e-07,3.68422,2.5003,-4.51891e-07,3.90472,2.5003,-4.41402e-07,4.14468,2.5003,-4.30913e-07,4.38463,2.5003,-4.21274e-07,4.60514,2.5003,-4.13337e-07,4.78673,2.5003,-4.0795e-07,4.90995,2.5003,-4.05966e-07,4.95535,2.5003,-7.15256e-07,3.33398,3.33544,-7.14306e-07,3.3557,3.33544,-7.11728e-07,3.41468,3.33544,-7.07929e-07,3.5016,3.33544,-7.03315e-07,3.60714,3.33544,-6.98295e-07,3.72199,3.33544,-6.93275e-07,3.83684,3.33544,-6.88661e-07,3.94238,3.33544,-6.84862e-07,4.0293,3.33544,-6.82284e-07,4.08827,3.33544,-6.81335e-07,4.11,3.33544,0.839823,0.040864,6.9e-05],"quats":[0.707102,-0.002404,0.707102,0.002379,0.707105,-0.001294,0.707105,0.001271,0.707098,-0.003449,0.707098,0.003423,0.707105,0.001187,0.707105,-0.001212,0.708535,-1.1e-05,-1.1e-05,0.705675],"scales":[1.01935,1.01935,1.01935],"length":0.333333,"tracks":{"Bone003":{"pos":[0,0,1,1,2,2,3,3,4,4,5,5,6,6,7,7,8,8,9,9,10,10],"quat":[0,0,10,0]},"Bone004":{"pos":[0,11,1,12,2,13,3,14,4,15,5,16,6,17,7,18,8,19,9,20,10,21]},"Bone005":{"pos":[0,22,1,23,2,24,3,25,4,26,5,27,6,28,7,29,8,30,9,31,10,32],"quat":[0,0,10,0]},"Bone006":{"pos":[0,33,1,34,2,35,3,36,4,37,5,38,6,39,7,40,8,41,9,42,10,43],"quat":[0,1,10,1]},"Bone007":{"pos":[0,44,1,45,2,46,3,47,4,48,5,49,6,50,7,51,8,52,9,53,10,54],"quat":[0,1,10,1]},"Bone008":{"pos":[0,55,1,56,2,57,3,58,4,59,5,60,6,61,7,62,8,63,9,64,10,65]},"Bone009":{"pos":[0,66,1,67,2,68,3,69,4,70,5,71,6,72,7,73,8,74,9,75,10,76],"quat":[0,2,10,2]},"Bone010":{"pos":[0,77,1,78,2,79,3,80,4,81,5,82,6,83,7,84,8,85,9,86,10,87]},"Bone011":{"pos":[0,88,1,89,2,90,3,91,4,92,5,93,6,94,7,95,8,96,9,97,10,98]},"Bone012":{"pos":[0,99,1,100,2,101,3,102,4,103,5,104,6,105,7,106,8,107,9,108,10,109],"quat":[0,3,10,3]},"bind":{"pos":[0,110],"quat":[0,4],"scale":[0,0]}}},"version":"0.1.0"}