{
  "skeleton": [
    {
      "name": "root",
      "parent": "root",
      "initpos": [
        0,
        0,
        0
      ],
      "initquaternion": [
        0.707106,
        0,
        0,
        0.707106
      ],
      "initscale": [
        1,
        0.999999,
        0.999999
      ],
      "offmtx": [
        [
          1,
          0,
          0,
          0
        ],
        [
          0,
          1,
          0,
          0
        ],
        [
          0,
          0,
          1,
          0
        ]
      ],
      "boundingbox": [
        [
          0,
          0,
          0
        ],
        [
          0,
          0,
          0
        ]
      ]
    },
    {
      "name": "Bone001",
      "parent": "root",
      "initpos": [
        0,
        5.071519,
        -4.94209
      ],
      "initquaternion": [
        0,
        0,
        -0.707106,
        0.707106
      ],
      "initscale": [
        1,
        1,
        1
      ],
      "offmtx": [
        [
          1.6292068494294654e-7,
          0,
          -0.999999,
          5.071523
        ],
        [
          1,
          0,
          1.6292067073209182e-7,
          -8.26256041364104e-7
        ],
        [
          0,
          -0.999999,
          0,
          4.942086
        ]
      ],
      "boundingbox": [
        [
          0.009102,
          -2.335669,
          -1.762415
        ],
        [
          9.351778,
          2.335668,
          2.033048
        ]
      ]
    },
    {
      "name": "Bone012",
      "parent": "Bone001",
      "initpos": [
        7.634749,
        0.000001,
        -0.9972
      ],
      "initquaternion": [
        -0.5,
        0.499999,
        0.499999,
        0.5
      ],
      "initscale": [
        0.999999,
        0.999999,
        1
      ],
      "offmtx": [
        [
          0.000001,
          0.999999,
          0,
          -5.939285
        ],
        [
          0,
          0,
          0.999999,
          2.563231
        ],
        [
          1,
          -0.000001,
          0,
          0.000007
        ]
      ],
      "boundingbox": [
        [
          0.765213,
          -1.425064,
          -2.043711
        ],
        [
          1.057178,
          1.786481,
          2.04371
        ]
      ]
    },
    {
      "name": "Bone013",
      "parent": "Bone012",
      "initpos": [
        1.22197,
        -0.003858,
        -0.074999
      ],
      "initquaternion": [
        0,
        0,
        0,
        1
      ],
      "initscale": [
        1,
        1,
        1
      ],
      "offmtx": [
        [
          0.000001,
          0.999999,
          0,
          -7.161264
        ],
        [
          0,
          0,
          0.999999,
          2.567089
        ],
        [
          1,
          -0.000001,
          0,
          0.075009
        ]
      ],
      "boundingbox": [
        [
          -0.164806,
          -4.92471,
          -2.990567
        ],
        [
          4.506537,
          2.082298,
          3.140568
        ]
      ]
    },
    {
      "name": "Bone014",
      "parent": "Bone013",
      "initpos": [
        3.992339,
        -1.123576,
        2.85431
      ],
      "initquaternion": [
        -0.707107,
        3.3717489600348927e-7,
        -3.371746402081044e-7,
        0.707106
      ],
      "initscale": [
        1,
        1,
        1
      ],
      "offmtx": [
        [
          -8.089025413937634e-7,
          0.999999,
          -0.000002,
          -11.1536
        ],
        [
          -1,
          -8.089035645753029e-7,
          -4.815141210201546e-7,
          2.779315
        ],
        [
          -4.81515996852977e-7,
          0.000002,
          0.999999,
          3.690651
        ]
      ],
      "boundingbox": [
        [
          -0.091138,
          -0.842284,
          -0.27742
        ],
        [
          3.412367,
          0.909471,
          0.306505
        ]
      ]
    },
    {
      "name": "Bone015",
      "parent": "Bone013",
      "initpos": [
        3.992341,
        -1.123588,
        -2.648798
      ],
      "initquaternion": [
        -0.707107,
        3.3717489600348927e-7,
        -3.371746402081044e-7,
        0.707106
      ],
      "initscale": [
        1,
        1,
        1
      ],
      "offmtx": [
        [
          -8.089025413937634e-7,
          0.999999,
          -0.000002,
          -11.153601
        ],
        [
          -1,
          -8.089035645753029e-7,
          -4.815141210201546e-7,
          -2.723793
        ],
        [
          -4.81515996852977e-7,
          0.000002,
          0.999999,
          3.690651
        ]
      ],
      "boundingbox": [
        [
          -0.091133,
          -0.853974,
          -0.27742
        ],
        [
          3.412376,
          0.897779,
          0.306505
        ]
      ]
    },
    {
      "name": "Bone016",
      "parent": "Bone013",
      "initpos": [
        4.461242,
        -2.772857,
        -1.997698
      ],
      "initquaternion": [
        0.364327,
        0.078181,
        -0.219492,
        0.901651
      ],
      "initscale": [
        1,
        1,
        0.999999
      ],
      "offmtx": [
        [
          -0.300921,
          0.89142,
          -0.338844,
          -12.793708
        ],
        [
          0.622673,
          0.45278,
          0.638175,
          -0.564015
        ],
        [
          0.722304,
          -0.018948,
          -0.691315,
          -1.974234
        ]
      ],
      "boundingbox": [
        [
          -0.146341,
          -0.672049,
          -0.692269
        ],
        [
          1.516161,
          0.616632,
          0.643963
        ]
      ]
    },
    {
      "name": "Bone017",
      "parent": "Bone013",
      "initpos": [
        4.46124,
        -2.772866,
        2.15118
      ],
      "initquaternion": [
        -0.07818,
        0.364328,
        0.901651,
        0.219492
      ],
      "initscale": [
        -1,
        -0.999999,
        -1
      ],
      "offmtx": [
        [
          0.300919,
          0.891421,
          -0.338844,
          -12.794761
        ],
        [
          -0.622674,
          0.452779,
          0.638175,
          -0.561837
        ],
        [
          -0.722305,
          -0.01895,
          -0.691314,
          -1.971707
        ]
      ],
      "boundingbox": [
        [
          -0.147389,
          -0.669894,
          -0.689768
        ],
        [
          1.51511,
          0.618784,
          0.646462
        ]
      ]
    },
    {
      "name": "Bone006",
      "parent": "Bone001",
      "initpos": [
        -0.32448,
        1.0185965493292315e-7,
        -0.295159
      ],
      "initquaternion": [
        0,
        0,
        1,
        -3.139165016818879e-7
      ],
      "initscale": [
        0.999999,
        0.999999,
        1
      ],
      "offmtx": [
        [
          1.6292068494294654e-7,
          0,
          0.999999,
          -5.395996
        ],
        [
          -1,
          0,
          1.6292067073209182e-7,
          -8.26256041364104e-7
        ],
        [
          0,
          -0.999999,
          0,
          5.237253
        ]
      ],
      "boundingbox": [
        [
          -0.007179,
          -0.875875,
          -0.885334
        ],
        [
          2.328489,
          0.875878,
          0.86642
        ]
      ]
    },
    {
      "name": "Bone007",
      "parent": "Bone006",
      "initpos": [
        2.466909,
        -4.862922651227564e-7,
        0
      ],
      "initquaternion": [
        0,
        0,
        0,
        1
      ],
      "initscale": [
        1,
        1,
        1
      ],