{"mesh":[{"material":"2023s2/","indices":[0,1,2,1,0,3],"vertices":[2,0,2,0,1,0,1,0,0,0,0,0,3,0,3,0],"fields":["pos","normal","uvcoord","weight"],"poses":[-0.0005,0.0,0.000499,-0.0005,-0.0,-0.000499,0.0005,0.0,0.000499,0.0005,-0.0,-0.000499],"normals":[0.0,1.0,-0.0],"uvcoords":[0.0,0.0,0.0,1.0,1.0,0.0,1.0,1.0],"weights":["Bone001",1.0],"colors":[]}],"version":"0.1.0"}