{"mesh":[{"material":"2023s2/cs_guochao_skinb_1","indices":[5,6,60,5,61,6,7,8,62,7,63,8,9,10,64,9,65,10,11,12,66,11,67,12,13,14,68,13,69,14,15,16,70,15,71,16,17,18,72,17,73,18,19,20,74,19,75,20,21,22,76,21,77,22,23,24,78,23,79,24,25,26,80,25,81,26,27,28,82,27,83,28,29,0,30,0,31,30,29,84,0,0,85,31,32,1,86,32,33,1,33,34,1,34,87,1,35,2,36,2,37,36,35,88,2,2,89,37,38,39,90,38,91,39,40,41,92,40,93,41,42,3,43,3,94,43,42,44,3,44,95,3,96,4,45,4,46,45,4,97,47,4,47,46,48,49,98,48,99,49,50,51,100,50,101,51,52,53,102,52,103,53,54,55,104,54,105,55,56,57,106,56,107,57,58,59,108,58,109,59],"vertices":[25,1,17,0,29,1,21,0,32,2,48,0,44,0,17,0,47,0,21,0,3,3,3,1,1,3,7,1,5,0,34,1,0,0,6,1,7,4,9,1,4,4,35,1,2,1,0,1,6,1,8,1,2,5,0,1,5,5,37,1,6,6,39,1,0,6,0,1,11,7,4,0,9,7,12,0,13,0,41,0,8,0,11,0,15,8,14,0,12,8,42,0,10,1,1,0,14,1,13,0,10,2,1,0,13,2,44,0,14,9,46,0,8,9,1,0,27,1,19,0,24,1,16,0,60,1,27,0,30,1,22,0,57,1,23,0,58,1,24,0,34,2,50,0,31,2,47,0,49,2,59,0,38,2,54,0,36,2,52,0,42,2,58,0,40,2,56,0,45,0,16,0,43,0,19,0,55,0,27,0,46,0,22,0,51,0,23,0,52,0,24,0,19,10,5,2,17,10,29,2,21,0,62,2,16,0,28,2,23,11,31,2,20,11,63,2,18,1,2,2,22,1,30,2,18,12,2,2,21,12,65,2,22,13,67,2,16,13,2,2,0,3,6,1,2,3,0,1,4,0,33,1,3,0,3,1,6,4,8,1,5,4,36,1,1,1,7,1,7,1,9,1,7,5,10,1,3,5,3,1,1,6,38,1,4,6,10,1,8,7,11,0,10,7,1,0,12,0,40,0,11,0,4,0,14,8,13,0,13,8,43,0,9,1,12,0,15,1,14,0,15,2,15,0,11,2,4,0,9,9,45,0,12,9,15,0,26,1,18,0,61,1,26,0,28,1,20,0,59,1,25,0,33,2,49,0,50,2,60,0,35,2,51,0,37,2,53,0,39,2,55,0,41,2,57,0,56,0,18,0,54,0,26,0,48,0,20,0,53,0,25,0,16,10,28,2,18,10,2,2,20,0,61,2,19,0,5,2,22,11,30,2,21,11,64,2,17,1,29,2,23,1,31,2,23,12,32,2,19,12,5,2,17,13,66,2,20,13,32,2],"fields":["pos","normal","uvcoord","weight"],"poses":[-2.0,33.7286,1.53433,2.0,33.7286,1.53433,2.0,34.5051,4.43211,-2.0,34.5051,4.43211,-2.0,28.899,2.82843,-2.0,29.6754,5.7262,2.0,28.899,2.82842,2.0,29.6754,5.7262,-2.04736,23.0268,6.25716,1.95264,23.0268,6.25716,1.95264,25.1481,8.37848,-2.04736,25.1481,8.37848,-2.04736,17.7342,11.5498,-2.04736,19.8555,13.6711,1.95264,17.7342,11.5498,1.95264,19.8555,13.6711,-1.94336,28.5465,3.13585,2.05664,28.5465,3.13585,2.05664,30.0465,5.73393,-1.94336,30.0465,5.73393,-1.94336,23.3504,6.13585,-1.94336,24.8504,8.73392,2.05664,23.3504,6.13585,2.05664,24.8504,8.73392,2.06639,19.7786,11.6268,2.06639,18.3644,12.3339,2.06639,18.0109,12.6875,2.06639,18.3644,13.041,2.06639,20.1217,13.4337,2.06639,19.7682,13.0802,2.06639,19.4146,14.1408,-2.04889,20.5913,13.1568,-1.54889,19.8842,13.8639,-1.54889,19.5307,14.2175,-2.04889,19.5307,14.2175,-0.548887,19.5307,14.2175,-0.548887,20.2378,13.5104,0.451112,20.2378,13.5104,0.451112,19.5307,14.2175,0.951112,20.5913,13.1568,1.45111,20.5913,13.1568,1.45111,19.5307,14.2175,0.951112,19.5307,14.2175,-2.17407,18.3644,13.041,-2.17407,18.3644,12.3339,-2.17407,19.7786,11.6268,-2.17407,19.4146,14.1408,-2.17407,19.7682,13.0802,-2.17407,20.1217,13.4337,-1.04889,20.5913,13.1568,-1.04889,19.8842,13.8639,-2.17407,18.7075,13.4337,-2.17407,19.7682,12.3731,-2.17407,20.1217,12.7266,-2.17407,18.0109,11.9804,-2.17407,19.0715,10.9197,-2.17407,18.0109,12.6875,2.06639,18.7075,13.4337,2.06639,19.7682,12.3731,2.06639,20.1217,12.7266,2.06639,19.0715,10.9197,2.06639,18.0109,11.9804],"normals":[-1.0,0.0,0.0,1.0,0.0,-0.0,0.0,0.7071,0.7071,-0.0,0.9659,-0.2588,0.0,-0.9659,0.2588,0.0,0.2588,0.9659,-0.0,-0.2588,-0.9659,-0.0,0.7071,-0.7071,0.0,-0.7071,0.7071,-0.0,-0.7071,-0.7071,-0.0,0.866,-0.5,0.0,-0.866,0.5,0.0,0.5,0.866,-0.0,-0.5,-0.866],"uvcoords":[0.7031,0.4062,0.7188,0.125,0.7031,0.2656,0.6406,0.4062,0.6562,0.125,0.6406,0.2656,0.6406,0.4531,0.7031,0.4531,0.7812,0.4531,0.7812,0.4062,0.7031,0.3281,0.6562,0.1719,0.7188,0.1719,0.8359,0.1719,0.8359,0.125,0.7188,0.008,0.8164,0.2305,0.793,0.2383,0.7852,0.2383,0.7852,0.2305,0.7812,0.1914,0.7891,0.1914,0.7812,0.207,0.7969,0.207,0.7969,0.1836,0.7891,0.1836,0.793,0.2461,0.8164,0.2461,0.6406,0.3125,0.7031,0.3125,0.7969,0.3125,0.7969,0.2656,0.7031,0.1719,0.5625,0.4531,0.5625,0.4062,0.8438,0.4531,0.8438,0.4062,0.6406,0.3281,0.7656,0.4062,0.7656,0.3281,0.5391,0.1719,0.5391,0.125,0.8984,0.1719,0.8984,0.125,0.6562,0.008,0.7812,0.125,0.7812,0.008,0.832,0.1836,0.8242,0.1992,0.8242,0.207,0.832,0.207,0.8516,0.1875,0.8516,0.2031,0.8672,0.2031,0.8672,0.1875,0.8398,0.25,0.8477,0.25,0.8477,0.2266,0.8398,0.2266,0.8164,0.1836,0.8164,0.1992,0.5469,0.3125,0.5469,0.2656,0.8594,0.3125,0.8594,0.2656,0.6406,0.1719,0.7656,0.2656,0.7656,0.1719],"weights":["bone01",1.0,"bone03",1.0,"bone02",1.0],"colors":[]}],"version":"0.1.0"}