{"mesh":[{"material":"2023s2/xy_fantacy_armor","indices":[0,1,16,0,17,1,2,3,18,2,19,3,4,5,20,4,21,5,6,7,22,6,23,7,8,9,24,8,25,9,10,11,26,10,27,11,12,13,28,12,29,13,14,15,30,14,31,15],"vertices":[3,0,3,0,1,0,1,0,7,1,2,0,5,1,0,0,6,2,7,0,2,2,5,0,4,3,6,0,0,3,4,0,11,1,0,0,9,1,2,0,15,0,1,0,13,0,3,0,8,3,4,0,12,3,6,0,10,2,5,0,14,2,7,0,0,0,0,0,2,0,2,0,4,1,1,0,6,1,3,0,3,2,4,0,7,2,6,0,1,3,5,0,5,3,7,0,8,1,3,0,10,1,1,0,12,0,2,0,14,0,0,0,13,3,7,0,9,3,5,0,15,2,6,0,11,2,4,0],"fields":["pos","normal","uvcoord","weight"],"poses":[10.23,13.6966,3.18722,10.23,14.9526,3.18722,3.83014,14.9526,3.18722,3.83014,13.6966,3.18722,10.23,14.9526,-3.18322,10.23,13.6966,-3.18322,3.83014,13.6966,-3.18322,3.83014,14.9526,-3.18322,3.77669,13.6966,3.23087,3.77669,14.9526,3.23087,10.2834,14.9526,3.23087,10.2834,13.6966,3.23087,3.77669,14.9526,-3.22687,3.77669,13.6966,-3.22687,10.2834,13.6966,-3.22687,10.2834,14.9526,-3.22687],"normals":[0.0,-0.0,-1.0,0.0,0.0,1.0,1.0,0.0,0.0,-1.0,0.0,0.0],"uvcoords":[0.875,0.3125,0.875,0.2969,0.8125,0.2969,0.8125,0.3125,0.4844,0.2344,0.4844,0.2188,0.4219,0.2188,0.4219,0.2344],"weights":["Bone002",1.0],"colors":[]}],"version":"0.1.0"}