{
  "mesh": [
    {
      "material": "2023s2/xy_fantacy_armor",
      "indices": [
        14,
        0,
        6,
        0,
        1,
        6,
        1,
        15,
        6,
        0,
        2,
        1,
        0,
        16,
        2,
        2,
        7,
        1,
        7,
        2,
        10,
        7,
        10,
        17,
        11,
        12,
        18,
        11,
        19,
        12,
        20,
        3,
        4,
        8,
        13,
        4,
        5,
        8,
        4,
        3,
        5,
        4,
        3,
        9,
        5,
        3,
        21,
        9,
        9,
        22,
        5,
        8,
        23,
        13
      ],
      "vertices": [
        5,
        0,
        1,
        0,
        12,
        0,
        14,
        0,
        10,
        0,
        12,
        0,
        8,
        1,
        8,
        0,
        7,
        1,
        7,
        0,
        14,
        1,
        16,
        0,
        4,
        0,
        0,
        0,
        11,
        0,
        13,
        0,
        18,
        1,
        22,
        0,
        15,
        1,
        17,
        0,
        1,
        0,
        11,
        0,
        3,
        2,
        6,
        0,
        1,
        2,
        4,
        0,
        0,
        1,
        20,
        0,
        6,
        0,
        2,
        0,
        19,
        0,
        23,
        0,
        13,
        0,
        15,
        0,
        2,
        0,
        10,
        0,
        0,
        2,
        3,
        0,
        2,
        2,
        5,
        0,
        9,
        1,
        9,
        0,
        17,
        1,
        19,
        0,
        16,
        1,
        18,
        0,
        3,
        1,
        21,
        0
      ],
      "fields": [
        "pos",
        "normal",
        "uvcoord",
        "weight"
      ],
      "poses": [
        2.01678,
        24.3386,
        2.54118,
        2.01678,
        24.3386,
        -2.59668,
        4.04361,
        24.3386,
        -2.59668,
        4.04361,
        24.3386,
        2.54118,
        -4.06369,
        18.0844,
        -2.59668,
        -3.05028,
        20.1692,
        -2.59668,
        -4.06369,
        20.1692,
        -2.59668,
        2.01678,
        23.2963,
        2.54118,
        -3.05028,
        22.2539,
        2.54118,
        -3.05028,
        23.2963,
        2.54118,
        2.01678,
        21.2115,
        -2.59668,
        4.04361,
        19.1268,
        -2.59668,
        -1.02345,
        19.1268,
        -2.59668,
        -3.05028,
        21.2115,
        -2.59668,
        -2.03687,
        21.2115,
        2.54118,
        -4.06369,
        20.1692,
        2.54118,
        -2.03687,
        20.1692,
        2.54118,
        -4.06369,
        22.2539,
        2.54118,
        4.04361,
        21.2115,
        2.54118,
        -1.02345,
        18.0844,
        -2.59668
      ],
      "normals": [
        0,
        0,
        -1,
        0,
        0,
        1,
        0,
        1,
        0
      ],
      "uvcoords": [
        0.8438,
        0.125,
        0.8594,
        0.0938,
        0.8438,
        0.0938,
        0.9375,
        0.1562,
        0.9375,
        0.2188,
        0.9688,
        0.2188,
        0.9688,
        0.1562,
        0.8594,
        0.1875,
        0.7812,
        0.2031,
        0.7812,
        0.1875,
        0.9688,
        0.0312,
        0.9375,
        0.0312,
        0.9375,
        0.0781,
        0.9688,
        0.1094,
        0.8906,
        0.1094,
        0.8594,
        0.0781,
        0.7969,
        0.2188,
        0.7656,
        0.2344,
        0.7969,
        0.2344,
        0.7656,
        0.2031,
        0.8594,
        0.1719,
        0.8906,
        0.1719,
        0.8906,
        0.2188,
        0.8906,
        0.125
      ],
      "weights": [
        "Bone001",
        1
      ],
      "colors": []
    }
  ],
  "version": "0.1.0"
}
