{"mesh":[{"material":"2023s2/xy_fantacy_armor","indices":[4,5,52,4,53,5,6,7,54,6,55,7,8,9,56,8,57,9,10,11,58,10,59,11,12,13,60,12,61,13,14,15,62,14,63,15,16,17,64,16,65,17,18,19,66,18,67,19,20,21,68,20,69,21,22,23,70,22,71,23,24,25,72,24,73,25,26,27,74,26,75,27,28,29,76,28,77,29,30,31,78,30,79,31,32,33,80,32,81,33,34,35,82,34,83,35,36,37,84,36,85,37,38,39,86,38,87,39,40,41,88,40,89,41,42,43,90,42,91,43,44,45,92,44,93,45,46,47,94,46,95,47,0,48,1,1,96,49,1,49,0,0,97,48,2,50,98,2,3,50,2,51,3,51,99,3],"vertices":[33,1,15,0,30,1,12,0,37,0,15,0,36,0,12,0,5,4,21,0,3,4,19,0,7,5,25,0,1,5,23,0,3,2,29,0,0,2,27,0,4,0,3,0,7,0,1,0,2,3,33,0,7,3,31,0,2,1,2,0,1,1,0,0,25,2,7,0,23,2,5,0,22,0,11,0,27,0,9,0,26,3,4,0,29,3,6,0,28,1,8,0,24,1,10,0,11,2,37,0,9,2,35,0,15,2,41,0,13,2,39,0,8,5,45,0,16,5,43,0,9,0,49,0,17,0,47,0,10,4,53,0,18,4,51,0,11,1,57,0,1,1,55,0,12,1,61,0,20,1,59,0,13,5,65,0,0,5,63,0,14,0,69,0,21,0,67,0,15,4,73,0,19,4,71,0,16,3,77,0,18,3,75,0,20,3,81,0,21,3,79,0,31,1,13,0,38,1,16,0,35,0,13,0,41,0,16,0,2,4,18,0,4,4,20,0,0,5,22,0,6,5,24,0,1,2,26,0,4,2,28,0,0,0,0,0,5,0,2,0,5,3,30,0,6,3,32,0,6,1,1,0,3,1,3,0,22,2,4,0,24,2,6,0,26,0,8,0,23,0,10,0,28,3,7,0,27,3,5,0,25,1,11,0,29,1,9,0,8,2,34,0,10,2,36,0,12,2,38,0,14,2,40,0,1,5,42,0,9,5,44,0,16,0,46,0,10,0,48,0,17,4,50,0,11,4,52,0,18,1,54,0,8,1,56,0,19,1,58,0,13,1,60,0,20,5,62,0,14,5,64,0,0,0,66,0,15,0,68,0,21,4,70,0,12,4,72,0,1,3,74,0,17,3,76,0,19,3,78,0,0,3,80,0,39,1,17,0,32,1,14,0,34,0,14,0,40,0,17,0],"fields":["pos","normal","uvcoord","weight"],"poses":[0.297761,-0.152997,-2.583,-5.17897,-0.152997,-2.583,-5.17897,3.47529,2.65829,-5.17897,3.47529,-2.583,0.297761,3.47529,-2.583,0.297761,3.47529,2.65829,-5.17897,-0.152997,2.65829,0.297761,-0.152997,2.65829,-5.17897,-0.152997,-3.89332,-3.80979,-0.152997,-3.89332,-3.80979,1.05643,-3.89332,-5.17897,1.05643,-3.89332,-1.07142,1.05643,-3.89332,-1.07142,-0.152997,-3.89332,0.297761,-0.152997,-3.89332,0.297761,1.05643,-3.89332,-3.80979,-0.152997,-2.583,-3.80979,1.05643,-2.583,-5.17897,1.05643,-2.583,-1.07142,1.05643,-2.583,-1.07142,-0.152997,-2.583,0.297761,1.05643,-2.583,0.644663,2.04702,-2.91261,0.644663,3.40857,-2.91261,-5.5209,3.40857,-2.91261,-5.5209,2.04702,-2.91261,0.644663,2.04702,2.9879,0.644663,3.40857,2.9879,-5.5209,2.04702,2.9879,-5.5209,3.40857,2.9879,-5.17897,6.04771,0.037645,-5.17897,7.25714,0.037645,-5.17897,7.25714,2.65829,-5.17897,4.83828,2.65829,-5.11551,7.25714,2.65829,-5.11551,7.25714,0.037645,-5.11551,6.04771,0.037645,-5.11551,4.83828,2.65829,-5.17897,4.83828,-2.583,-5.17897,6.04771,-2.583,-5.11551,6.04771,-2.583,-5.11551,4.83828,-2.583],"normals":[1.0,0.0,0.0,-1.0,0.0,0.0,0.0,-0.0,-1.0,0.0,0.0,1.0,0.0,1.0,-0.0,0.0,-1.0,0.0],"uvcoords":[0.5469,0.1719,0.6094,0.1719,0.6094,0.125,0.5469,0.125,0.9688,0.3438,0.9688,0.3281,0.9062,0.3281,0.9062,0.3438,0.9688,0.4062,0.9688,0.3906,0.9062,0.3906,0.9062,0.4062,0.7969,0.6875,0.7969,0.6719,0.8281,0.6719,0.8281,0.7031,0.7656,0.7031,0.7656,0.6875,0.7656,0.9062,0.7656,0.9688,0.8281,0.9688,0.8281,0.9062,0.0938,0.0938,0.0312,0.0938,0.0312,0.0312,0.0938,0.0312,0.375,0.9688,0.4375,0.9688,0.4375,0.9219,0.375,0.9219,0.6875,0.9219,0.6875,0.9688,0.625,0.9688,0.625,0.9219,0.1406,0.6406,0.1562,0.6406,0.1562,0.625,0.1406,0.625,0.3125,0.5312,0.3125,0.5469,0.3281,0.5469,0.3281,0.5312,0.3906,0.5312,0.4062,0.5312,0.4062,0.5469,0.3906,0.5469,0.5,0.5781,0.5,0.5625,0.4844,0.5625,0.4844,0.5781,0.5625,0.7656,0.5469,0.7656,0.5469,0.7812,0.5625,0.7812,0.5625,0.8281,0.5625,0.8438,0.5469,0.8438,0.5469,0.8281,0.5625,0.8906,0.5625,0.9062,0.5469,0.9062,0.5469,0.8906,0.3906,0.4375,0.4062,0.4375,0.4062,0.4531,0.3906,0.4531,0.5625,0.7188,0.5625,0.7031,0.5469,0.7031,0.5469,0.7188,0.4062,0.4844,0.3906,0.4844,0.3906,0.5,0.4062,0.5,0.4688,0.6875,0.4688,0.6719,0.4844,0.6719,0.4844,0.6875,0.1406,0.7031,0.1562,0.7031,0.1562,0.7188,0.1406,0.7188],"weights":["Bone005",1.0],"colors":[]}],"version":"0.1.0"}