{
  "skeleton": [
    {
      "name": "root",
      "parent": "root",
      "initpos": [
        0,
        0,
        0
      ],
      "initquaternion": [
        0.707106,
        0,
        0,
        0.707106
      ],
      "initscale": [
        1,
        0.999999,
        0.999999
      ],
      "offmtx": [
        [
          1,
          0,
          0,
          0
        ],
        [
          0,
          1,
          0,
          0
        ],
        [
          0,
          0,
          1,
          0
        ]
      ],
      "boundingbox": [
        [
          0,
          0,
          0
        ],
        [
          0,
          0,
          0
        ]
      ]
    },
    {
      "name": "Bone000",
      "parent": "root",
      "initpos": [
        -0.002876,
        0,
        -1.46835
      ],
      "initquaternion": [
        -0.50027,
        0.499728,
        0.499702,
        0.500297
      ],
      "initscale": [
        0.999999,
        0.999999,
        0.999999
      ],
      "offmtx": [
        [
          0.001137,
          0.999999,
          0,
          -1.468345
        ],
        [
          -0.999999,
          0.001137,
          0.000053,
          -0.004546
        ],
        [
          0.000053,
          0,
          1,
          2.427460401577264e-7
        ]
      ],
      "boundingbox": [
        [
          -1.45663,
          -2.888296,
          -3.051368
        ],
        [
          2.388672,
          2.883548,
          2.883769
        ]
      ]
    },
    {
      "name": "Bone001",
      "parent": "Bone000",
      "initpos": [
        3.61531,
        -0.001995,
        -4.924028189634555e-7
      ],
      "initquaternion": [
        2.38419403331136e-7,
        0,
        -0.000706,
        0.999999
      ],
      "initscale": [
        0.999999,
        0.999999,
        1
      ],
      "offmtx": [
        [
          0.00255,
          0.999996,
          0,
          -5.083646
        ],
        [
          -0.999996,
          0.00255,
          0.000053,
          -0.009732
        ],
        [
          0.000053,
          0,
          1,
          7.397896979455254e-7
        ]
      ],
      "boundingbox": [
        [
          1.532924,
          -2.875918,
          -3.349652
        ],
        [
          3.793123,
          2.896646,
          2.883772
        ]
      ]
    },
    {
      "name": "Bone010",
      "parent": "Bone000",
      "initpos": [
        2.775109,
        -0.002732,
        1.5712436152170994e-7
      ],
      "initquaternion": [
        0,
        0,
        0.000292,
        0.999999
      ],
      "initscale": [
        0.512575,
        1.13545,
        1.13545
      ],
      "offmtx": [
        [
          0.001076,
          1.950928,
          0,
          -8.278681
        ],
        [
          -0.880707,
          0.000486,
          0.000047,
          0.00059
        ],
        [
          0.000047,
          0,
          0.880708,
          0
        ]
      ],
      "boundingbox": [
        [
          -5.35466,
          -3.859546,
          -2.981808
        ],
        [
          5.897775,
          3.487666,
          3.424723
        ]
      ]
    }
  ],
  "boundingbox": [
    [
      -3.956651,
      0.014994,
      -3.385483
    ],
    [
      4.385281,
      8.869445,
      3.888386
    ]
  ]
}
