{"is_global":true,"animation":{"fields":["time","attr"],"times":[0.0,0.033333,0.066666,0.1,0.133333,0.166666,0.2,0.233333,0.266666,0.3,0.333333,0.366666,0.4,0.433333,0.466666,0.5,0.533333,0.566666,0.6,0.633333,0.666666,0.7,0.733333,0.766666,0.8,0.833333,0.866666,0.9,0.933333,0.966666,1.0,1.03333,1.06667,1.1,1.13333,1.16667,1.2,1.23333,1.26667,1.3,1.33333,1.36667,1.4,1.43333,1.46667,1.5,1.53333,1.56667,1.6,1.63333,1.66667,1.7,1.73333,1.76667,1.8,1.83333,1.86667,1.9,1.93333,1.96667,2.0],"poses":[-0.0,0.124646,-5.188,-9.36548,-15.4985,-7.9984,-9.3605,15.5015,-7.9984,0.347663,19.3534,-5.8929,0.341437,-19.3536,-5.8929,-0.0,0.128095,-5.17137,-0.0,0.137793,-5.12508,-0.0,0.152766,-5.05452,-0.0,0.172041,-4.96508,-0.0,0.194648,-4.86216,-0.0,0.219613,-4.75115,-0.0,0.245961,-4.63744,-0.0,0.272722,-4.52643,-0.0,0.298922,-4.42351,-0.0,0.323588,-4.33407,-0.0,0.345748,-4.26351,-0.0,0.364428,-4.21722,-0.0,0.378657,-4.20059,-0.0,0.389759,-4.21317,-0.0,0.399744,-4.24857,-0.0,0.408666,-4.30328,-0.0,0.416575,-4.37379,-0.0,0.423525,-4.45658,-0.0,0.429565,-4.54816,-0.0,0.434749,-4.645,-0.0,0.439128,-4.74359,-0.0,0.442755,-4.84043,-0.0,0.445681,-4.932,-0.0,0.447959,-5.0148,-0.0,0.44964,-5.08531,-0.0,0.450778,-5.14002,-0.0,0.451422,-5.17542,-0.0,0.451624,-5.188,-0.0,0.44846,-5.17691,-0.0,0.439491,-5.14557,-0.0,0.425509,-5.09688,-0.0,0.407305,-5.03372,-0.0,0.385672,-4.95899,-0.0,0.361398,-4.87558,-0.0,0.335276,-4.78638,-0.0,0.308095,-4.69429,-0.0,0.280647,-4.60221,-0.0,0.253722,-4.51301,-0.0,0.228111,-4.4296,-0.0,0.204606,-4.35487,-0.0,0.183998,-4.29171,-0.0,0.167077,-4.24302,-0.0,0.15465,-4.21174,-0.0,0.147458,-4.20059,-0.0,0.143442,-4.21168,-0.0,0.139927,-4.24302,-0.0,0.136882,-4.29171,-0.0,0.134269,-4.35487,-0.0,0.132058,-4.4296,-0.0,0.130216,-4.51301,-0.0,0.128707,-4.60221,-0.0,0.127498,-4.69429,-0.0,0.126557,-4.78638,-0.0,0.12585,-4.87558,-0.0,0.125342,-4.95899,-0.0,0.125002,-5.03372,-0.0,0.124797,-5.09688,-0.0,0.124692,-5.14557,-0.0,0.124652,-5.17691,-9.36548,-15.5124,-8.05313,-9.36549,-15.5276,-8.11252,-9.36549,-15.5437,-8.17568,-9.36549,-15.5605,-8.24172,-9.36549,-15.5778,-8.30974,-9.3655,-15.5955,-8.37885,-9.36549,-15.6132,-8.44836,-9.3655,-15.6307,-8.51727,-9.3655,-15.6479,-8.58469,-9.3655,-15.6645,-8.64983,-9.36551,-15.6803,-8.71179,-9.36551,-15.6951,-8.76978,-9.36551,-15.7086,-8.82281,-9.36551,-15.7206,-8.87003,-9.36552,-15.731,-8.91063,-9.36552,-15.7394,-8.94362,-9.36552,-15.7457,-8.96831,-9.36552,-15.7496,-8.98382,-9.36552,-15.751,-8.98914,-9.36552,-15.7502,-8.984,-9.36552,-15.748,-8.96901,-9.36552,-15.7443,-8.94477,-9.36552,-15.7395,-8.9121,-9.36551,-15.7334,-8.8716,-9.36551,-15.7263,-8.82399,-9.36551,-15.7182,-8.76988,-9.36551,-15.7092,-8.71008,-9.36551,-15.6995,-8.6451,-9.36551,-15.6891,-8.57569,-9.3655,-15.6782,-8.50253,-9.3655,-15.6668,-8.42642,-9.36551,-15.655,-8.34788,-9.36551,-15.643,-8.26761,-9.3655,-15.6308,-8.18632,-9.3655,-15.6186,-8.10472,-9.3655,-15.6065,-8.02341,-9.36549,-15.5945,-7.94319,-9.36549,-15.5827,-7.86459,-9.36548,-15.5713,-7.7884,-9.36549,-15.5604,-7.71533,-9.36548,-15.55,-7.64589,-9.36548,-15.5403,-7.58098,-9.36549,-15.5313,-7.52106,-9.36548,-15.5232,-7.46701,-9.36548,-15.5161,-7.41932,-9.36548,-15.51,-7.37888,-9.36547,-15.5051,-7.34619,-9.36547,-15.5015,-7.32203,-9.36548,-15.4993,-7.307,-9.36548,-15.4985,-7.30179,-9.36548,-15.4985,-7.31509,-9.36548,-15.4985,-7.35201,-9.36548,-15.4985,-7.40842,-9.36547,-15.4985,-7.48012,-9.36548,-15.4985,-7.56301,-9.36548,-15.4985,-7.65288,-9.36548,-15.4985,-7.74552,-9.36548,-15.4985,-7.83683,-9.36548,-15.4985,-7.92249,-9.3605,15.5197,-8.05313,-9.36049,15.5395,-8.11252,-9.36048,15.5606,-8.17568,-9.36048,15.5826,-8.24172,-9.36048,15.6053,-8.30974,-9.36047,15.6284,-8.37885,-9.36047,15.6515,-8.44836,-9.36046,15.6745,-8.51727,-9.36046,15.697,-8.58469,-9.36046,15.7187,-8.64983,-9.36046,15.7394,-8.71179,-9.36046,15.7587,-8.76978,-9.36044,15.7764,-8.82281,-9.36045,15.7922,-8.87003,-9.36044,15.8057,-8.91063,-9.36045,15.8167,-8.94362,-9.36044,15.825,-8.96831,-9.36044,15.8301,-8.98382,-9.36044,15.8319,-8.98914,-9.36044,15.8309,-8.984,-9.36044,15.8279,-8.96901,-9.36044,15.8232,-8.94477,-9.36044,15.8168,-8.9121,-9.36045,15.8089,-8.8716,-9.36045,15.7996,-8.82399,-9.36045,15.789,-8.76988,-9.36045,15.7772,-8.71008,-9.36045,15.7645,-8.6451,-9.36045,15.7509,-8.57569,-9.36046,15.7366,-8.50253,-9.36046,15.7217,-8.42642,-9.36047,15.7063,-8.34788,-9.36046,15.6906,-8.26761,-9.36047,15.6747,-8.18632,-9.36047,15.6587,-8.10472,-9.36047,15.6428,-8.02341,-9.36047,15.6271,-7.94319,-9.36047,15.6117,-7.86459,-9.36047,15.5968,-7.7884,-9.36049,15.5825,-7.71533,-9.36049,15.5689,-7.64589,-9.36048,15.5561,-7.58098,-9.36049,15.5444,-7.52106,-9.36049,15.5338,-7.46701,-9.36049,15.5245,-7.41932,-9.36049,15.5166,-7.37888,-9.36049,15.5102,-7.34619,-9.36049,15.5054,-7.32203,-9.3605,15.5025,-7.307,-9.36049,15.5015,-7.30179,-9.3605,15.5015,-7.31509,-9.3605,15.5015,-7.35201,-9.3605,15.5015,-7.40842,-9.36049,15.5015,-7.48012,-9.36049,15.5015,-7.56301,-9.36049,15.5015,-7.65288,-9.3605,15.5015,-7.74552,-9.36049,15.5015,-7.83683,-9.36049,15.5015,-7.92249],