{"is_global":true,"animation":{"fields":["time","attr"],"times":[0.0,0.033333,0.066666,0.1,0.133333,0.166666,0.2,0.233333,0.266666,0.3,0.333333,0.366666,0.4,0.433333,0.466666,0.5,0.533333,0.566666,0.6,0.633333,0.666666],"poses":[-3e-06,-17.9229,-14.5006,-3e-06,-17.9229,-14.4659,-3e-06,-17.9229,-14.372,-3e-06,-17.9229,-14.2335,-3e-06,-17.9229,-14.0653,-3e-06,-17.9229,-13.8822,-3e-06,-17.9229,-13.6992,-3e-06,-17.9229,-13.531,-3e-06,-17.9229,-13.3925,-3e-06,-17.9229,-13.2985,11.5305,22.0432,1.2e-05,7.47928,6.04228,-8.0,7.47928,6.04227,8.0,-3e-06,-17.9229,-13.2639],"quats":[1.6858746e-07,1.6858735e-07,0.707106,0.707106,-0.653281,-0.270597,0.653281,0.270597,-0.270597,-0.653281,0.270597,0.653281,0.005122,-0.005205,0.701347,0.712782,0.012804,-0.013309,0.693154,0.720551,0.020782,-0.022109,0.684577,0.728308,0.026979,-0.029227,0.677749,0.734216,0.029469,-0.032159,0.674947,0.736575,0.027893,-0.030291,0.676815,0.735,0.023572,-0.02526,0.681846,0.730678,0.017083,-0.017951,0.689155,0.724189,0.009013,-0.009249,0.697857,0.71612,3.4507735e-07,-0.0,0.707106,0.707106,-0.009249,0.009013,0.71612,0.697857,-0.017951,0.017083,0.72419,0.689154,-0.02526,0.023572,0.730679,0.681846,-0.030291,0.027893,0.735,0.676815,-0.032159,0.029468,0.736575,0.674947,-0.029263,0.027015,0.734181,0.677783,-0.022216,0.020892,0.728146,0.684742,-0.01347,0.012968,0.720285,0.693425,-0.005349,0.005267,0.71258,0.70155,-0.657198,-0.269813,0.64803,0.274495,-0.662089,-0.270575,0.639458,0.281992,-0.666614,-0.272995,0.629383,0.291504,-0.669336,-0.277468,0.619765,0.301481,-0.668582,-0.284489,0.612865,0.310579,-0.663854,-0.293656,0.609797,0.318135,-0.656414,-0.303556,0.609929,0.323974,-0.64711,-0.313062,0.613103,0.327634,-0.636975,-0.321063,0.619016,0.328631,-0.627211,-0.326505,0.627211,0.326505,-0.619016,-0.328631,0.636975,0.321063,-0.613103,-0.327634,0.64711,0.313062,-0.609929,-0.323974,0.656414,0.303556,-0.609797,-0.318135,0.663854,0.293656,-0.612865,-0.310579,0.668582,0.284489,-0.619706,-0.301502,0.669393,0.277437,-0.629253,-0.291748,0.666737,0.272734,-0.639283,-0.282435,0.662255,0.270118,-0.647853,-0.274788,0.657373,0.269514,-0.273958,-0.64837,0.270361,0.656861,-0.281453,-0.639836,0.271143,0.66172,-0.291137,-0.629644,0.273394,0.666364,-0.30134,-0.619859,0.277625,0.669247,-0.310579,-0.612865,0.284489,0.668582,-0.318134,-0.609797,0.293656,0.663854,-0.323974,-0.609929,0.303556,0.656414,-0.327634,-0.613103,0.313062,0.64711,-0.328631,-0.619017,0.321063,0.636975,-0.326505,-0.627211,0.326505,0.627211,-0.321063,-0.636975,0.328631,0.619016,-0.313062,-0.64711,0.327634,0.613103,-0.303556,-0.656414,0.323974,0.609929,-0.293656,-0.663855,0.318134,0.609797,-0.284489,-0.668582,0.310579,0.612865,-0.277564,-0.669321,0.301387,0.619783,-0.273264,-0.66656,0.291242,0.629445,-0.27097,-0.662004,0.281603,0.639549,-0.270177,-0.657128,0.274133,0.648103],"scales":[],"length":0.666666,"tracks":{"Bone001":{"pos":[0,0,1,1,2,2,3,3,4,4,5,5,6,6,7,7,8,8,9,9,10,13,11,9,12,8,13,7,14,6,15,5,16,4,17,3,18,2,19,1,20,0]},"Bone003":{"pos":[0,10,20,10],"quat":[0,0,1,3,2,4,3,5,4,6,5,7,6,8,7,9,8,10,9,11,10,12,11,13,12,14,13,15,14,16,15,17,16,18,17,19,18,20,19,21,20,0]},"Bone005":{"pos":[0,11,20,11],"quat":[0,1,1,22,2,23,3,24,4,25,5,26,6,27,7,28,8,29,9,30,10,31,11,32,12,33,13,34,14,35,15,36,16,37,17,38,18,39,19,40,20,1]},"Bone006":{"pos":[0,12,20,12],"quat":[0,2,1,41,2,42,3,43,4,44,5,45,6,46,7,47,8,48,9,49,10,50,11,51,12,52,13,53,14,54,15,55,16,56,17,57,18,58,19,59,20,2]}}},"version":"0.1.0"}