{
  "skeleton": [
    {
      "name": "root",
      "parent": "root",
      "initpos": [
        0,
        0,
        0
      ],
      "initquaternion": [
        0.707106,
        0,
        0,
        0.707106
      ],
      "initscale": [
        1,
        0.999999,
        0.999999
      ],
      "offmtx": [
        [
          1,
          0,
          0,
          0
        ],
        [
          0,
          1,
          0,
          0
        ],
        [
          0,
          0,
          1,
          0
        ]
      ],
      "boundingbox": [
        [
          0,
          0,
          0
        ],
        [
          0,
          0,
          0
        ]
      ]
    },
    {
      "name": "Bone001",
      "parent": "root",
      "initpos": [
        5.866952,
        -0.000002,
        -24.006084
      ],
      "initquaternion": [
        0.500001,
        0.499998,
        0.500001,
        -0.499998
      ],
      "initscale": [
        1,
        0.999999,
        0.999999
      ],
      "offmtx": [
        [
          1.40118316949156e-7,
          -0.999999,
          0,
          24.006084
        ],
        [
          1,
          1.4011830273830128e-7,
          -0.000007,
          -5.866957
        ],
        [
          0.000007,
          0,
          0.999999,
          -0.000043
        ]
      ],
      "boundingbox": [
        [
          0.036085,
          -1.684968,
          -1.734013
        ],
        [
          11.664086,
          1.885057,
          1.734013
        ]
      ]
    }
  ],
  "boundingbox": [
    [
      4.181999,
      12.341998,
      -1.734004
    ],
    [
      7.752,
      23.969999,
      1.733997
    ]
  ]
}
