{
  "skeleton": [
    {
      "name": "root",
      "parent": "root",
      "initpos": [
        0,
        0,
        0
      ],
      "initquaternion": [
        0.707106,
        0,
        0,
        0.707106
      ],
      "initscale": [
        1,
        0.999999,
        0.999999
      ],
      "offmtx": [
        [
          1,
          0,
          0,
          0
        ],
        [
          0,
          1,
          0,
          0
        ],
        [
          0,
          0,
          1,
          0
        ]
      ],
      "boundingbox": [
        [
          0,
          0,
          0
        ],
        [
          0,
          0,
          0
        ]
      ]
    },
    {
      "name": "Bone001",
      "parent": "root",
      "initpos": [
        -0.019352,
        -0.000001,
        -12.27063
      ],
      "initquaternion": [
        0.500001,
        -0.499998,
        -0.500001,
        -0.499998
      ],
      "initscale": [
        1,
        0.999999,
        0.999999
      ],
      "offmtx": [
        [
          4.060215701429115e-7,
          0.999999,
          0,
          -12.270629
        ],
        [
          -1,
          4.0602159856462094e-7,
          -0.000006,
          -0.019357
        ],
        [
          -0.000006,
          0,
          1,
          -1.344523923307861e-7
        ]
      ],
      "boundingbox": [
        [
          -0.030633,
          -4.099367,
          -2.040028
        ],
        [
          12.209369,
          4.060669,
          2.040034
        ]
      ]
    }
  ],
  "boundingbox": [
    [
      -4.080001,
      12.239996,
      -2.040001
    ],
    [
      4.08,
      24.479995,
      2.040002
    ]
  ]
}
