{"skeleton":[{"name":"root","parent":"root","initpos":[0.0,0.0,-0.0],"initquaternion":[0.707106,0.0,0.0,0.707106],"initscale":[1.0,0.999999,0.999999],"offmtx":[[1.0,0.0,0.0,0.0],[-0.0,0.0,0.999999,0.0],[-0.0,-0.999999,0.0,0.0]],"boundingbox":[[-4.192177,-2.999999,-11.999999],[0.139679,2.408258,0.033031]]}],"boundingbox":[[-4.192177,-0.033031,-2.999999],[0.139679,11.999998,2.408258]]}