{
  "skeleton": [
    {
      "name": "root",
      "parent": "root",
      "initpos": [
        0,
        0,
        0
      ],
      "initquaternion": [
        0.707106,
        0,
        0,
        0.707106
      ],
      "initscale": [
        1,
        0.999999,
        0.999999
      ],
      "offmtx": [
        [
          1,
          0,
          0,
          0
        ],
        [
          0,
          1,
          0,
          0
        ],
        [
          0,
          0,
          1,
          0
        ]
      ],
      "boundingbox": [
        [
          0,
          0,
          0
        ],
        [
          0,
          0,
          0
        ]
      ]
    },
    {
      "name": "Bone074",
      "parent": "root",
      "initpos": [
        -6.185266,
        -0.000004,
        -24.434545
      ],
      "initquaternion": [
        0.5,
        0.499999,
        0.5,
        -0.499999
      ],
      "initscale": [
        1,
        0.999999,
        0.999999
      ],
      "offmtx": [
        [
          1.806620559818839e-7,
          -0.999999,
          0,
          24.434541
        ],
        [
          1,
          1.8066209861444804e-7,
          -0.000001,
          6.185262
        ],
        [
          0.000001,
          0,
          0.999999,
          0.000012
        ]
      ],
      "boundingbox": [
        [
          -2.070277,
          -3.004514,
          -3.189416
        ],
        [
          11.816338,
          2.253049,
          3.373271
        ]
      ]
    }
  ],
  "boundingbox": [
    [
      -9.189782,
      12.618203,
      -3.189417
    ],
    [
      -3.93222,
      26.504821,
      3.373272
    ]
  ]
}
