{
  "skeleton": [
    {
      "name": "root",
      "parent": "root",
      "initpos": [
        0,
        0,
        0
      ],
      "initquaternion": [
        0.707106,
        0,
        0,
        0.707106
      ],
      "initscale": [
        1,
        0.999999,
        0.999999
      ],
      "offmtx": [
        [
          1,
          0,
          0,
          0
        ],
        [
          0,
          1,
          0,
          0
        ],
        [
          0,
          0,
          1,
          0
        ]
      ],
      "boundingbox": [
        [
          0,
          0,
          0
        ],
        [
          0,
          0,
          0
        ]
      ]
    },
    {
      "name": "Bone002",
      "parent": "root",
      "initpos": [
        6.155189,
        -0.000004,
        -24.434543
      ],
      "initquaternion": [
        0.5,
        0.499999,
        0.5,
        -0.499999
      ],
      "initscale": [
        1,
        0.999999,
        0.999999
      ],
      "offmtx": [
        [
          1,
          0,
          0,
          0
        ],
        [
          0,
          1,
          0,
          0
        ],
        [
          0,
          0,
          1,
          0
        ]
      ],
      "boundingbox": [
        [
          0,
          0,
          0
        ],
        [
          0,
          0,
          0
        ]
      ]
    },
    {
      "name": "Bone075",
      "parent": "Bone002",
      "initpos": [
        0.484972,
        0.204403,
        2.218436
      ],
      "initquaternion": [
        0,
        0,
        0,
        1
      ],
      "initscale": [
        1,
        1,
        1
      ],
      "offmtx": [
        [
          1.0074483469679762e-7,
          -0.999999,
          0,
          23.949562
        ],
        [
          1,
          1.0074484180222498e-7,
          -3.998866304755211e-7,
          -6.359597
        ],
        [
          3.9988668731893995e-7,
          0,
          1,
          -2.218437
        ]
      ],
      "boundingbox": [
        [
          -0.022834,
          -2.175947,
          -0.243238
        ],
        [
          4.633444,
          2.156824,
          0.157414
        ]
      ]
    },
    {
      "name": "Bone076",
      "parent": "Bone075",
      "initpos": [
        4.640157,
        0.000082,
        -2.384185791015625e-7
      ],
      "initquaternion": [
        0,
        0,
        0,
        1
      ],
      "initscale": [
        1,
        1,
        1
      ],
      "offmtx": [
        [
          0,
          -0.999999,
          0,
          19.309404
        ],
        [
          1,
          0,
          -0.000006,
          -6.359667
        ],
        [
          0.000006,
          0,
          0.999999,
          -2.218473
        ]
      ],
      "boundingbox": [
        [
          -0.006713,
          -2.176034,
          -0.24325
        ],
        [
          4.609555,
          2.156742,
          0.157427
        ]
      ]
    },
    {
      "name": "Bone077",
      "parent": "Bone076",
      "initpos": [
        4.640746,
        -0.000068,
        4.76837158203125e-7
      ],
      "initquaternion": [
        0,
        0,
        0,
        1
      ],
      "initscale": [
        1,
        1,
        1
      ],
      "offmtx": [
        [
          0,
          -0.999999,
          0,
          14.668659
        ],
        [
          1,
          0,
          -0.000006,
          -6.359596
        ],
        [
          0.000006,
          0,
          1,
          -2.218472
        ]
      ],
      "boundingbox": [
        [
          -0.031213,
          -2.17597,
          -0.24325
        ],
        [
          4.770257,
          2.156812,
          0.157427
        ]
      ]
    },
    {
      "name": "Bone078",
      "parent": "Bone075",
      "initpos": [
        3.192462,
        1.183894,
        0.227313
      ],
      "initquaternion": [
        0,
        0,
        0.210984,
        0.977489
      ],
      "initscale": [
        0.999999,
        0.999999,
        1
      ],
      "offmtx": [
        [
          0.41247,
          -0.910971,
          -1.8128315559806651e-7,
          15.797651
        ],
        [
          0.910971,
          0.41247,
          -5.224832761996367e-7,
          -15.433586
        ],
        [
          5.507412197403028e-7,
          0,
          1,
          -2.445753
        ]
      ],
      "boundingbox": [
        [
          -0.020856,
          -0.95426,
          -0.069952
        ],
        [
          3.878885,
          0.922739,
          0.130717
        ]
      ]
    },
    {
      "name": "Bone001",
      "parent": "root",
      "initpos": [
        -0.070846,
        -0.000002,
        -12.197314
      ],
      "initquaternion": [
        -0.499999,
        0.5,
        0.499999,
        0.5
      ],
      "initscale": [
        1,
        0.999999,
        0.999999
      ],
      "offmtx": [
        [
          1,
          0,
          0,
          0
        ],
        [
          0,
          1,
          0,
          0
        ],
        [
          0,
          0,
          1,
          0
        ]
      ],
      "boundingbox": [
        [
          0,
          0,
          0
        ],
        [
          0,
          0,
          0
        ]
      ]
    },
    {
      "name": "Bone079",
      "parent": "Bone001",
      "initpos": [
        11.724129,
        -0.260111,
        2.217527
      ],
      "initquaternion": [
        0,
        0.000001,
        1,
        1.9470719792025193e-7
      ],
      "initscale": [
        0.999999,
        0.999999,
        1
      ],
      "offmtx": [
        [
          7.060137363623653e-7,
          -0.999999,
          0,
          23.921443
        ],
        [
          1,
          7.060136795189464e-7,
          1.3298061674049677e-7,
          -0.189288
        ],
        [
          -1.3298063095135149e-7,
          0,
          0.999999,
          -2.217531
        ]
      ],
      "boundingbox": [
        [
          -0.327411,
          -5.433289,
          -0.243391
        ],
        [
          4.605329,
          3.994381,
          0.358908
        ]
      ]
    },
    {
      "name": "Bone080",
      "parent": "Bone079",
      "initpos": [
        4.594827,
        -5.21540641784668e-7,
        -7.152557373046875e-7
      ],
      "initquaternion": [
        0,
        0,
        0,
        1
      ],
      "initscale": [
        1,
        1,
        1
      ],
      "offmtx": [
        [
          6.975371888984228e-7,
          -0.999999,
          0,
          19.326614
        ],
        [
          0.999999,
          6.975371320550039e-7,
          1.3298057410793263e-7,
          -0.189282
        ],
        [
          -1.3298060252964206e-7,
          0,
          0.999999,
          -2.217529
        ]
      ],
      "boundingbox": [
        [
          0.010488,
          -3.643037,
          -0.243391
        ],
        [
          4.626762,
          3.99438,
          0.158319
        ]
      ]
    },
    {
      "name": "Bone081",
      "parent": "Bone080",
      "initpos": [
        4.645848,
        1.1920928955078125e-7,
        7.152557373046875e-7
      ],
      "initquaternion": [
        0,
        0,
        0,
        1
      ],
      "initscale": [
        1,
        1,
        1
      ],
      "offmtx": [
        [
          6.693047680528252e-7,
          -1,
          0,
          14.68077
        ],
        [
          1,
          6.693047112094064e-7,
          1.3298061674049677e-7,
          -0.189276
        ],
        [
          -1.3298063095135149e-7,
          0,
          0.999999,
          -2.217526
        ]
      ],
      "boundingbox": [
        [
          -0.019101,
          -0.603911,
          -0.243388
        ],
        [
          2.816319,
          3.994379,
          0.15832
        ]
      ]
    }
  ],