{"skeleton":[{"name":"root","parent":"root","initpos":[0.0,0.0,-0.0],"initquaternion":[0.707106,0.0,0.0,0.707106],"initscale":[1.0,0.999999,0.999999],"offmtx":[[1.0,0.0,0.0,0.0],[0.0,1.0,0.0,0.0],[0.0,0.0,1.0,0.0]],"boundingbox":[[0.0,0.0,0.0],[0.0,0.0,0.0]]},{"name":"Bone036","parent":"root","initpos":[1.979015,-6.187240728650067e-07,-12.19214],"initquaternion":[0.5,0.499999,0.5,-0.499999],"initscale":[1.0,0.999999,0.999999],"offmtx":[[3.1391647326017846e-07,-0.999999,0.0,12.192139],[1.0,3.1391644483846903e-07,-1e-06,-1.979019],[1e-06,0.0,0.999999,-1e-06]],"boundingbox":[[7.098883,-2.164483,-2.27686],[12.20657,2.122873,2.075874]]}],"boundingbox":[[-0.185461,-0.014429,-2.276862],[4.101889,5.093256,2.075872]]}