{
  "skeleton": [
    {
      "name": "root",
      "parent": "root",
      "initpos": [
        0,
        0,
        0
      ],
      "initquaternion": [
        0.707106,
        0,
        0,
        0.707106
      ],
      "initscale": [
        1,
        0.999999,
        0.999999
      ],
      "offmtx": [
        [
          1,
          0,
          0,
          0
        ],
        [
          0,
          1,
          0,
          0
        ],
        [
          0,
          0,
          1,
          0
        ]
      ],
      "boundingbox": [
        [
          0,
          0,
          0
        ],
        [
          0,
          0,
          0
        ]
      ]
    },
    {
      "name": "Bone001",
      "parent": "root",
      "initpos": [
        0,
        0,
        10
      ],
      "initquaternion": [
        0.707107,
        2.2197230009624036e-7,
        -0.707106,
        2.219726127350441e-7
      ],
      "initscale": [
        0.999999,
        0.999999,
        0.999999
      ],
      "offmtx": [
        [
          0.000001,
          0.999999,
          0,
          10
        ],
        [
          5.647256671181822e-7,
          0,
          -0.999999,
          0
        ],
        [
          -1,
          0.000001,
          -5.647256102747633e-7,
          0.000012
        ]
      ],
      "boundingbox": [
        [
          -0.655885,
          -3.450927,
          -1.021047
        ],
        [
          24.275096,
          7.911672,
          1.021081
        ]
      ]
    },
    {
      "name": "Bone003",
      "parent": "Bone001",
      "initpos": [
        21.094516,
        -2.127537,
        -9.536744300930877e-7
      ],
      "initquaternion": [
        1.4215520138805005e-7,
        -1.4004807269429875e-7,
        0.848794,
        0.528722
      ],
      "initscale": [
        0.999999,
        0.999999,
        1
      ],
      "offmtx": [
        [
          1.1663620824720056e-7,
          -0.440903,
          -0.897554,
          6.801218
        ],
        [
          -1.6323909335369535e-7,
          -0.897554,
          0.440903,
          9.019878
        ],
        [
          -1,
          0,
          -1.7666006613126228e-7,
          -8.876449442141165e-7
        ]
      ],
      "boundingbox": [
        [
          -1.593411,
          -2.143799,
          -2.042127
        ],
        [
          8.156566,
          2.078381,
          2.042124
        ]
      ]
    },
    {
      "name": "Bone005",
      "parent": "Bone003",
      "initpos": [
        0.145872,
        -1.930892,
        0
      ],
      "initquaternion": [
        0,
        0,
        0.999488,
        0.031978
      ],
      "initscale": [
        0.999999,
        0.999999,
        1
      ],
      "offmtx": [
        [
          -1.2683257466505893e-7,
          0.382626,
          0.923902,
          -5.941718
        ],
        [
          1.5544938491984794e-7,
          0.923902,
          -0.382626,
          -11.353811
        ],
        [
          -1,
          0,
          -1.7666005192040757e-7,
          -8.876452852746297e-7
        ]
      ],
      "boundingbox": [
        [
          -0.045226,
          -1.579788,
          -0.510534
        ],
        [
          4.795501,
          1.260788,
          0.510528
        ]
      ]
    },
    {
      "name": "Bone006",
      "parent": "Bone003",
      "initpos": [
        0.771025,
        0.961732,
        0
      ],
      "initquaternion": [
        0,
        0,
        0.971071,
        0.23879
      ],
      "initscale": [
        0.999999,
        0.999999,
        1
      ],
      "offmtx": [
        [
          -2.6319617063563783e-7,
          -0.025632,
          0.999671,
          -1.605406
        ],
        [
          0,
          0.999671,
          0.025632,
          -9.935773
        ],
        [
          -1,
          0,
          -2.6078916448568634e-7,
          -7.525391652052349e-7
        ]
      ],
      "boundingbox": [
        [
          -0.339125,
          -1.589594,
          -0.510533
        ],
        [
          3.527858,
          1.060365,
          0.510529
        ]
      ]
    },
    {
      "name": "Bone004",
      "parent": "Bone003",
      "initpos": [
        4.402711,
        1.579326,
        -4.768372718899627e-7
      ],
      "initquaternion": [
        0.996864,
        0.079126,
        0,
        3.105785140178341e-7
      ],
      "initscale": [
        1,
        0.999999,
        0.999999
      ],
      "offmtx": [
        [
          0,
          -0.576977,
          -0.81676,
          3.542264
        ],
        [
          -3.846648723992985e-7,
          0.81676,
          -0.576977,
          -6.969005
        ],
        [
          1,
          3.3144812050522887e-7,
          -1.9749683133341023e-7,
          -0.000003
        ]
      ],
      "boundingbox": [
        [
          -0.076314,
          -0.587536,
          -2.042125
        ],
        [
          3.016796,
          0.52715,
          2.042126
        ]
      ]
    },
    {
      "name": "Bone007",
      "parent": "Bone003",
      "initpos": [
        3.246356,
        1.983214,
        2.552656
      ],
      "initquaternion": [
        0.707049,
        -0.008979,
        -0.707049,
        -0.008979
      ],
      "initscale": [
        1,
        1,
        1
      ],
      "offmtx": [
        [
          1,
          -3.615411117152689e-7,
          0,
          2.552659
        ],
        [
          3.3291263434875873e-7,
          0.908462,
          -0.417966,
          -7.124678
        ],
        [
          1.414048966807968e-7,
          0.417966,
          0.908462,
          -3.375003
        ]
      ],
      "boundingbox": [
        [
          2.384185791015625e-7,
          -0.769762,
          -1.157329
        ],
        [
          5.105315,
          0.773379,
          1.147744
        ]
      ]
    },
    {
      "name": "Bone008",
      "parent": "Bone003",
      "initpos": [
        0.8888,
        1.94901,
        2.552656
      ],
      "initquaternion": [
        -0.373863,
        0.600188,
        0.373863,
        0.600188
      ],
      "initscale": [
        1,
        1,
        1
      ],
      "offmtx": [
        [
          1,
          -3.615410832935595e-7,
          0,
          2.552659
        ],
        [
          0,
          -1.1920931797249068e-7,
          0.999999,
          -2.189142
        ],
        [
          -3.6154114013697836e-7,
          -0.999999,
          -1.1920930376163597e-7,
          8.953296
        ]
      ],
      "boundingbox": [
        [
          0.467562,
          -0.899202,
          -0.887599
        ],
        [
          4.637752,
          0.887658,
          0.899261
        ]
      ]
    }
  ],
  "boundingbox": [
    [
      -2.552656,
      -10.655884,
      -7.911673
    ],
    [
      2.552658,
      15.749916,
      5.483927
    ]
  ]
}
