{"skeleton":[{"name":"root","parent":"root","initpos":[0.0,0.0,-0.0],"initquaternion":[0.707106,0.0,0.0,0.707106],"initscale":[1.0,0.999999,0.999999],"offmtx":[[1.0,0.0,0.0,0.0],[0.0,0.0,0.999999,0.0],[0.0,-0.999999,0.0,0.0]],"boundingbox":[[-5.092819,-4.21746,-12.15629],[0.052305,3.714565,0.208698]]}],"boundingbox":[[-5.092819,-0.208698,-4.21746],[0.052305,12.156289,3.714565]]}