{"skeleton":[{"name":"root","parent":"root","initpos":[0.0,0.0,-0.0],"initquaternion":[0.707106,0.0,0.0,0.707106],"initscale":[1.0,0.999999,0.999999],"offmtx":[[1.0,0.0,0.0,0.0],[-0.0,0.0,0.999999,0.0],[-0.0,-0.999999,0.0,0.0]],"boundingbox":[[-0.133481,-3.0,-11.999999],[4.201196,2.408256,0.033031]]}],"boundingbox":[[-0.133481,-0.033031,-3.0],[4.201196,11.999998,2.408256]]}