{
  "skeleton": [
    {
      "name": "root",
      "parent": "root",
      "initpos": [
        0,
        0,
        0
      ],
      "initquaternion": [
        0.707106,
        0,
        0,
        0.707106
      ],
      "initscale": [
        1,
        0.999999,
        0.999999
      ],
      "offmtx": [
        [
          1,
          0,
          0,
          0
        ],
        [
          0,
          0,
          0.999999,
          0
        ],
        [
          0,
          -0.999999,
          0,
          0
        ]
      ],
      "boundingbox": [
        [
          -5.13181,
          -2.761247,
          -4.496377
        ],
        [
          0.379887,
          2.591459,
          0.00136
        ]
      ]
    }
  ],
  "boundingbox": [
    [
      -5.13181,
      -0.00136,
      -2.761248
    ],
    [
      0.379887,
      4.496377,
      2.591458
    ]
  ]
}
