{
  "skeleton": [
    {
      "name": "root",
      "parent": "root",
      "initpos": [
        0,
        0,
        0
      ],
      "initquaternion": [
        0.707106,
        0,
        0,
        0.707106
      ],
      "initscale": [
        1,
        0.999999,
        0.999999
      ],
      "offmtx": [
        [
          1,
          0,
          0,
          0
        ],
        [
          0,
          0,
          0.999999,
          0
        ],
        [
          0,
          -0.999999,
          0,
          0
        ]
      ],
      "boundingbox": [
        [
          -0.052304,
          -4.217459,
          -12.15629
        ],
        [
          5.09282,
          3.714565,
          0.208698
        ]
      ]
    }
  ],
  "boundingbox": [
    [
      -0.052304,
      -0.208698,
      -4.217459
    ],
    [
      5.09282,
      12.156289,
      3.714565
    ]
  ]
}
