{
  "skeleton": [
    {
      "name": "root",
      "parent": "root",
      "initpos": [
        0,
        0,
        0
      ],
      "initquaternion": [
        0.707106,
        0,
        0,
        0.707106
      ],
      "initscale": [
        1,
        0.999999,
        0.999999
      ],
      "offmtx": [
        [
          1,
          0,
          0,
          0
        ],
        [
          0,
          0,
          0.999999,
          0
        ],
        [
          0,
          -0.999999,
          0,
          0
        ]
      ],
      "boundingbox": [
        [
          -10.17033,
          -4.614212,
          -26.769062
        ],
        [
          -3.964216,
          4.565786,
          -6.793502
        ]
      ]
    }
  ],
  "boundingbox": [
    [
      -10.17033,
      6.793501,
      -4.614214
    ],
    [
      -3.964216,
      26.76906,
      4.565784
    ]
  ]
}
