{
  "skeleton": [
    {
      "name": "root",
      "parent": "root",
      "initpos": [
        0,
        0,
        0
      ],
      "initquaternion": [
        0.707106,
        0,
        0,
        0.707106
      ],
      "initscale": [
        1,
        0.999999,
        0.999999
      ],
      "offmtx": [
        [
          1,
          0,
          0,
          0
        ],
        [
          0,
          0,
          0.999999,
          0
        ],
        [
          0,
          -0.999999,
          0,
          0
        ]
      ],
      "boundingbox": [
        [
          -0.379886,
          -2.761246,
          -4.496377
        ],
        [
          5.13181,
          2.59146,
          0.00136
        ]
      ]
    }
  ],
  "boundingbox": [
    [
      -0.379886,
      -0.00136,
      -2.761246
    ],
    [
      5.13181,
      4.496377,
      2.59146
    ]
  ]
}
