{
  "skeleton": [
    {
      "name": "root",
      "parent": "root",
      "initpos": [
        0,
        0,
        0
      ],
      "initquaternion": [
        0.707106,
        0,
        0,
        0.707106
      ],
      "initscale": [
        1,
        0.999999,
        0.999999
      ],
      "offmtx": [
        [
          1,
          0,
          0,
          0
        ],
        [
          0,
          1,
          0,
          0
        ],
        [
          0,
          0,
          1,
          0
        ]
      ],
      "boundingbox": [
        [
          0,
          0,
          0
        ],
        [
          0,
          0,
          0
        ]
      ]
    },
    {
      "name": "WP001",
      "parent": "root",
      "initpos": [
        0,
        0,
        0
      ],
      "initquaternion": [
        -0.499999,
        0.499999,
        -0.5,
        0.5
      ],
      "initscale": [
        1,
        1,
        1
      ],
      "offmtx": [
        [
          1.1551050249636319e-7,
          0,
          -0.999999,
          5.551898
        ],
        [
          1.6292068494294654e-7,
          0.999999,
          0,
          -0.095575
        ],
        [
          1,
          -1.6292067073209182e-7,
          1.1551049539093583e-7,
          0.480104
        ]
      ],
      "boundingbox": [
        [
          -0.094374,
          -6.008863,
          -2.878408
        ],
        [
          7.223302,
          0.96132,
          2.926306
        ]
      ]
    },
    {
      "name": "Wp002",
      "parent": "WP001",
      "initpos": [
        -0.003223,
        1.196362,
        0.480104
      ],
      "initquaternion": [
        0,
        0,
        0,
        1
      ],
      "initscale": [
        1,
        1,
        1
      ],
      "offmtx": [
        [
          1.1551050249636319e-7,
          0,
          -0.999999,
          5.555121
        ],
        [
          -1.6292068494294654e-7,
          0.999999,
          0,
          -1.456291
        ],
        [
          1,
          1.6292067073209182e-7,
          1.1551049539093583e-7,
          -8.49132334224123e-7
        ]
      ],
      "boundingbox": [
        [
          -1.112044,
          -2.108243,
          -3.314675
        ],
        [
          6.485493,
          1.955098,
          2.406846
        ]
      ]
    },
    {
      "name": "Wp003",
      "parent": "WP001",
      "initpos": [
        -0.003222,
        -4.032214,
        0.480105
      ],
      "initquaternion": [
        0,
        0,
        0,
        1
      ],
      "initscale": [
        1,
        1,
        1
      ],
      "offmtx": [
        [
          1.1551050249636319e-7,
          0,
          -0.999999,
          5.555121
        ],
        [
          -1.6292068494294654e-7,
          0.999999,
          0,
          4.075227
        ],
        [
          1,
          1.6292067073209182e-7,
          1.1551049539093583e-7,
          0
        ]
      ],
      "boundingbox": [
        [
          -1.083241,
          -1.935906,
          -3.24729
        ],
        [
          5.619241,
          0.354786,
          2.334976
        ]
      ]
    },
    {
      "name": "Wp004",
      "parent": "WP001",
      "initpos": [
        4.682555,
        -0.554483,
        0.04754
      ],
      "initquaternion": [
        0,
        0,
        0,
        1
      ],
      "initscale": [
        1,
        1,
        1
      ],
      "offmtx": [
        [
          2.0187621885270346e-7,
          0,
          -0.999999,
          -0.323727
        ],
        [
          1.9470718370939721e-7,
          0.999999,
          0,
          0.018422
        ],
        [
          1,
          -1.947071694985425e-7,
          2.0187620464184874e-7,
          0.432564
        ]
      ],
      "boundingbox": [
        [
          0.077863,
          -0.986076,
          -2.508997
        ],
        [
          3.949552,
          0.952212,
          2.461811
        ]
      ]
    },
    {
      "name": "Wp005",
      "parent": "Wp004",
      "initpos": [
        3.310256,
        -0.180569,
        -2.086162567138672e-7
      ],
      "initquaternion": [
        0,
        0,
        0,
        1
      ],
      "initscale": [
        1,
        1,
        1
      ],
      "offmtx": [
        [
          2.0187621885270346e-7,
          0,
          -0.999999,
          -3.912195
        ],
        [
          1.9470718370939721e-7,
          0.999999,
          0,
          0.018422
        ],
        [
          1,
          -1.947071694985425e-7,
          2.0187620464184874e-7,
          0.432566
        ]
      ],
      "boundingbox": [
        [
          -0.145834,
          -0.986076,
          -2.177406
        ],
        [
          3.040225,
          0.64341,
          2.136803
        ]
      ]
    },
    {
      "name": "Wp006",
      "parent": "WP001",
      "initpos": [
        4.645713,
        -3.421405,
        0.04754
      ],
      "initquaternion": [
        0,
        0,
        0,
        1
      ],
      "initscale": [
        1,
        1,
        1
      ],
      "offmtx": [
        [
          2.0187621885270346e-7,
          0,
          -0.999999,
          -0.353718
        ],
        [
          1.9470718370939721e-7,
          0.999999,
          0,
          3.934965
        ],
        [
          1,
          -1.947071694985425e-7,
          2.0187620464184874e-7,
          0.432564
        ]
      ],
      "boundingbox": [
        [
          -0.2896,
          -1.242487,
          -2.61764
        ],
        [
          3.919561,
          1.022376,
          2.562577
        ]
      ]
    },
    {
      "name": "Wp007",
      "parent": "Wp006",
      "initpos": [
        3.445986,
        0.017269,
        0
      ],
      "initquaternion": [
        0,
        0,
        0,
        1
      ],
      "initscale": [
        1,
        1,
        1
      ],
      "offmtx": [
        [
          1.944617764593204e-7,
          0,
          -0.999999,
          -3.942186
        ],
        [
          1.947071694985425e-7,
          0.999999,
          0,
          3.934966
        ],
        [
          1,
          -1.9470715528768778e-7,
          1.9446176224846567e-7,
          0.432565
        ]
      ],
      "boundingbox": [
        [
          -0.175826,
          -0.614287,
          -2.177405
        ],
        [
          2.914219,
          1.022376,
          2.136804
        ]
      ]
    },
    {
      "name": "Wp008",
      "parent": "WP001",
      "initpos": [
        1.955886,
        -6.475865,
        3.730458
      ],
      "initquaternion": [
        3.37174810738361e-7,
        0,
        0.707106,
        0.707106
      ],
      "initscale": [
        1,
        1,
        1
      ],
      "offmtx": [
        [
          7.907536883067223e-7,
          0.999999,
          0,
          6.380289
        ],
        [
          4.549814320853329e-7,
          0,
          0.999999,
          -3.596013
        ],
        [
          1,
          -7.907536314633035e-7,
          -4.549814036636235e-7,
          -3.250356
        ]
      ],
      "boundingbox": [
        [
          0.004567,
          -0.286968,
          -0.285114
        ],
        [
          0.571549,
          0.279987,
          0.281841
        ]
      ]
    },
    {
      "name": "Wp009",
      "parent": "WP001",
      "initpos": [
        1.955883,
        -6.475862,
        -3.680154
      ],
      "initquaternion": [
        3.37174810738361e-7,
        0,
        0.707106,
        0.707106
      ],
      "initscale": [
        1,
        1,
        1
      ],