{"skeleton":[{"name":"root","parent":"root","initpos":[0.0,0.0,-0.0],"initquaternion":[0.707106,0.0,0.0,0.707106],"initscale":[1.0,0.999999,0.999999],"offmtx":[[1.0,0.0,0.0,0.0],[0.0,0.0,0.999999,0.0],[0.0,-0.999999,0.0,0.0]],"boundingbox":[[3.964216,-4.614211,-26.769062],[10.17033,4.565788,-6.793502]]}],"boundingbox":[[3.964216,6.793501,-4.614213],[10.17033,26.76906,4.565785]]}