{"skeleton":[{"name":"root","parent":"root","initpos":[0.0,0.0,-0.0],"initquaternion":[0.707106,0.0,0.0,0.707106],"initscale":[1.0,0.999999,0.999999],"offmtx":[[1.0,0.0,0.0,0.0],[0.0,1.0,0.0,0.0],[0.0,0.0,1.0,0.0]],"boundingbox":[[0.0,0.0,0.0],[0.0,0.0,0.0]]},{"name":"Bone001","parent":"root","initpos":[-1.860369,-1e-06,-12.192085],"initquaternion":[0.500001,0.499998,0.500001,-0.499998],"initscale":[1.0,0.999999,0.999999],"offmtx":[[2.298930894539808e-07,-0.999999,0.0,12.192085],[1.0,2.2989307524312608e-07,-5e-06,1.860366],[5e-06,0.0,0.999999,1e-05]],"boundingbox":[[-0.058114,-2.01564,-2.040011],[12.181886,1.962384,2.040011]]}],"boundingbox":[[-3.876,0.010198,-2.040001],[0.102007,12.250198,2.04]]}