{
  "skeleton": [
    {
      "name": "root",
      "parent": "root",
      "initpos": [
        0,
        0,
        0
      ],
      "initquaternion": [
        0.707106,
        0,
        0,
        0.707106
      ],
      "initscale": [
        1,
        0.999999,
        0.999999
      ],
      "offmtx": [
        [
          1,
          0,
          0,
          0
        ],
        [
          0,
          1,
          0,
          0
        ],
        [
          0,
          0,
          1,
          0
        ]
      ],
      "boundingbox": [
        [
          0,
          0,
          0
        ],
        [
          0,
          0,
          0
        ]
      ]
    },
    {
      "name": "Bone006",
      "parent": "root",
      "initpos": [
        0.064407,
        -0.000003,
        -24.106071
      ],
      "initquaternion": [
        0.5,
        -0.499999,
        -0.5,
        -0.499999
      ],
      "initscale": [
        1,
        1,
        1
      ],
      "offmtx": [
        [
          1,
          0,
          0,
          0
        ],
        [
          0,
          1,
          0,
          0
        ],
        [
          0,
          0,
          1,
          0
        ]
      ],
      "boundingbox": [
        [
          0,
          0,
          0
        ],
        [
          0,
          0,
          0
        ]
      ]
    },
    {
      "name": "Bone082",
      "parent": "Bone006",
      "initpos": [
        7.30355,
        3.176794,
        -4.243784
      ],
      "initquaternion": [
        0.6791,
        -0.271635,
        0.40527,
        0.548446
      ],
      "initscale": [
        0.999999,
        1,
        0.999999
      ],
      "offmtx": [
        [
          -0.075603,
          0.52394,
          0.848392,
          -13.091678
        ],
        [
          0.250841,
          -0.813473,
          0.524728,
          28.558446
        ],
        [
          0.965071,
          0.252482,
          -0.069924,
          -5.223464
        ]
      ],
      "boundingbox": [
        [
          -0.038048,
          -0.68964,
          -1.008265
        ],
        [
          3.596631,
          0.706504,
          1.057704
        ]
      ]
    },
    {
      "name": "Bone083",
      "parent": "Bone082",
      "initpos": [
        3.636713,
        0.029325,
        -0.020237
      ],
      "initquaternion": [
        0.019877,
        0.035879,
        0.152085,
        0.987515
      ],
      "initscale": [
        1,
        0.999999,
        1
      ],
      "offmtx": [
        [
          -0.05876,
          0.236483,
          0.969856,
          -6.964147
        ],
        [
          0.310059,
          -0.919162,
          0.242907,
          31.92666
        ],
        [
          0.948899,
          0.314986,
          -0.019313,
          -7.280933
        ]
      ],
      "boundingbox": [
        [
          -0.415387,
          -0.66842,
          -0.507921
        ],
        [
          4.680004,
          1.005701,
          0.967293
        ]
      ]
    },
    {
      "name": "Bone084",
      "parent": "Bone083",
      "initpos": [
        4.619859,
        0.000007,
        -0.000003
      ],
      "initquaternion": [
        0.044182,
        -0.132129,
        -0.137261,
        0.980687
      ],
      "initscale": [
        0.999998,
        0.999999,
        0.999999
      ],
      "offmtx": [
        [
          0.092814,
          0.555316,
          0.826444,
          -21.509756
        ],
        [
          0.398681,
          -0.781311,
          0.480215,
          26.720493
        ],
        [
          0.912381,
          0.284916,
          -0.29391,
          -5.464343
        ]
      ],
      "boundingbox": [
        [
          -0.468718,
          -0.243193,
          0.00656
        ],
        [
          3.453583,
          0.665167,
          0.915714
        ]
      ]
    },
    {
      "name": "Bone085",
      "parent": "Bone083",
      "initpos": [
        2.576933,
        0.212549,
        0.062344
      ],
      "initquaternion": [
        0.013539,
        0.218942,
        -0.081445,
        0.972238
      ],
      "initscale": [
        0.999998,
        0.999999,
        0.999999
      ],
      "offmtx": [
        [
          -0.50568,
          0.215998,
          0.835243,
          -10.191876
        ],
        [
          0.287318,
          -0.870718,
          0.399122,
          29.782722
        ],
        [
          0.813471,
          0.441808,
          0.378244,
          -12.643437
        ]
      ],
      "boundingbox": [
        [
          -0.024808,
          -0.591787,
          -0.502614
        ],
        [
          2.863692,
          0.550205,
          0.486482
        ]
      ]
    },
    {
      "name": "Bone086",
      "parent": "Bone006",
      "initpos": [
        7.320999,
        -3.029074,
        -4.301096
      ],
      "initquaternion": [
        -0.682579,
        -0.272834,
        -0.413127,
        0.53756
      ],
      "initscale": [
        1,
        0.999999,
        0.999999
      ],
      "offmtx": [
        [
          0.071699,
          0.509773,
          0.857316,
          -12.555078
        ],
        [
          0.273179,
          0.816625,
          -0.508424,
          -28.695999
        ],
        [
          -0.959287,
          0.270655,
          -0.080708,
          -5.885494
        ]
      ],
      "boundingbox": [
        [
          -0.000331,
          -0.747974,
          -1.047769
        ],
        [
          3.641843,
          0.714699,
          1.044748
        ]
      ]
    },
    {
      "name": "Bone087",
      "parent": "Bone086",
      "initpos": [
        3.507461,
        0.000001,
        -9.5367431640625e-7
      ],
      "initquaternion": [
        0.035483,
        0.018522,
        -0.149585,
        0.987938
      ],
      "initscale": [
        0.999999,
        0.999999,
        0.999999
      ],
      "offmtx": [
        [
          0.033351,
          0.23354,
          0.971775,
          -6.611069
        ],
        [
          0.219611,
          0.946839,
          -0.235085,
          -32.488178
        ],
        [
          -0.975017,
          0.221253,
          -0.01971,
          -4.113064
        ]
      ],
      "boundingbox": [
        [
          -0.261843,
          -0.917973,
          -0.632118
        ],
        [
          4.872561,
          0.749875,
          0.937416
        ]
      ]
    },
    {
      "name": "Bone088",
      "parent": "Bone087",
      "initpos": [
        4.772906,
        -0.000003,
        0
      ],
      "initquaternion": [
        0.017845,
        -0.102241,
        0.171015,
        0.979786
      ],
      "initscale": [
        0.999999,
        0.999999,
        1
      ],
      "offmtx": [
        [
          -0.097797,
          0.574524,
          0.812623,
          -22.098062
        ],
        [
          0.195327,
          0.811737,
          -0.550389,
          -26.710634
        ],
        [
          -0.975849,
          0.104901,
          -0.191606,
          0.459038
        ]
      ],
      "boundingbox": [
        [
          -0.47179,
          -0.583414,
          -0.16403
        ],
        [
          3.475667,
          0.453282,
          0.813626
        ]
      ]
    },
    {
      "name": "Bone089",
      "parent": "Bone087",
      "initpos": [
        2.681194,
        -0.002098,
        -0.003978
      ],
      "initquaternion": [
        0.967133,
        0.080044,
        -0.23402,
        0.058994
      ],
      "initscale": [
        0.999999,
        1,
        0.999999
      ],