{"skeleton":[{"name":"root","parent":"root","initpos":[0.0,0.0,-0.0],"initquaternion":[0.707106,0.0,0.0,0.707106],"initscale":[1.0,0.999999,0.999999],"offmtx":[[1.0,0.0,0.0,0.0],[0.0,1.0,0.0,0.0],[0.0,0.0,1.0,0.0]],"boundingbox":[[0.0,0.0,0.0],[0.0,0.0,0.0]]},{"name":"Bone001","parent":"root","initpos":[1.857488,-1e-06,-12.223368],"initquaternion":[0.5,0.499999,0.5,-0.499999],"initscale":[1.0,1.0,1.0],"offmtx":[[1.8122121048236295e-07,-0.999999,0.0,12.223367],[1.0,1.8122122469321766e-07,-1.4714824203565513e-07,-1.857491],[1.4714825624650985e-07,0.0,1.0,-2.7332654894962616e-07]],"boundingbox":[[-0.026829,-1.959491,-2.040001],[12.21317,2.018511,2.04]]}],"boundingbox":[[-0.102,0.010198,-2.040001],[3.876,12.250196,2.039998]]}