{
  "skeleton": [
    {
      "name": "root",
      "parent": "root",
      "initpos": [
        0,
        0,
        0
      ],
      "initquaternion": [
        0.707106,
        0,
        0,
        0.707106
      ],
      "initscale": [
        1,
        0.999999,
        0.999999
      ],
      "offmtx": [
        [
          1,
          0,
          0,
          0
        ],
        [
          0,
          1,
          0,
          0
        ],
        [
          0,
          0,
          1,
          0
        ]
      ],
      "boundingbox": [
        [
          0,
          0,
          0
        ],
        [
          0,
          0,
          0
        ]
      ]
    },
    {
      "name": "Bone010",
      "parent": "root",
      "initpos": [
        -5.645755,
        0.000003,
        -24.587474
      ],
      "initquaternion": [
        0.499247,
        0.500751,
        0.500731,
        -0.499267
      ],
      "initscale": [
        1,
        1,
        1
      ],
      "offmtx": [
        [
          1,
          0,
          0,
          0
        ],
        [
          0,
          1,
          0,
          0
        ],
        [
          0,
          0,
          1,
          0
        ]
      ],
      "boundingbox": [
        [
          0,
          0,
          0
        ],
        [
          0,
          0,
          0
        ]
      ]
    },
    {
      "name": "Bone058",
      "parent": "Bone010",
      "initpos": [
        12.676938,
        0.041083,
        -0.250717
      ],
      "initquaternion": [
        0.099912,
        0.639723,
        -0.000432,
        0.762083
      ],
      "initscale": [
        0.999999,
        0.999999,
        0.999999
      ],
      "offmtx": [
        [
          1,
          0,
          0,
          0
        ],
        [
          0,
          1,
          0,
          0
        ],
        [
          0,
          0,
          1,
          0
        ]
      ],
      "boundingbox": [
        [
          0,
          0,
          0
        ],
        [
          0,
          0,
          0
        ]
      ]
    },
    {
      "name": "Bone001",
      "parent": "Bone058",
      "initpos": [
        0.751296,
        -0.403507,
        -1.620853
      ],
      "initquaternion": [
        -0.295206,
        -0.641529,
        -0.298405,
        0.642065
      ],
      "initscale": [
        0.999999,
        0.999998,
        1
      ],
      "offmtx": [
        [
          0,
          0.999999,
          -0.000943,
          6.09173
        ],
        [
          -5.245150873633975e-7,
          0.000943,
          0.999999,
          0.00575
        ],
        [
          1,
          0,
          5.245545366960869e-7,
          -2.5306610496045323e-7
        ]
      ],
      "boundingbox": [
        [
          15.211306,
          -0.985641,
          -1.000004
        ],
        [
          16.213193,
          1.015303,
          1
        ]
      ]
    },
    {
      "name": "Bone002",
      "parent": "Bone001",
      "initpos": [
        15.268823,
        0.019589,
        1.03968
      ],
      "initquaternion": [
        0.051978,
        0.705951,
        0.703379,
        -0.064706
      ],
      "initscale": [
        1,
        0.999999,
        0.999998
      ],
      "offmtx": [
        [
          0.202231,
          -0.979337,
          8.804755680102971e-7,
          8.777195
        ],
        [
          0.979337,
          0.202231,
          7.868942475397489e-7,
          -2.874116
        ],
        [
          -9.486951739745564e-7,
          7.031484301478486e-7,
          0.999999,
          -0.005155
        ]
      ],
      "boundingbox": [
        [
          -0.498876,
          -0.641106,
          -1.213886
        ],
        [
          1.617478,
          0.635015,
          1.188941
        ]
      ]
    },
    {
      "name": "Bone004",
      "parent": "Bone001",
      "initpos": [
        15.162748,
        0.019493,
        -0.702106
      ],
      "initquaternion": [
        -0.175995,
        0.69172,
        0.682933,
        0.155399
      ],
      "initscale": [
        0.999999,
        1,
        0.999999
      ],
      "offmtx": [
        [
          -0.432583,
          -0.901593,
          -0.000001,
          7.874645
        ],
        [
          0.901593,
          -0.432583,
          0.000001,
          4.556966
        ],
        [
          -0.000001,
          -8.923231007429422e-7,
          0.999999,
          -0.005142
        ]
      ],
      "boundingbox": [
        [
          -0.348359,
          -0.74081,
          -1.24984
        ],
        [
          1.436613,
          0.827868,
          1.49775
        ]
      ]
    },
    {
      "name": "Bone005",
      "parent": "Bone001",
      "initpos": [
        18.242179,
        0.017219,
        -4.76837158203125e-7
      ],
      "initquaternion": [
        5.18164540608268e-7,
        0,
        0.000471,
        0.999999
      ],
      "initscale": [
        0.999999,
        0.999999,
        1
      ],
      "offmtx": [
        [
          0,
          0.999999,
          0,
          -12.150456
        ],
        [
          4.291214281693101e-7,
          0,
          0.999999,
          0
        ],
        [
          1,
          0,
          -4.2912139974760066e-7,
          9.285806754633086e-7
        ]
      ],
      "boundingbox": [
        [
          -26.030693,
          -0.999999,
          -0.500001
        ],
        [
          3.466625,
          1,
          0.500002
        ]
      ]
    }
  ],
  "boundingbox": [
    [
      -1.499997,
      -13.880236,
      -1.244695
    ],
    [
      1.699799,
      15.617079,
      1.502895
    ]
  ]
}
