{
  "skeleton": [
    {
      "name": "root",
      "parent": "root",
      "initpos": [
        0,
        0,
        0
      ],
      "initquaternion": [
        0.707106,
        0,
        0,
        0.707106
      ],
      "initscale": [
        1,
        0.999999,
        0.999999
      ],
      "offmtx": [
        [
          1,
          0,
          0,
          0
        ],
        [
          0,
          0,
          0.999999,
          0
        ],
        [
          0,
          -0.999999,
          0,
          0
        ]
      ],
      "boundingbox": [
        [
          -12.464658,
          -2.229179,
          -26.980627
        ],
        [
          -4.182998,
          2.248702,
          -8.72996
        ]
      ]
    }
  ],
  "boundingbox": [
    [
      -12.464658,
      8.72996,
      -2.229182
    ],
    [
      -4.182998,
      26.980625,
      2.248698
    ]
  ]
}
