{
  "skeleton": [
    {
      "name": "root",
      "parent": "root",
      "initpos": [
        0,
        0,
        0
      ],
      "initquaternion": [
        0.707106,
        0,
        0,
        0.707106
      ],
      "initscale": [
        1,
        0.999999,
        0.999999
      ],
      "offmtx": [
        [
          1,
          0,
          0,
          0
        ],
        [
          0,
          1,
          0,
          0
        ],
        [
          0,
          0,
          1,
          0
        ]
      ],
      "boundingbox": [
        [
          0,
          0,
          0
        ],
        [
          0,
          0,
          0
        ]
      ]
    },
    {
      "name": "Bone015",
      "parent": "root",
      "initpos": [
        6.12516,
        0,
        -24.697366
      ],
      "initquaternion": [
        -0.499999,
        -0.5,
        -0.499999,
        0.5
      ],
      "initscale": [
        1,
        1,
        1
      ],
      "offmtx": [
        [
          0,
          -0.999999,
          0,
          24.697366
        ],
        [
          1,
          0,
          0.000003,
          -6.125161
        ],
        [
          -0.000003,
          0,
          0.999999,
          0.000019
        ]
      ],
      "boundingbox": [
        [
          -0.047933,
          -2.428721,
          -2.539805
        ],
        [
          5.031665,
          2.344877,
          2.5398
        ]
      ]
    },
    {
      "name": "Bone020",
      "parent": "Bone015",
      "initpos": [
        1.695934,
        1.290104,
        -1.596642
      ],
      "initquaternion": [
        -8.274977290056995e-7,
        0.000001,
        0.886697,
        0.46235
      ],
      "initscale": [
        0.999999,
        1,
        0.999999
      ],
      "offmtx": [
        [
          0.81993,
          0.572462,
          -1.8439457960539585e-7,
          -19.247474
        ],
        [
          -0.572463,
          0.81993,
          0,
          -14.614604
        ],
        [
          1.7326905776826607e-7,
          0,
          0.999999,
          1.596636
        ]
      ],
      "boundingbox": [
        [
          0.023585,
          -0.285107,
          -0.290359
        ],
        [
          3.033692,
          0.534976,
          0.42364
        ]
      ]
    },
    {
      "name": "Bone021",
      "parent": "Bone020",
      "initpos": [
        2.58065,
        -0.13206,
        0
      ],
      "initquaternion": [
        0,
        0,
        0.462351,
        0.886696
      ],
      "initscale": [
        1,
        1,
        1
      ],
      "offmtx": [
        [
          1.4027646955128148e-7,
          0.999999,
          0,
          -24.370473
        ],
        [
          -0.999999,
          1.4027645534042676e-7,
          1.7326892987057363e-7,
          9.606822
        ],
        [
          1.732689867139925e-7,
          0,
          0.999999,
          1.596638
        ]
      ],
      "boundingbox": [
        [
          0.028022,
          -0.4034,
          -0.341359
        ],
        [
          2.272022,
          0.514597,
          0.37264
        ]
      ]
    },
    {
      "name": "Bone016",
      "parent": "Bone015",
      "initpos": [
        1.695932,
        1.29011,
        -0.000005
      ],
      "initquaternion": [
        -8.274977290056995e-7,
        0.000001,
        0.886697,
        0.46235
      ],
      "initscale": [
        0.999999,
        1,
        0.999999
      ],
      "offmtx": [
        [
          0.81993,
          0.572462,
          -1.8439457960539585e-7,
          -19.247478
        ],
        [
          -0.572463,
          0.81993,
          0,
          -14.614608
        ],
        [
          1.7326905776826607e-7,
          0,
          0.999999,
          -0.000001
        ]
      ],
      "boundingbox": [
        [
          0.023581,
          -0.489111,
          -0.356997
        ],
        [
          3.033965,
          0.534973,
          0.357002
        ]
      ]
    },
    {
      "name": "Bone017",
      "parent": "Bone016",
      "initpos": [
        2.580656,
        -0.132058,
        0
      ],
      "initquaternion": [
        0,
        0,
        0.462351,
        0.886696
      ],
      "initscale": [
        1,
        1,
        1
      ],
      "offmtx": [
        [
          1.4027646955128148e-7,
          0.999999,
          0,
          -24.370477
        ],
        [
          -0.999999,
          1.4027645534042676e-7,
          1.7326892987057363e-7,
          9.606822
        ],
        [
          1.732689867139925e-7,
          0,
          0.999999,
          3.2692432228031976e-7
        ]
      ],
      "boundingbox": [
        [
          0.028018,
          -0.505401,
          -0.407997
        ],
        [
          2.527019,
          0.514596,
          0.408002
        ]
      ]
    },
    {
      "name": "Bone018",
      "parent": "Bone015",
      "initpos": [
        1.695936,
        1.290114,
        1.529416
      ],
      "initquaternion": [
        -8.274977290056995e-7,
        0.000001,
        0.886697,
        0.46235
      ],
      "initscale": [
        0.999999,
        1,
        0.999999
      ],
      "offmtx": [
        [
          0.81993,
          0.572462,
          -1.8439457960539585e-7,
          -19.247474
        ],
        [
          -0.572463,
          0.81993,
          0,
          -14.614604
        ],
        [
          1.7326905776826607e-7,
          0,
          0.999999,
          -1.529424
        ]
      ],
      "boundingbox": [
        [
          0.023584,
          -0.285108,
          -0.35642
        ],
        [
          3.033692,
          0.534976,
          0.357579
        ]
      ]
    },
    {
      "name": "Bone019",
      "parent": "Bone018",
      "initpos": [
        2.580656,
        -0.132058,
        4.76837158203125e-7
      ],
      "initquaternion": [
        0,
        0,
        0.462351,
        0.886696
      ],
      "initscale": [
        1,
        1,
        1
      ],
      "offmtx": [
        [
          1.4027646955128148e-7,
          0.999999,
          0,
          -24.370473
        ],
        [
          -0.999999,
          1.4027645534042676e-7,
          1.7326892987057363e-7,
          9.606822
        ],
        [
          1.732689867139925e-7,
          0,
          0.999999,
          -1.529422
        ]
      ],
      "boundingbox": [
        [
          0.028021,
          -0.403401,
          -0.30542
        ],
        [
          2.272021,
          0.514596,
          0.40858
        ]
      ]
    }
  ],
  "boundingbox": [
    [
      3.69643,
      19.6657,
      -2.539802
    ],
    [
      10.18057,
      26.897499,
      2.539797
    ]
  ]
}
