{
  "skeleton": [
    {
      "name": "root",
      "parent": "root",
      "initpos": [
        0,
        0,
        0
      ],
      "initquaternion": [
        0.707106,
        0,
        0,
        0.707106
      ],
      "initscale": [
        1,
        0.999999,
        0.999999
      ],
      "offmtx": [
        [
          1,
          0,
          0,
          0
        ],
        [
          0,
          1,
          0,
          0
        ],
        [
          0,
          0,
          1,
          0
        ]
      ],
      "boundingbox": [
        [
          0,
          0,
          0
        ],
        [
          0,
          0,
          0
        ]
      ]
    },
    {
      "name": "Bone001",
      "parent": "root",
      "initpos": [
        -4.080846,
        -3.000001,
        -0.197314
      ],
      "initquaternion": [
        -0.499999,
        0.5,
        0.499999,
        0.5
      ],
      "initscale": [
        1,
        0.999999,
        0.999999
      ],
      "offmtx": [
        [
          1,
          0,
          0,
          0
        ],
        [
          0,
          1,
          0,
          0
        ],
        [
          0,
          0,
          1,
          0
        ]
      ],
      "boundingbox": [
        [
          0,
          0,
          0
        ],
        [
          0,
          0,
          0
        ]
      ]
    },
    {
      "name": "Bone037",
      "parent": "Bone001",
      "initpos": [
        3.913302,
        2.064689,
        -3.16625
      ],
      "initquaternion": [
        1.9471050904940057e-7,
        0,
        1,
        -1.9470719792025193e-7
      ],
      "initscale": [
        0.999999,
        0.999999,
        1
      ],
      "offmtx": [
        [
          4.2809261913134833e-7,
          0,
          1,
          16.110618
        ],
        [
          1,
          -0.000002,
          -4.2809261913134833e-7,
          2.135531
        ],
        [
          0.000002,
          1,
          0,
          3.166249
        ]
      ],
      "boundingbox": [
        [
          0.024477,
          -1.173356,
          -0.179135
        ],
        [
          2.400603,
          1.202764,
          0.189835
        ]
      ]
    },
    {
      "name": "Bone038",
      "parent": "Bone037",
      "initpos": [
        2.408535,
        -0.000001,
        0.000001
      ],
      "initquaternion": [
        0,
        0,
        0,
        1
      ],
      "initscale": [
        1,
        1,
        1
      ],
      "offmtx": [
        [
          5.672096108355618e-7,
          0,
          1,
          13.702084
        ],
        [
          1,
          -4.609432835422922e-7,
          -5.672096108355618e-7,
          2.135537
        ],
        [
          4.609432835422922e-7,
          1,
          0,
          3.166244
        ]
      ],
      "boundingbox": [
        [
          -0.134089,
          -0.513487,
          -0.074191
        ],
        [
          3.409872,
          0.542611,
          0.189832
        ]
      ]
    },
    {
      "name": "Bone039",
      "parent": "Bone038",
      "initpos": [
        3.419475,
        9.5367431640625e-7,
        -0.000025
      ],
      "initquaternion": [
        0,
        0,
        0,
        1
      ],
      "initscale": [
        1,
        1,
        1
      ],
      "offmtx": [
        [
          0,
          0.000015,
          1,
          10.282656
        ],
        [
          1,
          0.000105,
          0,
          2.135879
        ],
        [
          -0.000105,
          1,
          -0.000015,
          3.165887
        ]
      ],
      "boundingbox": [
        [
          -0.009601,
          -0.777518,
          -0.074265
        ],
        [
          1.574547,
          0.806655,
          0.189942
        ]
      ]
    },
    {
      "name": "Bone041",
      "parent": "Bone001",
      "initpos": [
        2.869876,
        -0.070837,
        2.765178
      ],
      "initquaternion": [
        0.126472,
        -0.695703,
        0.695705,
        0.126472
      ],
      "initscale": [
        0.999999,
        0.999999,
        0.999999
      ],
      "offmtx": [
        [
          0,
          0.35195,
          0.936018,
          13.129968
        ],
        [
          -2.18847304722658e-7,
          -0.936018,
          0.351949,
          7.891156
        ],
        [
          1,
          -1.8069070506498974e-7,
          1.4126271707937121e-7,
          0.000002
        ]
      ],
      "boundingbox": [
        [
          -0.002132,
          -0.572978,
          -1.046273
        ],
        [
          4.616009,
          0.598299,
          1.01926
        ]
      ]
    },
    {
      "name": "Bone042",
      "parent": "Bone041",
      "initpos": [
        4.044443,
        0,
        0
      ],
      "initquaternion": [
        0,
        0,
        -0.022841,
        0.999739
      ],
      "initscale": [
        0.999999,
        0.999999,
        1
      ],
      "offmtx": [
        [
          -1.4577749141153618e-7,
          0.394331,
          0.918968,
          8.715652
        ],
        [
          -1.3481835026141198e-7,
          -0.918968,
          0.394331,
          8.297862
        ],
        [
          1,
          0,
          1.871279806664461e-7,
          0.000002
        ]
      ],
      "boundingbox": [
        [
          0.08573,
          -0.517304,
          -0.502832
        ],
        [
          1.087021,
          0.483984,
          0.475819
        ]
      ]
    },
    {
      "name": "Bone043",
      "parent": "Bone042",
      "initpos": [
        0.997569,
        9.5367431640625e-7,
        4.76837158203125e-7
      ],
      "initquaternion": [
        0,
        0,
        -0.204536,
        0.978858
      ],
      "initscale": [
        0.999999,
        0.999999,
        1
      ],
      "offmtx": [
        [
          0,
          0.729315,
          0.684177,
          3.749632
        ],
        [
          -2.468102877628553e-7,
          -0.684177,
          0.729315,
          10.694089
        ],
        [
          1,
          -2.1595587895717472e-7,
          1.3582341296114464e-7,
          0.000002
        ]
      ],
      "boundingbox": [
        [
          -0.176284,
          -0.570667,
          -1.046272
        ],
        [
          3.678293,
          0.485489,
          1.019261
        ]
      ]
    },
    {
      "name": "Bone044",
      "parent": "Bone043",
      "initpos": [
        3.574699,
        -0.000001,
        -4.76837158203125e-7
      ],
      "initquaternion": [
        0,
        0,
        -0.301701,
        0.953402
      ],
      "initscale": [
        0.999999,
        0.999999,
        1
      ],
      "offmtx": [
        [
          1.960761863983862e-7,
          0.990143,
          0.140059,
          -6.009078
        ],
        [
          -1.6491125620632374e-7,
          -0.140059,
          0.990143,
          8.847891
        ],
        [
          1,
          -2.17240838651378e-7,
          1.3582345559370879e-7,
          0.000002
        ]
      ],
      "boundingbox": [
        [
          -0.086586,
          -0.590582,
          -0.502832
        ],
        [
          0.942891,
          0.438902,
          0.475819
        ]
      ]
    },
    {
      "name": "Bone045",
      "parent": "Bone044",
      "initpos": [
        0.552726,
        0,
        4.76837158203125e-7
      ],
      "initquaternion": [
        0,
        0,
        -0.086531,
        0.996249
      ],
      "initscale": [
        0.999999,
        0.999999,
        1
      ],