{"skeleton":[{"name":"root","parent":"root","initpos":[0.0,0.0,-0.0],"initquaternion":[0.707106,0.0,0.0,0.707106],"initscale":[1.0,0.999999,0.999999],"offmtx":[[1.0,0.0,0.0,0.0],[0.0,1.0,0.0,0.0],[0.0,0.0,1.0,0.0]],"boundingbox":[[0.0,0.0,0.0],[0.0,0.0,0.0]]},{"name":"Bone024","parent":"root","initpos":[3.890726,0.0,-11.125152],"initquaternion":[-0.5,-0.5,-0.499999,0.5],"initscale":[1.0,1.0,1.0],"offmtx":[[0.0,-0.999999,0.0,11.125152],[1.0,0.0,0.0,-3.890727],[-0.0,0.0,0.999999,2.937417207249382e-07]],"boundingbox":[[-0.994847,-1.135727,-2.542499],[4.615153,1.159274,2.5575]]}],"boundingbox":[[2.754999,6.509999,-2.5425],[5.05,12.119998,2.557498]]}