{
  "skeleton": [
    {
      "name": "root",
      "parent": "root",
      "initpos": [
        0,
        0,
        0
      ],
      "initquaternion": [
        0.707106,
        0,
        0,
        0.707106
      ],
      "initscale": [
        1,
        0.999999,
        0.999999
      ],
      "offmtx": [
        [
          1,
          0,
          0,
          0
        ],
        [
          0,
          0,
          0.999999,
          0
        ],
        [
          0,
          -0.999999,
          0,
          0
        ]
      ],
      "boundingbox": [
        [
          -4.090854,
          -2.35861,
          -15.105424
        ],
        [
          4.090853,
          2.351952,
          -12.757809
        ]
      ]
    }
  ],
  "boundingbox": [
    [
      -4.090854,
      12.757808,
      -2.358613
    ],
    [
      4.090853,
      15.105423,
      2.35195
    ]
  ]
}
