{
  "skeleton": [
    {
      "name": "root",
      "parent": "root",
      "initpos": [
        0,
        0,
        0
      ],
      "initquaternion": [
        0.707106,
        0,
        0,
        0.707106
      ],
      "initscale": [
        1,
        0.999999,
        0.999999
      ],
      "offmtx": [
        [
          1,
          0,
          0,
          0
        ],
        [
          0,
          0,
          0.999999,
          0
        ],
        [
          0,
          -0.999999,
          0,
          0
        ]
      ],
      "boundingbox": [
        [
          3.654617,
          -3.474886,
          -23.175827
        ],
        [
          10.736553,
          3.82729,
          -8.977001
        ]
      ]
    }
  ],
  "boundingbox": [
    [
      3.654617,
      8.977001,
      -3.474889
    ],
    [
      10.736553,
      23.175827,
      3.827288
    ]
  ]
}
