{"skeleton":[{"name":"root","parent":"root","initpos":[0.0,0.0,-0.0],"initquaternion":[0.707106,0.0,0.0,0.707106],"initscale":[1.0,0.999999,0.999999],"offmtx":[[1.0,0.0,0.0,0.0],[0.0,1.0,0.0,0.0],[0.0,0.0,1.0,0.0]],"boundingbox":[[0.0,0.0,0.0],[0.0,0.0,0.0]]},{"name":"Bone001","parent":"root","initpos":[0.0,0.0,-0.0],"initquaternion":[-0.707106,1.685874195800352e-07,-1.6858736273661634e-07,0.707106],"initscale":[1.0,1.0,1.0],"offmtx":[[1.0,0.0,-4.6938654918449174e-07,-0.0],[-0.0,0.999999,-1.6292067073209182e-07,-0.0],[4.6938657760620117e-07,1.6292067073209182e-07,0.999999,0.0]],"boundingbox":[[-0.000716,-0.000957,-0.00089],[0.000485,0.000548,0.000671]]}],"boundingbox":[[-0.000716,-0.000957,-0.00089],[0.000485,0.000548,0.000671]]}