{
  "skeleton": [
    {
      "name": "root",
      "parent": "root",
      "initpos": [
        0,
        0,
        0
      ],
      "initquaternion": [
        0.707106,
        0,
        0,
        0.707106
      ],
      "initscale": [
        1,
        0.999999,
        0.999999
      ],
      "offmtx": [
        [
          1,
          0,
          0,
          0
        ],
        [
          0,
          1,
          0,
          0
        ],
        [
          0,
          0,
          1,
          0
        ]
      ],
      "boundingbox": [
        [
          0,
          0,
          0
        ],
        [
          0,
          0,
          0
        ]
      ]
    },
    {
      "name": "Bone001",
      "parent": "root",
      "initpos": [
        -1.965647271617854e-7,
        -2.673851,
        -0.32153
      ],
      "initquaternion": [
        0.707106,
        2.2197247062649694e-7,
        -0.707106,
        2.2197249904820637e-7
      ],
      "initscale": [
        1,
        0.999999,
        0.999999
      ],
      "offmtx": [
        [
          3.1391647326017846e-7,
          0.999999,
          0,
          -0.32153
        ],
        [
          5.940622713751509e-7,
          0,
          -0.999999,
          -2.673851
        ],
        [
          -1,
          3.1391644483846903e-7,
          -5.94062214531732e-7,
          -0.000001
        ]
      ],
      "boundingbox": [
        [
          -0.091223,
          -9.928767,
          -4.753421
        ],
        [
          9.276234,
          8.730623,
          4.733926
        ]
      ]
    },
    {
      "name": "Bone006",
      "parent": "Bone001",
      "initpos": [
        6.056836,
        -9.937192,
        -0.000003
      ],
      "initquaternion": [
        1.297356675422634e-7,
        2.000302004034893e-7,
        -0.54415,
        0.838987
      ],
      "initscale": [
        1,
        1,
        1
      ],
      "offmtx": [
        [
          0,
          0.407799,
          0.913071,
          -9.233046
        ],
        [
          2.422586362627044e-7,
          0.913071,
          -0.407799,
          -2.861916
        ],
        [
          -1,
          1.944542020737572e-7,
          -1.58675987904644e-7,
          -0.000002
        ]
      ],
      "boundingbox": [
        [
          -1.010919,
          -1.428159,
          -0.679638
        ],
        [
          5.896562,
          0.921619,
          0.679633
        ]
      ]
    },
    {
      "name": "Bone007",
      "parent": "Bone006",
      "initpos": [
        5.559453,
        -0.077328,
        0.000001
      ],
      "initquaternion": [
        -0.384958,
        0.593133,
        0.384957,
        0.593133
      ],
      "initscale": [
        0.999999,
        0.999999,
        0.999999
      ],
      "offmtx": [
        [
          1,
          -9.143356010099524e-7,
          0.000001,
          -0.000002
        ],
        [
          0.000001,
          -0.000624,
          -0.999999,
          12.376408
        ],
        [
          9.150865594165225e-7,
          0.999999,
          -0.000624,
          -8.567177
        ]
      ],
      "boundingbox": [
        [
          -0.246685,
          -0.494472,
          -2.670356
        ],
        [
          0.1874,
          0.499227,
          2.641409
        ]
      ]
    },
    {
      "name": "Bone005",
      "parent": "Bone001",
      "initpos": [
        9.283431,
        -6.873116,
        -0.000002
      ],
      "initquaternion": [
        0,
        0,
        0,
        1
      ],
      "initscale": [
        1,
        1,
        1
      ],
      "offmtx": [
        [
          1.1551050249636319e-7,
          0.999999,
          0,
          -9.604964
        ],
        [
          2.0464790395635646e-7,
          0,
          -0.999999,
          4.199262
        ],
        [
          -1,
          1.1551049539093583e-7,
          -2.0464788974550174e-7,
          -0.000001
        ]
      ],
      "boundingbox": [
        [
          -0.0072,
          -2.200494,
          -3.804686
        ],
        [
          0.915175,
          2.513587,
          3.785185
        ]
      ]
    },
    {
      "name": "Bone002",
      "parent": "Bone001",
      "initpos": [
        7.418018,
        5.025153,
        0.000002
      ],
      "initquaternion": [
        0,
        0,
        0,
        1
      ],
      "initscale": [
        1,
        1,
        1
      ],
      "offmtx": [
        [
          1.1551050249636319e-7,
          0.999999,
          0,
          -7.739547
        ],
        [
          2.0464790395635646e-7,
          0,
          -0.999999,
          -7.699007
        ],
        [
          -1,
          1.1551049539093583e-7,
          -2.0464788974550174e-7,
          -0.000002
        ]
      ],
      "boundingbox": [
        [
          -0.093477,
          -1.427715,
          -1.7878
        ],
        [
          1.373746,
          1.381571,
          1.768298
        ]
      ]
    },
    {
      "name": "Bone003",
      "parent": "Bone002",
      "initpos": [
        1.405586,
        -0.029798,
        0
      ],
      "initquaternion": [
        0,
        0,
        0,
        1
      ],
      "initscale": [
        1,
        1,
        1
      ],
      "offmtx": [
        [
          1.9044927057620953e-7,
          0.999999,
          0,
          -9.145134
        ],
        [
          2.920706663189776e-7,
          0,
          -0.999999,
          -7.669209
        ],
        [
          -1,
          1.904492563653548e-7,
          -2.9207063789726817e-7,
          -0.000004
        ]
      ],
      "boundingbox": [
        [
          -0.309151,
          -0.500143,
          -0.497156
        ],
        [
          4.534148,
          0.507422,
          0.510409
        ]
      ]
    },
    {
      "name": "Bone004",
      "parent": "Bone003",
      "initpos": [
        3.653569,
        0.060459,
        -9.536744300930877e-7
      ],
      "initquaternion": [
        0,
        0,
        0,
        1
      ],
      "initscale": [
        1,
        1,
        1
      ],
      "offmtx": [
        [
          0.000001,
          0.999999,
          0,
          -12.798704
        ],
        [
          0,
          0,
          -0.999999,
          -7.729668
        ],
        [
          -1,
          0.000001,
          0,
          -0.000017
        ]
      ],
      "boundingbox": [
        [
          -0.010348,
          -0.946703,
          -5.090371
        ],
        [
          0.916352,
          0.840329,
          5.090372
        ]
      ]
    },
    {
      "name": "bind",
      "parent": "Bone001",
      "initpos": [
        10.413293,
        -5.516268,
        -0.000002
      ],
      "initquaternion": [
        0.707106,
        0,
        0,
        0.707106
      ],
      "initscale": [
        1,
        0.999999,
        0.999999
      ],
      "offmtx": [
        [
          3.1391647326017846e-7,
          0.999999,
          0,
          -10.734827
        ],
        [
          -1,
          3.1391644483846903e-7,
          -6.059871111574466e-7,
          -0.000002
        ],
        [
          -6.059871680008655e-7,
          0,
          0.999999,
          -2.842413
        ]
      ],
      "boundingbox": [
        [
          -3.989075,
          -4.753415,
          -6.751976
        ],
        [
          -3.989073,
          4.73392,
          -6.751971
        ]
      ]
    },
    {
      "name": "Bone008",
      "parent": "Bone001",
      "initpos": [
        6.515451,
        7.289325,
        0.000003
      ],
      "initquaternion": [
        0,
        0,
        0,
        1
      ],
      "initscale": [
        1,
        1,
        1
      ],