{"skeleton":[{"name":"Bone002","parent":"Bone002","initpos":[0.00424,1.60671,-0.0],"initquaternion":[-0.703763,0.710434,1e-06,-1e-06],"initscale":[0.999999,0.999999,0.999999],"offmtx":[[-0.009433,-0.999955,1.4762021294245642e-07,1.606679],[-0.999955,0.009433,2e-06,-0.010917],[-2e-06,-1.1991795645371894e-07,-1.0,1.3489541572653252e-07]],"boundingbox":[[0.152016,-0.746148,-2e-06],[3.061342,0.724313,2e-06]]}],"boundingbox":[[-0.721603,-1.447919,-3.162469681683433e-07],[0.721603,1.447919,3.162469681683433e-07]]}