{"skeleton":[{"name":"root","parent":"root","initpos":[0.0,0.0,-0.0],"initquaternion":[0.707106,0.0,0.0,0.707106],"initscale":[1.0,0.999999,0.999999],"offmtx":[[1.0,0.0,0.0,0.0],[0.0,1.0,0.0,0.0],[0.0,0.0,1.0,0.0]],"boundingbox":[[0.0,0.0,0.0],[0.0,0.0,0.0]]},{"name":"Bone001","parent":"root","initpos":[0.0,0.0,-0.0],"initquaternion":[-0.707106,1.685874195800352e-07,-1.6858736273661634e-07,0.707106],"initscale":[1.0,1.0,1.0],"offmtx":[[1.0,0.0,-4.6938654918449174e-07,-0.0],[-0.0,0.999999,-1.6292067073209182e-07,-0.0],[4.6938657760620117e-07,1.6292067073209182e-07,0.999999,0.0]],"boundingbox":[[-3.077136,-2.950434,0.135928],[2.516708,4.060468,7.403509]]}],"boundingbox":[[-3.077134,-2.950433,0.13593],[2.516709,4.06047,7.403507]]}