{
  "skeleton": [
    {
      "name": "root",
      "parent": "root",
      "initpos": [
        0,
        0,
        0
      ],
      "initquaternion": [
        -1.1920928955078125e-7,
        0,
        0,
        1
      ],
      "initscale": [
        1,
        0.999999,
        0.999999
      ],
      "offmtx": [
        [
          1,
          0,
          0,
          0
        ],
        [
          0,
          1,
          0,
          0
        ],
        [
          0,
          0,
          1,
          0
        ]
      ],
      "boundingbox": [
        [
          0,
          0,
          0
        ],
        [
          0,
          0,
          0
        ]
      ]
    },
    {
      "name": "Bone001",
      "parent": "root",
      "initpos": [
        0,
        0,
        0
      ],
      "initquaternion": [
        -0.000001,
        -0.000001,
        0.707106,
        0.707106
      ],
      "initscale": [
        0.999999,
        0.999999,
        1
      ],
      "offmtx": [
        [
          1.6335651764620707e-7,
          0.999999,
          0,
          0
        ],
        [
          -1,
          1.6335650343535235e-7,
          -0.000003,
          0
        ],
        [
          -0.000003,
          0,
          0.999999,
          0
        ]
      ],
      "boundingbox": [
        [
          0.014152,
          -2.828734,
          -2.859849
        ],
        [
          2.743703,
          2.819358,
          2.789885
        ]
      ]
    }
  ],
  "boundingbox": [
    [
      -2.819351,
      0.014153,
      -2.859843
    ],
    [
      2.828727,
      2.743703,
      2.789879
    ]
  ]
}
