{"skeleton":[{"name":"RootNode","parent":"RootNode","initpos":[0.0,0.0,-0.0],"initquaternion":[0.0,0.0,0.0,1.0],"initscale":[1.0,1.0,1.0],"offmtx":[[1.0,0.0,0.0,0.0],[0.0,1.0,0.0,0.0],[0.0,0.0,1.0,0.0]],"boundingbox":[[0.0,0.0,0.0],[0.0,0.0,0.0]]},{"name":"Bone001","parent":"RootNode","initpos":[0.0,0.0,-0.0],"initquaternion":[0.50143,0.498565,-0.498565,0.50143],"initscale":[0.999999,0.999999,0.999999],"offmtx":[[0.00573,0.0,-0.999983,0.006463],[0.999983,0.0,0.00573,5.1e-05],[0.0,-0.999999,0.0,0.0]],"boundingbox":[[0.001435,-0.004977,-0.0],[0.011492,0.005079,0.0]]},{"name":"Bone002","parent":"RootNode","initpos":[0.0,0.0,-0.0],"initquaternion":[0.503011,0.496969,-0.496969,0.503011],"initscale":[0.999999,1.0,0.999999],"offmtx":[[0.012083,0.0,-0.999926,0.007601],[0.999926,0.0,0.012083,8e-06],[0.0,-0.999999,0.0,0.0]],"boundingbox":[[0.002541,-0.005051,-0.0],[0.012662,0.005068,0.0]]}],"boundingbox":[[-0.004999,-0.0,-0.004999],[0.004999,0.0,0.004999]]}