{"skeleton":[{"name":"root","parent":"root","initpos":[0.0,0.0,-0.0],"initquaternion":[0.707106,0.0,0.0,0.707106],"initscale":[1.0,0.999999,0.999999],"offmtx":[[1.0,0.0,0.0,0.0],[0.0,0.0,0.999999,0.0],[0.0,-0.999999,0.0,0.0]],"boundingbox":[[-6.870708,-2.327424,-8.13835],[6.870708,3.499243,7.395424]]}],"boundingbox":[[-6.870708,-7.395424,-2.327424],[6.870708,8.13835,3.499243]]}