{
  "skeleton": [
    {
      "name": "Bone002",
      "parent": "Bone002",
      "initpos": [
        0.00424,
        1.60671,
        0
      ],
      "initquaternion": [
        -0.703763,
        0.710434,
        0.000001,
        -0.000001
      ],
      "initscale": [
        0.999999,
        0.999999,
        0.999999
      ],
      "offmtx": [
        [
          -0.009433,
          -0.999955,
          1.4762021294245642e-7,
          1.606679
        ],
        [
          -0.999955,
          0.009433,
          0.000002,
          -0.010917
        ],
        [
          -0.000002,
          -1.1991795645371894e-7,
          -1,
          1.3489541572653252e-7
        ]
      ],
      "boundingbox": [
        [
          0.152016,
          -0.746148,
          -0.000002
        ],
        [
          3.061342,
          0.724313,
          0.000002
        ]
      ]
    }
  ],
  "boundingbox": [
    [
      -0.721603,
      -1.447919,
      -3.162469681683433e-7
    ],
    [
      0.721603,
      1.447919,
      3.162469681683433e-7
    ]
  ]
}
