{
  "skeleton": [
    {
      "name": "root",
      "parent": "root",
      "initpos": [
        0,
        0,
        0
      ],
      "initquaternion": [
        0.707106,
        0,
        0,
        0.707106
      ],
      "initscale": [
        1,
        0.999999,
        0.999999
      ],
      "offmtx": [
        [
          1,
          0,
          0,
          0
        ],
        [
          0,
          1,
          0,
          0
        ],
        [
          0,
          0,
          1,
          0
        ]
      ],
      "boundingbox": [
        [
          0,
          0,
          0
        ],
        [
          0,
          0,
          0
        ]
      ]
    },
    {
      "name": "Bone001",
      "parent": "root",
      "initpos": [
        -0.19803,
        -4.326235796270339e-7,
        -10.03229
      ],
      "initquaternion": [
        -0.5,
        0.5,
        0.499999,
        0.5
      ],
      "initscale": [
        1,
        1,
        1
      ],
      "offmtx": [
        [
          1,
          0,
          0,
          0
        ],
        [
          0,
          1,
          0,
          0
        ],
        [
          0,
          0,
          1,
          0
        ]
      ],
      "boundingbox": [
        [
          0,
          0,
          0
        ],
        [
          0,
          0,
          0
        ]
      ]
    },
    {
      "name": "Bone002",
      "parent": "Bone001",
      "initpos": [
        12.091212,
        -5.553604,
        2.639434
      ],
      "initquaternion": [
        0.00229,
        0.000279,
        0.992634,
        -0.121122
      ],
      "initscale": [
        1,
        1,
        0.999999
      ],
      "offmtx": [
        [
          0.240462,
          -0.970658,
          -1.0557639740227387e-7,
          20.186553
        ],
        [
          0.970658,
          0.240462,
          -1.6070579533788987e-7,
          -10.518297
        ],
        [
          1.8137758672764903e-7,
          0,
          0.999999,
          -2.639433
        ]
      ],
      "boundingbox": [
        [
          -1.436401,
          -2.67271,
          -0.236428
        ],
        [
          5.392608,
          2.63872,
          0.116958
        ]
      ]
    },
    {
      "name": "Bone003",
      "parent": "Bone002",
      "initpos": [
        5.398769,
        0.000001,
        2.384185791015625e-7
      ],
      "initquaternion": [
        0.000009,
        -0.002382,
        0.004278,
        0.999988
      ],
      "initscale": [
        0.999999,
        0.999999,
        0.999999
      ],
      "offmtx": [
        [
          0.227128,
          -0.973864,
          0,
          14.930626
        ],
        [
          0.973864,
          0.227128,
          -1.6213837739087467e-7,
          -10.314522
        ],
        [
          1.6450015039026766e-7,
          0,
          0.999999,
          -2.639434
        ]
      ],
      "boundingbox": [
        [
          -0.111068,
          -2.346514,
          -0.198571
        ],
        [
          3.633831,
          2.75692,
          0.068404
        ]
      ]
    },
    {
      "name": "Bone004",
      "parent": "Bone003",
      "initpos": [
        3.717254,
        9.5367431640625e-7,
        -2.384185791015625e-7
      ],
      "initquaternion": [
        0.013198,
        -0.002324,
        -0.000366,
        0.99991
      ],
      "initscale": [
        0.999999,
        0.999999,
        0.999999
      ],
      "offmtx": [
        [
          0.24266,
          -0.970111,
          0,
          11.047133
        ],
        [
          0.970111,
          0.24266,
          -1.6165346039542783e-7,
          -10.492379
        ],
        [
          1.6365103761017963e-7,
          0,
          0.999999,
          -2.639434
        ]
      ],
      "boundingbox": [
        [
          -0.128512,
          -0.251398,
          -0.198572
        ],
        [
          4.469859,
          2.759327,
          0.068404
        ]
      ]
    }
  ],
  "boundingbox": [
    [
      2.751732,
      8.915483,
      2.403005
    ],
    [
      10.14374,
      23.042646,
      2.756392
    ]
  ]
}
