{"skeleton":[{"name":"root","parent":"root","initpos":[0.0,0.0,-0.0],"initquaternion":[0.707106,0.0,0.0,0.707106],"initscale":[1.0,0.999999,0.999999],"offmtx":[[1.0,0.0,0.0,0.0],[-0.0,0.0,0.999999,0.0],[0.0,-0.999999,0.0,0.0]],"boundingbox":[[0.388445,1.876982,-13.247895],[6.678771,5.705349,-4.82635]]}],"boundingbox":[[0.388445,4.826351,1.876979],[6.678771,13.247894,5.705348]]}