{
  "skeleton": [
    {
      "name": "root",
      "parent": "root",
      "initpos": [
        0,
        0,
        0
      ],
      "initquaternion": [
        0.707106,
        0,
        0,
        0.707106
      ],
      "initscale": [
        1,
        0.999999,
        0.999999
      ],
      "offmtx": [
        [
          1,
          0,
          0,
          0
        ],
        [
          0,
          1,
          0,
          0
        ],
        [
          0,
          0,
          1,
          0
        ]
      ],
      "boundingbox": [
        [
          0,
          0,
          0
        ],
        [
          0,
          0,
          0
        ]
      ]
    },
    {
      "name": "Bone001",
      "parent": "root",
      "initpos": [
        0,
        0,
        5.115032
      ],
      "initquaternion": [
        -0.5,
        0.499999,
        0.5,
        0.499999
      ],
      "initscale": [
        0.999999,
        0.999999,
        0.999999
      ],
      "offmtx": [
        [
          0,
          0.999999,
          0,
          5.115032
        ],
        [
          -1,
          0,
          -0.000003,
          0
        ],
        [
          -0.000003,
          0,
          0.999999,
          0
        ]
      ],
      "boundingbox": [
        [
          -0.053962,
          -0.910682,
          -2.833353
        ],
        [
          24.497255,
          0.910693,
          2.318224
        ]
      ]
    }
  ],
  "boundingbox": [
    [
      -0.910683,
      -5.168993,
      -2.833351
    ],
    [
      0.910683,
      19.382223,
      2.318221
    ]
  ]
}
