{"skeleton":[{"name":"root","parent":"root","initpos":[0.0,0.0,-0.0],"initquaternion":[0.707106,0.0,0.0,0.707106],"initscale":[1.0,0.999999,0.999999],"offmtx":[[1.0,0.0,0.0,0.0],[0.0,1.0,0.0,0.0],[0.0,0.0,1.0,0.0]],"boundingbox":[[0.0,0.0,0.0],[0.0,0.0,0.0]]},{"name":"Bone001","parent":"root","initpos":[3.847466132356203e-07,4.073141,0.0212],"initquaternion":[-0.707106,0.707106,1.3767879636361613e-07,-1.3767875373105198e-07],"initscale":[1.0,0.999999,0.999999],"offmtx":[[0.0,0.0,-0.999999,4.073142],[-1.0,-4.7683712978141557e-07,-0.0,7.036308034003014e-07],[-4.76837158203125e-07,0.999999,-0.0,0.0212]],"boundingbox":[[-0.036405,-6.801907,-9.062639],[7.29205,6.775291,6.772501]]}],"boundingbox":[[-6.775289,-9.08384,-3.218909],[6.801906,6.751301,4.109546]]}