{
  "skeleton": [
    {
      "name": "root",
      "parent": "root",
      "initpos": [
        0,
        0,
        0
      ],
      "initquaternion": [
        0.707106,
        0,
        0,
        0.707106
      ],
      "initscale": [
        1,
        0.999999,
        0.999999
      ],
      "offmtx": [
        [
          1,
          0,
          0,
          0
        ],
        [
          0,
          0,
          0.999999,
          -4.76837158203125e-7
        ],
        [
          0,
          -0.999999,
          0,
          4.0024511349656677e-7
        ]
      ],
      "boundingbox": [
        [
          -4.207875,
          -4.802225,
          -27.14528
        ],
        [
          4.208967,
          -1.202824,
          -23.332139
        ]
      ]
    }
  ],
  "boundingbox": [
    [
      -4.207874,
      23.332139,
      -4.802225
    ],
    [
      4.208967,
      27.14528,
      -1.202824
    ]
  ]
}
