{
  "skeleton": [
    {
      "name": "root",
      "parent": "root",
      "initpos": [
        0,
        0,
        0
      ],
      "initquaternion": [
        0.707106,
        0,
        0,
        0.707106
      ],
      "initscale": [
        1,
        0.999999,
        0.999999
      ],
      "offmtx": [
        [
          1,
          0,
          0,
          0
        ],
        [
          0,
          1,
          0,
          0
        ],
        [
          0,
          0,
          1,
          0
        ]
      ],
      "boundingbox": [
        [
          0,
          0,
          0
        ],
        [
          0,
          0,
          0
        ]
      ]
    },
    {
      "name": "Bone001",
      "parent": "root",
      "initpos": [
        1.038673,
        0,
        -0.626088
      ],
      "initquaternion": [
        0.5,
        -0.499999,
        -0.5,
        -0.499999
      ],
      "initscale": [
        1,
        1,
        1
      ],
      "offmtx": [
        [
          1.6292068494294654e-7,
          0.999999,
          0,
          -0.626088
        ],
        [
          -1,
          1.6292067073209182e-7,
          -1.3167844770123338e-7,
          1.038673
        ],
        [
          -1.316784619120881e-7,
          0,
          0.999999,
          1.3677090748842602e-7
        ]
      ],
      "boundingbox": [
        [
          -0.093271,
          -8.014801,
          -7.879873
        ],
        [
          15.906421,
          7.974606,
          8.120129
        ]
      ]
    },
    {
      "name": "bind",
      "parent": "Bone001",
      "initpos": [
        15.935056,
        -0.000003,
        0
      ],
      "initquaternion": [
        0,
        0,
        0,
        1
      ],
      "initscale": [
        1,
        1,
        1
      ],
      "offmtx": [
        [
          0,
          0.999999,
          0,
          -16.561145
        ],
        [
          -1,
          0,
          0.000007,
          1.038674
        ],
        [
          0.000007,
          0,
          0.999999,
          -0.000008
        ]
      ],
      "boundingbox": [
        [
          -0.02887,
          7.974542,
          -7.879932
        ],
        [
          -0.02887,
          7.974542,
          -7.879932
        ]
      ]
    }
  ],
  "boundingbox": [
    [
      -6.935931,
      0.53282,
      -7.879873
    ],
    [
      9.053475,
      16.532508,
      8.120127
    ]
  ]
}
