{"skeleton":[{"name":"root","parent":"root","initpos":[0.0,0.0,-0.0],"initquaternion":[0.707106,0.0,0.0,0.707106],"initscale":[1.0,0.999999,0.999999],"offmtx":[[1.0,0.0,-0.0,0.0],[0.0,0.0,0.999999,0.0],[0.0,-0.999999,0.0,0.0]],"boundingbox":[[-3.399999,-4.045997,-27.989997],[3.4,-4.029996,-25.159997]]}],"boundingbox":[[-3.399999,25.159996,-4.046001],[3.4,27.989995,-4.03]]}