{"skeleton":[{"name":"Bone001","parent":"Bone001","initpos":[0.0,0.0,-0.0],"initquaternion":[-4e-06,-4e-06,0.707106,0.707106],"initscale":[0.999999,0.999999,0.999999],"offmtx":[[0.0,0.999999,0.0,0.0],[-1.0,0.0,-1.1e-05,0.0],[-1.1e-05,0.0,0.999999,-0.0]],"boundingbox":[[-7.830779,-0.91311,-7.444073],[11.208192,0.913112,7.444075]]}],"boundingbox":[[-0.913096,-7.830779,-7.444071],[0.913095,11.208192,7.44407]]}