{
  "skeleton": [
    {
      "name": "root",
      "parent": "root",
      "initpos": [
        0,
        0,
        0
      ],
      "initquaternion": [
        0.707106,
        0,
        0,
        0.707106
      ],
      "initscale": [
        1,
        0.999999,
        0.999999
      ],
      "offmtx": [
        [
          1,
          1.1920928955078125e-7,
          0.000002,
          0
        ],
        [
          -0.000002,
          2.3841856489070778e-7,
          0.999999,
          -2.069281066496842e-7
        ],
        [
          1.1920860742975492e-7,
          -0.999999,
          2.384188633186568e-7,
          0
        ]
      ],
      "boundingbox": [
        [
          -7.888563,
          -3.238515,
          -7.888556
        ],
        [
          7.888554,
          3.90257,
          7.888555
        ]
      ]
    }
  ],
  "boundingbox": [
    [
      -7.888556,
      -7.888555,
      -3.238512
    ],
    [
      7.888556,
      7.888555,
      3.902566
    ]
  ]
}
