{
  "skeleton": [
    {
      "name": "root",
      "parent": "root",
      "initpos": [
        0,
        0,
        0
      ],
      "initquaternion": [
        0.707106,
        0,
        0,
        0.707106
      ],
      "initscale": [
        1,
        0.999999,
        0.999999
      ],
      "offmtx": [
        [
          1,
          0,
          0,
          0
        ],
        [
          0,
          1,
          0,
          0
        ],
        [
          0,
          0,
          1,
          0
        ]
      ],
      "boundingbox": [
        [
          0,
          0,
          0
        ],
        [
          0,
          0,
          0
        ]
      ]
    },
    {
      "name": "bone01",
      "parent": "root",
      "initpos": [
        -1.388956860637336e-7,
        -2.778726,
        0
      ],
      "initquaternion": [
        0.5,
        0.5,
        0.5,
        0.499999
      ],
      "initscale": [
        0.999999,
        0.999999,
        0.999999
      ],
      "offmtx": [
        [
          1.1701938973374126e-7,
          0,
          0.999999,
          5.222109
        ],
        [
          0,
          -0.999999,
          0,
          0
        ],
        [
          1,
          0,
          -1.170193826283139e-7,
          -3.8282246350718196e-7
        ]
      ],
      "boundingbox": [
        [
          1.603957,
          -12.618701,
          -0.839935
        ],
        [
          11.017795,
          12.618702,
          0.839936
        ]
      ]
    },
    {
      "name": "bone02",
      "parent": "bone01",
      "initpos": [
        10.202643,
        -7.327514,
        0
      ],
      "initquaternion": [
        0,
        0,
        0.999988,
        -0.004848
      ],
      "initscale": [
        0.999999,
        0.999999,
        1
      ],
      "offmtx": [
        [
          0,
          0.009695,
          -0.999953,
          4.909254
        ],
        [
          0,
          0.999953,
          0.009695,
          -7.37546
        ],
        [
          1,
          0,
          0,
          -5.693039497600694e-7
        ]
      ],
      "boundingbox": [
        [
          -0.494095,
          -0.489016,
          -0.084757
        ],
        [
          0.482179,
          0.487258,
          0.084767
        ]
      ]
    },
    {
      "name": "bone03",
      "parent": "bone01",
      "initpos": [
        10.202642,
        -6.353236,
        0
      ],
      "initquaternion": [
        0,
        0,
        0.999988,
        -0.004848
      ],
      "initscale": [
        1,
        1,
        1
      ],
      "offmtx": [
        [
          0,
          0.009697,
          -0.999952,
          4.91869
        ],
        [
          0,
          0.999952,
          0.009697,
          -6.401234
        ],
        [
          1,
          0,
          0,
          -5.161407443665667e-7
        ]
      ],
      "boundingbox": [
        [
          -0.494295,
          -0.491059,
          -0.084758
        ],
        [
          0.48198,
          0.485216,
          0.084767
        ]
      ]
    },
    {
      "name": "bone04",
      "parent": "bone01",
      "initpos": [
        10.202643,
        -5.371644,
        -4.5599404074891936e-7
      ],
      "initquaternion": [
        0,
        0,
        0.999988,
        -0.004849
      ],
      "initscale": [
        0.999999,
        0.999999,
        1
      ],
      "offmtx": [
        [
          0,
          0.009699,
          -0.999952,
          4.928199
        ],
        [
          0,
          0.999952,
          0.009699,
          -5.419697
        ],
        [
          1,
          0,
          0,
          0
        ]
      ],
      "boundingbox": [
        [
          -0.494418,
          -0.485789,
          -0.084758
        ],
        [
          0.481856,
          0.490486,
          0.084767
        ]
      ]
    },
    {
      "name": "bone05",
      "parent": "bone01",
      "initpos": [
        10.202643,
        -4.387524,
        -4.5949420268698304e-7
      ],
      "initquaternion": [
        0,
        0,
        0.999988,
        -0.004849
      ],
      "initscale": [
        0.999999,
        0.999999,
        1
      ],
      "offmtx": [
        [
          0,
          0.009699,
          -0.999952,
          4.937743
        ],
        [
          0,
          0.999952,
          0.009699,
          -4.435625
        ],
        [
          1,
          0,
          0,
          0
        ]
      ],
      "boundingbox": [
        [
          -0.494522,
          -0.477992,
          -0.084759
        ],
        [
          0.481751,
          0.498286,
          0.084766
        ]
      ]
    },
    {
      "name": "bone06",
      "parent": "bone01",
      "initpos": [
        10.202644,
        -3.428019,
        -4.631962440271309e-7
      ],
      "initquaternion": [
        0,
        0,
        0.999988,
        -0.004849
      ],
      "initscale": [
        0.999999,
        0.999999,
        1
      ],
      "offmtx": [
        [
          0,
          0.009699,
          -0.999952,
          4.947051
        ],
        [
          0,
          0.999952,
          0.009699,
          -3.476164
        ],
        [
          1,
          0,
          0,
          1.2028795026708394e-7
        ]
      ],
      "boundingbox": [
        [
          -0.494862,
          -0.494807,
          -0.08476
        ],
        [
          0.48141,
          0.481469,
          0.084765
        ]
      ]
    },
    {
      "name": "bone07",
      "parent": "bone01",
      "initpos": [
        10.202644,
        -2.453003,
        -4.667712403261248e-7
      ],
      "initquaternion": [
        0,
        0,
        0.999988,
        -0.004849
      ],
      "initscale": [
        0.999999,
        0.999999,
        1
      ],
      "offmtx": [
        [
          0,
          0.009699,
          -0.999952,
          4.956507
        ],
        [
          0,
          0.999952,
          0.009699,
          -2.501195
        ],
        [
          1,
          0,
          0,
          1.73482874288311e-7
        ]
      ],
      "boundingbox": [
        [
          -0.495052,
          -0.496111,
          -0.08476
        ],
        [
          0.481221,
          0.480165,
          0.084765
        ]
      ]
    },
    {
      "name": "bone08",
      "parent": "bone01",
      "initpos": [
        10.202644,
        -1.452409,
        -4.7013645598781295e-7
      ],
      "initquaternion": [
        0,
        0,
        0.999988,
        -0.004849
      ],
      "initscale": [
        0.999999,
        0.999999,
        1
      ],
      "offmtx": [
        [
          0,
          0.009699,
          -0.999952,
          4.966213
        ],
        [
          0,
          0.999952,
          0.009699,
          -1.500647
        ],
        [
          1,
          0,
          0,
          2.2776990249440132e-7
        ]
      ],
      "boundingbox": [
        [
          -0.494994,
          -0.471839,
          -0.084761
        ],
        [
          0.481279,
          0.504438,
          0.084764
        ]
      ]
    },
    {
      "name": "bone09",
      "parent": "bone01",
      "initpos": [
        10.202644,
        -0.503227,
        -3.5471381920615386e-7
      ],
      "initquaternion": [
        0,
        0,
        0.999988,
        -0.004849
      ],
      "initscale": [
        0.999999,
        0.999999,
        1
      ],
      "offmtx": [
        [
          0,
          0.009698,
          -0.999952,
          4.975419
        ],
        [
          0,
          0.999952,
          0.009698,
          -0.551506
        ],
        [
          1,
          0,
          0,
          1.6065285990407574e-7
        ]
      ],