{"skeleton":[{"name":"root","parent":"root","initpos":[0.0,0.0,-0.0],"initquaternion":[0.707106,0.0,0.0,0.707106],"initscale":[1.0,0.999999,0.999999],"offmtx":[[1.0,-0.0,0.0,0.0],[0.0,0.0,0.999999,0.0],[-0.0,-0.999999,0.0,0.0]],"boundingbox":[[-6.540378,-3.471382,-9.504191],[6.464792,4.532454,8.504765]]}],"boundingbox":[[-6.540378,-8.504765,-3.471381],[6.464792,9.504191,4.532454]]}