{"skeleton":[{"name":"root","parent":"root","initpos":[0.0,0.0,-0.0],"initquaternion":[0.707106,0.0,0.0,0.707106],"initscale":[1.0,0.999999,0.999999],"offmtx":[[1.0,0.0,0.0,0.0],[0.0,1.0,0.0,0.0],[0.0,0.0,1.0,0.0]],"boundingbox":[[0.0,0.0,0.0],[0.0,0.0,0.0]]},{"name":"Bone002","parent":"root","initpos":[-6.82927,-4e-06,-24.909744],"initquaternion":[0.498642,0.501353,0.501345,-0.49865],"initscale":[1.0,1.0,1.0],"offmtx":[[-0.005405,-0.999985,0.0,24.872463],[0.999985,-0.005405,1.6e-05,6.963828],[-1.6e-05,1.1834602275939687e-07,0.999999,-0.000113]],"boundingbox":[[0.422186,-2.61404,-3.162277],[13.111081,2.474234,3.162812]]}],"boundingbox":[[-9.498431,11.806024,-3.162283],[-4.379405,24.474309,3.162797]]}