{"skeleton":[{"name":"root","parent":"root","initpos":[0.0,0.0,-0.0],"initquaternion":[0.707106,0.0,0.0,0.707106],"initscale":[1.0,0.999999,0.999999],"offmtx":[[1.0,0.0,0.0,0.0],[-0.0,0.0,0.999999,0.0],[-0.0,-0.999999,0.0,0.0]],"boundingbox":[[-0.839164,-4.447652,-10.937072],[0.839166,4.447653,4.963068]]}],"boundingbox":[[-0.839164,-4.963068,-4.447653],[0.839166,10.937072,4.447651]]}