{
  "skeleton": [
    {
      "name": "root",
      "parent": "root",
      "initpos": [
        0,
        0,
        0
      ],
      "initquaternion": [
        0.707106,
        0,
        0,
        0.707106
      ],
      "initscale": [
        1,
        0.999999,
        0.999999
      ],
      "offmtx": [
        [
          1,
          0,
          0,
          0
        ],
        [
          0,
          1,
          0,
          0
        ],
        [
          0,
          0,
          1,
          0
        ]
      ],
      "boundingbox": [
        [
          0,
          0,
          0
        ],
        [
          0,
          0,
          0
        ]
      ]
    },
    {
      "name": "Bone001",
      "parent": "root",
      "initpos": [
        -0.186672,
        -0.000004,
        -30.685916
      ],
      "initquaternion": [
        -0.503891,
        0.496078,
        0.496079,
        0.50389
      ],
      "initscale": [
        0.999999,
        0.999999,
        0.999999
      ],
      "offmtx": [
        [
          0.015623,
          0.999877,
          0,
          -30.679258
        ],
        [
          -0.999878,
          0.015623,
          -0.000001,
          -0.666063
        ],
        [
          -0.000001,
          0,
          0.999999,
          9.566140306560555e-7
        ]
      ],
      "boundingbox": [
        [
          1.267887,
          -2.717599,
          -2.551246
        ],
        [
          3.025623,
          2.41388,
          2.592758
        ]
      ]
    }
  ],
  "boundingbox": [
    [
      -2.555221,
      31.990213,
      -2.551244
    ],
    [
      2.555221,
      33.669822,
      2.592752
    ]
  ]
}
