{
  "skeleton": [
    {
      "name": "root",
      "parent": "root",
      "initpos": [
        0,
        0,
        0
      ],
      "initquaternion": [
        0.707106,
        0,
        0,
        0.707106
      ],
      "initscale": [
        1,
        0.999999,
        0.999999
      ],
      "offmtx": [
        [
          1,
          0,
          0,
          0
        ],
        [
          0,
          1,
          0,
          0
        ],
        [
          0,
          0,
          1,
          0
        ]
      ],
      "boundingbox": [
        [
          0,
          0,
          0
        ],
        [
          0,
          0,
          0
        ]
      ]
    },
    {
      "name": "bone01",
      "parent": "root",
      "initpos": [
        -1.388956860637336e-7,
        0.301304,
        0
      ],
      "initquaternion": [
        0.5,
        0.5,
        0.5,
        0.499999
      ],
      "initscale": [
        0.999999,
        0.999999,
        0.999999
      ],
      "offmtx": [
        [
          0,
          0,
          0.999999,
          2.778726
        ],
        [
          0,
          -0.999999,
          0,
          0
        ],
        [
          1,
          0,
          0,
          0
        ]
      ],
      "boundingbox": [
        [
          -0.995994,
          -9.616651,
          -0.400001
        ],
        [
          9.469184,
          9.616651,
          0.399999
        ]
      ]
    },
    {
      "name": "bone04",
      "parent": "bone01",
      "initpos": [
        7.750144,
        -5.655733,
        -5.755860001954716e-7
      ],
      "initquaternion": [
        0,
        0,
        0.999988,
        -0.004849
      ],
      "initscale": [
        0.999999,
        0.999999,
        1
      ],
      "offmtx": [
        [
          0,
          0.009699,
          -0.999952,
          4.916329
        ],
        [
          0,
          0.999952,
          0.009699,
          -5.703685
        ],
        [
          1,
          0,
          0,
          5.456607254927803e-7
        ]
      ],
      "boundingbox": [
        [
          -0.587629,
          -0.564325,
          -0.399999
        ],
        [
          0.543687,
          0.566992,
          0.4
        ]
      ]
    },
    {
      "name": "bone05",
      "parent": "bone01",
      "initpos": [
        7.750144,
        -4.52561,
        -5.778890681540361e-7
      ],
      "initquaternion": [
        0,
        0,
        0.999988,
        -0.004849
      ],
      "initscale": [
        0.999999,
        0.999999,
        1
      ],
      "offmtx": [
        [
          0,
          0.009699,
          -0.999952,
          4.927289
        ],
        [
          0,
          0.999952,
          0.009699,
          -4.573617
        ],
        [
          1,
          0,
          0,
          6.054773393771029e-7
        ]
      ],
      "boundingbox": [
        [
          -0.587642,
          -0.565574,
          -0.399999
        ],
        [
          0.543674,
          0.565744,
          0.4
        ]
      ]
    },
    {
      "name": "bone06",
      "parent": "bone01",
      "initpos": [
        7.750146,
        -3.392943,
        -5.801712177344598e-7
      ],
      "initquaternion": [
        0,
        0,
        0.999988,
        -0.004849
      ],
      "initscale": [
        0.999999,
        0.999999,
        1
      ],
      "offmtx": [
        [
          0,
          0.009699,
          -0.999952,
          4.938277
        ],
        [
          0,
          0.999952,
          0.009699,
          -3.441002
        ],
        [
          1,
          0,
          0,
          6.654028084085439e-7
        ]
      ],
      "boundingbox": [
        [
          -0.58763,
          -0.564277,
          -0.399999
        ],
        [
          0.543687,
          0.56704,
          0.4
        ]
      ]
    },
    {
      "name": "bone07",
      "parent": "bone01",
      "initpos": [
        7.750146,
        -2.255508,
        -5.82414372729545e-7
      ],
      "initquaternion": [
        0,
        0,
        0.999988,
        -0.004849
      ],
      "initscale": [
        0.999999,
        0.999999,
        1
      ],
      "offmtx": [
        [
          0,
          0.009699,
          -0.999952,
          4.949308
        ],
        [
          0,
          0.999952,
          0.009699,
          -2.303621
        ],
        [
          1,
          0,
          0,
          7.255316063492501e-7
        ]
      ],
      "boundingbox": [
        [
          -0.587572,
          -0.558211,
          -0.399999
        ],
        [
          0.543745,
          0.573106,
          0.4
        ]
      ]
    },
    {
      "name": "bone08",
      "parent": "bone01",
      "initpos": [
        7.750146,
        -1.128759,
        -5.847450665896758e-7
      ],
      "initquaternion": [
        0,
        0,
        0.999988,
        -0.004849
      ],
      "initscale": [
        0.999999,
        0.999999,
        1
      ],
      "offmtx": [
        [
          0,
          0.009699,
          -0.999952,
          4.960237
        ],
        [
          0,
          0.999952,
          0.009699,
          -1.176925
        ],
        [
          1,
          0,
          0,
          7.852044632272737e-7
        ]
      ],
      "boundingbox": [
        [
          -0.587616,
          -0.562833,
          -0.399999
        ],
        [
          0.5437,
          0.568485,
          0.400001
        ]
      ]
    },
    {
      "name": "bone09",
      "parent": "bone01",
      "initpos": [
        7.750146,
        0.004299,
        -4.678147433878621e-7
      ],
      "initquaternion": [
        0,
        0,
        0.999988,
        -0.004849
      ],
      "initscale": [
        0.999999,
        0.999999,
        1
      ],
      "offmtx": [
        [
          0,
          0.009698,
          -0.999952,
          4.971227
        ],
        [
          0,
          0.999952,
          0.009698,
          -0.043915
        ],
        [
          1,
          0,
          0,
          7.259374683599162e-7
        ]
      ],
      "boundingbox": [
        [
          -0.5876,
          -0.561143,
          -0.399998
        ],
        [
          0.543716,
          0.570175,
          0.400001
        ]
      ]
    },
    {
      "name": "Bind",
      "parent": "bone09",
      "initpos": [
        0.005248,
        -0.001112,
        0
      ],
      "initquaternion": [
        -0.003429,
        -0.707098,
        -0.003429,
        0.707098
      ],
      "initscale": [
        1,
        0.999999,
        0.999999
      ],
      "offmtx": [
        [
          1,
          0,
          0,
          9.11824201921263e-7
        ],
        [
          0,
          0.999999,
          -0.000001,
          0.005367
        ],
        [
          0,
          0.000001,
          0.999999,
          -4.966161
        ]
      ],
      "boundingbox": [
        [
          0.4,
          0.005363,
          0.592927
        ],
        [
          0.4,
          0.005363,
          0.592927
        ]
      ]
    },
    {
      "name": "bone10",
      "parent": "bone01",
      "initpos": [
        7.761495,
        1.120555,
        -4.702768023889803e-7
      ],
      "initquaternion": [
        0,
        0,
        0.999994,
        0.003417
      ],
      "initscale": [
        1,
        1,
        1
      ],
      "offmtx": [
        [
          0,
          -0.006835,
          -0.999976,
          4.974993
        ],
        [
          0,
          0.999976,
          -0.006835,
          1.154588
        ],
        [
          1,
          0,
          0,
          7.893960400906508e-7
        ]
      ],