{
  "skeleton": [
    {
      "name": "root",
      "parent": "root",
      "initpos": [
        -9.501359,
        0,
        0
      ],
      "initquaternion": [
        0.707106,
        0,
        0,
        0.707106
      ],
      "initscale": [
        1,
        0.999999,
        0.999999
      ],
      "offmtx": [
        [
          1,
          0,
          0,
          0
        ],
        [
          0,
          1,
          0,
          0
        ],
        [
          0,
          0,
          1,
          0
        ]
      ],
      "boundingbox": [
        [
          0,
          0,
          0
        ],
        [
          0,
          0,
          0
        ]
      ]
    },
    {
      "name": "Bone001",
      "parent": "root",
      "initpos": [
        -0.001859,
        0,
        0
      ],
      "initquaternion": [
        -0.707106,
        1.6858736273661634e-7,
        1.685874195800352e-7,
        0.707106
      ],
      "initscale": [
        1,
        1,
        1
      ],
      "offmtx": [
        [
          5.205485535952903e-7,
          0,
          -0.999999,
          8.914207
        ],
        [
          -1,
          -5.642598921440367e-7,
          -5.205484967518714e-7,
          0.000004
        ],
        [
          -5.642599489874556e-7,
          0.999999,
          0,
          0
        ]
      ],
      "boundingbox": [
        [
          0.004669,
          -0.45,
          -2.227385
        ],
        [
          17.823747,
          0.450009,
          2.227384
        ]
      ]
    }
  ],
  "boundingbox": [
    [
      -0.449999,
      -2.227387,
      -8.90954
    ],
    [
      0.449999,
      2.227382,
      8.909538
    ]
  ]
}
