{
  "skeleton": [
    {
      "name": "root",
      "parent": "root",
      "initpos": [
        0,
        0,
        0
      ],
      "initquaternion": [
        0.707106,
        0,
        0,
        0.707106
      ],
      "initscale": [
        1,
        0.999999,
        0.999999
      ],
      "offmtx": [
        [
          1,
          0,
          0,
          0
        ],
        [
          0,
          0,
          0.999999,
          0
        ],
        [
          0,
          -0.999999,
          0,
          0
        ]
      ],
      "boundingbox": [
        [
          -1.350003,
          -6.278732,
          -10.527306
        ],
        [
          1.350003,
          6.278732,
          5.672714
        ]
      ]
    }
  ],
  "boundingbox": [
    [
      -1.350003,
      -5.672714,
      -6.278733
    ],
    [
      1.350003,
      10.527306,
      6.27873
    ]
  ]
}
