{
  "skeleton": [
    {
      "name": "root",
      "parent": "root",
      "initpos": [
        0,
        0,
        0
      ],
      "initquaternion": [
        0.707106,
        0,
        0,
        0.707106
      ],
      "initscale": [
        1,
        0.999999,
        0.999999
      ],
      "offmtx": [
        [
          1,
          0,
          0,
          0
        ],
        [
          0,
          1,
          0,
          0
        ],
        [
          0,
          0,
          1,
          0
        ]
      ],
      "boundingbox": [
        [
          0,
          0,
          0
        ],
        [
          0,
          0,
          0
        ]
      ]
    },
    {
      "name": "Bone001",
      "parent": "root",
      "initpos": [
        0,
        -0.38655,
        -0.019262
      ],
      "initquaternion": [
        0.5,
        0.5,
        0.5,
        0.499999
      ],
      "initscale": [
        1,
        0.999999,
        0.999999
      ],
      "offmtx": [
        [
          1.6650426459818846e-7,
          0,
          0.999999,
          0.38655
        ],
        [
          0,
          -0.999999,
          0,
          0.019262
        ],
        [
          1,
          0,
          -1.6650425038733374e-7,
          0
        ]
      ],
      "boundingbox": [
        [
          -0.369717,
          -12.019356,
          -0.706477
        ],
        [
          6.801773,
          12.057884,
          0.706477
        ]
      ]
    },
    {
      "name": "Bone002",
      "parent": "Bone001",
      "initpos": [
        5.701119,
        0.002726,
        8.863862035468628e-7
      ],
      "initquaternion": [
        0,
        0,
        0,
        1
      ],
      "initscale": [
        1,
        1,
        1
      ],
      "offmtx": [
        [
          1.6391300050599966e-7,
          0,
          0.999999,
          -5.314569
        ],
        [
          -1.867704213509569e-7,
          -0.999999,
          0,
          0.016536
        ],
        [
          1,
          -1.8677040714010218e-7,
          -1.6391298629514495e-7,
          8.668353643770388e-7
        ]
      ],
      "boundingbox": [
        [
          0.596222,
          0.016536,
          5.198608050704934e-7
        ],
        [
          0.596222,
          0.016536,
          0.029321
        ]
      ]
    },
    {
      "name": "Bind",
      "parent": "Bone002",
      "initpos": [
        0.625289,
        0.006715,
        0
      ],
      "initquaternion": [
        0.707106,
        -1.376787679419067e-7,
        0.707106,
        1.3767878215276141e-7
      ],
      "initscale": [
        1,
        0.999999,
        0.999999
      ],
      "offmtx": [
        [
          1,
          1.2714605190922157e-7,
          0,
          0
        ],
        [
          -1.2714606612007628e-7,
          0.999999,
          -1.619283551690387e-7,
          -0.009819
        ],
        [
          0,
          1.619283551690387e-7,
          0.999999,
          -5.939859
        ]
      ],
      "boundingbox": [
        [
          6.008996251694043e-7,
          -0.00982,
          0.253522
        ],
        [
          0.029321,
          -0.00982,
          0.253522
        ]
      ]
    }
  ],
  "boundingbox": [
    [
      -0.706477,
      -12.038619,
      -0.756267
    ],
    [
      0.706477,
      12.038619,
      6.415222
    ]
  ]
}
