{"skeleton":[{"name":"root","parent":"root","initpos":[0.0,0.0,-0.0],"initquaternion":[0.707106,0.0,0.0,0.707106],"initscale":[1.0,0.999999,0.999999],"offmtx":[[1.0,0.0,0.0,0.0],[0.0,-1.1920928244535389e-07,0.999999,-0.0],[0.0,-0.999999,-1.1920928244535389e-07,0.0]],"boundingbox":[[-0.857323,-2.988016,-18.008296],[0.836908,2.14095,3.952231]]}],"boundingbox":[[-0.857323,-3.952231,-2.988016],[0.836908,18.008296,2.14095]]}