{"mesh":[{"indices":[14,15,67,14,68,15,16,17,69,16,70,17,18,19,71,18,72,19,73,20,21,20,74,21,75,22,23,22,76,23,24,25,77,24,78,25,26,27,79,26,80,27,28,29,81,28,82,29,83,30,31,30,84,31,85,0,32,0,3,32,0,86,1,0,1,3,1,33,3,1,87,33,4,5,6,7,4,6,7,6,8,4,9,5,10,5,9,10,9,11,11,8,10,11,7,8,12,88,34,12,34,13,13,2,12,13,35,2,36,89,2,35,36,2,37,38,90,37,91,38,39,40,92,39,93,40,41,94,42,95,41,42,43,44,96,43,97,44,45,46,98,45,99,46,47,48,100,47,101,48,49,50,102,49,103,50,51,52,104,51,105,52,53,54,106,53,107,54,55,56,108,55,109,56,57,58,110,57,111,58,59,60,112,59,113,60,61,62,114,61,115,62,63,64,116,63,117,64,65,66,118,65,119,66],"material":"pet_camera/xy_moon_camera","vertices":[20,4,55,0,22,4,72,0,19,2,75,0,10,4,73,0,1,1,60,0,20,1,58,0,7,1,57,0,0,1,63,0,8,1,62,0,16,1,59,0,17,1,61,0,15,1,64,0,23,2,67,0,18,2,79,0,3,0,3,0,1,0,1,0,5,1,7,0,2,1,5,0,9,0,11,0,7,0,9,0,11,0,13,0,10,0,12,0,13,2,41,0,12,2,40,0,0,3,44,0,5,3,7,0,2,4,5,0,16,4,46,0,9,3,50,0,17,3,48,0,13,3,52,0,19,3,51,0,6,4,54,0,12,4,70,0,21,2,65,0,9,2,78,0,6,2,77,0,16,5,1,0,5,5,3,0,20,5,9,0,18,5,11,0,13,5,13,0,22,5,12,0,27,1,19,1,25,1,17,1,31,2,23,1,29,2,21,1,28,4,27,1,24,4,25,1,24,5,31,1,30,5,29,1,30,3,35,1,26,3,33,1,26,0,39,1,28,0,37,1,35,1,18,2,33,1,16,2,39,2,23,2,37,2,21,2,38,4,27,2,33,4,25,2,33,0,31,2,36,0,29,2,32,3,34,2,37,3,32,2,35,5,39,2,38,5,37,2,0,0,0,0,2,0,2,0,3,1,4,0,4,1,6,0,6,0,8,0,8,0,10,0,12,0,14,0,19,0,15,0,14,2,42,0,11,2,68,0,3,3,4,0,15,3,43,0,1,4,45,0,4,4,6,0,8,3,47,0,18,3,49,0,11,3,53,0,23,3,69,0,7,4,56,0,21,4,74,0,14,4,71,0,22,2,66,0,10,2,76,0,15,5,0,0,4,5,2,0,21,5,8,0,17,5,10,0,14,5,14,0,23,5,15,0,24,1,16,1,26,1,18,1,28,2,20,1,30,2,22,1,31,4,24,1,27,4,26,1,31,5,28,1,25,5,30,1,29,3,32,1,25,3,34,1,29,0,36,1,27,0,38,1,32,1,17,2,34,1,19,2,36,2,22,2,38,2,20,2,34,4,26,2,39,4,24,2,32,0,30,2,39,0,28,2,35,3,33,2,36,3,35,2,34,5,38,2,37,5,36,2],"fields":["pos","normal","uvcoord","weight"],"poses":[2.00359,0.500887,2.52371,2.00359,0.500887,-2.48893,2.00359,-0.0,-2.48893,2.00359,0.0,2.52371,-2.00359,-0.0,-2.48893,-2.00359,0.0,2.52371,3.0054,7.5135,-3.48882,3.0054,0.500887,-3.48882,3.0054,0.500887,3.52372,3.0054,7.5135,3.52372,1.5027,7.5135,-3.48882,1.5027,8.01442,-2.48701,1.5027,8.01442,-3.48882,-1.5027,8.01442,-2.48701,-1.5027,8.01442,-3.48882,-2.00359,0.500887,2.52371,-2.00359,0.500887,-2.48893,-3.0054,0.500887,3.52372,-3.0054,7.5135,3.52372,1.5027,7.5135,-2.48701,-3.0054,0.500887,-3.48882,-3.0054,7.5135,-3.48882,-1.5027,7.5135,-3.48882,-1.5027,7.5135,-2.48701,3.50632,2.88483,-1.97197,3.50632,2.88483,2.01538,4.5081,2.88483,2.01538,4.5081,2.88483,-1.97197,4.5081,6.01322,-1.97197,4.5081,6.01322,2.01538,3.50632,6.01322,2.01538,3.50632,6.01322,-1.97197,-3.50632,2.88483,2.01538,-3.50632,2.88483,-1.97197,-4.5081,2.88483,-1.97197,-4.5081,2.88483,2.01538,-3.50632,6.01322,2.01538,-4.5081,6.01322,2.01538,-4.5081,6.01322,-1.97197,-3.50632,6.01322,-1.97197],"normals":[1.0,0.0,0.0,0.0,-1.0,0.0,0.0,1.0,-0.0,0.0,0.0,1.0,-0.0,-0.0,-1.0,-1.0,0.0,0.0],"uvcoords":[0.3125,0.3906,0.1562,0.3906,0.1562,0.4062,0.3125,0.4062,0.625,0.5156,0.625,0.6719,0.5,0.6719,0.5,0.5156,0.0313,0.75,0.0313,0.9687,0.25,0.9687,0.25,0.75,0.3984,0.3516,0.4297,0.3359,0.3984,0.3359,0.4297,0.3516,0.8438,0.6562,0.8438,0.5312,0.875,0.5312,0.875,0.6562,0.7344,0.4844,0.7344,0.3594,0.7031,0.3594,0.7031,0.4844,0.8281,0.0938,0.8281,0.1875,0.8594,0.1875,0.8594,0.0938,0.3281,0.0938,0.2031,0.0938,0.2031,0.1875,0.3281,0.1875,0.8594,0.25,0.8594,0.3438,0.8281,0.3438,0.8281,0.25,0.5938,0.0938,0.7188,0.0938,0.7188,0.1875,0.5938,0.1875,0.1406,0.1172,0.0469,0.0859,0.0469,0.1172,0.5,0.5,0.625,0.5,0.625,0.6875,0.5,0.6875,0.5156,0.9687,0.3281,0.9687,0.3281,0.75,0.5156,0.75,0.2969,0.2891,0.2031,0.2734,0.2969,0.2734,0.75,0.75,0.5625,0.9687,0.75,0.9687,0.2188,0.7031,0.0313,0.7031,0.0625,0.6719,0.1875,0.6719,0.0313,0.4844,0.2188,0.4844,0.1875,0.5156,0.0625,0.5156,0.2656,0.7031,0.3125,0.7031,0.3125,0.6719,0.1406,0.0859,0.2031,0.2891,0.7031,0.7344,0.6094,0.7344,0.6094,0.75,0.7031,0.75,0.5625,0.75,0.4063,0.6719,0.4063,0.7031,0.4531,0.7031,0.4531,0.4844,0.2656,0.4844],"weights":["Bone001",1.0,"Bone002",1.0,"Bone007",1.0],"colors":[]}],"version":"0.1.0"}