{
	"frameeffect": {
		"blend_mode": 1,
		"cylinder_enable": false,
		"delay": 0.0,
		"delay_in_loop": false,
		"depth_test": true,
		"face_camera": false,
		"fade_distance": 0.0,
		"first_person_enable": false,
		"fps": 84,
		"frame_color": [
			[
				0.49411764705882355,
				0.5725490196078431,
				0.7568627450980392,
				1
			],
			[
				0.45098039215686275,
				0.5333333333333333,
				0.6862745098039216,
				1
			],
			[
				0.45098039215686275,
				0.5294117647058824,
				0.6901960784313725,
				1
			],
			[
				0.45098039215686275,
				0.5058823529411764,
				0.7019607843137254,
				1
			],
			[
				0.4588235294117647,
				0.5254901960784314,
				0.6901960784313725,
				1.0
			],
			[
				0.4549019607843137,
				0.5137254901960784,
				0.7019607843137254,
				1
			],
			[
				0.47843137254901963,
				0.5490196078431373,
				0.7372549019607844,
				1
			],
			[
				0.4588235294117647,
				0.5215686274509804,
				0.6901960784313725,
				1
			],
			[
				0.4823529411764706,
				0.5490196078431373,
				0.7372549019607844,
				1
			],
			[
				0.4392156862745098,
				0.49411764705882355,
				0.6901960784313725,
				1
			],
			[
				0.49019607843137253,
				0.5450980392156862,
				0.7490196078431373,
				1.0
			],
			[
				0.4980392156862745,
				0.5568627450980392,
				0.7490196078431373,
				1
			],
			[
				0.49411764705882355,
				0.5725490196078431,
				0.7568627450980392,
				1
			],
			[
				0.49411764705882355,
				0.5725490196078431,
				0.7568627450980392,
				1
			]
		],
		"layer": 1,
		"lerp_scale": true,
		"loop": true,
		"point_filtering": false,
		"rot_speed": [
			0,
			0,
			0
		],
		"scale": [
			0.51,
			0.51,
			1.0
		],
		"shuffle": false,
		"sub_layer": 1,
		"tex_repeat_num": [
			1,
			1
		],
		"texture": "textures/sfxs/2024s4/cs_s2glitch_weaponA_juchi_1"
	}
}