{
	"frameeffect": {
		"blend_mode": 2,
		"cylinder_enable": false,
		"delay": 0.0,
		"delay_in_loop": false,
		"depth_test": true,
		"face_camera": false,
		"fade_distance": 0.0,
		"first_person_enable": false,
		"fps": 16,
		"frame_color": [
			[
				0.41568627450980394,
				0.9450980392156862,
				1.0,
				1
			],
			[
				0.41568627450980394,
				0.9921568627450981,
				1.0,
				1
			],
			[
				0.4666666666666667,
				0.9490196078431372,
				1.0,
				1.0
			],
			[
				0.3843137254901961,
				1.0,
				1.0,
				1.0
			],
			[
				0.43137254901960786,
				0.9921568627450981,
				1.0,
				1
			],
			[
				0.5058823529411764,
				0.9764705882352941,
				1.0,
				1
			],
			[
				0.4588235294117647,
				0.9764705882352941,
				1.0,
				1
			],
			[
				0.0,
				0.6666666666666666,
				1.0,
				1
			],
			[
				0.0,
				0.5686274509803921,
				1.0,
				1.0
			],
			[
				0.0,
				0.5176470588235295,
				1.0,
				1
			],
			[
				0.0,
				0.5333333333333333,
				1.0,
				1
			],
			[
				0.0,
				0.5333333333333333,
				1.0,
				1
			],
			[
				0.0,
				0.45098039215686275,
				1.0,
				1.0
			],
			[
				0.0,
				0.5176470588235295,
				1.0,
				1
			],
			[
				0.0,
				0.4823529411764706,
				1.0,
				1.0
			],
			[
				0.0,
				0.5333333333333333,
				1.0,
				1
			],
			[
				0.41568627450980394,
				0.9450980392156862,
				1.0,
				1
			]
		],
		"layer": 1,
		"lerp_scale": true,
		"loop": true,
		"point_filtering": false,
		"rot_speed": [
			0,
			0,
			0
		],
		"scale": [
			0.44,
			0.38,
			0.45
		],
		"shuffle": false,
		"sub_layer": 0,
		"tex_repeat_num": [
			1,
			1
		],
		"texture": "textures/sfxs/2024s4/cs_s2glitch_weaponA_fgt"
	}
}