{
	"frameeffect": {
		"blend_mode": 2,
		"cylinder_enable": false,
		"delay": 0.0,
		"delay_in_loop": false,
		"depth_test": true,
		"face_camera": false,
		"fade_distance": 0.0,
		"first_person_enable": false,
		"fps": 16,
		"frame_color": [
			[
				1.0,
				0.4549019607843137,
				0.09411764705882353,
				1.0
			],
			[
				1.0,
				0.47843137254901963,
				0.12941176470588237,
				1
			],
			[
				1.0,
				0.5882352941176471,
				0.17254901960784313,
				1
			],
			[
				1.0,
				0.5529411764705883,
				0.1843137254901961,
				1.0
			],
			[
				1.0,
				0.5372549019607843,
				0.1607843137254902,
				1
			],
			[
				1.0,
				0.5098039215686274,
				0.1607843137254902,
				1
			],
			[
				1.0,
				0.5019607843137255,
				0.14901960784313725,
				1
			],
			[
				1.0,
				0.4666666666666667,
				0.1607843137254902,
				1
			],
			[
				1.0,
				0.4980392156862745,
				0.16470588235294117,
				1
			],
			[
				1.0,
				0.4666666666666667,
				0.1607843137254902,
				1.0
			],
			[
				1.0,
				0.42745098039215684,
				0.16470588235294117,
				1.0
			],
			[
				1.0,
				0.4666666666666667,
				0.1607843137254902,
				1
			],
			[
				1.0,
				0.4745098039215686,
				0.16862745098039217,
				1
			],
			[
				1.0,
				0.47058823529411764,
				0.16470588235294117,
				1
			],
			[
				1.0,
				0.4627450980392157,
				0.15294117647058825,
				1.0
			],
			[
				1.0,
				0.5019607843137255,
				0.16862745098039217,
				1.0
			],
			[
				1.0,
				0.4549019607843137,
				0.09411764705882353,
				1.0
			]
		],
		"layer": 1,
		"lerp_scale": true,
		"loop": true,
		"point_filtering": false,
		"rot_speed": [
			0,
			0,
			0
		],
		"scale": [
			0.21,
			0.21,
			1.0
		],
		"shuffle": false,
		"sub_layer": 0,
		"tex_repeat_num": [
			1,
			1
		],
		"texture": "textures/sfxs/2024s4/cs_s2glitch_weaponC_yan"
	}
}