{
	"frameeffect": {
		"blend_mode": 1,
		"cylinder_enable": false,
		"delay": 0.0,
		"delay_in_loop": false,
		"depth_test": true,
		"face_camera": false,
		"fade_distance": 0.0,
		"first_person_enable": false,
		"fps": 13,
		"frame_color": [
			[
				1,
				1,
				1,
				0.9466666666666667
			],
			[
				1,
				1,
				1,
				0.96
			],
			[
				1,
				1,
				1,
				0.96
			],
			[
				1,
				1,
				1,
				0.9733333333333334
			],
			[
				1,
				1,
				1,
				0.9866666666666667
			],
			[
				1,
				1,
				1,
				0.98
			],
			[
				1,
				1,
				1,
				1
			],
			[
				1,
				1,
				1,
				1
			],
			[
				1,
				1,
				1,
				0.9866666666666667
			],
			[
				1,
				1,
				1,
				0.98
			],
			[
				1,
				1,
				1,
				0.98
			],
			[
				1,
				1,
				1,
				0.9733333333333334
			],
			[
				1,
				1,
				1,
				0.9733333333333334
			],
			[
				1,
				1,
				1,
				0.9666666666666667
			],
			[
				1,
				1,
				1,
				0.9666666666666667
			],
			[
				1,
				1,
				1,
				0.9533333333333334
			],
			[
				1,
				1,
				1,
				0.9466666666666667
			]
		],
		"layer": 1,
		"lerp_scale": true,
		"loop": true,
		"point_filtering": true,
		"rot_speed": [
			0,
			0,
			0
		],
		"scale": [
			0.34,
			-0.33,
			1.0
		],
		"shuffle": false,
		"sub_layer": 0,
		"tex_repeat_num": [
			1,
			1
		],
		"texture": "textures/sfxs/2024s4/cs_s2mc_skin_wl01"
	}
}