{
	"frameeffect": {
		"blend_mode": 2,
		"cylinder_enable": true,
		"cylinder_frac_num": 4,
		"cylinder_height": 5.6,
		"cylinder_radius_down": 0.92,
		"cylinder_radius_up": 0.92,
		"delay": 0.0,
		"delay_in_loop": false,
		"depth_test": true,
		"face_camera": false,
		"fade_distance": 0.0,
		"first_person_enable": false,
		"fps": 16,
		"frame_color": [
			[
				0.3333333333333333,
				0.6666666666666666,
				0.0,
				1
			],
			[
				0.3333333333333333,
				0.6666666666666666,
				0.0,
				1.0
			],
			[
				0.0,
				0.6666666666666666,
				1.0,
				1
			],
			[
				0.0,
				0.6666666666666666,
				1.0,
				1.0
			],
			[
				0.0,
				0.6666666666666666,
				1.0,
				1
			],
			[
				0.0,
				0.6666666666666666,
				1.0,
				1
			],
			[
				0.6666666666666666,
				0.3333333333333333,
				1.0,
				1
			],
			[
				0.6666666666666666,
				0.3333333333333333,
				1.0,
				1
			],
			[
				1.0,
				0.0,
				1.0,
				1
			],
			[
				1.0,
				0.0,
				1.0,
				1
			],
			[
				1.0,
				0.0,
				1.0,
				1
			],
			[
				1.0,
				0.0,
				1.0,
				1
			],
			[
				1.0,
				0.6666666666666666,
				0.0,
				1
			],
			[
				1.0,
				0.6666666666666666,
				0.0,
				1
			],
			[
				1.0,
				0.6666666666666666,
				0.0,
				1
			],
			[
				1.0,
				0.6666666666666666,
				0.0,
				1.0
			],
			[
				0.3333333333333333,
				0.6666666666666666,
				0.0,
				1
			]
		],
		"layer": 1,
		"lerp_scale": true,
		"loop": true,
		"point_filtering": false,
		"rot_speed": [
			0,
			0,
			0
		],
		"scale": [
			0.06,
			0.06,
			0.06
		],
		"shuffle": false,
		"sub_layer": 0,
		"tex_repeat_num": [
			1,
			1
		],
		"texture": "textures/sfxs/2024s4/cs_s2glitch_weaponB_deng"
	}
}