{
	"frameeffect": {
		"blend_mode": 2,
		"cylinder_enable": true,
		"cylinder_frac_num": 4,
		"cylinder_height": 1.5,
		"cylinder_radius_down": 0.8,
		"cylinder_radius_up": 0.8,
		"delay": 0.0,
		"delay_in_loop": false,
		"depth_test": true,
		"face_camera": false,
		"fade_distance": 0.0,
		"first_person_enable": false,
		"fps": 24,
		"frame_color": [
			[
				1,
				1,
				1,
				0.0
			],
			[
				1,
				1,
				1,
				0.08666666666666667
			],
			[
				1,
				1,
				1,
				0.16000000000000003
			],
			[
				1,
				1,
				1,
				0.21999999999999997
			],
			[
				1,
				1,
				1,
				0.2866666666666666
			],
			[
				1,
				1,
				1,
				0.31333333333333335
			],
			[
				1,
				1,
				1,
				0.3533333333333334
			],
			[
				1,
				1,
				1,
				0.38
			],
			[
				1,
				1,
				1,
				0.3866666666666667
			],
			[
				1,
				1,
				1,
				0.3733333333333333
			],
			[
				1,
				1,
				1,
				0.31999999999999995
			],
			[
				1,
				1,
				1,
				0.28
			],
			[
				1,
				1,
				1,
				0.21999999999999997
			],
			[
				1,
				1,
				1,
				0.15333333333333332
			],
			[
				1,
				1,
				1,
				0.11333333333333329
			],
			[
				1,
				1,
				1,
				0.053333333333333344
			],
			[
				1,
				1,
				1,
				0.0
			]
		],
		"layer": 1,
		"lerp_scale": true,
		"loop": false,
		"point_filtering": false,
		"rot_speed": [
			0,
			0,
			0
		],
		"scale": [
			1,
			1,
			1
		],
		"shuffle": false,
		"sub_layer": 0,
		"tex_repeat_num": [
			1,
			1
		],
		"texture": "textures/sfxs/2024s4/cs_s1creat_skinA_skin_victory_wai"
	}
}