{
  "frameeffect": {
    "blend_mode": 2,
    "cylinder_enable": true,
    "cylinder_frac_num": 24,
    "cylinder_height": 2,
    "cylinder_radius_down": 0.75,
    "cylinder_radius_up": 0.75,
    "delay": 0.08,
    "delay_in_loop": false,
    "depth_test": true,
    "face_camera": false,
    "fade_distance": 0,
    "first_person_enable": false,
    "fps": 36,
    "frame_color": [
      [
        1,
        1,
        1,
        0.20666666666666667
      ],
      [
        1,
        1,
        1,
        0.19999999999999996
      ],
      [
        1,
        1,
        1,
        0.19999999999999996
      ],
      [
        1,
        1,
        1,
        0.18666666666666665
      ],
      [
        1,
        1,
        1,
        0.18666666666666665
      ],
      [
        0.2549019607843137,
        0.7647058823529411,
        1,
        0.18000000000000005
      ],
      [
        0.3686274509803922,
        0.7607843137254902,
        1,
        0.18000000000000005
      ],
      [
        0.3215686274509804,
        0.796078431372549,
        1,
        0.18666666666666665
      ],
      [
        0.32941176470588235,
        0.8784313725490196,
        1,
        0.18666666666666665
      ],
      [
        0.36470588235294116,
        0.8862745098039215,
        1,
        0.18000000000000005
      ],
      [
        0.3333333333333333,
        0.8901960784313725,
        1,
        0.16666666666666663
      ],
      [
        0.48627450980392156,
        0.8901960784313725,
        1,
        0.1466666666666666
      ],
      [
        0.5725490196078431,
        0.9215686274509803,
        1,
        0.11333333333333329
      ],
      [
        0.6431372549019608,
        0.9254901960784314,
        1,
        0.09999999999999998
      ],
      [
        0.7176470588235294,
        0.9176470588235294,
        1,
        0.07333333333333336
      ],
      [
        0.7529411764705882,
        0.9764705882352941,
        1,
        0.053333333333333344
      ],
      [
        0.6666666666666666,
        1,
        1,
        0.040000000000000036
      ]
    ],
    "layer": 1,
    "lerp_scale": false,
    "loop": false,
    "point_filtering": false,
    "rot_speed": [
      0,
      0,
      0
    ],
    "scale": [
      1,
      -1.5,
      1
    ],
    "shuffle": false,
    "sub_layer": 5,
    "tex_repeat_num": [
      1,
      1
    ],
    "texture": "textures/sfxs/2024s4/cs_s1opera_skin_victory_glowA"
  }
}
