{
	"frameeffect": {
		"blend_mode": 2,
		"cylinder_enable": false,
		"delay": 0.0,
		"delay_in_loop": false,
		"depth_test": true,
		"face_camera": false,
		"fade_distance": 0.0,
		"first_person_enable": false,
		"fps": 15,
		"frame_color": [
			[
				1,
				1,
				1,
				0.7733333333333333
			],
			[
				1,
				1,
				1,
				0.78
			],
			[
				1,
				1,
				1,
				0.7666666666666666
			],
			[
				1,
				1,
				1,
				0.76
			],
			[
				1,
				1,
				1,
				0.7466666666666666
			],
			[
				1,
				1,
				1,
				0.78
			],
			[
				1,
				1,
				1,
				0.76
			],
			[
				1,
				1,
				1,
				0.76
			],
			[
				1,
				1,
				1,
				0.7666666666666666
			],
			[
				1,
				1,
				1,
				0.76
			],
			[
				1,
				1,
				1,
				0.7533333333333333
			],
			[
				1,
				1,
				1,
				0.7666666666666666
			],
			[
				1,
				1,
				1,
				0.7733333333333333
			],
			[
				1,
				1,
				1,
				0.78
			],
			[
				1,
				1,
				1,
				0.7666666666666666
			],
			[
				1,
				1,
				1,
				0.76
			],
			[
				1,
				1,
				1,
				0.7733333333333333
			]
		],
		"layer": 1,
		"lerp_scale": true,
		"loop": true,
		"point_filtering": false,
		"rot_speed": [
			0,
			0,
			0
		],
		"scale": [
			0.76,
			0.78,
			1.0
		],
		"shuffle": false,
		"sub_layer": 0,
		"tex_repeat_num": [
			1,
			1
		],
		"texture": "textures/sfxs/2024s4/cs_s2blackhole_horse_gd"
	}
}