{
  "frameeffect": {
    "blend_mode": 2,
    "cylinder_enable": true,
    "cylinder_frac_num": 20,
    "cylinder_height": 3,
    "cylinder_radius_down": 0.3,
    "cylinder_radius_up": 0.3,
    "delay": 0.02,
    "delay_in_loop": false,
    "depth_test": true,
    "face_camera": false,
    "fade_distance": 0,
    "first_person_enable": false,
    "fps": 24,
    "frame_color": [
      [
        1,
        1,
        1,
        0
      ],
      [
        1,
        1,
        1,
        0.1266666666666667
      ],
      [
        1,
        1,
        1,
        0.2533333333333333
      ],
      [
        1,
        1,
        1,
        0.3533333333333334
      ],
      [
        1,
        1,
        1,
        0.4066666666666666
      ],
      [
        1,
        1,
        1,
        0.43999999999999995
      ],
      [
        1,
        1,
        1,
        0.44666666666666666
      ],
      [
        1,
        1,
        1,
        0.4666666666666667
      ],
      [
        1,
        1,
        1,
        0.4666666666666667
      ],
      [
        1,
        1,
        1,
        0.4666666666666667
      ],
      [
        1,
        1,
        1,
        0.44666666666666666
      ],
      [
        1,
        1,
        1,
        0.41333333333333333
      ],
      [
        1,
        1,
        1,
        0.38
      ],
      [
        1,
        1,
        1,
        0.3466666666666667
      ],
      [
        1,
        1,
        1,
        0.2466666666666667
      ],
      [
        1,
        1,
        1,
        0.14
      ],
      [
        1,
        1,
        1,
        0
      ]
    ],
    "layer": 1,
    "lerp_scale": true,
    "loop": false,
    "point_filtering": false,
    "rot_speed": [
      0,
      0,
      0
    ],
    "scale": [
      1,
      1,
      1
    ],
    "shuffle": false,
    "sub_layer": 0,
    "tex_repeat_num": [
      1,
      1
    ],
    "texture": "textures/sfxs/2024s4/cs_s1creat_skinA_skin_victory_zhong"
  }
}
