{
  "frameeffect": {
    "blend_mode": 1,
    "cylinder_enable": false,
    "delay": 0.7,
    "delay_in_loop": false,
    "depth_test": true,
    "face_camera": true,
    "fade_distance": 0,
    "first_person_enable": false,
    "fps": 17,
    "frame_color": [
      [
        1,
        1,
        1,
        0
      ],
      [
        1,
        1,
        1,
        0.013333333333333308
      ],
      [
        1,
        1,
        1,
        0.07333333333333336
      ],
      [
        1,
        1,
        1,
        0.09999999999999998
      ],
      [
        1,
        1,
        1,
        0.16666666666666663
      ],
      [
        1,
        1,
        1,
        0.23333333333333328
      ],
      [
        1,
        1,
        1,
        0.2866666666666666
      ],
      [
        1,
        1,
        1,
        0.30666666666666664
      ],
      [
        1,
        1,
        1,
        0.3666666666666667
      ],
      [
        1,
        1,
        1,
        0.4066666666666666
      ],
      [
        1,
        1,
        1,
        0.41333333333333333
      ],
      [
        1,
        1,
        1,
        0.41333333333333333
      ],
      [
        1,
        1,
        1,
        0.42000000000000004
      ],
      [
        1,
        1,
        1,
        0.42666666666666664
      ],
      [
        1,
        1,
        1,
        0.42000000000000004
      ],
      [
        1,
        1,
        1,
        0.42666666666666664
      ],
      [
        1,
        1,
        1,
        0.42666666666666664
      ]
    ],
    "layer": 3,
    "lerp_scale": false,
    "loop": false,
    "point_filtering": false,
    "rot_speed": [
      0,
      0,
      0
    ],
    "scale": [
      2.5,
      2.5,
      3
    ],
    "shuffle": false,
    "sub_layer": 1,
    "tex_repeat_num": [
      1,
      1
    ],
    "texture": "textures/sfxs/2024s4/cs_s2blackhole_zhuchengruchang_d1"
  }
}
