{
  "frameeffect": {
    "blend_mode": 2,
    "cylinder_enable": false,
    "delay": 0,
    "delay_in_loop": false,
    "depth_test": true,
    "face_camera": false,
    "fade_distance": 0,
    "first_person_enable": false,
    "fps": 24,
    "frame_color": [
      [
        1,
        1,
        1,
        0.2866666666666666
      ],
      [
        1,
        1,
        1,
        0.2666666666666667
      ],
      [
        1,
        1,
        1,
        0.2866666666666666
      ],
      [
        1,
        1,
        1,
        0.31999999999999995
      ],
      [
        1,
        1,
        1,
        0.31333333333333335
      ],
      [
        1,
        1,
        1,
        0.29333333333333333
      ],
      [
        1,
        1,
        1,
        0.2866666666666666
      ],
      [
        1,
        1,
        1,
        0.3533333333333334
      ],
      [
        1,
        1,
        1,
        0.32666666666666666
      ],
      [
        1,
        1,
        1,
        0.33999999999999997
      ],
      [
        1,
        1,
        1,
        0.3533333333333334
      ],
      [
        1,
        1,
        1,
        0.33999999999999997
      ],
      [
        1,
        1,
        1,
        0.3733333333333333
      ],
      [
        1,
        1,
        1,
        0.31333333333333335
      ],
      [
        1,
        1,
        1,
        0.33333333333333337
      ],
      [
        1,
        1,
        1,
        0.31333333333333335
      ],
      [
        1,
        1,
        1,
        0.2866666666666666
      ]
    ],
    "layer": 3,
    "lerp_scale": true,
    "loop": true,
    "point_filtering": true,
    "rot_speed": [
      0,
      0,
      0
    ],
    "scale": [
      0.65,
      1.2,
      1
    ],
    "shuffle": false,
    "sub_layer": 1,
    "tex_repeat_num": [
      1,
      1
    ],
    "texture": "textures/sfxs/2024s4/IP_doraemon_horseE_penqi3"
  }
}
