{
  "frameeffect": {
    "blend_mode": 2,
    "cylinder_enable": false,
    "delay": 1.598,
    "delay_in_loop": false,
    "depth_test": true,
    "face_camera": true,
    "fade_distance": 0,
    "first_person_enable": false,
    "fps": 30,
    "frame_color": [
      [
        1,
        1,
        1,
        1
      ],
      [
        1,
        1,
        1,
        1
      ],
      [
        1,
        0.7843137254901961,
        0,
        1
      ],
      [
        1,
        0.6352941176470588,
        0,
        1
      ],
      [
        1,
        0.5843137254901961,
        0,
        1
      ],
      [
        1,
        0.615686274509804,
        0,
        1
      ],
      [
        1,
        0.4666666666666667,
        0,
        1
      ],
      [
        1,
        0.41568627450980394,
        0,
        1
      ],
      [
        1,
        0.3333333333333333,
        0,
        1
      ],
      [
        1,
        0.2823529411764706,
        0,
        1
      ],
      [
        1,
        0.3176470588235294,
        0,
        1
      ]
    ],
    "layer": 0,
    "lerp_scale": true,
    "loop": false,
    "point_filtering": true,
    "rot_speed": [
      0,
      0,
      0
    ],
    "scale": [
      0.8,
      0.8,
      0.8
    ],
    "shuffle": false,
    "sub_layer": 0,
    "tex_repeat_num": [
      1,
      1
    ],
    "texture": "textures/sfxs/2024s4/IP_doraemon_S2skinA_dianchuo_02"
  }
}
