{
  "frameeffect": {
    "blend_mode": 1,
    "cylinder_enable": false,
    "delay": 0,
    "delay_in_loop": false,
    "depth_test": true,
    "face_camera": false,
    "fade_distance": 0,
    "first_person_enable": false,
    "fps": 16,
    "frame_color": [
      [
        1,
        1,
        1,
        0.7866666666666666
      ],
      [
        1,
        1,
        1,
        0.7933333333333333
      ],
      [
        1,
        1,
        1,
        0.7266666666666667
      ],
      [
        1,
        1,
        1,
        0.6466666666666667
      ],
      [
        1,
        1,
        1,
        0.5533333333333333
      ],
      [
        1,
        1,
        1,
        0.4866666666666667
      ],
      [
        1,
        1,
        1,
        0.44666666666666666
      ],
      [
        1,
        1,
        1,
        0.3933333333333333
      ],
      [
        1,
        1,
        1,
        0.41333333333333333
      ],
      [
        1,
        1,
        1,
        0.4066666666666666
      ],
      [
        1,
        1,
        1,
        0.48
      ],
      [
        1,
        1,
        1,
        0.5533333333333333
      ],
      [
        1,
        1,
        1,
        0.6333333333333333
      ],
      [
        1,
        1,
        1,
        0.6933333333333334
      ],
      [
        1,
        1,
        1,
        0.7933333333333333
      ],
      [
        1,
        1,
        1,
        0.8066666666666666
      ],
      [
        1,
        1,
        1,
        0.7866666666666666
      ]
    ],
    "layer": 1,
    "lerp_scale": true,
    "loop": true,
    "point_filtering": true,
    "rot_speed": [
      0,
      0,
      0
    ],
    "scale": [
      1.02,
      0.86,
      1
    ],
    "shuffle": false,
    "sub_layer": 0,
    "tex_repeat_num": [
      1,
      1
    ],
    "texture": "textures/sfxs/2024s4/IP_doraemon_horseE_xc"
  }
}
