{
  "frameeffect": {
    "blend_mode": 1,
    "cylinder_enable": false,
    "delay": 0,
    "delay_in_loop": false,
    "depth_test": true,
    "face_camera": false,
    "fade_distance": 0,
    "first_person_enable": false,
    "fps": 4,
    "frame_color": [
      [
        0.6666666666666666,
        0.16470588235294117,
        0.17254901960784313,
        1
      ],
      [
        0.7058823529411765,
        0.1803921568627451,
        0.19215686274509805,
        1
      ],
      [
        0.7294117647058823,
        0.21176470588235294,
        0.2196078431372549,
        1
      ],
      [
        0.7294117647058823,
        0.21176470588235294,
        0.2196078431372549,
        1
      ],
      [
        0.7294117647058823,
        0.21176470588235294,
        0.2196078431372549,
        0.9933333333333333
      ],
      [
        0.7294117647058823,
        0.21176470588235294,
        0.2196078431372549,
        1
      ],
      [
        0.7294117647058823,
        0.21176470588235294,
        0.2196078431372549,
        1
      ],
      [
        0.7294117647058823,
        0.21176470588235294,
        0.2196078431372549,
        1
      ],
      [
        0.7294117647058823,
        0.21176470588235294,
        0.2196078431372549,
        1
      ],
      [
        0.7294117647058823,
        0.21176470588235294,
        0.2196078431372549,
        1
      ],
      [
        0.7294117647058823,
        0.21176470588235294,
        0.2196078431372549,
        1
      ],
      [
        0.7294117647058823,
        0.21176470588235294,
        0.2196078431372549,
        1
      ],
      [
        0.7294117647058823,
        0.21176470588235294,
        0.2196078431372549,
        1
      ],
      [
        0.7294117647058823,
        0.21176470588235294,
        0.2196078431372549,
        1
      ],
      [
        0.7294117647058823,
        0.21176470588235294,
        0.2196078431372549,
        1
      ],
      [
        0.7294117647058823,
        0.21176470588235294,
        0.2196078431372549,
        1
      ],
      [
        0.6666666666666666,
        0.16470588235294117,
        0.17254901960784313,
        1
      ]
    ],
    "layer": 1,
    "lerp_scale": true,
    "loop": true,
    "point_filtering": true,
    "rot_speed": [
      0,
      0,
      0
    ],
    "scale": [
      0.55,
      0.55,
      0.55
    ],
    "shuffle": false,
    "sub_layer": 0,
    "tex_repeat_num": [
      1,
      1
    ],
    "texture": "textures/sfxs/2024s4/ss_s2blackhole_weaponB_xk2"
  }
}
