{
  "skeleton": [
    {
      "name": "root",
      "parent": "root",
      "initpos": [
        0,
        0,
        0
      ],
      "initquaternion": [
        0.707106,
        0,
        0,
        0.707106
      ],
      "initscale": [
        1,
        0.999999,
        0.999999
      ],
      "offmtx": [
        [
          1,
          0,
          0,
          0
        ],
        [
          0,
          1,
          0,
          0
        ],
        [
          0,
          0,
          1,
          0
        ]
      ],
      "boundingbox": [
        [
          0,
          0,
          0
        ],
        [
          0,
          0,
          0
        ]
      ]
    },
    {
      "name": "Bone001",
      "parent": "root",
      "initpos": [
        -0.035444,
        -0.331665,
        -1.402693
      ],
      "initquaternion": [
        0.5,
        -0.499999,
        -0.5,
        -0.499999
      ],
      "initscale": [
        1,
        1,
        1
      ],
      "offmtx": [
        [
          1.947071694985425e-7,
          0.999999,
          0,
          -1.402693
        ],
        [
          -0.999999,
          1.9470718370939721e-7,
          -2.8212994607201836e-7,
          -0.035444
        ],
        [
          -2.8212994607201836e-7,
          0,
          0.999999,
          0.331665
        ]
      ],
      "boundingbox": [
        [
          0.198492,
          -3.840417,
          -3.79059
        ],
        [
          6.190034,
          3.769528,
          4.043175
        ]
      ]
    },
    {
      "name": "Bone005",
      "parent": "Bone001",
      "initpos": [
        0.219358,
        1.548773,
        0.297541
      ],
      "initquaternion": [
        0,
        -0.000001,
        0.99999,
        0.004464
      ],
      "initscale": [
        0.999999,
        0.999999,
        1
      ],
      "offmtx": [
        [
          -0.008928,
          -0.99996,
          0,
          1.607843
        ],
        [
          0.99996,
          -0.008928,
          -0.000003,
          1.598637
        ],
        [
          0.000003,
          -1.2013153138923371e-7,
          0.999999,
          0.034129
        ]
      ],
      "boundingbox": [
        [
          0.017019,
          -0.765236,
          -1.574442
        ],
        [
          1.628903,
          0.823905,
          0.90482
        ]
      ]
    },
    {
      "name": "Bone004",
      "parent": "Bone001",
      "initpos": [
        0.205352,
        -1.604751,
        0.297528
      ],
      "initquaternion": [
        0,
        -0.000001,
        0.99999,
        0.004464
      ],
      "initscale": [
        0.999999,
        0.999999,
        1
      ],
      "offmtx": [
        [
          -0.008928,
          -0.99996,
          0,
          1.621993
        ],
        [
          0.99996,
          -0.008928,
          -0.000003,
          -1.554886
        ],
        [
          0.000003,
          -1.2013153138923371e-7,
          0.999999,
          0.03413
        ]
      ],
      "boundingbox": [
        [
          0.003191,
          -0.785379,
          -1.57443
        ],
        [
          1.615075,
          0.803763,
          0.904832
        ]
      ]
    },
    {
      "name": "Bone010",
      "parent": "Bone001",
      "initpos": [
        5.431089,
        -3.798653,
        0.331664
      ],
      "initquaternion": [
        0,
        0,
        0.943764,
        -0.330618
      ],
      "initscale": [
        0.999999,
        0.999999,
        1
      ],
      "offmtx": [
        [
          0.624052,
          -0.781382,
          1.7606390656510484e-7,
          2.991359
        ],
        [
          0.781382,
          0.624052,
          0,
          -7.205142
        ],
        [
          -1.2575497976285988e-7,
          1.2488916922848148e-7,
          0.999999,
          -4.76837158203125e-7
        ]
      ],
      "boundingbox": [
        [
          -0.716501,
          -1.005097,
          -1.608563
        ],
        [
          1.601426,
          1.021161,
          1.54216
        ]
      ]
    },
    {
      "name": "Bone011",
      "parent": "Bone010",
      "initpos": [
        1.211995,
        -9.5367431640625e-7,
        0
      ],
      "initquaternion": [
        0,
        0,
        -0.002027,
        0.999997
      ],
      "initscale": [
        1,
        1,
        1
      ],
      "offmtx": [
        [
          0.620878,
          -0.783907,
          2.2870597149449168e-7,
          1.808567
        ],
        [
          0.783907,
          0.620878,
          0,
          -7.197867
        ],
        [
          -1.5849138890189352e-7,
          1.6622138332422765e-7,
          0.999999,
          -5.960464477539062e-7
        ]
      ],
      "boundingbox": [
        [
          0.016655,
          -1.650487,
          -1.815169
        ],
        [
          3.144474,
          0.736935,
          1.748765
        ]
      ]
    },
    {
      "name": "Bone007",
      "parent": "Bone001",
      "initpos": [
        5.511116,
        3.734733,
        0.331665
      ],
      "initquaternion": [
        0,
        -3.2873231248231605e-7,
        0.950284,
        0.311383
      ],
      "initscale": [
        1,
        1,
        1
      ],
      "offmtx": [
        [
          -0.591806,
          -0.80608,
          2.2244813635552418e-7,
          3.341871
        ],
        [
          0.80608,
          -0.591806,
          -3.3684051459204056e-7,
          7.130701
        ],
        [
          4.0316663785233686e-7,
          0,
          0.999999,
          0.000002
        ]
      ],
      "boundingbox": [
        [
          -0.633796,
          -0.953549,
          -1.608564
        ],
        [
          1.638112,
          1.007517,
          1.54216
        ]
      ]
    },
    {
      "name": "Bone008",
      "parent": "Bone007",
      "initpos": [
        1.295035,
        -0.000001,
        -3.1981971915229224e-7
      ],
      "initquaternion": [
        2.447971780838998e-7,
        2.3186454711776605e-7,
        -0.027121,
        0.999632
      ],
      "initscale": [
        0.999999,
        0.999999,
        1
      ],
      "offmtx": [
        [
          -0.634643,
          -0.772804,
          -2.364516547004314e-7,
          1.657175
        ],
        [
          0.772804,
          -0.634643,
          1.5255415064530098e-7,
          7.231198
        ],
        [
          -2.679571764474531e-7,
          0,
          0.999999,
          -1.1920928955078125e-7
        ]
      ],
      "boundingbox": [
        [
          -0.024941,
          -0.726722,
          -1.815168
        ],
        [
          3.121777,
          1.700983,
          1.748764
        ]
      ]
    },
    {
      "name": "Bone006",
      "parent": "Bone001",
      "initpos": [
        5.567185,
        0.001381,
        0.053802
      ],
      "initquaternion": [
        -0.000009,
        0,
        -0.002336,
        0.999997
      ],
      "initscale": [
        1,
        1,
        1
      ],
      "offmtx": [
        [
          0.004673,
          0.999989,
          0,
          -6.96963
        ],
        [
          -0.999989,
          0.004673,
          -0.000019,
          -0.069401
        ],
        [
          -0.000019,
          0,
          0.999999,
          0.277861
        ]
      ],
      "boundingbox": [
        [
          -0.992237,
          -3.054412,
          -3.327896
        ],
        [
          7.666708,
          2.993978,
          3.214663
        ]
      ]
    }
  ],
  "boundingbox": [
    [
      -6.543609,
      0,
      -4.122256
    ],
    [
      6.543608,
      14.630113,
      3.71151
    ]
  ]
}
