{
  "mesh": [
    {
      "material": "2023s1/",
      "indices": [
        0,
        2,
        1,
        0,
        1,
        3
      ],
      "vertices": [
        3,
        0,
        3,
        0,
        1,
        0,
        1,
        0,
        2,
        0,
        2,
        0,
        0,
        0,
        0,
        0
      ],
      "fields": [
        "pos",
        "normal",
        "uvcoord",
        "weight"
      ],
      "poses": [
        -0.19685,
        0,
        -0.19685,
        0.19685,
        0,
        -0.19685,
        0.19685,
        0,
        0.19685,
        -0.19685,
        0,
        0.19685
      ],
      "normals": [
        0,
        1,
        0
      ],
      "uvcoords": [
        0,
        1,
        1,
        1,
        1,
        0,
        0,
        0
      ],
      "weights": [
        "Bone002",
        1
      ],
      "colors": []
    }
  ],
  "version": "0.1.0"
}
