{"mesh":[{"material":"2023s1/ss_myth_armor","indices":[0,1,36,0,37,1,2,3,38,2,39,3,4,5,40,4,41,5,6,7,42,6,43,7,8,9,44,8,45,9,10,11,46,10,47,11,12,13,48,12,49,13,14,15,50,14,51,15,16,17,52,16,53,17,18,19,54,18,55,19,20,21,56,20,57,21,22,23,58,22,59,23,24,25,60,24,61,25,26,27,62,26,63,27,28,29,64,28,65,29,30,31,66,30,67,31,32,33,68,32,69,33,34,35,70,34,71,35],"vertices":[5,0,9,0,3,0,11,0,9,1,10,0,7,1,11,0,6,2,13,0,2,2,8,0,8,3,14,0,4,3,18,0,7,4,20,0,5,4,9,0,9,5,12,0,3,5,10,0,12,5,3,0,10,5,1,0,15,5,7,0,14,5,5,0,18,4,3,0,17,4,1,0,21,4,7,0,19,4,5,0,17,3,1,0,0,3,0,0,16,0,2,0,10,0,1,0,18,2,3,0,11,2,2,0,1,1,0,0,12,1,3,0,19,3,5,0,13,3,4,0,1,0,6,0,14,0,5,0,21,2,7,0,0,2,6,0,20,1,4,0,15,1,7,0,2,0,8,0,4,0,15,0,6,1,8,0,8,1,16,0,9,2,12,0,5,2,9,0,7,3,17,0,3,3,10,0,6,4,13,0,4,4,19,0,8,5,14,0,2,5,8,0,0,5,0,0,11,5,2,0,13,5,4,0,0,5,6,0,16,4,2,0,1,4,0,0,1,4,6,0,20,4,4,0,10,3,1,0,1,3,0,0,11,0,2,0,17,0,1,0,12,2,3,0,16,2,2,0,0,1,0,0,18,1,3,0,14,3,5,0,20,3,4,0,0,0,6,0,19,0,5,0,15,2,7,0,1,2,6,0,13,1,4,0,21,1,7,0],"fields":["pos","normal","uvcoord","weight"],"poses":[6.9984,5.9992,1.0,6.8984,5.9992,1.0,7.0,6.9992,-2.0008,7.0,6.9992,-0.000799,5.0,6.9992,-0.000799,5.0,6.9992,-2.0008,5.0,4.9992,-2.0008,5.0,4.9992,-0.000799,7.0,4.9992,-0.000799,7.0,4.9992,-2.0008,6.9984,6.9992,1.0,6.9984,6.9992,1e-06,6.9984,5.9992,1e-06,6.9984,4.9992,2.0,6.9984,5.9992,2.0,6.9984,4.9992,1.0,6.8984,6.9992,1e-06,6.8984,6.9992,1.0,6.8984,5.9992,1e-06,6.8984,5.9992,2.0,6.8984,4.9992,2.0,6.8984,4.9992,1.0],"normals":[0.0,1.0,-0.0,0.0,-1.0,0.0,0.0,-0.0,-1.0,-0.0,0.0,1.0,-1.0,-0.0,-0.0,1.0,0.0,0.0],"uvcoords":[0.9531,0.2812,0.9531,0.2656,0.9375,0.2656,0.9375,0.2812,0.9531,0.375,0.9531,0.3594,0.9375,0.3594,0.9375,0.375,0.8125,0.6875,0.75,0.6875,0.875,0.6875,0.8125,0.625,0.8125,0.75,0.75,0.75,0.875,0.75,0.75,0.625,0.875,0.625,0.9375,0.75,0.9375,0.6875,0.6875,0.6875,0.6875,0.75],"weights":["bone_01",1.0],"colors":[]}],"version":"0.1.0"}