{"mesh":[{"material":"2023s1/yx_myth_armor","indices":[0,1,12,0,13,1,2,3,14,2,15,3,4,5,16,4,17,5,6,7,18,6,19,7,8,9,20,8,21,9,10,11,22,10,23,11],"vertices":[3,2,3,0,1,2,1,0,9,0,7,0,0,0,5,0,11,1,11,0,2,1,9,0,7,3,1,0,5,3,3,0,13,1,7,0,4,1,5,0,15,0,11,0,6,0,9,0,0,2,0,0,2,2,2,0,8,0,4,0,3,0,6,0,10,1,8,0,1,1,10,0,4,3,0,0,6,3,2,0,5,1,6,0,12,1,4,0,7,0,10,0,14,0,8,0],"fields":["pos","normal","uvcoord","weight"],"poses":[-3.99774,24.2541,-2.11836,-3.99774,24.2541,2.11836,-5.05692,24.2541,2.11836,-5.05692,24.2541,-2.11836,-4.01747,24.1978,-2.03944,-5.03719,24.1978,-2.03944,-5.03719,24.1978,2.03943,-4.01747,24.1978,2.03943,-3.99774,23.1949,-2.11836,-5.05692,23.1949,-2.11836,-5.05692,22.0484,2.11836,-3.99774,22.0484,2.11836,-4.01747,23.178,-2.03944,-5.03719,23.178,-2.03944,-5.03719,22.0315,2.03943,-4.01747,22.0315,2.03943],"normals":[0.0,-0.0,-1.0,-0.0,0.0,1.0,0.0,1.0,-0.0,0.0,-1.0,0.0],"uvcoords":[0.4219,0.625,0.2969,0.625,0.2969,0.5938,0.4219,0.5938,0.5469,0.8125,0.5469,0.8438,0.5156,0.8438,0.5156,0.8125,1.0,0.4844,1.0,0.5156,0.9688,0.5156,0.9688,0.4844],"weights":["Bone006",1.0],"colors":[]}],"version":"0.1.0"}