{"mesh":[{"material":"2023s1/yx_myth_armor","indices":[6,7,58,6,59,7,8,9,60,8,61,9,10,11,62,10,63,11,12,13,64,12,65,13,14,15,66,14,67,15,16,17,68,16,69,17,18,19,70,18,71,19,20,21,72,20,73,21,22,23,74,22,75,23,24,25,76,24,77,25,26,2,78,26,0,2,27,2,3,0,3,2,0,79,28,0,28,29,0,29,3,27,3,80,30,31,81,30,82,31,32,33,83,32,84,33,34,35,85,34,86,35,36,4,1,37,87,1,37,1,38,1,4,5,1,5,38,36,88,4,5,4,39,5,39,89,40,41,90,40,91,41,42,43,92,42,93,43,44,45,94,44,95,45,46,47,96,46,97,47,48,49,98,48,99,49,50,51,100,50,101,51,52,53,102,52,103,53,54,55,104,54,105,55,56,57,106,56,107,57],"vertices":[29,0,26,0,32,1,26,0,28,0,25,0,40,0,32,0,33,1,25,0,49,1,32,0,3,4,7,0,1,4,5,0,3,0,11,0,20,0,9,0,1,1,15,0,22,1,13,0,20,2,19,0,1,2,17,0,22,3,23,0,3,3,21,0,7,5,7,0,5,5,5,0,7,1,11,0,25,1,9,0,5,0,15,0,27,0,13,0,5,3,17,0,25,3,19,0,7,2,21,0,27,2,23,0,9,0,27,0,41,0,33,0,37,0,29,0,36,0,28,0,9,4,37,0,31,4,35,0,31,2,41,0,28,2,39,0,43,3,45,0,9,3,43,0,11,1,27,0,46,1,29,0,44,1,28,0,48,1,33,0,35,5,35,0,11,5,37,0,35,3,41,0,33,3,39,0,51,2,45,0,11,2,43,0,15,3,3,0,13,3,1,0,19,2,3,0,17,2,1,0,12,1,0,0,19,1,3,0,15,5,3,0,16,5,2,0,14,0,2,0,17,0,1,0,13,4,1,0,18,4,0,0,0,4,4,0,2,4,6,0,2,0,8,0,21,0,10,0,0,1,12,0,23,1,14,0,2,2,16,0,23,2,18,0,0,3,20,0,21,3,22,0,4,5,6,0,6,5,4,0,24,1,10,0,4,1,8,0,26,0,14,0,6,0,12,0,4,3,16,0,26,3,18,0,6,2,20,0,24,2,22,0,8,0,24,0,38,0,30,0,39,0,31,0,30,4,34,0,8,4,36,0,42,2,38,0,8,2,40,0,30,3,42,0,29,3,44,0,45,1,30,0,10,1,24,0,47,1,31,0,34,5,34,0,10,5,36,0,10,3,40,0,50,3,38,0,32,2,44,0,34,2,42,0,12,3,0,0,14,3,2,0,16,2,2,0,18,2,0,0,15,1,3,0,18,1,0,0,14,5,2,0,19,5,3,0,13,0,1,0,16,0,2,0,12,4,0,0,17,4,1,0],"fields":["pos","normal","uvcoord","weight"],"poses":[-4.03975,0.028679,2.23439,0.239749,0.028679,2.23439,0.23975,0.028679,-2.14059,-4.03975,0.028679,-2.14059,0.236245,0.028679,-2.10153,0.236245,0.028679,2.19532,-3.96202,0.028679,2.19532,-3.96202,0.028679,-2.10153,0.322558,-0.050967,-2.22024,-4.12256,-0.050967,-2.22024,0.280368,-0.010388,-2.21009,-4.08037,-0.010387,-2.2101,-2.51742,1.05545,3.26341,-2.51742,1.05545,2.23439,-2.51742,2.08447,2.23439,-2.51742,2.08447,3.26341,-1.48839,2.08447,2.23439,-1.48839,1.05545,2.23439,-1.48839,1.05545,3.26341,-1.48839,2.08447,3.26341,0.23975,2.08673,-2.14059,-4.03975,2.08673,-2.14059,-4.03975,2.08673,2.23439,0.239749,2.08673,2.23439,-3.96202,2.04766,-2.10153,0.236245,2.04766,-2.10153,0.236245,2.04766,2.19532,-3.96202,2.04766,2.19532,0.322558,1.01788,-2.22024,-4.12256,1.01788,-2.22024,-4.12256,-0.050967,-1.03601,0.322558,-0.050967,-1.03601,-4.08037,1.03817,-2.2101,0.280368,1.03817,-2.21009,-4.08037,-0.010387,-1.04615,0.280367,-0.010388,-1.04615,-3.01128,2.08673,-2.22024,-3.01128,4.22443,-2.22024,-4.12256,4.22443,-2.22024,-0.78872,4.22442,-2.22024,-0.78872,2.08673,-2.22024,0.322558,4.22442,-2.22024,0.322558,1.01788,-1.03601,-4.12256,1.01788,-1.03601,-2.99018,2.08673,-2.2101,-4.08037,4.18385,-2.2101,-2.99018,4.18385,-2.2101,-0.809815,4.18384,-2.2101,0.280368,4.18384,-2.21009,-0.809815,2.08673,-2.2101,0.280367,1.03817,-1.04615,-4.08037,1.03817,-1.04615],"normals":[0.0,-0.0,-1.0,-0.0,0.0,1.0,1.0,0.0,0.0,-1.0,0.0,0.0,-0.0,-1.0,0.0,0.0,1.0,-0.0],"uvcoords":[0.5,0.0781,0.5,0.0469,0.5312,0.0469,0.5312,0.0781,0.8906,0.8594,0.8906,0.9844,0.7656,0.9844,0.7656,0.8594,0.6406,0.5,0.6406,0.5625,0.5156,0.5625,0.5156,0.5,0.9844,0.7188,0.9844,0.7812,0.8594,0.7812,0.8594,0.7188,0.0156,0.0625,0.1406,0.0625,0.1406,0.125,0.0156,0.125,0.3594,0.3125,0.4844,0.3125,0.4844,0.375,0.3594,0.375,0.0156,0.1562,0.0469,0.1562,0.0469,0.2812,0.0156,0.2812,0.0781,0.25,0.1406,0.25,0.1406,0.2812,0.1406,0.1875,0.0781,0.1875,0.1406,0.1562,0.7031,0.8438,0.5781,0.8438,0.5781,0.8125,0.7031,0.8125,0.1562,0.2031,0.1875,0.2031,0.1875,0.2344,0.1562,0.2344,0.2812,0.0625,0.2812,0.0312,0.3125,0.0312,0.3125,0.0625],"weights":["Bone001",1.0],"colors":[]}],"version":"0.1.0"}