{"mesh":[{"material":"2023s1/yx_myth_armor","indices":[0,1,62,0,63,1,2,3,64,2,65,3,4,5,66,4,67,5,6,7,68,6,69,7,8,9,70,8,71,9,10,11,72,10,73,11,12,13,74,12,75,13,14,15,76,14,77,15,16,17,78,16,79,17,18,19,80,18,81,19,20,21,82,20,83,21,22,23,84,22,85,23,24,25,86,24,87,25,26,27,88,26,89,27,28,29,90,28,91,29,30,31,92,30,93,31,32,33,94,32,95,33,34,35,96,34,97,35,36,37,98,36,99,37,38,39,100,38,101,39,40,41,102,40,103,41,42,43,104,42,105,43,44,45,106,44,107,45,46,47,108,46,109,47,48,49,110,48,111,49,50,51,112,50,113,51,52,53,114,52,115,53,54,55,116,54,117,55,56,57,118,56,119,57,58,59,120,58,121,59,60,61,122,60,123,61],"vertices":[3,1,7,0,1,1,5,0,7,2,11,0,5,2,9,0,7,3,15,0,3,3,13,0,5,0,19,0,1,0,17,0,7,4,23,0,1,4,21,0,11,1,7,0,9,1,5,0,15,2,11,0,13,2,9,0,15,3,15,0,11,3,13,0,13,0,19,0,9,0,17,0,15,4,23,0,9,4,21,0,0,5,27,0,6,5,25,0,8,5,27,0,14,5,25,0,19,5,3,0,17,5,1,0,23,4,3,0,21,4,1,0,21,0,1,0,16,0,0,0,20,1,2,0,17,1,1,0,23,3,3,0,18,3,2,0,22,2,0,0,19,2,3,0,37,0,35,0,32,0,33,0,39,1,39,0,34,1,37,0,35,1,43,0,40,1,41,0,43,1,47,0,33,1,45,0,47,0,51,0,45,0,49,0,51,0,55,0,49,0,53,0,55,0,59,0,53,0,57,0,27,1,63,0,25,1,61,0,31,2,67,0,29,2,65,0,31,3,71,0,27,3,69,0,29,0,75,0,25,0,73,0,24,5,31,0,30,5,29,0,29,4,29,0,27,4,31,0,0,1,4,0,2,1,6,0,4,2,8,0,6,2,10,0,6,3,12,0,2,3,14,0,4,0,16,0,0,0,18,0,2,4,20,0,4,4,22,0,8,1,4,0,10,1,6,0,12,2,8,0,14,2,10,0,14,3,12,0,10,3,14,0,12,0,16,0,8,0,18,0,10,4,20,0,12,4,22,0,3,5,24,0,5,5,26,0,11,5,24,0,13,5,26,0,16,5,0,0,18,5,2,0,20,4,2,0,22,4,0,0,17,0,1,0,22,0,0,0,18,1,2,0,21,1,1,0,19,3,3,0,20,3,2,0,16,2,0,0,23,2,3,0,36,0,32,0,33,0,34,0,38,1,36,0,35,1,38,0,32,1,40,0,41,1,42,0,42,1,44,0,34,1,46,0,44,0,48,0,46,0,50,0,48,0,52,0,50,0,54,0,52,0,56,0,54,0,58,0,24,1,60,0,26,1,62,0,28,2,64,0,30,2,66,0,24,3,68,0,28,3,70,0,26,0,72,0,30,0,74,0,31,5,28,0,25,5,30,0,28,4,28,0,26,4,30,0],"fields":["pos","normal","uvcoord","weight"],"poses":[2.0008,38.0867,-2.4992,0.500798,38.0867,-2.4992,0.500799,38.0867,-2.9992,2.0008,38.0867,-2.9992,0.500798,36.0867,-2.4992,2.0008,36.0867,-2.4992,2.0008,36.0867,-2.9992,0.500799,36.0867,-2.9992,-0.499199,38.0867,-2.4992,-1.9992,38.0867,-2.4992,-1.9992,38.0867,-2.9992,-0.499198,38.0867,-2.9992,-1.9992,36.0867,-2.4992,-0.499199,36.0867,-2.4992,-0.499198,36.0867,-2.9992,-1.9992,36.0867,-2.9992,0.4992,35.5875,3.0,0.4992,36.5875,3.0,0.4992,36.5875,2.0,0.4992,35.5875,2.0,-0.500799,36.5875,2.0,-0.500799,36.5875,3.0,-0.500799,35.5875,3.0,-0.500799,35.5875,2.0,2.43624,36.0867,-2.9992,2.43624,36.0867,2.0008,-2.43464,36.0867,2.0008,-2.43464,36.0867,-2.9992,-2.43464,32.0867,-2.9992,-2.43464,32.0867,2.0008,2.43624,32.0867,2.0008,2.43624,32.0867,-2.9992,-0.508874,36.1254,2.04917,0.510475,36.1254,2.04917,0.510475,36.1254,1.02982,-0.508874,36.1254,1.02982,-0.508874,35.6158,2.04917,0.510475,35.6158,2.04917,0.510475,36.1254,0.520147,-0.508875,36.1254,0.520147,-1.01855,36.1254,2.04917,-1.01855,36.1254,1.02982,1.02015,36.1254,2.04917,1.02015,36.1254,1.02982,0.506483,35.0927,2.04917,1.01616,35.0927,2.04917,1.01616,34.583,2.04917,0.506483,34.583,2.04917,-1.01449,35.0928,2.04917,-0.504818,35.0928,2.04917,-0.504818,34.5831,2.04917,-1.01449,34.5831,2.04917,0.255637,33.0674,2.04917,-0.254037,33.0674,2.04917,-0.254037,35.6157,2.04917,0.255637,35.6157,2.04917],"normals":[0.0,0.0,1.0,0.0,1.0,-0.0,0.0,-1.0,0.0,-0.0,-0.0,-1.0,-1.0,-0.0,-0.0,1.0,0.0,0.0],"uvcoords":[0.1875,0.2344,0.1875,0.2031,0.1562,0.2031,0.1562,0.2344,0.9844,0.6875,0.9375,0.6875,0.9375,0.7031,0.9844,0.7031,0.9219,0.875,0.9688,0.875,0.9688,0.8594,0.9219,0.8594,0.6562,0.1875,0.7188,0.1875,0.7188,0.1406,0.6562,0.1406,0.875,0.4375,0.9375,0.4375,0.9375,0.3906,0.875,0.3906,0.9531,0.3594,0.9531,0.3438,0.8906,0.3438,0.8906,0.3594,0.8125,0.2344,0.75,0.2344,0.75,0.25,0.8125,0.25,0.4531,0.6562,0.2969,0.6562,0.2969,0.7812,0.4531,0.7812,0.0781,0.0156,0.0781,0.0312,0.1406,0.0312,0.1406,0.0156,0.0469,0.0312,0.0469,0.0156,0.0156,0.0156,0.0156,0.0312,0.8438,0.0312,0.8438,0.0469,0.875,0.0469,0.875,0.0312,0.9531,0.1406,0.9531,0.1562,0.9844,0.1562,0.9844,0.1406,0.5312,0.2812,0.5312,0.2656,0.5156,0.2656,0.5156,0.2812,0.9844,0.4375,0.9844,0.4219,0.9688,0.4219,0.9688,0.4375,0.75,0.125,0.75,0.1406,0.8281,0.1406,0.8281,0.125,0.7344,0.875,0.5781,0.875,0.5781,1.0,0.7344,1.0,0.0156,0.4375,0.1719,0.4375,0.1719,0.3125,0.0156,0.3125,0.8438,0.6406,0.6875,0.6406,0.6875,0.7656,0.8438,0.7656,0.3281,0.3125,0.2031,0.3125,0.2031,0.4375,0.3281,0.4375],"weights":["Bone004",1.0],"colors":[]}],"version":"0.1.0"}