{
  "mesh": [
    {
      "material": "2024s2/ss_darkmoon_armor",
      "indices": [
        [
          2,
          1,
          0
        ],
        [
          1,
          34,
          0
        ],
        [
          1,
          30,
          34
        ],
        [
          24,
          22,
          34
        ],
        [
          30,
          24,
          34
        ],
        [
          30,
          29,
          28
        ],
        [
          30,
          28,
          24
        ],
        [
          24,
          23,
          22
        ],
        [
          5,
          4,
          3
        ],
        [
          15,
          13,
          3
        ],
        [
          4,
          15,
          3
        ],
        [
          4,
          18,
          15
        ],
        [
          15,
          14,
          13
        ],
        [
          18,
          17,
          15
        ],
        [
          8,
          7,
          6
        ],
        [
          8,
          35,
          7
        ],
        [
          35,
          31,
          7
        ],
        [
          35,
          25,
          31
        ],
        [
          35,
          27,
          25
        ],
        [
          25,
          32,
          31
        ],
        [
          27,
          26,
          25
        ],
        [
          25,
          33,
          32
        ],
        [
          12,
          10,
          9
        ],
        [
          10,
          16,
          9
        ],
        [
          16,
          21,
          9
        ],
        [
          12,
          11,
          10
        ],
        [
          10,
          20,
          19
        ],
        [
          10,
          19,
          16
        ]
      ],
      "vertices": [
        {
          "pos": [
            4.219515,
            4.047555,
            2.321683
          ],
          "normal": [
            1,
            0,
            0
          ],
          "uvcoord": [
            0.140625,
            0.953125
          ],
          "weight": [
            [
              "root",
              1
            ]
          ]
        },
        {
          "pos": [
            4.219515,
            6.547554,
            0.821686
          ],
          "normal": [
            1,
            0,
            0
          ],
          "uvcoord": [
            0.09375,
            0.875
          ],
          "weight": [
            [
              "root",
              1
            ]
          ]
        },
        {
          "pos": [
            4.219515,
            4.047555,
            0.821686
          ],
          "normal": [
            1,
            0,
            0
          ],
          "uvcoord": [
            0.09375,
            0.953125
          ],
          "weight": [
            [
              "root",
              1
            ]
          ]
        },
        {
          "pos": [
            3.164637,
            4.047555,
            2.321685
          ],
          "normal": [
            8.395983854825317e-7,
            0,
            0.999999
          ],
          "uvcoord": [
            0.171875,
            0.953125
          ],
          "weight": [
            [
              "root",
              1
            ]
          ]
        },
        {
          "pos": [
            4.219515,
            12.047554,
            2.321686
          ],
          "normal": [
            3.8056498397054384e-7,
            0,
            0.999999
          ],
          "uvcoord": [
            0.140625,
            0.703125
          ],
          "weight": [
            [
              "root",
              1
            ]
          ]
        },
        {
          "pos": [
            4.219515,
            4.047555,
            2.321683
          ],
          "normal": [
            0.000001,
            -2.980231954552437e-7,
            0.999999
          ],
          "uvcoord": [
            0.140625,
            0.953125
          ],
          "weight": [
            [
              "root",
              1
            ]
          ]
        },
        {
          "pos": [
            4.160845,
            4.047555,
            0.790608
          ],
          "normal": [
            -1,
            0,
            0
          ],
          "uvcoord": [
            0.09375,
            0.953125
          ],
          "weight": [
            [
              "root",
              1
            ]
          ]
        },
        {
          "pos": [
            4.160845,
            6.547554,
            0.790608
          ],
          "normal": [
            -1,
            0,
            0
          ],
          "uvcoord": [
            0.09375,
            0.875
          ],
          "weight": [
            [
              "root",
              1
            ]
          ]
        },
        {
          "pos": [
            4.160845,
            4.047555,
            2.270567
          ],
          "normal": [
            -0.999999,
            0,
            0
          ],
          "uvcoord": [
            0.140625,
            0.953125
          ],
          "weight": [
            [
              "root",
              1
            ]
          ]
        },
        {
          "pos": [
            3.120634,
            4.047555,
            2.270569
          ],
          "normal": [
            -8.521741960976215e-7,
            0,
            -0.999999
          ],
          "uvcoord": [
            0.171875,
            0.953125
          ],
          "weight": [
            [
              "root",
              1
            ]
          ]
        },
        {
          "pos": [
            1.04021,
            5.547555,
            2.27057
          ],
          "normal": [
            -2.4782906393738813e-7,
            0,
            -0.999999
          ],
          "uvcoord": [
            0.234375,
            0.90625
          ],
          "weight": [
            [
              "root",
              1
            ]
          ]
        },
        {
          "pos": [
            1.04021,
            3.047555,
            2.27057
          ],
          "normal": [
            -4.584039743349422e-7,
            0,
            -0.999999
          ],
          "uvcoord": [
            0.234375,
            0.984375
          ],
          "weight": [
            [
              "root",
              1
            ]
          ]
        },
        {
          "pos": [
            3.120634,
            3.047555,
            2.270569
          ],
          "normal": [
            -4.584039743349422e-7,
            0,
            -0.999999
          ],
          "uvcoord": [
            0.171875,
            0.984375
          ],
          "weight": [
            [
              "root",
              1
            ]
          ]
        },
        {
          "pos": [
            3.164637,
            3.047555,
            2.321685
          ],
          "normal": [
            4.5203009335637034e-7,
            0,
            0.999999
          ],
          "uvcoord": [
            0.171875,
            0.984375
          ],
          "weight": [
            [
              "root",
              1
            ]
          ]
        },
        {
          "pos": [
            1.054878,
            3.047555,
            2.321686
          ],
          "normal": [
            4.5203009335637034e-7,
            0,
            0.999999
          ],
          "uvcoord": [
            0.234375,
            0.984375
          ],
          "weight": [
            [
              "root",
              1
            ]
          ]
        },
        {
          "pos": [
            1.054878,
            5.547555,
            2.321686
          ],
          "normal": [
            2.445242444082396e-7,
            0,
            0.999999
          ],