{
  "mesh": [
    {
      "material": "2024s2/ss_darkmoo_skina_guajian",
      "indices": [
        [
          3,
          1,
          0
        ],
        [
          0,
          6,
          10
        ],
        [
          1,
          6,
          0
        ],
        [
          3,
          2,
          1
        ],
        [
          11,
          7,
          3
        ],
        [
          3,
          7,
          2
        ],
        [
          2,
          13,
          12
        ],
        [
          7,
          8,
          2
        ],
        [
          8,
          13,
          2
        ],
        [
          9,
          8,
          7
        ],
        [
          15,
          14,
          1
        ],
        [
          1,
          5,
          6
        ],
        [
          1,
          14,
          5
        ],
        [
          6,
          5,
          4
        ],
        [
          19,
          17,
          16
        ],
        [
          30,
          16,
          29
        ],
        [
          19,
          18,
          17
        ],
        [
          19,
          33,
          32
        ],
        [
          19,
          32,
          31
        ],
        [
          31,
          32,
          37
        ],
        [
          31,
          37,
          27
        ],
        [
          27,
          26,
          25
        ],
        [
          27,
          25,
          24
        ],
        [
          24,
          25,
          39
        ],
        [
          24,
          39,
          38
        ],
        [
          30,
          29,
          28
        ],
        [
          29,
          22,
          36
        ],
        [
          29,
          36,
          28
        ],
        [
          23,
          22,
          21
        ],
        [
          23,
          21,
          20
        ],
        [
          21,
          35,
          34
        ],
        [
          21,
          34,
          20
        ]
      ],
      "vertices": [
        {
          "pos": [
            0.521451,
            19.95333,
            2.258424
          ],
          "normal": [
            2.0655052423990128e-7,
            0,
            0.999999
          ],
          "uvcoord": [
            0.171875,
            0.28125
          ],
          "weight": [
            [
              "Bone005",
              1
            ]
          ]
        },
        {
          "pos": [
            3.641451,
            14.306664,
            2.258424
          ],
          "normal": [
            0,
            0,
            0.999999
          ],
          "uvcoord": [
            0.078125,
            0.453125
          ],
          "weight": [
            [
              "Bone005",
              1
            ]
          ]
        },
        {
          "pos": [
            -3.638547,
            14.306664,
            2.258425
          ],
          "normal": [
            0,
            0,
            0.999999
          ],
          "uvcoord": [
            0.296875,
            0.453125
          ],
          "weight": [
            [
              "Bone005",
              1
            ]
          ]
        },
        {
          "pos": [
            -0.518548,
            19.95333,
            2.258424
          ],
          "normal": [
            2.0146009660493291e-7,
            0,
            0.999999
          ],
          "uvcoord": [
            0.203125,
            0.28125
          ],
          "weight": [
            [
              "Bone005",
              1
            ]
          ]
        },
        {
          "pos": [
            2.601451,
            21.49333,
            2.258424
          ],
          "normal": [
            3.0566485520466813e-7,
            0,
            0.999999
          ],
          "uvcoord": [
            0.109375,
            0.234375
          ],
          "weight": [
            [
              "Bone005",
              1
            ]
          ]
        },
        {
          "pos": [
            4.161451,
            21.49333,
            2.258423
          ],
          "normal": [
            3.0052663646529254e-7,
            0,
            0.999999
          ],
          "uvcoord": [
            0.0625,
            0.234375
          ],
          "weight": [
            [
              "Bone005",
              1
            ]
          ]
        },
        {
          "pos": [
            2.601451,
            20.466665,
            2.258424
          ],
          "normal": [
            2.868315505111241e-7,
            0,
            0.999999
          ],
          "uvcoord": [
            0.109375,
            0.265625
          ],
          "weight": [
            [
              "Bone005",
              1
            ]
          ]
        },
        {
          "pos": [
            -2.598547,
            20.466665,
            2.258425
          ],
          "normal": [
            0,
            0,
            0.999999
          ],
          "uvcoord": [
            0.265625,
            0.265625
          ],
          "weight": [
            [
              "Bone005",
              1
            ]
          ]
        },
        {
          "pos": [
            -4.158547,
            21.49333,
            2.258425
          ],
          "normal": [
            0,
            0,
            0.999999
          ],
          "uvcoord": [
            0.3125,
            0.234375
          ],
          "weight": [
            [
              "Bone005",
              1
            ]
          ]
        },
        {
          "pos": [
            -2.598547,
            21.49333,
            2.258425
          ],
          "normal": [
            0,
            0,
            0.999999
          ],
          "uvcoord": [
            0.265625,
            0.234375
          ],
          "weight": [
            [
              "Bone005",
              1
            ]
          ]
        },
        {
          "pos": [
            0.521451,
            20.466665,
            2.258424
          ],
          "normal": [
            2.292486414035011e-7,
            0,
            0.999999
          ],
          "uvcoord": [
            0.171875,
            0.265625
          ],
          "weight": [
            [
              "Bone005",
              1
            ]
          ]
        },
        {
          "pos": [
            -0.518548,
            20.466665,
            2.258424
          ],
          "normal": [
            2.292486414035011e-7,
            0,
            0.999999
          ],
          "uvcoord": [
            0.203125,
            0.265625
          ],
          "weight": [
            [
              "Bone005",
              1
            ]
          ]
        },
        {
          "pos": [
            -3.638547,
            11.739998,
            2.258425
          ],
          "normal": [
            0,
            0,
            0.999999
          ],
          "uvcoord": [
            0.296875,
            0.53125
          ],
          "weight": [
            [
              "Bone005",
              1
            ]
          ]
        },
        {
          "pos": [
            -4.158547,
            11.739998,
            2.258425
          ],
          "normal": [
            0,
            0,
            0.999999
          ],
          "uvcoord": [
            0.3125,
            0.53125
          ],
          "weight": [
            [
              "Bone005",
              1
            ]
          ]
        },
        {
          "pos": [
            4.161451,
            11.739998,
            2.258424
          ],
          "normal": [
            0,
            0,
            0.999999
          ],
          "uvcoord": [
            0.0625,
            0.53125
          ],