{
  "mesh": [
    {
      "material": "2021s3/yx_electro_armorA/yx_electro_armorA",
      "indices": [
        0,
        1,
        12,
        0,
        13,
        1,
        2,
        3,
        14,
        2,
        15,
        3,
        4,
        5,
        16,
        4,
        17,
        5,
        6,
        7,
        18,
        6,
        19,
        7,
        8,
        9,
        20,
        8,
        21,
        9,
        10,
        11,
        22,
        10,
        23,
        11
      ],
      "vertices": [
        5,
        0,
        5,
        0,
        1,
        0,
        1,
        0,
        3,
        1,
        3,
        0,
        7,
        1,
        7,
        0,
        0,
        2,
        0,
        0,
        2,
        2,
        2,
        0,
        1,
        1,
        1,
        0,
        5,
        1,
        5,
        0,
        7,
        0,
        7,
        0,
        3,
        0,
        3,
        0,
        2,
        3,
        2,
        0,
        0,
        3,
        0,
        0,
        0,
        0,
        0,
        0,
        4,
        0,
        4,
        0,
        6,
        1,
        6,
        0,
        2,
        1,
        2,
        0,
        3,
        2,
        3,
        0,
        1,
        2,
        1,
        0,
        0,
        1,
        0,
        0,
        4,
        1,
        4,
        0,
        6,
        0,
        6,
        0,
        2,
        0,
        2,
        0,
        3,
        3,
        3,
        0,
        1,
        3,
        1,
        0
      ],
      "fields": [
        "pos",
        "normal",
        "uvcoord",
        "weight"
      ],
      "poses": [
        4.18821,
        7.9992,
        -2.29579,
        4.18821,
        8.9992,
        -2.29579,
        4.18822,
        8.9992,
        2.26296,
        4.18822,
        7.9992,
        2.26296,
        0.989015,
        8.9992,
        -2.29579,
        0.989015,
        7.9992,
        -2.29579,
        0.989016,
        7.9992,
        2.26296,
        0.989016,
        8.9992,
        2.26296
      ],
      "normals": [
        0,
        0,
        -1,
        0,
        0,
        1,
        1,
        0,
        0,
        -1,
        0,
        0
      ],
      "uvcoords": [
        0.0781,
        0.9688,
        0.0781,
        0.9531,
        0.1406,
        0.9531,
        0.1406,
        0.9688,
        0.0312,
        0.9531,
        0.0312,
        0.9688,
        0.1875,
        0.9688,
        0.1875,
        0.9531
      ],
      "weights": [
        "Bone002",
        1
      ],
      "colors": []
    }
  ],
  "version": "0.1.0"
}
