{"frameeffect": {"blend_mode": 2, "cylinder_enable": false, "delay": 0.0, "delay_in_loop": false, "depth_test": true, "face_camera": false, "fade_distance": 0.0, "first_person_enable": false, "fps": 16, "frame_color": [[1, 1, 1, 0.3533333333333334], [1, 1, 1, 0.3533333333333334], [1, 1, 1, 0.3733333333333333], [1, 1, 1, 0.3533333333333334], [1, 1, 1, 0.38], [1, 1, 1, 0.3733333333333333], [1, 1, 1, 0.38], [1, 1, 1, 0.3866666666666667], [1, 1, 1, 0.4], [1, 1, 1, 0.3866666666666667], [1, 1, 1, 0.38], [1, 1, 1, 0.3666666666666667], [1, 1, 1, 0.3666666666666667], [1, 1, 1, 0.3666666666666667], [1, 1, 1, 0.3533333333333334], [1, 1, 1, 0.3533333333333334], [1, 1, 1, 0.3533333333333334]], "layer": 10, "lerp_scale": true, "loop": true, "point_filtering": true, "rot_speed": [0, 0, 0], "scale": [0.3, 0.3, 0.3], "shuffle": false, "sub_layer": 0, "tex_repeat_num": [1, 1], "texture": "textures/sfxs/2024s1/cs_loong_skina_dian02"}}