{
  "frameeffect": {
    "blend_mode": 1,
    "cylinder_enable": true,
    "cylinder_frac_num": 10,
    "cylinder_height": 0.75,
    "cylinder_radius_down": 0.15,
    "cylinder_radius_up": 0.03,
    "delay": 1,
    "delay_in_loop": true,
    "depth_test": true,
    "face_camera": false,
    "fade_distance": 0,
    "first_person_enable": false,
    "fps": 20,
    "frame_color": [
      [
        1,
        1,
        1,
        0.21333333333333337
      ],
      [
        1,
        1,
        1,
        0.3666666666666667
      ],
      [
        1,
        1,
        1,
        0.45333333333333337
      ],
      [
        1,
        1,
        1,
        0.6333333333333333
      ],
      [
        1,
        1,
        1,
        0.72
      ],
      [
        1,
        1,
        1,
        0.7733333333333333
      ],
      [
        1,
        1,
        1,
        0.7466666666666666
      ],
      [
        1,
        1,
        1,
        0.7466666666666666
      ],
      [
        1,
        1,
        1,
        0.72
      ],
      [
        1,
        1,
        1,
        0.7133333333333334
      ],
      [
        1,
        1,
        1,
        0.6799999999999999
      ],
      [
        1,
        1,
        1,
        0.64
      ],
      [
        1,
        1,
        1,
        0.5866666666666667
      ],
      [
        1,
        1,
        1,
        0.54
      ],
      [
        1,
        1,
        1,
        0.43333333333333335
      ],
      [
        1,
        1,
        1,
        0.36
      ],
      [
        1,
        1,
        1,
        0.21333333333333337
      ]
    ],
    "layer": 1,
    "lerp_scale": true,
    "loop": true,
    "point_filtering": true,
    "rot_speed": [
      0,
      0,
      0
    ],
    "scale": [
      1,
      1,
      1
    ],
    "shuffle": false,
    "sub_layer": 9,
    "tex_repeat_num": [
      2,
      1
    ],
    "texture": "textures/sfxs/2024s1/cs_loong_weaponb_xl044"
  }
}
