{"frameeffect": {"blend_mode": 2, "cylinder_enable": true, "cylinder_frac_num": 10, "cylinder_height": 0.75, "cylinder_radius_down": 0.15, "cylinder_radius_up": 0.03, "delay": 1.0, "delay_in_loop": true, "depth_test": true, "face_camera": false, "fade_distance": 0.0, "first_person_enable": false, "fps": 20, "frame_color": [[1, 1, 1, 0.16000000000000003], [1, 1, 1, 0.36], [1, 1, 1, 0.52], [1, 1, 1, 0.5800000000000001], [1, 1, 1, 0.5733333333333333], [1, 1, 1, 0.6066666666666667], [1, 1, 1, 0.5666666666666667], [1, 1, 1, 0.5733333333333333], [1, 1, 1, 0.5666666666666667], [1, 1, 1, 0.5666666666666667], [1, 1, 1, 0.5666666666666667], [1, 1, 1, 0.5266666666666666], [1, 1, 1, 0.5], [1, 1, 1, 0.43333333333333335], [1, 1, 1, 0.3533333333333334], [1, 1, 1, 0.29333333333333333], [1, 1, 1, 0.16000000000000003]], "layer": 1, "lerp_scale": true, "loop": true, "point_filtering": false, "rot_speed": [0.0, 0.0, 0.0], "scale": [1.0, 1.0, 1.0], "shuffle": false, "sub_layer": 8, "tex_repeat_num": [2, 1], "texture": "textures/sfxs/2024s1/cs_loong_weaponb_xl02_1"}}