{
  "frameeffect": {
    "blend_mode": 2,
    "cylinder_enable": true,
    "cylinder_frac_num": 4,
    "cylinder_height": 2.1,
    "cylinder_radius_down": 0.4,
    "cylinder_radius_up": 0.4,
    "delay": 0,
    "delay_in_loop": false,
    "depth_test": true,
    "face_camera": false,
    "fade_distance": 0,
    "first_person_enable": false,
    "fps": 8,
    "frame_color": [
      [
        1,
        1,
        1,
        0.7066666666666667
      ],
      [
        1,
        1,
        1,
        0.7066666666666667
      ],
      [
        1,
        1,
        1,
        0.7066666666666667
      ],
      [
        1,
        1,
        1,
        0.7066666666666667
      ],
      [
        1,
        1,
        1,
        0.7066666666666667
      ],
      [
        1,
        1,
        1,
        0.7066666666666667
      ],
      [
        1,
        1,
        1,
        0.7066666666666667
      ],
      [
        1,
        1,
        1,
        0.7066666666666667
      ],
      [
        1,
        1,
        1,
        0.7
      ],
      [
        1,
        1,
        1,
        0.7066666666666667
      ],
      [
        1,
        1,
        1,
        0.7066666666666667
      ],
      [
        1,
        1,
        1,
        0.7
      ],
      [
        1,
        1,
        1,
        0.7
      ],
      [
        1,
        1,
        1,
        0.7
      ],
      [
        1,
        1,
        1,
        0.6933333333333334
      ],
      [
        1,
        1,
        1,
        0.6933333333333334
      ],
      [
        1,
        1,
        1,
        0.7066666666666667
      ]
    ],
    "layer": 4,
    "lerp_scale": true,
    "loop": true,
    "point_filtering": true,
    "rot_speed": [
      0,
      0,
      0
    ],
    "scale": [
      0.5,
      0.5,
      0.5
    ],
    "shuffle": false,
    "sub_layer": 0,
    "tex_repeat_num": [
      1,
      1
    ],
    "texture": "textures/sfxs/2024s1/ss_loong_skin_gbzj"
  }
}
