{
  "frameeffect": {
    "blend_mode": 1,
    "cylinder_enable": false,
    "delay": 0,
    "delay_in_loop": false,
    "depth_test": true,
    "face_camera": false,
    "fade_distance": 0,
    "first_person_enable": false,
    "fps": 12,
    "frame_color": [
      [
        1,
        1,
        1,
        1
      ],
      [
        1,
        0.3333333333333333,
        1,
        1
      ],
      [
        1,
        0.22745098039215686,
        0.9882352941176471,
        1
      ],
      [
        1,
        0.24313725490196078,
        0.9647058823529412,
        1
      ],
      [
        1,
        0.3333333333333333,
        1,
        1
      ],
      [
        1,
        0.3333333333333333,
        1,
        1
      ],
      [
        1,
        0.6666666666666666,
        1,
        1
      ],
      [
        1,
        0.6666666666666666,
        1,
        1
      ],
      [
        1,
        0.6666666666666666,
        1,
        1
      ],
      [
        0.996078431372549,
        0.8274509803921568,
        1,
        1
      ],
      [
        0.984313725490196,
        0.796078431372549,
        1,
        1
      ],
      [
        1,
        0.7686274509803922,
        1,
        1
      ],
      [
        1,
        0.8784313725490196,
        0.9568627450980393,
        1
      ],
      [
        1,
        0.8627450980392157,
        0.996078431372549,
        1
      ],
      [
        1,
        1,
        1,
        1
      ],
      [
        1,
        1,
        1,
        1
      ],
      [
        1,
        1,
        1,
        1
      ]
    ],
    "layer": 1,
    "lerp_scale": true,
    "loop": true,
    "point_filtering": true,
    "rot_speed": [
      0,
      0,
      0
    ],
    "scale": [
      0.12,
      0.06,
      1
    ],
    "shuffle": false,
    "sub_layer": 0,
    "tex_repeat_num": [
      1,
      1
    ],
    "texture": "textures/sfxs/2024s3/cs_s1wild_weaponB_jhq3"
  }
}
