{
	"frameeffect": {
		"blend_mode": 2,
		"cylinder_enable": true,
		"cylinder_frac_num": 16,
		"cylinder_height": 2.0,
		"cylinder_radius_down": 0.37,
		"cylinder_radius_up": 0.37,
		"delay": 0.15,
		"delay_in_loop": false,
		"depth_test": true,
		"face_camera": false,
		"fade_distance": 0.0,
		"first_person_enable": false,
		"fps": 42,
		"frame_color": [
			[
				1,
				1,
				1,
				0.94
			],
			[
				1,
				1,
				1,
				0.92
			],
			[
				1,
				1,
				1,
				0.9066666666666666
			],
			[
				0.03137254901960784,
				0.7098039215686275,
				1.0,
				0.88
			],
			[
				0.054901960784313725,
				0.6392156862745098,
				1.0,
				0.8733333333333333
			],
			[
				0.09803921568627451,
				0.7137254901960784,
				1.0,
				0.86
			],
			[
				0.14901960784313725,
				0.5607843137254902,
				1.0,
				0.8466666666666667
			],
			[
				0.1607843137254902,
				0.5254901960784314,
				1.0,
				0.8466666666666667
			],
			[
				0.13333333333333333,
				0.43529411764705883,
				1.0,
				0.8333333333333334
			],
			[
				0.0,
				0.3333333333333333,
				1.0,
				0.8266666666666667
			],
			[
				0.0,
				0.3333333333333333,
				1.0,
				0.8266666666666667
			],
			[
				0.0,
				0.3333333333333333,
				1.0,
				0.8
			],
			[
				0.0,
				0.21568627450980393,
				1.0,
				0.74
			],
			[
				0.0,
				0.01568627450980392,
				1.0,
				0.5933333333333333
			],
			[
				0.08235294117647059,
				0.0,
				1.0,
				0.43999999999999995
			],
			[
				1,
				1,
				1,
				0.30000000000000004
			],
			[
				0.3176470588235294,
				0.0,
				1.0,
				0.0
			]
		],
		"layer": 1,
		"lerp_scale": true,
		"loop": false,
		"point_filtering": true,
		"rot_speed": [
			0,
			0,
			0
		],
		"scale": [
			2.3,
			2.0,
			2.0
		],
		"shuffle": false,
		"sub_layer": 3,
		"tex_repeat_num": [
			1,
			1
		],
		"texture": "textures/sfxs/2024s3/cs_s1wild_skinB_victory_glow1"
	}
}