{
	"frameeffect": {
		"blend_mode": 1,
		"cylinder_enable": true,
		"cylinder_frac_num": 32,
		"cylinder_height": 2.0,
		"cylinder_radius_down": 1.6,
		"cylinder_radius_up": 1.6,
		"delay": 0.0,
		"delay_in_loop": false,
		"depth_test": true,
		"face_camera": false,
		"fade_distance": 0.0,
		"first_person_enable": false,
		"fps": 30,
		"frame_color": [
			[
				1,
				1,
				1,
				0.0
			],
			[
				1,
				1,
				1,
				0.0
			],
			[
				1,
				1,
				1,
				0.0
			],
			[
				1.0,
				1.0,
				1.0,
				0.0
			],
			[
				1,
				1,
				1,
				0.22666666666666668
			],
			[
				1,
				1,
				1,
				0.42666666666666664
			],
			[
				1,
				1,
				1,
				0.5866666666666667
			],
			[
				1,
				1,
				1,
				0.7533333333333333
			],
			[
				1,
				1,
				1,
				0.6133333333333333
			],
			[
				1,
				1,
				1,
				0.42000000000000004
			],
			[
				1,
				1,
				1,
				0.2866666666666666
			],
			[
				1,
				1,
				1,
				0.21999999999999997
			],
			[
				1,
				1,
				1,
				0.09999999999999998
			],
			[
				1,
				1,
				1,
				0.0
			],
			[
				1,
				1,
				1,
				0.0
			],
			[
				1,
				1,
				1,
				0.0
			],
			[
				1,
				1,
				1,
				0.0
			]
		],
		"layer": 1,
		"lerp_scale": true,
		"loop": false,
		"point_filtering": true,
		"rot_speed": [
			0,
			0,
			0
		],
		"scale": [
			0.4,
			1.0,
			0.4
		],
		"shuffle": false,
		"sub_layer": 0,
		"tex_repeat_num": [
			1,
			1
		],
		"texture": "textures/sfxs/2024s3/cs_s1desert_skin_victory_pz"
	}
}