{
	"frameeffect": {
		"blend_mode": 2,
		"cylinder_enable": false,
		"delay": 0.0,
		"delay_in_loop": false,
		"depth_test": true,
		"face_camera": false,
		"fade_distance": 0.0,
		"first_person_enable": false,
		"fps": 16,
		"frame_color": [
			[
				1,
				1,
				1,
				0.30000000000000004
			],
			[
				1,
				1,
				1,
				0.30000000000000004
			],
			[
				1,
				1,
				1,
				0.30666666666666664
			],
			[
				1,
				1,
				1,
				0.30000000000000004
			],
			[
				1,
				1,
				1,
				0.30000000000000004
			],
			[
				1,
				1,
				1,
				0.2866666666666666
			],
			[
				1,
				1,
				1,
				0.2866666666666666
			],
			[
				1,
				1,
				1,
				0.2866666666666666
			],
			[
				1,
				1,
				1,
				0.28
			],
			[
				1,
				1,
				1,
				0.28
			],
			[
				1,
				1,
				1,
				0.2733333333333333
			],
			[
				1,
				1,
				1,
				0.2733333333333333
			],
			[
				1,
				1,
				1,
				0.2733333333333333
			],
			[
				1,
				1,
				1,
				0.28
			],
			[
				1,
				1,
				1,
				0.28
			],
			[
				1,
				1,
				1,
				0.2866666666666666
			],
			[
				1,
				1,
				1,
				0.30000000000000004
			]
		],
		"layer": 1,
		"lerp_scale": true,
		"loop": true,
		"point_filtering": true,
		"rot_speed": [
			0,
			0,
			0
		],
		"scale": [
			0.29,
			0.28,
			0.3
		],
		"shuffle": false,
		"sub_layer": 0,
		"tex_repeat_num": [
			1,
			1
		],
		"texture": "textures/sfxs/2024s3/cs_s1dark_skin_jiao"
	}
}