{
  "frameeffect": {
    "blend_mode": 1,
    "cylinder_enable": false,
    "delay": 14,
    "delay_in_loop": false,
    "depth_test": true,
    "face_camera": false,
    "fade_distance": 0,
    "first_person_enable": false,
    "fps": 16,
    "frame_color": [
      [
        1,
        1,
        1,
        1
      ],
      [
        1,
        1,
        1,
        0.9
      ],
      [
        1,
        1,
        1,
        0.8200000000000001
      ],
      [
        1,
        1,
        1,
        0.72
      ],
      [
        1,
        1,
        1,
        0.6533333333333333
      ],
      [
        1,
        1,
        1,
        0.5800000000000001
      ],
      [
        1,
        1,
        1,
        0.52
      ],
      [
        1,
        1,
        1,
        0.44666666666666666
      ],
      [
        1,
        1,
        1,
        0.3733333333333333
      ],
      [
        1,
        1,
        1,
        0.30000000000000004
      ],
      [
        1,
        1,
        1,
        0.21333333333333337
      ],
      [
        1,
        1,
        1,
        0.1266666666666667
      ],
      [
        1,
        1,
        1,
        0.053333333333333344
      ],
      [
        1,
        1,
        1,
        0
      ],
      [
        1,
        1,
        1,
        0
      ],
      [
        1,
        1,
        1,
        0
      ],
      [
        1,
        1,
        1,
        0
      ]
    ],
    "layer": 2,
    "lerp_scale": true,
    "loop": false,
    "point_filtering": true,
    "rot_speed": [
      0,
      0,
      0
    ],
    "scale": [
      0.25,
      0.25,
      1
    ],
    "shuffle": false,
    "sub_layer": 0,
    "tex_repeat_num": [
      1,
      1
    ],
    "texture": "textures/sfxs/2024s3/cs_s1desert_skinB_chuchang_fire"
  }
}
