{
  "frameeffect": {
    "blend_mode": 2,
    "cylinder_enable": false,
    "delay": 0,
    "delay_in_loop": true,
    "depth_test": true,
    "face_camera": false,
    "fade_distance": 0,
    "first_person_enable": false,
    "fps": 10,
    "frame_color": [
      [
        1,
        1,
        1,
        0.36
      ],
      [
        1,
        1,
        1,
        0.6
      ],
      [
        1,
        1,
        1,
        0.7
      ],
      [
        1,
        1,
        1,
        0.6933333333333334
      ],
      [
        1,
        1,
        1,
        0.6733333333333333
      ],
      [
        1,
        1,
        1,
        0.64
      ],
      [
        1,
        1,
        1,
        0.6599999999999999
      ],
      [
        1,
        1,
        1,
        0.6333333333333333
      ],
      [
        1,
        1,
        1,
        0.6599999999999999
      ],
      [
        1,
        1,
        1,
        0.6599999999999999
      ],
      [
        1,
        1,
        1,
        0.6533333333333333
      ],
      [
        1,
        1,
        1,
        0.6466666666666667
      ],
      [
        1,
        1,
        1,
        0.6533333333333333
      ],
      [
        1,
        1,
        1,
        0.64
      ],
      [
        1,
        1,
        1,
        0.64
      ],
      [
        1,
        1,
        1,
        0.6333333333333333
      ],
      [
        1,
        1,
        1,
        0.36
      ]
    ],
    "layer": 1,
    "lerp_scale": true,
    "loop": true,
    "point_filtering": true,
    "rot_speed": [
      0,
      0,
      0
    ],
    "scale": [
      0.72,
      0.68,
      1
    ],
    "shuffle": false,
    "sub_layer": 1,
    "tex_repeat_num": [
      1,
      1
    ],
    "texture": "textures/sfxs/2024s3/cs_s1thunder_weapon_ss2"
  }
}
