{
  "frameeffect": {
    "blend_mode": 1,
    "cylinder_enable": true,
    "cylinder_frac_num": 32,
    "cylinder_height": 1,
    "cylinder_radius_down": 0.94,
    "cylinder_radius_up": 0.94,
    "delay": 0,
    "delay_in_loop": false,
    "depth_test": true,
    "face_camera": false,
    "fade_distance": 0,
    "first_person_enable": false,
    "fps": 12,
    "frame_color": [
      [
        1,
        1,
        1,
        0.16000000000000003
      ],
      [
        1,
        1,
        1,
        0.2733333333333333
      ],
      [
        1,
        1,
        1,
        0.38
      ],
      [
        1,
        1,
        1,
        0.43333333333333335
      ],
      [
        1,
        1,
        1,
        0.5133333333333333
      ],
      [
        1,
        1,
        1,
        0.5666666666666667
      ],
      [
        0.5607843137254902,
        0.8196078431372549,
        0,
        0.5866666666666667
      ],
      [
        0,
        1,
        0.8509803921568627,
        0.6
      ],
      [
        0.5372549019607843,
        0.8705882352941177,
        0,
        0.5800000000000001
      ],
      [
        1,
        0.4666666666666667,
        0,
        0.54
      ],
      [
        1,
        1,
        1,
        0.4933333333333333
      ],
      [
        1,
        1,
        1,
        0.41333333333333333
      ],
      [
        1,
        1,
        1,
        0.3666666666666667
      ],
      [
        1,
        1,
        1,
        0.33999999999999997
      ],
      [
        1,
        1,
        1,
        0.30666666666666664
      ],
      [
        1,
        1,
        1,
        0.26
      ],
      [
        1,
        1,
        1,
        0.16000000000000003
      ]
    ],
    "layer": 1,
    "lerp_scale": true,
    "loop": true,
    "point_filtering": true,
    "rot_speed": [
      0,
      0,
      0
    ],
    "scale": [
      0.8,
      0.5,
      0.8
    ],
    "shuffle": false,
    "sub_layer": 0,
    "tex_repeat_num": [
      2,
      1
    ],
    "texture": "textures/sfxs/2024s3/IP_doraemon_S1skinA_alpha"
  }
}
