{
	"frameeffect": {
		"blend_mode": 2,
		"cylinder_enable": true,
		"cylinder_frac_num": 32,
		"cylinder_height": 1.0,
		"cylinder_radius_down": 1.0,
		"cylinder_radius_up": 1.0,
		"delay": 0.0,
		"delay_in_loop": false,
		"depth_test": true,
		"face_camera": false,
		"fade_distance": 0.0,
		"first_person_enable": false,
		"fps": 12,
		"frame_color": [
			[
				1.0,
				0.6352941176470588,
				0.0,
				0.26
			],
			[
				1.0,
				0.9333333333333333,
				0.0,
				0.3733333333333333
			],
			[
				1.0,
				1.0,
				0.0,
				0.48
			],
			[
				0.0,
				1.0,
				0.8862745098039215,
				0.45333333333333337
			],
			[
				1.0,
				0.9176470588235294,
				0.0,
				0.3866666666666667
			],
			[
				1,
				1,
				1,
				0.30000000000000004
			],
			[
				1,
				1,
				1,
				0.2666666666666667
			],
			[
				1,
				1,
				1,
				0.2533333333333333
			],
			[
				1,
				1,
				1,
				0.30000000000000004
			],
			[
				1.0,
				1.0,
				0.0,
				0.3733333333333333
			],
			[
				0.4549019607843137,
				1.0,
				1.0,
				0.36
			],
			[
				1.0,
				0.7490196078431373,
				0.0,
				0.30666666666666664
			],
			[
				1,
				1,
				1,
				0.36
			],
			[
				1,
				1,
				1,
				0.31999999999999995
			],
			[
				1.0,
				1.0,
				0.2549019607843137,
				0.42000000000000004
			],
			[
				0.9882352941176471,
				1.0,
				0.25098039215686274,
				0.3866666666666667
			],
			[
				1.0,
				0.6352941176470588,
				0.0,
				0.26
			]
		],
		"layer": 1,
		"lerp_scale": true,
		"loop": true,
		"point_filtering": true,
		"rot_speed": [
			0.0,
			0.0,
			0.0
		],
		"scale": [
			0.8,
			0.4,
			0.8
		],
		"shuffle": false,
		"sub_layer": 0,
		"tex_repeat_num": [
			2,
			1
		],
		"texture": "textures/sfxs/2024s3/IP_doraemon_S1skinA_xian"
	}
}