{
  "frameeffect": {
    "blend_mode": 2,
    "cylinder_enable": false,
    "delay": 0,
    "delay_in_loop": false,
    "depth_test": true,
    "face_camera": false,
    "fade_distance": 0,
    "first_person_enable": false,
    "fps": 16,
    "frame_color": [
      [
        1,
        0,
        1,
        0.8533333333333333
      ],
      [
        0.7490196078431373,
        0,
        1,
        0.86
      ],
      [
        0.5843137254901961,
        0,
        1,
        0.8933333333333333
      ],
      [
        0.41568627450980394,
        0,
        1,
        0.8733333333333333
      ],
      [
        0,
        0,
        1,
        0.9
      ],
      [
        0,
        0.23137254901960785,
        1,
        0.9266666666666666
      ],
      [
        0,
        0.4823529411764706,
        1,
        0.9133333333333333
      ],
      [
        0,
        0.615686274509804,
        1,
        0.9066666666666666
      ],
      [
        0,
        0.4,
        1,
        0.9066666666666666
      ],
      [
        0,
        0.2980392156862745,
        1,
        0.9133333333333333
      ],
      [
        0,
        0.06666666666666667,
        1,
        0.9133333333333333
      ],
      [
        0.16470588235294117,
        0,
        1,
        0.9133333333333333
      ],
      [
        0.11372549019607843,
        0,
        1,
        0.8733333333333333
      ],
      [
        0.41568627450980394,
        0,
        1,
        0.88
      ],
      [
        0.5843137254901961,
        0,
        1,
        0.8200000000000001
      ],
      [
        0.7843137254901961,
        0,
        1,
        0.7866666666666666
      ],
      [
        1,
        0,
        1,
        0.8533333333333333
      ]
    ],
    "layer": 1,
    "lerp_scale": true,
    "loop": true,
    "point_filtering": true,
    "rot_speed": [
      0,
      0,
      0
    ],
    "scale": [
      0.1,
      0.11,
      0.11
    ],
    "shuffle": false,
    "sub_layer": 0,
    "tex_repeat_num": [
      1,
      1
    ],
    "texture": "textures/sfxs/2024s3/ss_s1wild_weaponD_glowmid1"
  }
}
