{
	"frameeffect": {
		"blend_mode": 2,
		"cylinder_enable": false,
		"delay": 0.7,
		"delay_in_loop": true,
		"depth_test": true,
		"face_camera": false,
		"fade_distance": 0.0,
		"first_person_enable": false,
		"fps": 12,
		"frame_color": [
			[
				1.0,
				0.8313725490196079,
				0.9490196078431372,
				0.07999999999999996
			],
			[
				1.0,
				0.8313725490196079,
				0.9490196078431372,
				0.18000000000000005
			],
			[
				1.0,
				0.8313725490196079,
				0.9490196078431372,
				0.3466666666666667
			],
			[
				1.0,
				0.8313725490196079,
				0.9490196078431372,
				0.56
			],
			[
				1.0,
				0.8313725490196079,
				0.9490196078431372,
				0.7266666666666667
			],
			[
				1.0,
				0.8313725490196079,
				0.9490196078431372,
				0.8666666666666667
			],
			[
				1.0,
				0.8313725490196079,
				0.9490196078431372,
				1.0
			],
			[
				1.0,
				0.8313725490196079,
				0.9490196078431372,
				1
			],
			[
				0.5803921568627451,
				0.8745098039215686,
				1.0,
				0.94
			],
			[
				0.5803921568627451,
				0.8745098039215686,
				1.0,
				0.7866666666666666
			],
			[
				0.5803921568627451,
				0.8745098039215686,
				1.0,
				0.6666666666666667
			],
			[
				0.5803921568627451,
				0.8745098039215686,
				1.0,
				0.5933333333333333
			],
			[
				0.5803921568627451,
				0.8745098039215686,
				1.0,
				0.5133333333333333
			],
			[
				0.5803921568627451,
				0.8745098039215686,
				1.0,
				0.4
			],
			[
				0.5803921568627451,
				0.8745098039215686,
				1.0,
				0.2733333333333333
			],
			[
				1.0,
				0.8313725490196079,
				0.9490196078431372,
				0.18666666666666665
			],
			[
				1.0,
				0.8313725490196079,
				0.9490196078431372,
				0.07999999999999996
			]
		],
		"layer": 1,
		"lerp_scale": true,
		"loop": true,
		"point_filtering": false,
		"rot_speed": [
			0.0,
			0.0,
			30.0
		],
		"scale": [
			0.83,
			0.83,
			1.0
		],
		"shuffle": false,
		"sub_layer": 0,
		"tex_repeat_num": [
			1,
			1
		],
		"texture": "textures/sfxs/2024s3/ss_s1idol_skin_h3"
	}
}