{
  "frameeffect": {
    "blend_mode": 2,
    "cylinder_enable": true,
    "cylinder_frac_num": 7,
    "cylinder_height": 0.4,
    "cylinder_radius_down": 0.5,
    "cylinder_radius_up": 0.8,
    "delay": 0.3,
    "delay_in_loop": true,
    "depth_test": true,
    "face_camera": false,
    "fade_distance": 0,
    "first_person_enable": false,
    "fps": 16,
    "frame_color": [
      [
        0.984313725490196,
        1,
        0,
        1
      ],
      [
        1,
        0.8352941176470589,
        0,
        1
      ],
      [
        1,
        0.7019607843137254,
        0,
        1
      ],
      [
        1,
        0.5490196078431373,
        0,
        1
      ],
      [
        1,
        1,
        1,
        1
      ],
      [
        1,
        1,
        1,
        1
      ],
      [
        0,
        1,
        0.36470588235294116,
        1
      ],
      [
        0.9176470588235294,
        1,
        0,
        1
      ],
      [
        0.2196078431372549,
        1,
        0.6745098039215687,
        1
      ],
      [
        1,
        1,
        1,
        1
      ],
      [
        0.984313725490196,
        1,
        0,
        1
      ],
      [
        1,
        0.7176470588235294,
        0,
        1
      ],
      [
        1,
        0.8,
        0,
        1
      ],
      [
        0.7411764705882353,
        0.28627450980392155,
        1,
        1
      ],
      [
        0.8509803921568627,
        1,
        0.2980392156862745,
        1
      ],
      [
        0.00784313725490196,
        0.1568627450980392,
        1,
        1
      ],
      [
        0.984313725490196,
        1,
        0,
        1
      ]
    ],
    "layer": 15,
    "lerp_scale": true,
    "loop": true,
    "point_filtering": false,
    "rot_speed": [
      0,
      -50,
      0.1
    ],
    "scale": [
      1,
      1,
      1
    ],
    "shuffle": false,
    "sub_layer": 0,
    "tex_repeat_num": [
      2,
      1
    ],
    "texture": "textures/sfxs/2024s3/ss_s1thunder_fz_sd"
  }
}
