{
	"frameeffect": {
		"blend_mode": 2,
		"cylinder_enable": false,
		"delay": 0.0,
		"delay_in_loop": false,
		"depth_test": true,
		"face_camera": false,
		"fade_distance": 0.0,
		"first_person_enable": false,
		"fps": 16,
		"frame_color": [
			[
				1.0,
				0.3333333333333333,
				0.4980392156862745,
				1
			],
			[
				1.0,
				0.3333333333333333,
				0.4980392156862745,
				1
			],
			[
				1.0,
				0.3333333333333333,
				0.4980392156862745,
				1.0
			],
			[
				1.0,
				0.3333333333333333,
				0.4980392156862745,
				1
			],
			[
				1.0,
				0.3333333333333333,
				0.4980392156862745,
				1
			],
			[
				1.0,
				0.3333333333333333,
				0.4980392156862745,
				1
			],
			[
				1.0,
				0.3333333333333333,
				0.4980392156862745,
				1
			],
			[
				1.0,
				0.3333333333333333,
				0.4980392156862745,
				1
			],
			[
				1.0,
				0.3333333333333333,
				0.4980392156862745,
				1
			],
			[
				1.0,
				0.3333333333333333,
				0.4980392156862745,
				1
			],
			[
				1.0,
				0.3333333333333333,
				0.4980392156862745,
				1
			],
			[
				1.0,
				0.3333333333333333,
				0.4980392156862745,
				1
			],
			[
				1.0,
				0.3333333333333333,
				0.4980392156862745,
				1
			],
			[
				1.0,
				0.3333333333333333,
				0.4980392156862745,
				1
			],
			[
				1.0,
				0.3333333333333333,
				0.4980392156862745,
				1
			],
			[
				1.0,
				0.3333333333333333,
				0.4980392156862745,
				1
			],
			[
				1.0,
				0.3333333333333333,
				0.4980392156862745,
				1
			]
		],
		"layer": 1,
		"lerp_scale": true,
		"loop": true,
		"point_filtering": true,
		"rot_speed": [
			0,
			0,
			0
		],
		"scale": [
			0.15,
			0.15,
			1.0
		],
		"shuffle": false,
		"sub_layer": 0,
		"tex_repeat_num": [
			1,
			1
		],
		"texture": "textures/sfxs/2024s3/ss_s1midautumn_skin_zy"
	}
}