{
  "frameeffect": {
    "blend_mode": 2,
    "cylinder_enable": false,
    "delay": 0,
    "delay_in_loop": false,
    "depth_test": true,
    "face_camera": false,
    "fade_distance": 0,
    "first_person_enable": false,
    "fps": 16,
    "frame_color": [
      [
        1,
        1,
        1,
        0.8066666666666666
      ],
      [
        1,
        1,
        1,
        0.8066666666666666
      ],
      [
        1,
        1,
        1,
        0.8
      ],
      [
        1,
        1,
        1,
        0.7866666666666666
      ],
      [
        1,
        1,
        1,
        0.8
      ],
      [
        1,
        1,
        1,
        0.7933333333333333
      ],
      [
        1,
        1,
        1,
        0.8
      ],
      [
        1,
        1,
        1,
        0.8066666666666666
      ],
      [
        1,
        1,
        1,
        0.8133333333333334
      ],
      [
        1,
        1,
        1,
        0.7933333333333333
      ],
      [
        1,
        1,
        1,
        0.7933333333333333
      ],
      [
        1,
        1,
        1,
        0.8
      ],
      [
        1,
        1,
        1,
        0.7933333333333333
      ],
      [
        1,
        1,
        1,
        0.8
      ],
      [
        1,
        1,
        1,
        0.7933333333333333
      ],
      [
        1,
        1,
        1,
        0.8
      ],
      [
        1,
        1,
        1,
        0.8066666666666666
      ]
    ],
    "layer": 1,
    "lerp_scale": true,
    "loop": true,
    "point_filtering": true,
    "rot_speed": [
      0,
      0,
      0
    ],
    "scale": [
      0.2,
      0.2,
      1
    ],
    "shuffle": false,
    "sub_layer": 3,
    "tex_repeat_num": [
      1,
      1
    ],
    "texture": "textures/sfxs/2024s3/ss_s1dark_sheild_tuang02"
  }
}
