{
  "frameeffect": {
    "blend_mode": 2,
    "cylinder_enable": true,
    "cylinder_frac_num": 8,
    "cylinder_height": 0.35,
    "cylinder_radius_down": 0.45,
    "cylinder_radius_up": 0.6,
    "delay": 0,
    "delay_in_loop": false,
    "depth_test": true,
    "face_camera": false,
    "fade_distance": 0,
    "first_person_enable": false,
    "fps": 16,
    "frame_color": [
      [
        0.8705882352941177,
        0.8313725490196079,
        1,
        1
      ],
      [
        0.8823529411764706,
        1,
        0.6901960784313725,
        1
      ],
      [
        1,
        0.9607843137254902,
        0.48627450980392156,
        1
      ],
      [
        0.8235294117647058,
        0.8941176470588236,
        1,
        1
      ],
      [
        1,
        1,
        1,
        1
      ],
      [
        1,
        1,
        1,
        1
      ],
      [
        0,
        1,
        0.36470588235294116,
        1
      ],
      [
        0.9176470588235294,
        1,
        0,
        1
      ],
      [
        0.2196078431372549,
        1,
        0.6745098039215687,
        1
      ],
      [
        1,
        1,
        1,
        1
      ],
      [
        0.984313725490196,
        1,
        0,
        1
      ],
      [
        0.9568627450980393,
        1,
        0.6627450980392157,
        1
      ],
      [
        0.9647058823529412,
        1,
        0.7176470588235294,
        1
      ],
      [
        0.7411764705882353,
        0.28627450980392155,
        1,
        1
      ],
      [
        0.8509803921568627,
        1,
        0.2980392156862745,
        1
      ],
      [
        0.00784313725490196,
        0.1568627450980392,
        1,
        1
      ],
      [
        0.8705882352941177,
        0.8313725490196079,
        1,
        1
      ]
    ],
    "layer": 3,
    "lerp_scale": true,
    "loop": true,
    "point_filtering": false,
    "rot_speed": [
      0,
      0,
      0
    ],
    "scale": [
      1,
      1,
      1
    ],
    "shuffle": false,
    "sub_layer": 0,
    "tex_repeat_num": [
      2,
      1
    ],
    "texture": "textures/sfxs/2024s3/ss_s1thunder_fz_sd_dp"
  }
}
