{"animation":{"fields":["time","attr"],"times":[0.0,0.033333,0.066666,0.1,0.133333,0.166666,0.2,0.233333,0.266666,0.3,0.333333,0.366666,0.4,0.433333,0.466666,0.5,0.533333,0.566666,0.6,0.633333,0.666666,0.7,0.733333,0.766666,0.8,0.833333,0.866666,0.9,0.933333,0.966666,1.0,1.03333,1.06667,1.1,1.13333,1.16667,1.2,1.23333,1.26667,1.3,1.33333,1.36667,1.4,1.43333,1.46667,1.5,1.53333,1.56667,1.6,1.63333,1.66667,1.7,1.73333,1.76667,1.8,1.83333,1.86667,1.9,1.93333,1.96667,2.0,2.03333,2.06667,2.1,2.13333,2.16667,2.2,2.23333,2.26667,2.3,2.33333,2.36667,2.4,2.43333,2.46667,2.5,2.53333,2.56667,2.6,2.63333,2.66667,2.7,2.73333,2.76667,2.8,2.83333,2.86667,2.9,2.93333,2.96667,3.0],"poses":[3.52249,-1.84299,-4.53688,2.28209,2.17832,-4.6048,2.28209,-2.04944,-4.56231,3.65199,2.16059,-4.61767,-0.007003,-1.2337,-0.0,0.032171,1.19461,1e-06,3.65199,-1.98743,-4.61733,-0.029417,-1.02074,-0.0,-0.037626,-1.24891,-0.0,3.521,2.04732,-4.5372,4.1138,1.91693,-4.55495,4.10259,-1.73019,-4.55465,-0.006399,0.99856,9.53674e-07,0.002799,1.25223,9.53674e-07,0.256488,0.752287,4e-06,0.249567,-0.769584,1.9e-05,-0.248226,-0.721906,-2e-06,-0.208711,0.782848,-2e-05,2.28223,2.17832,-4.6048,2.28231,2.17832,-4.6048,2.2824,2.17832,-4.6048,2.28245,2.17832,-4.6048,2.2825,2.17832,-4.6048,2.28255,2.17832,-4.6048,2.28265,2.17832,-4.6048,2.2827,2.17832,-4.6048,2.28275,2.17832,-4.6048,2.28289,2.17832,-4.6048,2.28293,2.17832,-4.6048,2.28223,-2.04944,-4.56231,2.28231,-2.04944,-4.56231,2.2824,-2.04944,-4.56231,2.28245,-2.04944,-4.56231,2.2825,-2.04944,-4.56231,2.28255,-2.04944,-4.56231,2.28265,-2.04944,-4.56231,2.2827,-2.04944,-4.56231,2.28275,-2.04944,-4.56231,2.28288,-2.04944,-4.56231,2.28293,-2.04944,-4.56231,3.65197,2.16059,-4.61767,3.65189,2.16059,-4.61767,3.65177,2.16059,-4.61767,3.65161,2.16059,-4.61767,3.65141,2.16059,-4.61767,3.65117,2.16059,-4.61767,3.6509,2.16059,-4.61767,3.6506,2.16059,-4.61767,3.65028,2.16059,-4.61767,3.64994,2.16059,-4.61767,3.64958,2.16059,-4.61767,3.6492,2.16059,-4.61767,3.64882,2.16059,-4.61767,3.64843,2.16059,-4.61767,3.64803,2.16059,-4.61767,3.64763,2.16059,-4.61767,3.64724,2.16059,-4.61767,3.64685,2.16059,-4.61767,3.64648,2.16059,-4.61767,3.64612,2.16059,-4.61767,3.64578,2.16059,-4.61767,3.64545,2.16059,-4.61767,3.64516,2.16059,-4.61767,3.64489,2.16059,-4.61767,3.64465,2.16059,-4.61767,3.64445,2.16059,-4.61767,3.64428,2.16059,-4.61767,3.64417,2.16059,-4.61767,3.63992,2.16059,-4.61767,0.005599,-0.596709,4.76837e-07,-1e-06,-0.974399,-0.0,0.035148,0.95771,9.53674e-07,0.031267,0.574368,4.76837e-07,3.65197,-1.98743,-4.61733,3.65189,-1.98743,-4.61733,3.65177,-1.98743,-4.61733,3.65161,-1.98743,-4.61733,3.6514,-1.98743,-4.61733,3.65117,-1.98743,-4.61733,3.6509,-1.98743,-4.61733,3.6506,-1.98743,-4.61733,3.65028,-1.98743,-4.61733,3.64994,-1.98743,-4.61733,3.64958,-1.98743,-4.61733,3.6492,-1.98743,-4.61733,3.64881,-1.98743,-4.61733,3.64842,-1.98743,-4.61733,3.64803,-1.98743,-4.61733,3.64763,-1.98743,-4.61733,3.64724,-1.98743,-4.61733,3.64685,-1.98743,-4.61733,3.64648,-1.98743,-4.61733,3.64612,-1.98743,-4.61733,3.64577,-1.98743,-4.61733,3.64545,-1.98743,-4.61733,3.64515,-1.98743,-4.61733,3.64489,-1.98743,-4.61733,3.64465,-1.98743,-4.61733,3.64445,-1.98743,-4.61733,3.64428,-1.98743,-4.61733,3.64416,-1.98743,-4.61733,3.63991,-1.98743,-4.61733,-0.00859,-0.623729,-0.0,3.52093,2.04732,-4.5372,3.52088,2.04732,-4.5372,3.52083,2.04732,-4.5372,3.52076,2.04732,-4.5372,3.52068,2.04732,-4.5372,3.5206,2.04732,-4.5372,3.5205,2.04732,-4.5372,3.52041,2.04732,-4.5372,3.52031,2.04732,-4.5372,3.5202,2.04732,-4.5372,3.52009,2.04732,-4.5372,3.51998,2.04732,-4.5372,3.51986,2.04732,-4.5372,3.51975,2.04732,-4.5372,3.51964,2.04732,-4.5372,3.51953,2.04732,-4.5372,3.51942,2.04732,-4.5372,3.51932,2.04732,-4.5372,3.51922,2.04732,-4.5372,3.51913,2.04732,-4.5372,3.51904,2.04732,-4.5372,3.51897,2.04732,-4.5372,3.5189,2.04732,-4.5372,3.51884,2.04732,-4.5372,3.52238,-1.84299,-4.53688,3.52232,-1.84299,-4.53688,3.52226,-1.84299,-4.53688,3.52218,-1.84299,-4.53688,3.52209,-1.84299,-4.53688,3.522,-1.84299,-4.53688,3.5219,-1.84299,-4.53688,3.5218,-1.84299,-4.53688,3.52169,-1.84299,-4.53688,3.52158,-1.84299,-4.53688,3.52147,-1.84299,-4.53688,3.52136,-1.84299,-4.53688,3.52124,-1.84299,-4.53688,3.52113,-1.84299,-4.53688,3.52102,-1.84299,-4.53688,3.52092,-1.84299,-4.53688,3.52081,-1.84299,-4.53688,3.52072,-1.84299,-4.53688,3.52062,-1.84299,-4.53688,3.52054,-1.84299,-4.53688,3.52046,-1.84299,-4.53688,3.52039,-1.84299,-4.53688,4.08117,1.91693,-4.55495,4.00339,1.91693,-4.55495,3.91054,1.91693,-4.55495,3.83275,1.91693,-4.55495,3.80013,1.91693,-4.55495,3.828,1.91693,-4.55495,3.89988,1.91693,-4.55495,3.99816,1.91693,-4.55495,4.10525,1.91693,-4.55495,4.20353,1.91693,-4.55495,4.27541,1.91693,-4.55495,4.30328,1.91693,-4.55495,4.29348,1.91693,-4.55495,4.26766,1.91693,-4.55495,4.23114,1.91693,-4.55495,4.18929,1.91693,-4.55495,4.14743,1.91693,-4.55495,4.11092,1.91693,-4.55495,4.08509,1.91693,-4.55495,4.07529,1.91693,-4.55495,4.07637,1.91693,-4.55495,4.0793,1.91693,-4.55495,4.08361,1.91693,-4.55495,4.08885,1.91693,-4.55495,4.09454,1.91693,-4.55495,4.10024,1.91693,-4.55495,4.10548,1.91693,-4.55495,4.10979,1.91693,-4.55495,4.11272,1.91693,-4.55495,4.06997,-1.73019,-4.55465,3.99218,-1.73019,-4.55465,3.89934,-1.73019,-4.55465,3.82155,-1.73019,-4.55465,3.78892,-1.73019,-4.55465,3.8168,-1.73019,-4.55465,3.88868,-1.73019,-4.55465,3.98696,-1.73019,-4.55465,4.09404,-1.73019,-4.55465,4.19233,-1.73019,-4.55465,4.2642,-1.73019,-4.55465,4.29208,-1.73019,-4.55465,4.28228,-1.73019,-4.55465,4.25645,-1.73019,-4.55465,4.21994,-1.73019,-4.55465,4.17808,-1.73019,-4.55465,4.13623,-1.73019,-4.55465,4.09971,-1.73019,-4.55465,4.07389,-1.73019,-4.55465,4.06409,-1.73019,-4.55465,4.06517,-1.73019,-4.55465,4.06809,-1.73019,-4.55465,4.07241,-1.73019,-4.55465,4.07764,-1.73019,-4.55465,4.08334,-1.73019,-4.55465,4.08904,-1.73019,-4.55465,4.09428,-1.73019,-4.55465,4.09859,-1.73019,-4.55465,4.10152,-1.73019,-4.55465,2.28217,2.17832,-4.6048,2.2822,2.17832,-4.6048,2.28236,2.17832,-4.6048,2.28285,2.17832,-4.6048,2.283,2.17832,-4.6048,2.28303,2.17832,-4.6048,2.28306,2.17832,-4.6048,2.28297,2.17832,-4.6048,2.2828,2.17832,-4.6048,2.2826,2.17832,-4.6048,2.28227,2.17832,-4.6048,2.28214,2.17832,-4.6048,2.28212,2.17832,-4.6048,2.28211,2.17832,-4.6048,2.29846,2.17832,-4.6048,2.33748,2.17832,-4.6048,2.38405,2.17832,-4.6048,2.42307,2.17832,-4.6048,2.43943,2.17832,-4.6048,2.43072,2.17832,-4.6048,2.40824,2.17832,-4.6048,2.37751,2.17832,-4.6048,2.34402,2.17832,-4.6048,2.31329,2.17832,-4.6048,2.29081,2.17832,-4.6048,2.28217,-2.04944,-4.56231,2.2822,-2.04944,-4.56231,2.28235,-2.04944,-4.56231,2.28284,-2.04944,-4.56231,2.283,-2.04944,-4.56231,2.28303,-2.04944,-4.56231,2.28305,-2.04944,-4.56231,2.28296,-2.04944,-4.56231,2.2828,-2.04944,-4.56231,2.2826,-2.04944,-4.56231,2.28227,-2.04944,-4.56231,2.28214,-2.04944,-4.56231,2.28212,-2.04944,-4.56231,2.28211,-2.04944,-4.56231,2.29846,-2.04944,-4.56231,2.33747,-2.04944,-4.56231,2.38405,-2.04944,-4.56231,2.42307,-2.04944,-4.56231,2.43943,-2.04944,-4.56231,2.43071,-2.04944,-4.56231,2.40824,-2.04944,-4.56231,2.3775,-2.04944,-4.56231,2.34402,-2.04944,-4.56231,2.31329,-2.04944,-4.56231,2.29081,-2.04944,-4.56231,3.64409,2.16059,-4.61767,3.57199,2.16059,-4.61766,3.38121,2.16059,-4.61767,3.15351,2.16059,-4.61766,2.96274,2.16059,-4.61767,2.88273,2.16059,-4.61767,2.91798,2.16059,-4.61767,3.00652,2.16059,-4.61767,3.12254,2.16059,-4.61767,3.24021,2.16059,-4.61767,3.39581,2.16059,-4.61767,3.56966,2.16059,-4.61767,3.65096,2.16059,-4.61767,3.64822,2.16059,-4.61767,3.64435,2.16059,-4.61767,3.63548,2.16059,-4.61767,3.63161,2.16059,-4.61767,3.62888,2.16059,-4.61767,3.62784,2.16059,-4.61767,3.62852,2.16059,-4.61767,3.63035,2.16059,-4.61767,3.63306,2.16059,-4.61767,3.63634,2.16059,-4.61767,3.64349,2.16059,-4.61767,3.64678,2.16059,-4.61767,3.64948,2.16059,-4.61767,3.65132,2.16059,-4.61767,0.005193,0.99856,9.53674e-07,0.032838,0.99856,9.53674e-07,0.065835,0.99856,4.76837e-07,0.093482,0.99856,9.53674e-07,0.105075,0.99856,9.53674e-07,0.104955,0.99856,9.53674e-07,