{"animation":{"fields":["time","attr"],"times":[0.0,1.0,1.5,2.0,2.16667,2.26667,2.3,2.33333,2.4,2.63333,2.66667,3.0],"poses":[4.19247,1.78618,-4.55493,4.18119,-1.55605,-4.55466,2.28209,2.17832,-4.6048,2.28209,-2.04944,-4.56231,3.65199,2.16059,-4.61767,-0.007001,-1.2337,4.76837e-07,0.032169,1.19461,9.53674e-07,3.65199,-1.98743,-4.61733,-0.029418,-1.02074,-0.0,-0.037626,-1.24891,-0.0,3.521,2.04732,-4.5372,3.52249,-1.84299,-4.53688,-0.006399,0.99856,9.53674e-07,0.002799,1.25223,9.53674e-07,0.495052,0.749378,3e-06,0.4882,-0.772363,1.9e-05,3.8788,1.78618,-4.55493,-0.500949,-0.749306,-3e-06,-0.460148,0.783311,-2e-05,3.86753,-1.55605,-4.55466,2.28311,2.17832,-4.6048,2.43943,2.17832,-4.6048,2.2831,-2.04944,-4.56231,2.43943,-2.04944,-4.56231,3.64406,2.16059,-4.61767,2.9274,2.16059,-4.61767,3.03639,2.16059,-4.61767,3.64216,2.16059,-4.61767,0.016901,0.63779,9.53674e-07,0.236751,0.99856,9.53674e-07,0.193148,0.99856,9.53674e-07,-0.017556,0.99856,9.53674e-07,0.247997,1.25223,9.53674e-07,0.204393,1.25223,9.53674e-07,-0.008357,1.25223,9.53674e-07,-1e-06,-0.974399,4.76837e-07,0.153405,-1.2337,4.76837e-07,-0.017322,-1.2337,4.76837e-07,0.19481,1.19055,9.53674e-07,0.009058,1.19519,9.53674e-07,0.035148,0.95771,4.76837e-07,3.64406,-1.98743,-4.61733,2.9274,-1.98743,-4.61733,3.07879,-1.98743,-4.61733,3.64216,-1.98743,-4.61733,-0.00859,-0.623729,-0.0,0.226673,-1.02714,-0.0,0.215327,-1.25523,-0.0,3.51873,2.04732,-4.5372,3.0628,2.04732,-4.5372,3.35297,2.04732,-4.5372,3.37581,2.04732,-4.5372,3.5288,2.04732,-4.5372,3.52022,-1.84299,-4.53688,3.0643,-1.84299,-4.53688,3.35446,-1.84299,-4.53688,3.37318,-1.84299,-4.53688,3.5303,-1.84299,-4.53688],"quats":[-3.8e-05,-2.720121e-07,-0.010124,0.999948,2.8e-05,2.8e-05,0.707106,0.707106,-1e-05,0.0,-0.011766,0.99993],"scales":[0.653636,0.860033,1.0,0.738433,0.971605,1.12973],"length":3.0,"tracks":{"Bone001":{"quat":[0,1]},"Bone004":{"pos":[0,14]},"Bone006":{"pos":[0,15],"quat":[0,2]},"Bone008":{"pos":[0,0,3,0,4,16,8,0,11,0]},"Bone010":{"pos":[0,17]},"Bone012":{"pos":[0,18]},"Bone014":{"pos":[0,1,3,1,4,19,8,1,11,1]},"Bone015":{"pos":[0,2,1,20,3,2,4,21,8,2,11,2]},"Bone017":{"pos":[0,3,1,22,3,3,4,23,8,3,11,3]},"Bone018":{"pos":[0,4,1,24,3,4,4,25,6,26,8,4,9,27,11,4]},"Bone020":{"pos":[0,28]},"Bone023":{"pos":[0,12,3,12,4,29,6,30,8,31,11,12]},"Bone025":{"pos":[0,13,3,13,4,32,6,33,8,34,11,13]},"Bone027":{"pos":[0,35]},"Bone029":{"pos":[0,5,3,5,4,36,6,37,8,5,11,5]},"Bone031":{"pos":[0,6,3,6,4,38,6,39,8,6,11,6]},"Bone033":{"pos":[0,40]},"Bone037":{"pos":[0,7,1,41,3,7,4,42,6,43,8,7,9,44,11,7]},"Bone039":{"pos":[0,45]},"Bone041":{"pos":[0,8,3,8,4,46,8,8,11,8]},"Bone043":{"pos":[0,9,3,9,4,47,8,9,11,9]},"Bone044":{"pos":[0,10,1,48,3,10,4,49,5,50,7,51,8,10,10,52,11,10]},"Bone046":{"pos":[0,11,1,53,3,11,4,54,5,55,7,56,8,11,10,57,11,11]},"Bone047":{"quat":[0,0,11,0],"scale":[0,0,2,1,11,0]}}},"version":"0.1.0"}