{
  "animation": {
    "fields": [
      "time",
      "attr"
    ],
    "times": [
      0,
      1,
      1.5,
      2,
      2.16667,
      2.26667,
      2.3,
      2.33333,
      2.4,
      2.63333,
      2.66667,
      3
    ],
    "poses": [
      4.11381,
      1.91693,
      -4.55494,
      4.10254,
      -1.73019,
      -4.55465,
      2.28211,
      2.17831,
      -4.6048,
      2.28211,
      -2.04944,
      -4.56232,
      3.65195,
      2.1606,
      -4.61766,
      -0.006388,
      0.998555,
      0.000001,
      0.00284,
      1.25222,
      0.000001,
      -0.006914,
      -1.2337,
      -2.203e-7,
      0.032233,
      1.19461,
      -1.69427e-7,
      3.65196,
      -1.98744,
      -4.61733,
      -0.02944,
      -1.02074,
      0,
      -0.03764,
      -1.2489,
      0,
      3.52102,
      2.04732,
      -4.5372,
      3.52246,
      -1.84299,
      -4.53689,
      0.236763,
      0.998555,
      0.000001,
      0.248037,
      1.25222,
      0.000001,
      0.005319,
      26.0596,
      0,
      0.256478,
      0.752287,
      0.000003,
      0.249625,
      -0.769588,
      0.00002,
      4.0972,
      1.91693,
      -4.55494,
      3.96342,
      1.91693,
      -4.55494,
      -0.248254,
      -0.721901,
      -0.000003,
      -0.208664,
      0.782845,
      -0.00002,
      4.08592,
      -1.73019,
      -4.55465,
      3.95214,
      -1.73019,
      -4.55465,
      2.28312,
      2.17831,
      -4.6048,
      2.43944,
      2.17831,
      -4.6048,
      2.28312,
      -2.04944,
      -4.56232,
      2.43944,
      -2.04944,
      -4.56232,
      3.64402,
      2.1606,
      -4.61766,
      2.92736,
      2.1606,
      -4.61766,
      3.03634,
      2.1606,
      -4.61766,
      3.64211,
      2.1606,
      -4.61766,
      0.016909,
      0.637786,
      0.000001,
      0.005636,
      -0.596718,
      0,
      0.000009,
      -0.974398,
      0,
      -0.000811,
      -1.2337,
      2.53209e-7,
      -0.002594,
      -1.2337,
      2.55065e-7,
      0.044129,
      1.19432,
      2.49234e-7,
      0.035222,
      0.95771,
      0,
      0.031275,
      0.574373,
      0,
      3.64403,
      -1.98744,
      -4.61733,
      2.92737,
      -1.98744,
      -4.61733,
      3.07876,
      -1.98744,
      -4.61733,
      3.64212,
      -1.98744,
      -4.61733,
      -0.008546,
      -0.623726,
      0,
      0.226651,
      -1.02714,
      0,
      0.215314,
      -1.25523,
      0,
      3.51875,
      2.04732,
      -4.5372,
      3.06283,
      2.04732,
      -4.5372,
      3.35299,
      2.04732,
      -4.5372,
      3.37583,
      2.04732,
      -4.5372,
      3.52882,
      2.04732,
      -4.5372,
      3.5202,
      -1.84299,
      -4.53689,
      3.06427,
      -1.84299,
      -4.53689,
      3.35443,
      -1.84299,
      -4.53689,
      3.37316,
      -1.84299,
      -4.53689,
      3.53027,
      -1.84299,
      -4.53689,
      0.793413,
      0.004941,
      -4.64621,
      0.793415,
      0.004941,
      -4.64621
    ],
    "quats": [
      -0.000038,
      -3.3281907e-7,
      -0.010124,
      0.999948,
      0.000028,
      0.000028,
      0.707106,
      0.707106,
      -0.00001,
      0,
      -0.011765,
      0.99993
    ],
    "scales": [
      0.653662,
      0.859992,
      0.999999,
      0.924302,
      1,
      1,
      0.761896,
      0.860454,
      0.999999
    ],
    "length": 3,
    "tracks": {
      "Bone001": {
        "pos": [
          0,
          16
        ],
        "quat": [
          0,
          1
        ]
      },
      "Bone004": {
        "pos": [
          0,
          17
        ]
      },
      "Bone006": {
        "pos": [
          0,
          18
        ],
        "quat": [
          0,
          2
        ]
      },
      "Bone008": {
        "pos": [
          0,
          0,
          1,
          19,
          3,
          0,
          4,
          20,
          8,
          0,
          11,
          0
        ]
      },
      "Bone010": {
        "pos": [
          0,
          21
        ],
        "scale": [
          0,
          1
        ]
      },
      "Bone012": {
        "pos": [
          0,
          22
        ]
      },
      "Bone014": {
        "pos": [
          0,
          1,
          1,
          23,
          3,
          1,
          4,
          24,
          8,
          1,
          11,
          1
        ]
      },
      "Bone015": {
        "pos": [
          0,
          2,
          1,
          25,
          3,
          2,
          4,
          26,
          8,
          2,
          11,
          2
        ]
      },
      "Bone017": {
        "pos": [
          0,
          3,
          1,
          27,
          3,
          3,
          4,
          28,
          8,
          3,
          11,
          3
        ]
      },
      "Bone018": {
        "pos": [
          0,
          4,
          1,
          29,
          3,
          4,
          4,
          30,
          6,
          31,
          8,
          4,
          9,
          32,
          11,
          4
        ]
      },
      "Bone020": {
        "pos": [
          0,
          33
        ]
      },
      "Bone022": {
        "pos": [
          0,
          34
        ]
      },
      "Bone023": {
        "pos": [
          0,
          5,
          3,
          5,
          4,
          14,
          6,
          14,
          8,
          5,
          11,
          5
        ]
      },
      "Bone025": {
        "pos": [
          0,
          6,
          3,
          6,
          4,
          15,
          6,
          15,
          8,
          6,
          11,
          6
        ]
      },
      "Bone027": {
        "pos": [
          0,
          35
        ]
      },
      "Bone029": {
        "pos": [
          0,
          7,
          3,
          7,
          4,
          36,
          6,
          37,
          8,
          7,
          11,
          7
        ]
      },
      "Bone031": {
        "pos": [
          0,
          8,
          3,
          8,
          4,
          38,
          8,
          8,
          11,
          8
        ]
      },
      "Bone033": {
        "pos": [
          0,
          39
        ]
      },
      "Bone035": {
        "pos": [
          0,
          40
        ]
      },
      "Bone037": {
        "pos": [
          0,
          9,
          1,
          41,
          3,
          9,
          4,
          42,
          6,
          43,
          8,
          9,
          9,
          44,
          11,
          9
        ]
      },
      "Bone039": {
        "pos": [
          0,
          45
        ]
      },
      "Bone041": {
        "pos": [
          0,
          10,
          3,
          10,
          4,
          46,
          8,
          10,
          11,
          10
        ]
      },
      "Bone043": {
        "pos": [
          0,
          11,
          3,
          11,
          4,
          47,
          8,
          11,
          11,
          11
        ]
      },
      "Bone044": {
        "pos": [
          0,
          12,
          1,
          48,
          3,
          12,
          4,
          49,
          5,
          50,
          7,
          51,
          8,
          12,
          10,
          52,
          11,
          12
        ]
      },
      "Bone046": {
        "pos": [
          0,
          13,
          1,
          53,
          3,
          13,
          4,
          54,
          5,
          55,
          7,
          56,
          8,
          13,
          10,
          57,
          11,
          13
        ]
      },
      "Bone047": {
        "pos": [
          0,
          58,
          11,
          59
        ],
        "quat": [
          0,
          0,
          11,
          0
        ],
        "scale": [
          0,
          0,
          2,
          2,
          11,
          0
        ]
      }
    }
  },
  "version": "0.1.0"
}
