{"animation":{"fields":["time","attr"],"times":[0.0,0.033333,0.066666,0.1,0.133333,0.166666,0.2,0.233333,0.266666,0.3,0.333333,0.366666,0.4,0.433333,0.466666,0.5,0.533333,0.566666,0.6,0.633333,0.666666,0.7,0.733333,0.766666,0.8,0.833333,0.866666,0.9,0.933333,0.966666,1.0],"poses":[0.0,0.0,-10.8304,11.5189,5.10135,-1.24432,11.0382,-5.08066,-1.24012,-0.003817,3.2058,-0.623838,-0.003409,-3.20902,-0.623839,10.4375,-0.012,-1.20789,0.0,0.0,-10.6116,0.0,0.0,-10.3626,0.0,0.0,-10.1287,0.0,0.0,-9.9552,0.0,0.0,-9.88729,0.0,0.0,-10.0706,0.0,0.0,-10.5077,0.0,0.0,-11.0294,0.0,0.0,-11.4665,0.0,0.0,-11.6498,0.0,0.0,-11.5935,0.0,0.0,-11.4406,0.0,0.0,-11.2152,0.0,0.0,-10.9416,0.0,0.0,-10.6439,0.0,0.0,-10.3462,0.0,0.0,-10.0726,0.0,0.0,-9.84724,0.0,0.0,-9.69435,0.0,0.0,-9.63802,0.0,0.0,-9.87016,0.0,0.0,-10.4237,0.0,0.0,-11.0844,0.0,0.0,-11.638,0.0,0.0,-11.8701,0.0,0.0,-11.7953,0.0,0.0,-11.604,0.0,0.0,-11.3461,0.0,0.0,-11.0716,11.5904,5.10501,-1.24391,11.6717,5.10918,-1.24354,11.7481,5.1131,-1.24314,11.8047,5.116,-1.24268,11.8269,5.11714,-1.2421,11.7846,5.11081,-1.24135,11.6777,5.09573,-1.24045,11.5366,5.07772,-1.23949,11.3913,5.0626,-1.23857,11.272,5.0562,-1.23775,11.1978,5.05617,-1.23726,11.1536,5.05614,-1.23703,11.1215,5.05555,-1.2369,11.0996,5.05319,-1.23684,11.0915,5.04788,-1.23665,11.1724,5.03816,-1.23635,11.3654,5.02537,-1.23602,11.5957,5.01253,-1.23563,11.7886,5.00262,-1.23515,11.8695,4.99865,-1.23453,11.6559,5.00741,-1.23357,11.1465,5.02867,-1.2323,10.5386,5.05485,-1.23102,10.0292,5.0784,-1.23003,9.81562,5.09176,-1.22963,9.93826,5.09614,-1.23069,10.2517,5.09836,-1.23339,10.6741,5.09936,-1.23704,11.1238,5.10005,-1.24092,11.0607,-5.08655,-1.24173,11.0862,-5.09216,-1.24358,11.1102,-5.09791,-1.24531,11.128,-5.10425,-1.24659,11.135,-5.11162,-1.24709,11.0848,-5.12189,-1.2468,10.9651,-5.13476,-1.24609,10.8223,-5.14744,-1.24525,10.7026,-5.1571,-1.24455,10.6524,-5.16095,-1.24425,10.7191,-5.15378,-1.24426,10.8872,-5.13666,-1.24428,11.1085,-5.11623,-1.2443,11.3351,-5.09912,-1.24432,11.5189,-5.09194,-1.24432,11.6748,-5.09387,-1.24432,11.8347,-5.09848,-1.24432,11.9765,-5.10398,-1.24432,12.0778,-5.1086,-1.2443,12.1166,-5.11053,-1.24427,12.0474,-5.10848,-1.24401,11.8729,-5.10334,-1.24339,11.6431,-5.09659,-1.24257,11.4075,-5.08976,-1.2417,11.216,-5.08434,-1.24093,11.0644,-5.08052,-1.24013,10.9431,-5.07782,-1.23933,10.8934,-5.07681,-1.23897,10.9477,-5.07825,-1.2394,0.564211,3.20403,-0.622277,1.21059,3.20232,-0.620501,1.81779,3.20058,-0.618833,2.2683,3.19871,-0.617595,2.44459,3.19662,-0.617111,2.3106,3.19406,-0.617111,1.95737,3.19102,-0.617113,1.45796,3.18774,-0.61712,0.885482,3.18449,-0.617133,0.312998,3.18151,-0.617156,-0.186401,3.17907,-0.617188,-0.539635,3.17742,-0.617234,-0.67362,3.17681,-0.617295,-0.462101,3.18572,-0.619799,-0.099095,3.19971,-0.623001,0.255623,3.21,-0.624414,0.663343,3.22029,-0.625661,1.04833,3.23027,-0.626658,1.33486,3.23964,-0.627318,1.4472,3.24809,-0.627557,1.22112,3.2563,-0.626569,0.682003,3.26448,-0.624213,0.038539,3.27159,-0.621402,-0.500579,3.27662,-0.619045,-0.726661,3.27852,-0.618058,-0.674616,3.27329,-0.618474,-0.541613,3.25991,-0.619537,-0.362348,3.24187,-0.620971,-0.171517,3.22267,-0.622497,0.28469,-3.20577,-0.623374,0.612528,-3.20208,-0.622884,0.920498,-3.19861,-0.622407,1.14899,-3.19603,-0.621979,1.2384,-3.19502,-0.621638,1.03878,-3.20419,-0.621386,0.562772,-3.22605,-0.621199,-0.00537,-3.25213,-0.621073,-0.481382,-3.27399,-0.621,-0.680999,-3.28315,-0.620977,-0.662844,-3.28256,-0.621,-0.599429,-3.27841,-0.621161,-0.477333,-3.26714,-0.621595,-0.283134,-3.2452,-0.622442,-0.00341,-3.20902,-0.623839,0.475413,-3.09352,-0.859683,1.14439,-2.88242,-1.4196,1.83316,-2.64539,-2.08731,2.37135,-2.45208,-2.64654,2.5886,-2.37217,-2.88101,2.40011,-2.41335,-2.8221,1.92048,-2.51607,-2.67109,1.2785,-2.64913,-2.46657,0.602965,-2.78132,-2.24713,0.022652,-2.88142,-2.05135,-0.545604,-2.92032,-1.89902,-1.08784,-2.92788,-1.74097,-1.32958,-2.96136,-1.51236,-0.832268,-3.07061,-1.10779],"quats":[-0.429542,0.557777,0.446402,0.55236,-1.0014288e-07,-0.994973,-9.9497345e-07,0.100142,0.306219,0.001907,0.950341,0.055476,-0.042029,0.177871,0.982686,-0.030365,-0.10499,-0.00066,-0.02369,0.99419,3e-06,-0.0,0.0,1.0,-0.446354,0.547153,0.452299,0.544808,-0.462974,0.535408,0.458102,0.537712,-0.478887,0.522794,0.46408,0.531019,-0.493652,0.509698,0.470455,0.524581,-0.506922,0.496618,0.477389,0.518168,-0.519237,0.483321,0.485011,0.511424,-0.530879,0.469694,0.493165,0.504321,-0.541269,0.456533,0.501515,0.497077,-0.549924,0.444697,0.509713,0.489917,-0.55644,0.435083,0.517402,0.483085,-0.561414,0.427167,0.524674,0.476506,-0.565435,0.420385,0.531571,0.470096,-0.568174,0.415594,0.537638,0.464116,-0.569314,0.413632,0.542435,0.45886,-0.568471,0.415287,0.545578,0.454666,-0.563565,0.423564,0.546513,0.452006,-0.55389,0.43822,0.545326,0.451427,-0.54122,0.455188,0.542529,0.453371,-0.528006,0.47079,0.538246,0.4581,-0.517474,0.481936,0.532163,0.465574,-0.509387,0.489947,0.524812,0.474391,-0.501088,0.497905,0.517119,0.483309,-0.4926,0.505795,0.5091,0.492272,-0.483942,0.5136,0.50078,0.50123,-0.475137,0.521305,0.492187,0.510134,-0.466202,0.528894,0.483353,0.518937,-0.457157,0.536352,0.474314,0.527596,-0.44802,0.543663,0.465113,0.536075,-0.438809,0.550811,0.455793,0.544339,0.005388,-0.995751,-0.007361,0.091625,0.011755,-0.996321,-0.014802,0.083582,0.017843,-0.996739,-0.02238,0.07544,0.022409,-0.997073,-0.030125,0.066588,0.024223,-0.997391,-0.038027,0.056371,0.022271,-0.997789,-0.046336,0.042107,0.017671,-0.998046,-0.05485,0.024129,0.012307,-0.99792,-0.062951,0.006342,0.007933,-0.99747,-0.070255,-0.007274,0.006178,-0.996964,-0.076568,-0.012691,0.006726,-0.996503,-0.082419,-0.01191,0.00789,-0.996038,-0.088029,-0.009813,0.009175,-0.995622,-0.092777,-0.006681,0.010105,-0.995321,-0.096049,-0.002803,0.010224,-0.995207,-0.097242,0.001522,0.009519,-0.995296,-0.096172,0.006752,0.008462,-0.99551,-0.093358,0.013098,0.007333,-0.995783,-0.089255,0.019893,0.006392,-0.996066,-0.084313,0.026475,0.005876,-0.996339,-0.078978,0.032166,0.007773,-0.996632,-0.073039,0.03645,0.012622,-0.996936,-0.066151,0.03978,0.018481,-0.997187,-0.05857,0.042957,0.023426,-0.997346,-0.050563,0.046839,0.025561,-0.9974,-0.042409,0.05235,0.023696,-0.997336,-0.034071,0.059981,0.01883,-0.997099,-0.025468,0.069197,0.012357,-0.996623,-0.016823,0.079404,0.005638,-0.995895,-0.008303,0.089951,-0.05131,-0.996377,0.061477,0.028611,-0.044315,-0.996955,0.056295,0.030767,-0.036865,-0.997473,0.051058,0.03286,-0.029637,-0.997896,0.045842,0.034981,-0.023309,-0.998204,0.040723,0.03722,-0.01856,-0.998399,0.035778,0.03967,-0.015899,-0.998494,0.030879,0.042454,-0.014873,-0.998515,0.025977,0.045512,-0.014723,-0.99848,0.021265,0.04866,-0.014684,-0.99841,0.016938,0.051711,-0.013997,-0.998329,0.013192,0.05448,-0.011779,-0.998104,0.009767,0.059609,-0.00854,-0.99768,0.006534,0.067216,-0.0056,-0.997283,0.00388,0.073344,-0.00428,-0.997243,0.002196,0.074043,-0.005902,-0.997842,0.00187,0.065356,-0.011896,-0.999075,0.003263,0.041173,-0.021369,-0.999744,0.006114,0.004094,-0.032148,-0.99876,0.009875,-0.036699,-0.042081,-0.996418,0.013993,-0.072001,-0.049058,-0.994324,0.017925,-0.092688,-0.052635,-0.993833,0.02171,-0.095149,-0.054234,-0.99453,0.025715,-0.085474,-0.054568,-0.995663,0.02989,-0.069166,-0.054356,-0.996594,0.034191,-0.051735,-0.054337,-0.997025,0.038583,-0.038722,-0.053948,-0.997049,0.043372,-0.033176,-0.05277,-0.996986,0.048502,-0.029693,-0.051768,-0.997006,0.053401,-0.021139,-0.051459,-0.997012,0.05759,0.000885,-0.05131,-0.996378,0.061477,0.028611,0.282994,-0.006048,0.957476,0.055833,0.262819,-0.014212,0.963153,0.055307,0.240965,-0.022723,0.968741,0.054395,0.212572,-0.031834,0.97517,0.053309,0.172654,-0.041858,0.982721,0.05193,0.115196,-0.053273,0.990684,0.049364,0.043351,-0.065848,0.995894,0.044476,-0.033863,-0.078626,0.995636,0.037141,-0.107222,-0.090562,0.9897,0.028199,-0.167784,-0.100812,0.980463,0.019395,-0.210371,-0.106968,0.971603,0.017004,-0.235815,-0.110002,0.965331,0.020645,-0.244404,-0.115172,0.96255,0.022309,-0.186394,-0.134215,0.973218,0.009474,