{
  "animation": {
    "fields": [
      "time",
      "attr"
    ],
    "times": [
      0,
      0.033333,
      0.066666,
      0.1,
      0.133333,
      0.166666,
      0.2,
      0.233333,
      0.266666,
      0.3,
      0.333333,
      0.366666,
      0.4,
      0.433333,
      0.466666,
      0.5,
      0.533333,
      0.566666,
      0.6,
      0.633333,
      0.666666,
      0.7,
      0.733333,
      0.766666,
      0.8,
      0.833333,
      0.866666,
      0.9,
      0.933333,
      0.966666,
      1
    ],
    "poses": [
      19.4338,
      14.4998,
      -4.00246,
      19.4336,
      14.4797,
      -4.00246,
      19.4331,
      14.4231,
      -4.00246,
      19.4323,
      14.3357,
      -4.00246,
      19.4313,
      14.223,
      -4.00246,
      19.4301,
      14.0907,
      -4.00246,
      19.4287,
      13.9444,
      -4.00246,
      19.4273,
      13.7896,
      -4.00246,
      19.4259,
      13.632,
      -4.00246,
      19.4245,
      13.4773,
      -4.00246,
      19.4231,
      13.3309,
      -4.00246,
      19.4219,
      13.1986,
      -4.00246,
      19.4209,
      13.0859,
      -4.00246,
      19.4201,
      12.9985,
      -4.00246,
      19.4196,
      12.9419,
      -4.00246,
      -19.3818,
      18.1962,
      -4.98661,
      -19.3816,
      18.2193,
      -4.98661,
      -19.381,
      18.2842,
      -4.98661,
      -19.3801,
      18.3844,
      -4.98661,
      -19.3789,
      18.5136,
      -4.98661,
      -19.3775,
      18.6654,
      -4.98661,
      -19.376,
      18.8332,
      -4.98661,
      -19.3744,
      19.0107,
      -4.98661,
      -19.3727,
      19.1913,
      -4.98661,
      -19.3711,
      19.3688,
      -4.98661,
      -19.3696,
      19.5366,
      -4.98661,
      -19.3682,
      19.6883,
      -4.98661,
      -19.367,
      19.8176,
      -4.98661,
      -19.3661,
      19.9178,
      -4.98661,
      -19.3655,
      19.9827,
      -4.98661,
      19.4194,
      12.9218,
      -4.00246,
      -19.3653,
      20.0057,
      -4.98661
    ],
    "quats": [
      -0.776846,
      -0.601684,
      -0.055109,
      0.177338,
      0.776846,
      0.601684,
      0.055109,
      -0.177338
    ],
    "scales": [],
    "length": 1,
    "tracks": {
      "Bone001": {
        "pos": [
          0,
          0,
          1,
          1,
          2,
          2,
          3,
          3,
          4,
          4,
          5,
          5,
          6,
          6,
          7,
          7,
          8,
          8,
          9,
          9,
          10,
          10,
          11,
          11,
          12,
          12,
          13,
          13,
          14,
          14,
          15,
          30,
          16,
          14,
          17,
          13,
          18,
          12,
          19,
          11,
          20,
          10,
          21,
          9,
          22,
          8,
          23,
          7,
          24,
          6,
          25,
          5,
          26,
          4,
          27,
          3,
          28,
          2,
          29,
          1,
          30,
          0
        ]
      },
      "Bone002": {
        "pos": [
          0,
          15,
          1,
          16,
          2,
          17,
          3,
          18,
          4,
          19,
          5,
          20,
          6,
          21,
          7,
          22,
          8,
          23,
          9,
          24,
          10,
          25,
          11,
          26,
          12,
          27,
          13,
          28,
          14,
          29,
          15,
          31,
          16,
          29,
          17,
          28,
          18,
          27,
          19,
          26,
          20,
          25,
          21,
          24,
          22,
          23,
          23,
          22,
          24,
          21,
          25,
          20,
          26,
          19,
          27,
          18,
          28,
          17,
          29,
          16,
          30,
          15
        ],
        "quat": [
          0,
          0,
          30,
          1
        ]
      }
    }
  },
  "version": "0.1.0"
}
