{"animation":{"fields":["time","attr"],"times":[0.0,0.033333,0.066666,0.1,0.133333,0.166666,0.2,0.233333,0.266666,0.3,0.333333,0.366666,0.4,0.433333,0.466666,0.5,0.533333,0.566666,0.6,0.633333,0.666666,0.7,0.733333,0.766666,0.8,0.833333,0.866666,0.9,0.933333,0.966666,1.0,1.03333,1.06667,1.1,1.13333,1.16667,1.2,1.23333,1.26667,1.3,1.33333,1.36667,1.4,1.43333,1.46667,1.5],"poses":[19.4338,14.4998,-4.00246,-19.3818,18.1962,-4.98661,19.0177,12.2562,-4.9382,17.8945,10.1235,-5.86218,16.2128,8.13038,-6.75482,14.0864,6.30061,-7.58781,11.6088,4.66217,-8.32477,8.86321,3.25184,-8.92689,5.9313,2.12096,-9.36427,2.90477,1.3456,-9.62652,-0.09519,1.04722,-9.7246,-3.29956,1.62595,-9.4411,-6.775,3.22805,-8.65934,-10.1324,5.65247,-7.52609,-12.9995,8.69821,-6.17502,-15.005,12.1643,-4.75953,-15.7635,15.8497,-3.52316,-14.921,19.5976,-2.49269,-12.9532,23.1908,-1.42732,-10.2913,26.3946,-0.382137,-7.13842,28.9968,0.505644,-3.61085,30.7642,1.05283,0.180741,31.4005,1.21383,3.74283,31.1292,1.12778,6.92163,30.4137,0.892626,9.76459,29.2521,0.537054,12.2846,27.6745,0.084309,14.4742,25.7559,-0.445666,16.3096,23.6233,-1.03462,17.7496,21.4479,-1.66451,18.7301,19.4171,-2.31572,19.1537,17.6991,-2.96443,19.2451,17.0138,-3.16466,19.3195,16.4352,-3.3342,19.378,15.9547,-3.47708,19.4217,15.5635,-3.59664,19.4522,15.2528,-3.69575,19.471,15.0138,-3.77688,19.48,14.8374,-3.84219,19.4811,14.7143,-3.89364,19.4763,14.6347,-3.93298,19.4676,14.5883,-3.96185,19.4571,14.5642,-3.98178,19.4468,14.5503,-3.99423,19.4384,14.5337,-4.00065,-18.9811,20.5236,-4.37446,-17.8657,22.8524,-3.76967,-16.1655,25.0894,-3.19219,-14.0102,27.1756,-2.66222,-11.5297,29.0592,-2.20011,-8.85387,30.685,-1.82616,-6.11246,31.9855,-1.56054,-3.43533,32.8699,-1.42311,-0.952365,33.2055,-1.43335,1.72382,32.8679,-1.62633,4.81778,31.9291,-2.01768,8.00067,30.4531,-2.59166,10.9799,28.455,-3.32561,13.4761,25.9048,-4.19134,15.2045,22.7101,-5.15747,15.8561,18.6548,-6.19194,15.304,14.592,-7.18257,13.7581,11.3265,-8.02522,11.3983,8.63562,-8.70218,8.41795,6.45862,-9.19861,5.01565,4.84893,-9.50361,1.38728,4.08711,-9.61105,-2.09415,4.17747,-9.56637,-5.21688,4.5876,-9.41378,-8.01497,5.2874,-9.15255,-10.5056,6.24573,-8.78898,-12.6943,7.42856,-8.33933,-14.5773,8.79623,-7.83173,-16.1425,10.2985,-7.30493,-17.3687,11.8649,-6.803,-18.2244,13.3833,-6.36747,-18.6645,14.639,-6.03036,-18.8572,15.2776,-5.81368,-19.0121,15.7937,-5.66232,-19.1336,16.2229,-5.54268,-19.2258,16.5859,-5.44314,-19.2925,16.896,-5.35809,-19.3374,17.1626,-5.28434,-19.3644,17.3921,-5.21993,-19.3771,17.5896,-5.1636,-19.3796,17.7585,-5.11456,-19.376,17.9019,-5.07233,-19.3713,18.0217,-5.03676,-19.371,18.1195,-5.008],"quats":[0.198307,0.004582,-0.795464,0.572615,0.198307,0.004583,-0.795464,0.572615,0.183943,0.014097,-0.813738,0.551176,0.167351,0.024426,-0.831768,0.528732,-0.149556,-0.03659,0.854018,-0.496937,-0.13133,-0.051537,0.883504,-0.446672,-0.110372,-0.068721,0.916553,-0.378186,-0.08611,-0.086886,0.946836,-0.29755,-0.061625,-0.105737,0.971317,-0.203873,-0.039895,-0.124883,0.98663,-0.096809,-0.023727,-0.143797,0.989049,0.023255,-0.014603,-0.163953,0.973404,0.159343,-0.010765,-0.184113,0.933519,0.307452,-0.009669,-0.200018,0.867523,0.455304,-0.008538,-0.208506,0.779024,0.591247,-0.004617,-0.207931,0.676683,0.706288,0.004582,-0.198307,0.572616,0.795464,0.019096,-0.178201,0.473133,0.862568,0.03684,-0.148571,0.376531,0.91367,0.056696,-0.114209,0.283509,0.950454,0.077426,-0.079905,0.194085,0.974654,0.09769,-0.050349,0.107805,0.988078,0.11607,-0.03001,0.023878,0.9925,0.133709,-0.017513,-0.060145,0.989038,0.152101,-0.008454,-0.14457,0.977697,0.170336,-0.002426,-0.227174,0.958838,0.187574,0.001074,-0.305874,0.93341,0.203084,0.002634,-0.37882,0.902909,0.216257,0.002908,-0.44448,0.869288,0.226618,0.002611,-0.501675,0.83484,0.233809,0.002497,-0.549571,0.802058,0.237571,0.003347,-0.587597,0.773483,0.238807,0.004731,-0.617878,0.749115,0.238738,0.005731,-0.643375,0.72735,0.237606,0.006393,-0.664848,0.708151,0.235614,0.006764,-0.682983,0.691356,0.232935,0.006892,-0.6984,0.676706,0.229718,0.006821,-0.711664,0.663865,0.226096,0.006598,-0.723291,0.652445,0.222188,0.006268,-0.733764,0.642014,0.218104,0.005877,-0.743526,0.63211,0.213944,0.00547,-0.752999,0.622245,0.209802,0.005092,-0.762579,0.611907,0.205764,0.004789,-0.772631,0.600565,0.20191,0.004604,-0.783495,0.587661,0.198307,0.004583,-0.795464,0.572616,-0.776846,-0.601684,-0.055109,0.177337,-0.80169,-0.569673,-0.050872,0.173712,-0.821907,-0.541706,-0.04747,0.169612,-0.847316,-0.502848,-0.042152,0.16559,-0.884581,-0.436331,-0.032019,0.161573,-0.925313,-0.345198,-0.01815,0.155893,-0.958031,-0.245743,-0.003707,0.147554,-0.980682,-0.139368,0.011193,0.136794,-0.991548,-0.027869,0.026391,0.123925,-0.989344,0.086639,0.041686,0.109328,-0.973296,0.201819,0.056845,0.093438,-0.943195,0.315225,0.071621,0.076721,-0.89941,0.424437,0.085762,0.059658,-0.842876,0.527187,0.099029,0.042716,-0.775042,0.621489,0.111206,0.026322,0.697785,-0.705739,-0.122109,-0.010841,0.613313,-0.77879,-0.131601,0.003449,0.519741,-0.842373,-0.141762,0.013392,0.41656,-0.895923,-0.153294,0.017288,0.309097,-0.936595,-0.164153,0.017368,0.203486,-0.963613,-0.172575,0.016095,0.1061,-0.978312,-0.177173,0.016059,0.023012,-0.983752,-0.176938,0.019853,-0.048722,-0.983385,-0.172789,0.02689,-0.115753,-0.978608,-0.166484,0.034776,-0.178097,-0.970194,-0.158519,0.043316,-0.235866,-0.95881,-0.149374,0.052309,-0.289251,-0.945028,-0.139521,0.061545,-0.338499,-0.92933,-0.129416,0.070809,-0.383898,-0.912118,-0.119506,0.079874,-0.425763,-0.893723,-0.110223,0.088509,-0.46443,-0.874411,-0.101984,0.096475,-0.500242,-0.854387,-0.09519,0.10353,-0.53291,-0.834202,-0.089648,0.109889,-0.562238,-0.814394,-0.08486,0.115963,-0.588691,-0.795039,-0.080745,0.121798,-0.612706,-0.776137,-0.077216,0.127432,-0.634694,-0.757627,-0.074173,0.132896,-0.655036,-0.739397,-0.071512,0.138218,-0.674088,-0.721289,-0.069122,0.143415,-0.692176,-0.70311,-0.066888,0.148501,-0.709603,-0.684631,-0.064691,0.153484,-0.726641,-0.665596,-0.06241,0.158364,-0.743534,-0.645719,-0.059917,0.163134,-0.760494,-0.62469,-0.057086,0.167782,-0.777697,-0.602171,-0.053787,0.172287],"scales":[],"length":1.5,"tracks":{"Bone001":{"pos":[0,0,1,0,2,2,3,3,4,4,5,5,6,6,7,7,8,8,9,9,10,10,11,11,12,12,13,13,14,14,15,15,16,16,17,17,18,18,19,19,20,20,21,21,22,22,23,23,24,24,25,25,26,26,27,27,28,28,29,29,30,30,31,31,32,32,33,33,34,34,35,35,36,36,37,37,38,38,39,39,40,40,41,41,42,42,43,43,44,44,45,0],"quat":[0,0,1,1,2,2,3,3,4,4,5,5,6,6,7,7,8,8,9,9,10,10,11,11,12,12,13,13,14,14,15,15,16,16,17,17,18,18,19,19,20,20,21,21,22,22,23,23,24,24,25,25,26,26,27,27,28,28,29,29,30,30,31,31,32,32,33,33,34,34,35,35,36,36,37,37,38,38,39,39,40,40,41,41,42,42,43,43,44,44,45,45]},"Bone002":{"pos":[0,1,1,45,2,46,3,47,4,48,5,49,6,50,7,51,8,52,9,53,10,54,11,55,12,56,13,57,14,58,15,59,16,60,17,61,18,62,19,63,20,64,21,65,22,66,23,67,24,68,25,69,26,70,27,71,28,72,29,73,30,74,31,75,32,76,33,77,34,78,35,79,36,80,37,81,38,82,39,83,40,84,41,85,42,86,43,87,44,88,45,1],"quat":[0,46,1,47,2,48,3,49,4,50,5,51,6,52,7,53,8,54,9,55,10,56,11,57,12,58,13,59,14,60,15,61,16,62,17,63,18,64,19,65,20,66,21,67,22,68,23,69,24,70,25,71,26,72,27,73,28,74,29,75,30,76,31,77,32,78,33,79,34,80,35,81,36,82,37,83,38,84,39,85,40,86,41,87,42,88,43,89,44,90,45,91]}}},"is_global":true,"version":"0.1.0"}