{"animation":{"fields":["time","attr"],"times":[0.0,0.033333,0.066666,0.1,0.133333,0.166666,0.2,0.233333,0.266666,0.3,0.333333,0.366666,0.4,0.433333,0.466666,0.5,0.533333,0.566666,0.6,0.633333,0.666666,0.7,0.733333,0.766666,0.8,0.833333],"poses":[12.0623,-9.866,-20.68,14.5312,-6.36172,-20.6358,15.8699,-2.1289,-20.8475,15.8308,2.26695,-21.3205,14.5293,6.19412,-22.0586,12.5012,9.3125,-23.0091,10.1349,11.8407,-24.0789,7.33595,13.9716,-25.1727,3.92013,15.5558,-26.225,-0.109339,16.2233,-27.1918,-4.38759,15.5986,-28.017,-8.28741,13.6156,-28.6503,-11.2887,10.6653,-29.0574,-13.2841,7.31896,-29.2182,-14.5228,3.91495,-29.1168,-15.2309,0.403498,-28.7516,-15.3093,-3.39113,-28.1485,-14.3675,-7.37969,-27.343,-12.1456,-11.0701,-26.3865,-8.82723,-13.8345,-25.34,-4.97937,-15.3205,-24.2682,-1.18022,-15.6453,-23.2391,2.33894,-15.2021,-22.3164,5.70656,-14.2134,-21.5591,9.06323,-12.5462,-21.0152,12.2211,-9.90974,-20.7168,11.6509,-9.75489,-20.5566,14.2389,-6.64582,-20.4607,15.9421,-2.47878,-20.5845,16.1314,2.14748,-21.0169,14.7823,6.41283,-21.7671,12.4022,9.66022,-22.752,9.75512,11.9211,-23.8642,7.06592,13.678,-24.9786,4.02809,15.1745,-26.0256,0.264376,16.114,-26.9792,-4.10085,15.8481,-27.7882,-8.33893,13.9826,-28.4065,-11.6183,10.8182,-28.8029,-13.5862,7.12213,-28.9597,-14.5118,3.55458,-28.8583,-14.9173,0.225525,-28.4931,-14.9942,-3.21587,-27.89,-14.3533,-7.01943,-27.0845,-12.4459,-10.8707,-26.128,-9.15377,-13.9873,-25.0815,-5.01864,-15.6789,-24.0098,-0.894527,-15.8652,-22.9806,2.67535,-15.0724,-22.0579,5.77076,-13.8587,-21.3006,8.79359,-12.3068,-20.7567,11.8764,-10.0156,-20.4583,0.0,0.0,1e-06],"quats":[-0.204527,-0.109764,0.310006,0.921963,-0.118457,-0.136201,0.737915,0.650305,-0.08344,-0.072366,0.972197,0.206478,-0.085912,-0.067149,0.951955,-0.286165,0.019643,0.078483,-0.684662,0.724355,-0.042483,0.008474,-0.232095,0.971727,-0.025854,-0.086687,0.268962,0.958893,0.042192,-0.113658,0.697026,0.706722,0.084353,-0.075533,0.955017,0.27408,0.08943,-0.028197,0.968517,-0.230611,-0.070499,-0.001715,-0.732934,0.676634,-0.051012,-0.010741,-0.310018,0.9493,-0.042396,-0.014245,0.19179,0.980416,-0.034991,-0.026931,0.646313,0.761793,-0.017311,-0.04062,0.936636,0.347508,0.004806,-0.043893,0.986787,-0.155884,-0.025692,0.03591,-0.783907,0.619305,-0.03999,0.01872,-0.380015,0.923925,-0.044034,-0.00327,0.121314,0.991631,-0.036786,-0.024422,0.591538,0.805066,-0.020106,-0.039312,0.910082,0.412068,0.001729,-0.044121,0.995264,-0.086598,-0.023122,0.037617,-0.82524,0.563053,-0.038585,0.021467,-0.443611,0.89513,-0.044155,-0.000187,0.051768,0.997682,-0.038402,-0.021794,0.533879,0.844406,-0.200878,-0.116308,0.280089,0.931488,-0.114,-0.139953,0.716542,0.673782,-0.081061,-0.075022,0.965026,0.237748,-0.083701,-0.069887,0.960695,-0.255292,0.0171,0.079076,-0.707684,0.701881,-0.042735,0.007099,-0.263337,0.96373,-0.023043,-0.087476,0.237874,0.967074,0.045838,-0.112237,0.673854,0.72885,0.086747,-0.072771,0.945674,0.30476,0.090293,-0.025296,0.975455,-0.199232,-0.070407,-0.003989,-0.75439,0.652627,-0.050639,-0.012382,-0.340495,0.938799,-0.041914,-0.015606,0.160049,0.986095,-0.034104,-0.028046,0.621389,0.782256,-0.015991,-0.041157,0.924933,0.377556,0.00622,-0.043715,0.991305,-0.123953,-0.026838,0.035063,-0.803486,0.593682,-0.040573,0.01742,-0.409641,0.911177,-0.043905,-0.004689,0.089243,0.99503,-0.035979,-0.025597,0.565251,0.823735,-0.018826,-0.03994,0.89631,0.441222,0.003152,-0.044042,0.99754,-0.054428,-0.024324,0.036851,-0.842983,0.536123,-0.039258,0.020211,-0.472272,0.880345,-0.044126,-0.001612,0.019545,0.998833,-0.037678,-0.023021,0.506346,0.861198],"scales":[],"length":0.833333,"tracks":{"Bone001":{"pos":[0,0,1,1,2,2,3,3,4,4,5,5,6,6,7,7,8,8,9,9,10,10,11,11,12,12,13,13,14,14,15,15,16,16,17,17,18,18,19,19,20,20,21,21,22,22,23,23,24,24,25,25],"quat":[0,0,1,1,2,2,3,3,4,4,5,5,6,6,7,7,8,8,9,9,10,10,11,11,12,12,13,13,14,14,15,15,16,16,17,17,18,18,19,19,20,20,21,21,22,22,23,23,24,24,25,25]},"Bone003":{"pos":[0,26,1,27,2,28,3,29,4,30,5,31,6,32,7,33,8,34,9,35,10,36,11,37,12,38,13,39,14,40,15,41,16,42,17,43,18,44,19,45,20,46,21,47,22,48,23,49,24,50,25,51],"quat":[0,26,1,27,2,28,3,29,4,30,5,31,6,32,7,33,8,34,9,35,10,36,11,37,12,38,13,39,14,40,15,41,16,42,17,43,18,44,19,45,20,46,21,47,22,48,23,49,24,50,25,51]},"tool":{"pos":[0,52]}}},"is_global":true,"version":"0.1.0"}