{
  "animation": {
    "fields": [
      "time",
      "attr"
    ],
    "times": [
      0,
      0.033333,
      0.066666,
      0.1,
      0.133333,
      0.166666,
      0.2,
      0.233333,
      0.266666
    ],
    "poses": [
      0.445922,
      15.0089,
      -26.6093,
      -6.63241,
      -64.5239,
      -26.8293,
      -6.54132,
      -64.1502,
      -26.6084,
      -7.48353,
      14.2864,
      -28.5239,
      -15.4789,
      2.4018,
      -29.5918,
      -10.3138,
      -23.6364,
      -26.8385,
      -7.34911,
      -45.0277,
      -26.8342,
      -6.63241,
      -53.9229,
      -26.8293,
      0.622409,
      14.7845,
      -26.2697,
      -7.1955,
      14.331,
      -28.1894,
      -15.2714,
      2.69034,
      -29.3263,
      -10.2018,
      -23.2758,
      -26.6056,
      -7.25378,
      -44.6575,
      -26.6091,
      -6.54132,
      -53.5491,
      -26.6084,
      0.622412,
      14.7845,
      -26.2697,
      0,
      0,
      0.000001
    ],
    "quats": [
      -0.069489,
      -0.105725,
      -0.679556,
      0.722631,
      -0.066041,
      -0.107913,
      -0.702524,
      0.700323,
      -0.135107,
      0.004767,
      0.990203,
      -0.034943,
      -0.135191,
      0.000404,
      0.990815,
      -0.002967,
      -0.063367,
      0.080892,
      0.911724,
      -0.397743,
      -0.008926,
      -0.136036,
      -0.719649,
      0.680821,
      -0.047441,
      -0.127808,
      -0.66862,
      0.730999,
      -0.063042,
      -0.114972,
      -0.684931,
      0.716711,
      -0.065945,
      0.078805,
      0.924086,
      -0.368109,
      -0.004531,
      -0.136253,
      -0.741248,
      0.657241,
      -0.043292,
      -0.129272,
      -0.691864,
      0.709039,
      -0.059299,
      -0.116947,
      -0.707706,
      0.694232
    ],
    "scales": [],
    "length": 0.266666,
    "tracks": {
      "Bone001": {
        "pos": [
          0,
          0,
          1,
          3,
          2,
          4,
          3,
          5,
          4,
          6,
          5,
          7,
          6,
          1,
          7,
          1,
          8,
          0
        ],
        "quat": [
          0,
          2,
          1,
          4,
          2,
          5,
          3,
          6,
          4,
          7,
          5,
          0,
          6,
          0,
          7,
          0,
          8,
          2
        ]
      },
      "Bone003": {
        "pos": [
          0,
          8,
          1,
          9,
          2,
          10,
          3,
          11,
          4,
          12,
          5,
          13,
          6,
          2,
          7,
          2,
          8,
          14
        ],
        "quat": [
          0,
          3,
          1,
          8,
          2,
          9,
          3,
          10,
          4,
          11,
          5,
          1,
          6,
          1,
          7,
          1,
          8,
          3
        ]
      },
      "tool": {
        "pos": [
          0,
          15
        ]
      }
    }
  },
  "version": "0.1.0"
}
