{"animation":{"fields":["time","attr"],"times":[0.0,1.0,1.5,2.0,2.16667,2.2,2.26667,2.3,2.33333,2.4,2.63333,2.66667,3.0],"poses":[3.92874,1.91693,-4.55495,3.91754,-1.73019,-4.55465,2.28209,2.17832,-4.6048,2.28209,-2.04944,-4.56231,3.53468,2.16059,-4.61767,-0.006399,0.99856,9.54011e-07,0.002799,1.25223,9.5402e-07,-0.007001,-1.2337,4.76869e-07,0.032169,1.19461,9.53186e-07,3.53468,-1.98743,-4.61733,-0.029418,-1.02074,0.0,-0.037626,-1.24891,0.0,3.40368,2.04732,-4.5372,3.40518,-1.84299,-4.53688,0.236752,0.99856,9.32751e-07,0.247997,1.25223,9.32581e-07,0.453917,-1.2337,4.3657e-07,2.43943,2.17832,-4.6048,2.43943,-2.04944,-4.56231,2.81009,2.16059,-4.61767,0.436612,1.1845,8.69823e-07,2.81009,-1.98743,-4.61733,0.226673,-1.02714,-0.0,0.215328,-1.25523,-0.0,2.94549,2.04732,-4.5372,2.94699,-1.84299,-4.53688,0.701326,0.004943,-4.64622,0.25649,0.752287,4e-06,3.63521,1.91693,-4.55495,-0.248224,-0.721906,-2e-06,-0.208711,0.782848,-2e-05,3.62401,-1.73019,-4.55465,2.28311,2.17832,-4.6048,2.2831,-2.04944,-4.56231,3.52675,2.16059,-4.61767,2.91908,2.16059,-4.61767,3.52484,2.16059,-4.61767,0.016901,0.63779,9.53674e-07,0.005599,-0.596709,4.76837e-07,-1e-06,-0.974399,4.76837e-07,0.031267,0.574367,4.76837e-07,3.52675,-1.98743,-4.61733,2.96148,-1.98743,-4.61733,3.52484,-1.98743,-4.61733,-0.00859,-0.623729,-0.0,3.40142,2.04732,-4.5372,3.23565,2.04732,-4.5372,3.2585,2.04732,-4.5372,3.41149,2.04732,-4.5372,3.40291,-1.84299,-4.53688,3.23715,-1.84299,-4.53688,3.25587,-1.84299,-4.53688,3.41299,-1.84299,-4.53688,0.7042,0.004943,-4.64622],"quats":[-3.8e-05,1e-06,-0.066719,0.997771,2.8e-05,2.8e-05,0.707106,0.707106,-1e-05,0.0,-0.011765,0.99993],"scales":[0.303684,0.653514,1.0,0.924301,0.999999,1.0,0.924302,1.0,1.0,0.253388,0.653514,1.0],"length":3.0,"tracks":{"Bone001":{"quat":[0,1]},"Bone004":{"pos":[0,27]},"Bone006":{"quat":[0,2]},"Bone008":{"pos":[0,0,3,0,4,28,9,0,12,0]},"Bone010":{"pos":[0,29],"scale":[0,1]},"Bone012":{"pos":[0,30],"scale":[0,2]},"Bone014":{"pos":[0,1,3,1,4,31,9,1,12,1]},"Bone015":{"pos":[0,2,1,32,3,2,4,17,5,17,9,2,12,2]},"Bone017":{"pos":[0,3,1,33,3,3,4,18,5,18,9,3,12,3]},"Bone018":{"pos":[0,4,1,34,3,4,4,19,5,19,7,35,9,4,10,36,12,4]},"Bone020":{"pos":[0,37]},"Bone022":{"pos":[0,38]},"Bone023":{"pos":[0,5,3,5,4,14,5,14,7,14,9,5,12,5]},"Bone025":{"pos":[0,6,3,6,4,15,5,15,7,15,9,6,12,6]},"Bone027":{"pos":[0,39]},"Bone029":{"pos":[0,7,3,7,4,16,5,16,7,16,9,7,12,7]},"Bone031":{"pos":[0,8,3,8,4,20,5,20,9,8,12,8]},"Bone035":{"pos":[0,40]},"Bone037":{"pos":[0,9,1,41,3,9,4,21,5,21,7,42,9,9,10,43,12,9]},"Bone039":{"pos":[0,44]},"Bone041":{"pos":[0,10,3,10,4,22,5,22,9,10,12,10]},"Bone043":{"pos":[0,11,3,11,4,23,5,23,9,11,12,11]},"Bone044":{"pos":[0,12,1,45,3,12,4,24,5,24,6,46,8,47,9,12,11,48,12,12]},"Bone046":{"pos":[0,13,1,49,3,13,4,25,5,25,6,50,8,51,9,13,11,52,12,13]},"Bone047":{"pos":[0,26,2,53,12,26],"quat":[0,0,12,0],"scale":[0,0,2,3,12,0]}}},"version":"0.1.0"}