{
  "animation": {
    "fields": [
      "time",
      "attr"
    ],
    "times": [
      0
    ],
    "poses": [
      -1.24082e-7,
      -0.171433,
      -29.2038,
      6.04452,
      1.74556,
      -2.57625,
      3.17978,
      0.000002,
      0,
      6.03098,
      -1.79209,
      -2.57625,
      3.17978,
      -0.000002,
      0
    ],
    "quats": [
      0.014984,
      -0.123634,
      0.13327,
      0.983223,
      -0.026297,
      -0.111424,
      0.016762,
      0.993283
    ],
    "scales": [],
    "length": 3,
    "tracks": {
      "bone_guajian_01": {
        "pos": [
          0,
          0
        ]
      },
      "bone_guajian_02": {
        "pos": [
          0,
          1
        ],
        "quat": [
          0,
          0
        ]
      },
      "bone_guajian_03": {
        "pos": [
          0,
          2
        ],
        "quat": [
          0,
          1
        ]
      },
      "bone_guajian_05": {
        "pos": [
          0,
          3
        ]
      },
      "bone_guajian_06": {
        "pos": [
          0,
          4
        ]
      }
    }
  },
  "is_global": true,
  "version": "0.1.0"
}
