{"animation":{"fields":["time","attr"],"times":[0.0],"poses":[7.991,-2e-06,-29.7005,6.50615,2.011,0.111483,11.6825,0.895085,-0.086582,13.6846,1.26415,-0.585188,1.52799,-0.003366,-0.324379,13.6791,1.29727,0.40339,1.70533,-0.010543,-0.198651,13.6783,1.25511,1.40104,1.71127,-0.003996,-0.22759,13.7292,1.08433,-1.59542,1.54371,0.00036,-0.346399,13.2252,-1.34467,-0.600514],"quats":[-0.5,-0.499999,-0.499999,0.5,2.0011289e-07,-1.4150507e-07,0.928053,0.372446,-0.680143,-0.193406,0.193406,0.680141,1e-06,0.07756,1e-06,0.996987,-0.698821,-0.107932,0.107931,0.69882,2e-06,0.329622,2e-06,0.944112,-0.706818,-0.02021,0.02021,0.706817,4e-06,-0.117144,4e-06,0.993114,-0.687256,-0.166373,0.166373,0.687254,9e-06,-0.012888,8e-06,0.999916,-0.616921,0.345557,-0.345556,0.616919],"scales":[],"length":3.0,"tracks":{"bone_guajian_28":{"pos":[0,0],"quat":[0,0]},"bone_lingjian_01":{"pos":[0,1]},"bone_lingjian_02":{"pos":[0,2],"quat":[0,1]},"bone_shouzhi_00":{"pos":[0,3],"quat":[0,2]},"bone_shouzhi_01":{"pos":[0,4],"quat":[0,3]},"bone_shouzhi_02":{"pos":[0,5],"quat":[0,4]},"bone_shouzhi_03":{"pos":[0,6],"quat":[0,5]},"bone_shouzhi_04":{"pos":[0,7],"quat":[0,6]},"bone_shouzhi_05":{"pos":[0,8],"quat":[0,7]},"bone_shouzhi_06":{"pos":[0,9],"quat":[0,8]},"bone_shouzhi_07":{"pos":[0,10],"quat":[0,9]},"bone_shouzhi_08":{"pos":[0,11],"quat":[0,10]}}},"is_global":true,"version":"0.1.0"}