{
  "animation": {
    "fields": [
      "time",
      "attr"
    ],
    "times": [
      0
    ],
    "poses": [
      7.991,
      -0.000002,
      -29.7005,
      13.6846,
      1.26415,
      -0.585187,
      1.52799,
      -0.003366,
      -0.32438,
      13.6791,
      1.29727,
      0.403389,
      1.70533,
      -0.010542,
      -0.198651,
      13.6783,
      1.25511,
      1.40104,
      1.71127,
      -0.003996,
      -0.22759,
      13.7292,
      1.08433,
      -1.59542,
      1.54371,
      0.000361,
      -0.346399,
      13.2252,
      -1.34467,
      -0.600513
    ],
    "quats": [
      -0.5,
      -0.499999,
      -0.499999,
      0.5,
      -0.708396,
      -0.005998,
      0.038134,
      0.704758,
      0.000001,
      0.07756,
      0.000001,
      0.996987,
      -0.712675,
      -0.066085,
      0.064482,
      0.69539,
      0.000002,
      0.329622,
      0.000002,
      0.944112,
      -0.703286,
      -0.073412,
      0.073412,
      0.703284,
      0.000004,
      -0.117144,
      0.000004,
      0.993114,
      -0.677931,
      0.07671,
      0.033964,
      0.730322,
      0.000009,
      -0.029653,
      0.000008,
      0.99956,
      -0.698209,
      0.111825,
      -0.074959,
      0.703121
    ],
    "scales": [],
    "length": 1,
    "tracks": {
      "bone_guajian_28": {
        "pos": [
          0,
          0
        ],
        "quat": [
          0,
          0
        ]
      },
      "bone_shouzhi_00": {
        "pos": [
          0,
          1
        ],
        "quat": [
          0,
          1
        ]
      },
      "bone_shouzhi_01": {
        "pos": [
          0,
          2
        ],
        "quat": [
          0,
          2
        ]
      },
      "bone_shouzhi_02": {
        "pos": [
          0,
          3
        ],
        "quat": [
          0,
          3
        ]
      },
      "bone_shouzhi_03": {
        "pos": [
          0,
          4
        ],
        "quat": [
          0,
          4
        ]
      },
      "bone_shouzhi_04": {
        "pos": [
          0,
          5
        ],
        "quat": [
          0,
          5
        ]
      },
      "bone_shouzhi_05": {
        "pos": [
          0,
          6
        ],
        "quat": [
          0,
          6
        ]
      },
      "bone_shouzhi_06": {
        "pos": [
          0,
          7
        ],
        "quat": [
          0,
          7
        ]
      },
      "bone_shouzhi_07": {
        "pos": [
          0,
          8
        ],
        "quat": [
          0,
          8
        ]
      },
      "bone_shouzhi_08": {
        "pos": [
          0,
          9
        ],
        "quat": [
          0,
          9
        ]
      }
    }
  },
  "is_global": true,
  "version": "0.1.0"
}
