{
  "animation": {
    "fields": [
      "time",
      "attr"
    ],
    "times": [
      0,
      0.033333,
      0.066666,
      0.1,
      0.133333,
      0.166666,
      0.2,
      0.233333,
      0.266666,
      0.3,
      0.333333,
      0.366666,
      0.4,
      0.433333,
      0.466666,
      0.5,
      0.533333,
      0.566666,
      0.6,
      0.633333,
      0.666666,
      0.7,
      0.733333,
      0.766666,
      0.8,
      0.833333,
      0.866666,
      0.9,
      0.933333,
      0.966666,
      1
    ],
    "poses": [
      6.04452,
      1.74556,
      -2.57625,
      6.03098,
      -1.79209,
      -2.57625,
      0,
      -0.171432,
      -29.2038,
      3.17978,
      0.000003,
      0,
      3.17978,
      0.000003,
      9.53674e-7,
      3.17978,
      -0.000003,
      0,
      3.17978,
      -0.000002,
      0
    ],
    "quats": [
      0.014984,
      -0.123634,
      0.13327,
      0.983223,
      0.01496,
      -0.123657,
      0.131889,
      0.983407,
      0.015003,
      -0.123893,
      0.131908,
      0.983374,
      0.017267,
      -0.130737,
      0.137574,
      0.981673,
      0.018639,
      -0.142371,
      0.144196,
      0.979076,
      0.017303,
      -0.153766,
      0.146506,
      0.977032,
      0.017685,
      -0.167257,
      0.149989,
      0.974276,
      0.021305,
      -0.185947,
      0.159037,
      0.969369,
      0.023297,
      -0.202845,
      0.167061,
      0.964573,
      0.021678,
      -0.212195,
      0.17143,
      0.961828,
      0.021146,
      -0.21878,
      0.177013,
      0.95935,
      0.023728,
      -0.226504,
      0.183733,
      0.956229,
      0.024854,
      -0.230648,
      0.185748,
      0.954819,
      0.022638,
      -0.227602,
      0.181891,
      0.956347,
      0.021658,
      -0.222124,
      0.177635,
      0.958455,
      0.02361,
      -0.218361,
      0.177159,
      0.959361,
      0.02394,
      -0.212182,
      0.175281,
      0.961083,
      0.02103,
      -0.2006,
      0.168242,
      0.964889,
      0.019539,
      -0.189118,
      0.162076,
      0.968288,
      0.02118,
      -0.182252,
      0.161602,
      0.969649,
      0.021252,
      -0.174157,
      0.160189,
      0.971368,
      0.018091,
      -0.160816,
      0.153019,
      0.974882,
      0.016467,
      -0.148772,
      0.14704,
      0.977739,
      0.018126,
      -0.142935,
      0.147536,
      0.978506,
      0.018372,
      -0.137583,
      0.147562,
      0.979264,
      0.015494,
      -0.128336,
      0.14202,
      0.981386,
      0.014238,
      -0.121224,
      0.138003,
      0.982881,
      0.016404,
      -0.121265,
      0.140466,
      0.982494,
      0.017328,
      -0.122964,
      0.141797,
      0.982075,
      0.015277,
      -0.121781,
      0.136963,
      0.982943,
      -0.026297,
      -0.111424,
      0.016761,
      0.993283,
      -0.026724,
      -0.112287,
      0.016401,
      0.99318,
      -0.02473,
      -0.110998,
      0.012084,
      0.993439,
      -0.022695,
      -0.110743,
      0.009161,
      0.993547,
      -0.024133,
      -0.11352,
      0.011636,
      0.993174,
      -0.026292,
      -0.117581,
      0.01349,
      0.992623,
      -0.025573,
      -0.12242,
      0.010927,
      0.992088,
      -0.024187,
      -0.131613,
      0.01081,
      0.990947,
      -0.025707,
      -0.146266,
      0.015879,
      0.988783,
      -0.028062,
      -0.161771,
      0.020346,
      0.986219,
      -0.027417,
      -0.174181,
      0.022399,
      0.984076,
      -0.025443,
      -0.185797,
      0.027491,
      0.981873,
      -0.025749,
      -0.198166,
      0.036971,
      0.979132,
      -0.026934,
      -0.207423,
      0.043826,
      0.976897,
      -0.025937,
      -0.212136,
      0.043718,
      0.975916,
      -0.024077,
      -0.215325,
      0.04365,
      0.975269,
      -0.024454,
      -0.217594,
      0.047766,
      0.974562,
      -0.025828,
      -0.215497,
      0.049067,
      0.974928,
      -0.024959,
      -0.208552,
      0.043705,
      0.976715,
      -0.02316,
      -0.201166,
      0.039564,
      0.978483,
      -0.023837,
      -0.194274,
      0.04061,
      0.979816,
      -0.025519,
      -0.184248,
      0.039351,
      0.981759,
      -0.02458,
      -0.171175,
      0.032342,
      0.984402,
      -0.022836,
      -0.15979,
      0.027229,
      0.986511,
      -0.024019,
      -0.151115,
      0.027462,
      0.987842,
      -0.026046,
      -0.141633,
      0.025865,
      0.989238,
      -0.024977,
      -0.130654,
      0.019502,
      0.990921,
      -0.023097,
      -0.122043,
      0.015688,
      0.992131,
      -0.024354,
      -0.116764,
      0.017163,
      0.992712,
      -0.026297,
      -0.111424,
      0.016762,
      0.993283,
      -0.004749,
      -0.124448,
      -0.221213,
      0.96724,
      -0.005722,
      -0.12556,
      -0.220656,
      0.967218,
      -0.006088,
      -0.126572,
      -0.221526,
      0.966885,
      -0.004317,
      -0.127413,
      -0.220898,
      0.966928,
      -0.004382,
      -0.134093,
      -0.224207,
      0.965262,
      -0.008455,
      -0.149948,
      -0.235152,
      0.960285,
      -0.011245,
      -0.166694,
      -0.245764,
      0.954822,
      -0.010563,
      -0.178887,
      -0.251704,
      0.951069,
      -0.011138,
      -0.1901,
      -0.258626,
      0.947021,
      -0.014459,
      -0.20309,
      -0.272898,
      0.94025,
      -0.015712,
      -0.212703,
      -0.287141,
      0.933841,
      -0.013546,
      -0.214499,
      -0.290679,
      0.932368,
      -0.012818,
      -0.213938,
      -0.288915,
      0.933055,
      -0.015133,
      -0.215661,
      -0.290064,
      0.932268,
      -0.015661,
      -0.214364,
      -0.288916,
      0.932914,
      -0.012326,
      -0.205584,
      -0.281647,
      0.937154,
      -0.010232,
      -0.195441,
      -0.274067,
      0.941586,
      -0.011627,
      -0.18964,
      -0.27118,
      0.943589,
      -0.011608,
      -0.183197,
      -0.267438,
      0.945928,
      -0.00814,
      -0.171916,
      -0.25848,
      0.950561,
      -0.006172,
      -0.160706,
      -0.249885,
      0.954825,
      -0.007702,
      -0.154085,
      -0.246531,
      0.956775,
      -0.007774,
      -0.147498,
      -0.242692,
      0.958792,
      -0.004488,
      -0.137261,
      -0.234003,
      0.962487,
      -0.002655,
      -0.128622,
      -0.227205,
      0.965311,
      -0.004353,
      -0.125537,
      -0.227374,
      0.965671,
      -0.004599,
      -0.12302,
      -0.22775,
      0.965906,
      -0.001597,
      -0.117716,
      -0.222736,
      0.967744,
      -0.000523,
      -0.115196,
      -0.218562,
      0.968999,
      -0.003248,
      -0.11915,
      -0.22034,
      0.968112,
      -0.00475,
      -0.124448,
      -0.221213,
      0.96724,
      0.026297,
      -0.111424,
      -0.016761,
      0.993283,
      0.025683,
      -0.112521,
      -0.017983,
      0.993154,
      0.025042,
      -0.11379,
      -0.017858,
      0.993028,
      0.026968,
      -0.114879,
      -0.019517,
      0.992821,
      0.029779,
      -0.114147,
      -0.018697,
      0.992841,
      0.03004,
      -0.112817,
      -0.013297,
      0.993072,
      0.029827,
      -0.115679,
      -0.011149,
      0.992776,
      0.032473,
      -0.123042,
      -0.015546,
      0.991748,
      0.035739,
      -0.131945,
      -0.019854,
      0.990413,
      0.036643,
      -0.14243,
      -0.018476,
      0.988953,
      0.036827,
      -0.156105,
      -0.019703,
      0.986856,
      0.038165,
      -0.170763,
      -0.031837,
      0.984057,
      0.039251,
      -0.182069,
      -0.045396,
      0.981452,
      0.038197,
      -0.190187,
      -0.051678,
      0.979642,
      0.036423,
      -0.198074,
      -0.057428,
      0.977825,
      0.036758,
      -0.205844,
      -0.066759,
      0.975612,
      0.037838,
      -0.209385,
      -0.072452,
      0.97441,
      0.036609,
      -0.207845,
