{"animation":{"fields":["time","attr"],"times":[0.0,3.2],"poses":[3.459,-1e-06,-18.4048,3.459,-3e-06,-18.4048],"quats":[-0.499999,-0.5,-0.499999,0.5],"scales":[0.999998,1.0,0.999999],"length":3.2,"tracks":{"bone_guajian_30":{"pos":[0,0,1,1],"quat":[0,0,1,0],"scale":[0,0,1,0]}}},"is_global":true,"version":"0.1.0"}