{
  "animation": {
    "fields": [
      "time",
      "attr"
    ],
    "times": [
      0,
      3.2
    ],
    "poses": [
      -3.45937,
      2.24815e-7,
      -18.4048,
      -3.45938,
      -7.28859e-7,
      -18.4048
    ],
    "quats": [
      -0.5,
      -0.499999,
      -0.5,
      0.499999,
      -0.5,
      -0.499999,
      -0.499999,
      0.5
    ],
    "scales": [],
    "length": 3.2,
    "tracks": {
      "bone_guajian_29": {
        "pos": [
          0,
          0,
          1,
          1
        ],
        "quat": [
          0,
          0,
          1,
          1
        ]
      }
    }
  },
  "is_global": true,
  "version": "0.1.0"
}
