{
  "animation": {
    "fields": [
      "time",
      "attr"
    ],
    "times": [
      0,
      0.033333,
      0.066666,
      0.1,
      0.133333,
      0.166666,
      0.2,
      0.233333,
      0.266666,
      0.3,
      0.333333,
      0.366666,
      0.4,
      0.433333,
      0.466666,
      0.5,
      0.533333,
      0.566666,
      0.6,
      0.633333,
      0.666666,
      0.7,
      0.733333,
      0.766666,
      0.8,
      0.833333,
      0.866666,
      0.9,
      0.933333,
      0.966666,
      1
    ],
    "poses": [
      6.69642,
      -3.50454,
      -0.109113,
      -7.99054,
      -0.000004,
      -29.7005,
      6.67744,
      -3.50454,
      -0.109113,
      6.65647,
      -3.50454,
      -0.109113,
      6.6395,
      -3.50454,
      -0.109113,
      6.63251,
      -3.50454,
      -0.109113,
      6.63882,
      -3.50454,
      -0.109113,
      6.6566,
      -3.50454,
      -0.109113,
      6.68407,
      -3.50454,
      -0.109113,
      6.71947,
      -3.50454,
      -0.109113,
      6.76105,
      -3.50454,
      -0.109113,
      6.80703,
      -3.50454,
      -0.109113,
      6.85566,
      -3.50454,
      -0.109113,
      6.90517,
      -3.50454,
      -0.109113,
      6.95379,
      -3.50454,
      -0.109113,
      6.99977,
      -3.50454,
      -0.109113,
      7.04135,
      -3.50454,
      -0.109113,
      7.07675,
      -3.50454,
      -0.109113,
      7.10422,
      -3.50454,
      -0.109113,
      7.122,
      -3.50454,
      -0.109113,
      7.12832,
      -3.50454,
      -0.109113,
      7.11826,
      -3.50454,
      -0.109113,
      7.09068,
      -3.50454,
      -0.109113,
      7.04947,
      -3.50454,
      -0.109113,
      6.99852,
      -3.50454,
      -0.109113,
      6.94174,
      -3.50454,
      -0.109113,
      6.883,
      -3.50454,
      -0.109113,
      6.82622,
      -3.50454,
      -0.109113,
      6.77527,
      -3.50454,
      -0.109113,
      6.73406,
      -3.50454,
      -0.109113,
      6.70648,
      -3.50454,
      -0.109113,
      1.00405,
      -0.501536,
      -0.97508,
      1.00405,
      -0.50152,
      1.01084,
      6.50615,
      -2.01145,
      0.111483,
      13.6691,
      -1.07653,
      1.53331,
      13.6787,
      -1.04463,
      -0.460016,
      13.7261,
      -0.889871,
      -1.46294,
      13.6777,
      -1.10038,
      0.533159,
      13.2294,
      1.54024,
      -0.459497
    ],
    "quats": [
      -0.5,
      -0.499999,
      -0.499999,
      0.5,
      0.000003,
      0,
      0,
      1,
      0,
      0,
      0,
      1,
      0.499999,
      -0.499999,
      -0.5,
      0.5,
      0.696464,
      0.122221,
      0.12222,
      0.696463,
      0.696821,
      0.120173,
      0.120172,
      0.696819,
      0.700616,
      -0.095594,
      -0.095594,
      0.700614
    ],
    "scales": [],
    "length": 1,
    "tracks": {
      "bone_guajian_22": {
        "pos": [
          0,
          1
        ],
        "quat": [
          0,
          0
        ]
      },
      "bone_guajian_23": {
        "pos": [
          0,
          0,
          1,
          2,
          2,
          3,
          3,
          4,
          4,
          5,
          5,
          6,
          6,
          7,
          7,
          8,
          8,
          9,
          9,
          10,
          10,
          11,
          11,
          12,
          12,
          13,
          13,
          14,
          14,
          15,
          15,
          16,
          16,
          17,
          17,
          18,
          18,
          19,
          19,
          20,
          20,
          21,
          21,
          22,
          22,
          23,
          23,
          24,
          24,
          25,
          25,
          26,
          26,
          27,
          27,
          28,
          28,
          29,
          29,
          30,
          30,
          0
        ],
        "quat": [
          0,
          1,
          30,
          2
        ]
      },
      "bone_guajian_26": {
        "pos": [
          0,
          31
        ]
      },
      "bone_guajian_27": {
        "pos": [
          0,
          32
        ]
      },
      "bone_lingjian_00": {
        "pos": [
          0,
          33
        ],
        "quat": [
          0,
          3
        ]
      },
      "bone_shouzhi_12": {
        "pos": [
          0,
          34
        ],
        "quat": [
          0,
          4
        ]
      },
      "bone_shouzhi_13": {
        "pos": [
          0,
          35
        ],
        "quat": [
          0,
          5
        ]
      },
      "bone_shouzhi_14": {
        "pos": [
          0,
          36
        ]
      },
      "bone_shouzhi_16": {
        "pos": [
          0,
          37
        ]
      },
      "bone_shouzhi_17": {
        "pos": [
          0,
          38
        ],
        "quat": [
          0,
          6
        ]
      }
    }
  },
  "is_global": true,
  "version": "0.1.0"
}
