{"animation":{"fields":["time","attr"],"times":[0.0,0.033333,0.066666,0.1,0.133333,0.166666,0.2,0.233333,0.266666,0.3,0.333333,0.366666,0.4,0.433333,0.466666,0.5,0.533333,0.566666,0.6,0.633333,0.666666,0.7,0.733333,0.766666,0.8,0.833333,0.866666,0.9,0.933333,0.966666,1.0],"poses":[0.984914,7.0822,0.0,-0.0,-0.0,-17.5088,-0.0,-0.0,-17.5305,-0.0,-0.0,-17.5918,-0.0,-0.0,-17.6865,-0.0,-0.0,-17.8086,-0.0,-0.0,-17.9519,-0.0,-0.0,-18.1104,-0.0,-0.0,-18.2781,-0.0,-0.0,-18.4488,-0.0,-0.0,-18.6164,-0.0,-0.0,-18.7749,-0.0,-0.0,-18.9183,-0.0,-0.0,-19.0403,-0.0,-0.0,-19.135,-0.0,-0.0,-19.1963,3.04995,18.0057,-12.9763,3.04995,18.0057,12.976,-7.32492,-0.024286,0.000302,-7.32492,-0.024284,9.53674e-07,10.0903,-0.533418,0.372364,10.0903,-0.53342,-0.372001,1.05663,-14.9622,-10.0371,1.05667,-14.9622,10.037,-0.0,-0.0,-19.2181,2.89871,18.0057,-12.9763,2.74164,18.0057,-12.9763,2.58479,18.0057,-12.9763,2.43647,18.0057,-12.9763,2.30662,18.0057,-12.9763,2.20546,18.0057,-12.9763,2.14138,18.0057,-12.9763,2.11952,18.0057,-12.9763,2.14198,18.0057,-12.9763,2.20516,18.0057,-12.9763,2.3028,18.0057,-12.9763,2.42864,18.0057,-12.9763,2.57641,18.0057,-12.9763,2.73984,18.0057,-12.9763,2.91268,18.0057,-12.9763,3.08865,18.0057,-12.9763,3.26148,18.0057,-12.9763,3.42491,18.0057,-12.9763,3.57268,18.0057,-12.9763,3.69852,18.0057,-12.9763,3.79616,18.0057,-12.9763,3.85934,18.0057,-12.9763,3.8818,18.0057,-12.9763,3.84981,18.0057,-12.9763,3.76429,18.0057,-12.9763,3.64025,18.0057,-12.9763,3.4922,18.0057,-12.9763,3.33455,18.0057,-12.9763,3.18199,18.0057,-12.9763,2.90778,18.0057,12.976,2.75492,18.0057,12.976,2.59949,18.0057,12.976,2.45075,18.0057,12.976,2.31867,18.0057,12.976,2.2133,18.0057,12.976,2.14415,18.0057,12.976,2.11952,18.0057,12.976,2.14197,18.0057,12.976,2.20515,18.0057,12.976,2.3028,18.0057,12.976,2.42864,18.0057,12.976,2.57641,18.0057,12.976,2.73984,18.0057,12.976,2.91268,18.0057,12.976,3.08864,18.0057,12.976,3.26148,18.0057,12.976,3.42491,18.0057,12.976,3.57268,18.0057,12.976,3.69852,18.0057,12.976,3.79616,18.0057,12.976,3.85934,18.0057,12.976,3.88179,18.0057,12.976,3.84888,18.0057,12.976,3.76242,18.0057,12.976,3.63839,18.0057,12.976,3.49082,18.0057,12.976,3.33327,18.0057,12.976,3.18039,18.0057,12.976],"quats":[-0.132474,-0.98748,0.006682,-0.085375,-0.132474,-0.987479,-0.006682,0.085376,-0.002863,-0.11964,0.15464,0.980695,0.002692,0.115581,0.153238,0.981402,-0.076342,-0.996143,-0.000758,-0.043225,-0.076342,-0.996143,0.000758,0.043225,-0.122979,-0.988886,0.005747,-0.083342,-0.110149,-0.990863,0.004172,-0.077712,-0.095878,-0.992976,0.002371,-0.06928,-0.081522,-0.994931,0.000652,-0.058861,-0.068225,-0.996548,-0.000785,-0.047288,-0.057095,-0.997738,-0.001849,-0.035407,-0.049331,-0.998489,-0.002537,-0.024073,-0.046381,-0.998819,-0.002921,-0.014139,-0.048455,-0.998808,-0.003562,-0.004661,-0.05423,-0.998499,-0.004334,0.006178,-0.063126,-0.99784,-0.005305,0.017336,-0.074562,-0.996808,-0.006495,0.027769,-0.087959,-0.995426,-0.007847,0.036436,-0.102742,-0.993765,-0.009215,0.042307,-0.118342,-0.991927,-0.01035,0.04436,-0.134196,-0.989999,-0.010985,0.042088,-0.149737,-0.988,-0.010996,0.036222,-0.164397,-0.985953,-0.010341,0.027623,-0.177609,-0.98391,-0.009059,0.01714,-0.188808,-0.98197,-0.007273,0.005614,-0.197443,-0.980281,-0.005183,-0.006127,-0.202969,-0.979027,-0.003054,-0.017273,-0.204854,-0.978418,-0.001189,-0.027024,-0.201378,-0.97884,0.000909,-0.036288,-0.192541,-0.980161,0.002964,-0.046937,-0.180232,-0.981902,0.00469,-0.057975,-0.166202,-0.983699,0.005907,-0.068384,-0.152213,-0.985312,0.006567,-0.077122,-0.1402,-0.986603,0.00676,-0.083138,-0.123792,-0.988785,-0.005816,0.083338,-0.111859,-0.990671,-0.004306,0.077706,-0.097866,-0.992782,-0.00251,0.069276,-0.083152,-0.994796,-0.000749,0.058861,-0.069162,-0.996483,0.000741,0.047289,-0.057394,-0.997721,0.001838,0.035409,-0.049332,-0.998489,0.002537,0.024073,-0.04638,-0.998819,0.002921,0.01414,-0.048455,-0.998808,0.003562,0.004661,-0.05423,-0.998499,0.004334,-0.006177,-0.063126,-0.99784,0.005305,-0.017336,-0.074562,-0.996808,0.006495,-0.027769,-0.087959,-0.995426,0.007847,-0.036436,-0.102741,-0.993765,0.009214,-0.042307,-0.118342,-0.991927,0.01035,-0.04436,-0.134196,-0.989999,0.010985,-0.042088,-0.149737,-0.988,0.010996,-0.036222,-0.164397,-0.985953,0.010341,-0.027622,-0.177609,-0.98391,0.009059,-0.017139,-0.188808,-0.98197,0.007272,-0.005613,-0.197442,-0.980281,0.005183,0.006128,-0.202969,-0.979027,0.003054,0.017274,-0.204853,-0.978418,0.001189,0.027025,-0.201213,-0.978874,-0.000903,0.036289,-0.19178,-0.98031,-0.002928,0.046939,-0.178643,-0.982193,-0.004596,0.057983,-0.164004,-0.984068,-0.005754,0.068397,-0.150069,-0.98564,-0.006399,0.077136,-0.138931,-0.986782,-0.006653,0.083147,-0.002191,-0.120061,0.151551,0.981128,-0.001639,-0.125884,0.155968,0.979706,-0.001288,-0.133475,0.164095,0.977371,-0.001224,-0.140035,0.172312,0.975036,-0.001391,-0.14346,0.177364,0.973631,-0.001668,-0.142159,0.176504,0.973978,-0.001925,-0.134835,0.167579,0.976592,-0.001999,-0.120254,0.149079,0.981483,-0.001164,-0.099504,0.122479,0.987469,-0.000474,-0.075579,0.092081,0.992878,2.4e-05,-0.050027,0.059946,0.996947,0.000265,-0.024215,0.027852,0.999318,0.000219,0.000649,-0.00268,0.999996,-0.000117,0.023531,-0.030397,0.99926,-0.00071,0.043579,-0.054297,0.997573,-0.001484,0.060127,-0.073628,0.99547,-0.002342,0.072668,-0.087867,0.993475,-0.003195,0.08083,-0.096648,0.992025,-0.003895,0.084338,-0.099714,0.991427,-0.00433,0.08297,-0.096876,0.991822,-0.004392,0.076524,-0.087979,0.993168,-0.003999,0.064785,-0.072882,0.995226,-0.003112,0.047525,-0.051458,0.997538,-0.003775,0.021475,-0.020185,0.999558,-0.003359,-0.011062,0.018797,0.999756,-0.002652,-0.044474,0.059009,0.997262,-0.00215,-0.074818,0.096002,0.992562,-0.001968,-0.099185,0.126489,0.986994,-0.002212,-0.115121,0.14746,0.982342,0.001983,0.11504,0.150125,0.981949,0.001381,0.120616,0.155375,0.980463,0.001033,0.128667,0.16405,0.978023,0.000973,0.136149,0.172262,0.975596,0.001169,0.140622,0.177005,0.974111,0.001463,0.140172,0.175946,0.974367,0.001712,0.133288,0.167163,0.976876,0.001782,0.118715,0.148905,0.981697,0.000955,0.097814,0.122346,0.987655,0.000287,0.07377,0.091973,0.993025,-0.000176,0.048122,0.059856,0.997046,-0.000378,0.022234,0.027778,0.999366,-0.000292,-0.002689,-0.00274,0.999992,8.2e-05,-0.02562,-0.030441,0.999208,0.000707,-0.04571,-0.054324,0.997476,0.001512,-0.062295,-0.073638,0.995336,0.002418,-0.074874,-0.087859,0.993311,0.003275,-0.083071,-0.096626,0.991842,0.003979,-0.086611,-0.099682,0.991234,0.004415,-0.085277,-0.096838,0.99163,0.004472,-0.078863,-0.087938,0.992989,0.004064,-0.067155,-0.072842,0.995071,0.003152,-0.049922,-0.05142,0.997423,0.003755,-0.023564,-0.019924,0.999516,0.003241,0.009787,0.019745,0.999751,0.002446,0.044083,0.060779,0.997174,0.001833,0.074898,0.098271,0.992335,0.001691,0.098939,0.128503,0.986759,0.001995,0.113497,0.148203,0.98242,-0.068162,-0.997025,-0.001615,-0.035942,-0.056542,-0.998057,-0.002599,-0.026016,-0.042553,-0.998982,-0.003453,-0.014544,-0.027549,-0.999608,-0.003999,-0.002644,-0.013108,-0.999868,-0.004183,0.008563,-0.000905,-0.99983,-0.004085,0.017951,0.007437,-0.999667,-0.003885,0.0244,0.010489,-0.999578,-0.003785,0.026796,0.008219,-0.99964,-0.004886,0.025043,0.001885,-0.999778,-0.006082,0.020079,-0.007878,-0.999866,-0.007246,0.012383,-0.020438,-0.999754,-0.008228,0.00244,-0.035156,-0.999299,-0.008881,-0.009254,-0.05139,-0.99839,-0.009093,-0.022201,-0.068497,-0.996966,-0.008795,-0.035889,-0.085836,-0.995031,-0.007986,-0.04981,-0.102773,-0.992655,-0.006731,-0.063453,-0.118688,-0.98998,-0.005164,-0.076321,-0.132976,-0.987205,-0.003481,-0.087924,-0.14505,-0.984577,-0.001925,-0.09779,-0.15434,-0.982373,-0.000771,-0.105456,-0.160282,-0.98087,-0.000299,-0.110464,-0.162313,-0.980322,-0.000764,-0.112349,-0.158775,-0.981276,0.000454,-0.109025,-0.149326,-0.983609,0.000331,-0.101061,-0.135906,-0.986622,-0.000433,-0.090028,-0.120098,-0.98975,-0.001278,-0.077257,-0.103469,-0.992565,-0.001785,-0.064069,-0.087921,-0.994767,-0.001672,-0.05201,-0.068328,-0.996992,0.001569,0.036523,-0.056492,