{"animation":{"fields":["time","attr"],"times":[0.0,0.033333,0.066666,0.1,0.133333,0.166666,0.2,0.233333,0.266666,0.3,0.333333,0.366666,0.4,0.433333,0.466666,0.5,0.533333,0.566666,0.6,0.633333,0.666666],"poses":[0.0,1.9657,-9.16543,0.0,1.9657,-8.72009,0.0,1.9657,-9.53881,-4.84812,6.08521,-3.45129,-4.96839,-4.89454,3.45104,-4.9673,-4.89381,3.45104,-4.31508,-5.25113,-3.45121,-4.95739,-4.88592,-3.45121,-4.56736,6.08194,3.45096,-4.50461,6.07635,-3.45129,-4.75654,6.08531,-3.45129,-4.65121,6.08219,-3.45129,-4.54806,6.08167,-3.45129,-4.21366,5.0818,-3.45129,-4.42443,5.41539,-3.45129,-4.63519,5.74901,-3.45129,-4.71361,-4.90149,3.45104,-4.85009,-5.36736,3.45104,-4.62175,-5.21895,3.45104,-4.39463,-5.06903,3.45104,-5.55082,-4.89411,3.45104,-4.30416,-5.07869,-3.45121,-5.55437,-4.88607,-3.45121,-4.98258,-4.88637,-3.45121,-4.8164,-4.88977,-3.45121,-4.77111,-5.24665,-3.45121,-3.88843,5.60812,3.45096,-4.20271,5.76623,3.45096,-4.51697,5.92437,3.45096,-4.8334,6.08509,3.45096,-4.50516,6.0762,3.45096,-4.74267,6.08405,3.45095,-5.0517,6.08311,3.45096],"quats":[-1e-06,3e-06,0.865919,0.500184,-1e-06,3e-06,0.832179,0.554506,-1e-06,3e-06,0.881621,0.471956,0.004179,0.707094,0.004174,0.707094,-2e-06,-2e-06,-0.707107,0.707106,0.012943,0.706988,0.012937,0.706988,0.000828,0.707106,0.000823,0.707106,4.3535053e-07,-2e-06,0.983775,-0.179405,3e-05,-8.5484072e-07,-0.029516,0.999564,-3e-05,1e-06,0.059891,0.998204,0.0,0.0,-0.029537,0.999563,9e-06,4.4108214e-07,0.059935,0.998202,-2e-06,-2e-06,-0.715336,0.698779,-2e-06,-2e-06,-0.700869,0.713289,-0.331881,-0.631032,0.623609,-0.320567,0.320571,-0.623614,0.631026,0.331881,-5.5009775e-07,-2e-06,0.981741,0.190219,-1.895137e-07,-2e-06,0.998502,0.054707,-9.5143224e-07,-2e-06,0.939908,0.341425,-0.0,-2e-06,0.999832,0.018323,-4.6248579e-07,-2e-06,0.987556,0.157265,-8.3025429e-07,-2e-06,0.955272,0.295725,-9.521649e-07,-2e-06,0.939808,0.341701,-9.7671852e-07,-2e-06,0.936388,0.350966,-2.6698268e-07,-2e-06,0.996482,0.083795,4.6277614e-07,-2e-06,0.981849,-0.18966,3e-05,-8.8980943e-07,-0.058028,0.998314,3e-05,-5.1272758e-07,-0.072951,0.997335,3e-05,0.0,-0.054379,0.99852,3e-05,-4.5127027e-07,-0.016259,0.999867,3e-05,1e-06,0.019665,0.999806,3.1e-05,1e-06,0.044599,0.999004,3e-05,1e-06,0.049105,0.998793,-2e-05,-5.071343e-07,0.026308,0.999653,-2e-05,0.0,-0.002019,0.999997,3e-05,-1e-06,-0.035305,0.999376,3e-05,-9.2219392e-07,-0.05909,0.998252,-2e-05,3e-06,-0.076663,0.997057,-2.1e-05,2e-06,-0.058752,0.998272,-2.1e-05,4.5501127e-07,-0.018789,0.999823,-2.1e-05,4.8855975e-07,0.017791,0.999841,-2e-05,-8.6117967e-07,0.043217,0.999065,-2e-05,-9.629631e-07,0.048078,0.998843,-2e-05,-4.9071093e-07,0.025524,0.999674,-2e-05,0.0,0.000994,0.999999,-2.9e-05,3e-06,0.120977,0.992655,-2.9e-05,2e-06,0.144462,0.98951,-2.9e-05,2e-06,0.104688,0.994505,-2.9e-05,3.2782538e-07,-0.036575,0.99933,-2.9e-05,-3e-06,-0.105519,0.994417,-2.9e-05,-2e-06,-0.137567,0.990492,-2.9e-05,-2e-06,-0.128118,0.991758,2.1e-05,2e-06,-0.077377,0.997001,-2.9e-05,-1e-06,0.025886,0.999664,-8.1e-05,-1e-06,0.091081,0.995843,-8.1e-05,-3e-06,0.137994,0.990432,2.1e-05,-5e-06,0.16296,0.986632,2.1e-05,-3e-06,0.120726,0.992685,2.1e-05,2e-06,-0.029973,0.99955,2.2e-05,2e-06,-0.101731,0.994811,2.1e-05,3e-06,-0.135606,0.990762,2.1e-05,3e-06,-0.127288,0.991865,2.1e-05,2e-06,-0.077209,0.997014,-2.9e-05,-1e-06,0.02025,0.999794,5.1e-05,-2e-06,-0.058047,0.998313,5.2e-05,-1e-06,-0.072967,0.997334,5.1e-05,-1e-06,-0.054391,0.998519,5.1e-05,-7.9471079e-07,-0.016266,0.999867,5.1e-05,1e-06,0.01966,0.999806,5.2e-05,2e-06,0.044595,0.999005,5.2e-05,2e-06,0.049101,0.998793,5.2e-05,1e-06,0.026306,0.999653,8.7826288e-07,0.0,-0.002019,0.999997,0.0,0.0,-0.035306,0.999376,0.0,8.7405886e-07,-0.059091,0.998252,2.4799368e-07,2e-06,-0.076664,0.997056,1.442576e-07,1e-06,-0.058752,0.998272,-5.2e-05,1e-06,-0.01879,0.999823,-5.1e-05,-0.0,0.017791,0.999841,-5.1e-05,-2e-06,0.043218,0.999065,-5.1e-05,-2e-06,0.048076,0.998843,-5.1e-05,-1e-06,0.025522,0.999674,-5.1e-05,-0.0,0.000994,0.999999,-4.2e-05,6e-06,0.121008,0.992651,-4.2e-05,6e-06,0.144479,0.989507,-4.2e-05,5e-06,0.104694,0.994504,-4.2e-05,-0.0,-0.036583,0.99933,-4.1e-05,-6e-06,-0.105532,0.994415,-4.1e-05,-7e-06,-0.13758,0.99049,-4.1e-05,-7e-06,-0.128127,0.991757,-4.2e-05,-3e-06,-0.077388,0.997001,9e-06,4.850948e-07,0.025874,0.999665,9e-06,6.0282071e-07,0.091073,0.995844,9e-06,7.4314607e-07,0.137988,0.990433,9e-06,-1e-06,0.162953,0.986633,9e-06,2.7609317e-07,0.120719,0.992686,6.1e-05,3e-06,-0.029975,0.99955,9e-06,9e-06,-0.101733,0.994811,-6.2e-05,2.4e-05,-0.135613,0.990761,-6.3e-05,2.2e-05,-0.127286,0.991865,-1.1e-05,1e-05,-0.077208,0.997014,-1.1e-05,-2e-06,0.020243,0.999795,-0.337629,-0.632863,0.620868,-0.316247,-0.340068,-0.633325,0.619786,-0.314828,-0.337422,-0.631438,0.621424,-0.318219,-0.325652,-0.62618,0.628079,-0.327664,-0.318248,-0.622568,0.631991,-0.334235,-0.313053,-0.619996,0.63468,-0.338796,-0.311628,-0.61934,0.635445,-0.339873,-0.315066,-0.621178,0.633789,-0.336424,-0.32742,-0.628884,0.626018,-0.324654,-0.333898,-0.632527,0.622178,-0.3183,-0.338506,-0.633639,0.62014,-0.315183,-0.341047,-0.634048,0.619072,-0.313717,-0.338267,-0.632039,0.620831,-0.317285,-0.326061,-0.626474,0.627804,-0.327224,-0.318535,-0.622772,0.631806,-0.33393,-0.313252,-0.620141,0.634551,-0.338588,-0.311768,-0.619441,0.635356,-0.339726,-0.315165,-0.621246,0.633728,-0.336321,-0.326987,-0.628632,0.62628,-0.325074,0.31625,-0.620873,0.632857,0.337628,0.314829,-0.61979,0.63332,0.340068,0.318237,-0.621396,0.631465,0.337406,0.327675,-0.628068,0.626191,0.325642,0.334243,-0.631983,0.622576,0.318239,0.338802,-0.634673,0.620002,0.313047,0.339876,-0.635442,0.619343,0.311625,0.336427,-0.633788,0.621179,0.315064,0.324638,-0.626053,0.628849,0.327435,0.31829,-0.622205,0.6325,0.333908,0.315176,-0.620161,0.633617,0.338514,0.313712,-0.619089,0.634031,0.341052,0.317284,-0.620839,0.63203,0.338269,0.327203,-0.627808,0.626473,0.326076,0.333914,-0.631808,0.622773,0.318546,0.338576,-0.634554,0.62014,0.313261,0.339719,-0.635358,0.61944,0.311774,0.336318,-0.633726,0.621248,0.315167,0.325068,-0.626271,0.628643,0.326987,-9.8628584e-07,-2e-06,0.935026,0.354577,-1e-06,-2e-06,0.913539,0.406749,-8.5320488e-07,-1e-06,0.87959,0.475731,-2.7088205e-07,-1e-06,0.991133,0.132869,3.4665553e-07,-1e-06,0.973832,-0.227264,2.9486372e-07,-2e-06,0.991921,-0.126849,-0.0,-2e-06,0.999998,0.001562,2.1595295e-07,-2e-06,0.995254,-0.097309,3.0211308e-07,-2e-06,0.991571,-0.129563,-0.0,-2e-06,0.999999,0.000939,-4.1989875e-07,-2e-06,0.989973,0.141253,-1e-06,-2e-06,0.92808,0.37238,-1e-06,-2e-06,0.913784,0.406198,-1e-06,-2e-06,0.892889,0.450276,-1e-06,-2e-06,0.928221,0.372027,-2.6091288e-07,-2e-06,0.996672,0.081515,5.3393273e-07,-2e-06,0.976336,-0.216257,4.0750604e-07,-2e-06,0.985617,-0.168992,-0.0,-2e-06,0.999844,0.017611,-4.9553438e-07,-2e-06,0.985496,0.169693,-6.8719197e-07,-2e-06,0.97032,0.241823],"scales":[1.0,1.0,1.0],"length":0.666666,"tracks":{"bone000":{"pos":[0,0,3,1,8,2,10,0,13,1,18,2,20,0],"quat":[0,3,3,5,8,6,10,3,13,5,18,6,20,3]},"bone001":{"pos":[0,3,3,9,5,10,8,11,10,12,13,13,15,14,18,15,20,3],"quat":[0,7,3,19,5,20,8,21,10,22,13,23,15,24,18,25,20,7]},"bone002":{"quat":[0,0,3,1,8,2,10,0,13,1,18,2,20,0]},"bone003":{"quat":[0,8,1,26,2,27,3,28,4,29,5,30,6,31,7,32,8,33,9,34,10,35,11,36,12,37,13,38,14,39,15,40,16,41,17,42,18,43,19,44,20,8]},"bone004":{"quat":[0,9,1,45,2,46,3,47,4,48,5,49,6,50,7,51,8,52,9,53,10,54,11,55,12,56,13,57,14,58,15,59,16,60,17,61,18,62,19,63,20,9]},"bone005":{"quat":[0,0,3,1,8,2,10,0,13,1,18,2,20,0]},"bone006":{"quat":[0,10,1,64,2,65,3,66,4,67,5,68,6,69,7,70,8,71,9,72,10,73,11,74,12,75,13,76,14,77,15,78,16,79,17,80,18,81,19,82,20,10]},"bone007":{"quat":[0,11,1,83,2,84,3,85,4,86,5,87,6,88,7,89,8,90,9,91,10,92,11,93,12,94,13,95,14,96,15,97,16,98,17,99,18,100,19,101,20,11]},"bone008":{"quat":[0,4,3,12,8,13,10,4,13,12,18,13,20,4]},"bone009":{"quat":[0,14,1,102,2,103,3,104,4,105,5,106,6,107,7,108,8,109,9,110,10,111,11,112,12,113,13,114,14,115,15,116,16,117,17,118,18,119,19,120,20,14]},