{"animation":{"fields":["time","attr"],"times":[0.0,0.033333,0.066666,0.1,0.133333,0.166666,0.2,0.233333,0.266666,0.3,0.333333,0.366666,0.4,0.433333,0.466666,0.5,0.533333,0.566666,0.6,0.633333,0.666666,0.7,0.733333,0.766666,0.8,0.833333,0.866666,0.9,0.933333,0.966666,1.0,1.03333,1.06667,1.1,1.13333,1.16667,1.2,1.23333,1.26667,1.3,1.33333,1.36667,1.4,1.43333,1.46667,1.5,1.53333,1.56667,1.6,1.63333,1.66667,1.7,1.73333,1.76667,1.8,1.83333,1.86667,1.9,1.93333,1.96667,2.0],"poses":[0.0,1.88303,-9.06926,-4.99713,6.07322,-3.45129,7.01371,9.40042,-3.99808,-4.86613,-4.9053,3.45104,-4.90299,-4.90474,-3.45121,-4.8761,6.07249,3.45095,0.0,1.88303,-8.58536,-4.40293,6.46448,-3.4513,-4.5455,-4.84839,3.45103,-4.61259,-4.88111,-3.45121,-4.23191,6.36407,3.45095],"quats":[-1e-06,3e-06,0.865919,0.500184,-0.002747,0.707101,-0.002752,0.707101,-1.5427877e-07,-2e-06,0.999139,0.041482,-1e-06,3e-06,0.819029,0.57375,-2e-06,2e-06,0.906217,0.422811,-5.1e-05,-2e-06,0.057817,0.998327,5.1e-05,-2e-06,0.066767,0.997768,2.1e-05,1e-06,0.057818,0.998327,-2.1e-05,2e-06,0.066768,0.997768,-2e-06,-2e-06,-0.705674,0.708536,-0.326513,-0.627215,0.627206,-0.326497,0.326497,-0.627206,0.627215,0.326513,1.3213881e-07,-2e-06,0.997825,-0.065916,0.0,-2e-06,0.998874,-0.047439,-3.3334297e-07,-2e-06,0.994072,0.108723,0.007978,0.707061,0.007973,0.707061,-1.054555e-07,-2e-06,0.999731,0.023161,-5e-05,-2e-06,0.047113,0.998889,-5.1e-05,-2e-06,0.039487,0.99922,-5.1e-05,-1e-06,0.03404,0.99942,-5.1e-05,-1e-06,0.030136,0.999545,0.0,0.0,0.027322,0.999626,0.0,0.0,0.025276,0.99968,0.0,0.0,0.02378,0.999717,-5.1e-05,-1e-06,0.022668,0.999743,-5.2e-05,-1e-06,0.021832,0.999761,-5.2e-05,-1e-06,0.021185,0.999775,-5.2e-05,-1e-06,0.02068,0.999786,-5.2e-05,-9.7029192e-07,0.019392,0.999811,0.0,0.0,-0.005388,0.999985,5.2e-05,-1e-06,-0.022817,0.999739,5.1e-05,-1e-06,-0.03505,0.999385,5.1e-05,-3e-06,-0.043619,0.999048,5.1e-05,-2e-06,-0.049607,0.998768,5.1e-05,-2e-06,-0.053777,0.998552,5.1e-05,-2e-06,-0.056666,0.998393,5.2e-05,-3e-06,-0.058653,0.998278,5.1e-05,-3e-06,-0.060005,0.998198,5.1e-05,-3e-06,-0.060907,0.998143,5.2e-05,-3e-06,-0.061493,0.998107,5.2e-05,-3e-06,-0.062159,0.998066,5.2e-05,-2e-06,-0.049409,0.998778,5.2e-05,-3e-06,-0.040619,0.999174,5.2e-05,-1e-06,-0.034576,0.999402,5.2e-05,-2e-06,-0.030443,0.999536,5.2e-05,-1e-06,-0.027636,0.999618,5.2e-05,-1e-06,-0.025746,0.999668,5.2e-05,-1e-06,-0.024494,0.999699,8.7896535e-07,0.0,-0.023684,0.999719,8.5684661e-07,-9.300756e-07,-0.023181,0.999731,8.7894836e-07,0.0,-0.022955,0.999736,8.7812276e-07,0.0,0.001214,0.999999,8.7724578e-07,0.0,0.018025,0.999837,8.764892e-07,0.0,0.029724,0.999558,8.7588978e-07,0.0,0.037885,0.999282,0.0,0.0,0.043599,0.999049,8.7509852e-07,0.0,0.047619,0.998865,0.0,0.0,0.05047,0.998725,8.7466964e-07,0.0,0.05251,0.99862,0.0,0.0,0.053989,0.998541,8.7443556e-07,0.0,0.05508,0.998481,8.7435961e-07,0.0,0.055903,0.998436,8.7430027e-07,0.0,0.05654,0.9984,8.7425275e-07,0.0,0.057046,0.998371,-0.0,-8e-06,0.083132,0.996538,0.0,-8e-06,0.090633,0.995884,5.1e-05,-4e-06,0.09267,0.995696,5.1e-05,-3e-06,0.091479,0.995806,-0.0,2.3208108e-07,0.088518,0.996074,-1.5563414e-07,4.6532563e-07,0.084712,0.996405,0.0,-0.0,0.080629,0.996744,5.1e-05,-3e-06,0.07662,0.99706,5.1e-05,-2e-06,0.072867,0.997341,-0.0,-6e-06,0.069472,0.997583,-0.0,-6e-06,0.066459,0.997789,-0.0,-6e-06,0.06383,0.99796,-0.0,-6e-06,0.061563,0.998103,0.0,-5e-06,0.059617,0.998221,-1.3652978e-07,-5e-06,0.057958,0.998318,-5.1e-05,-3e-06,0.072782,0.997347,-0.000103,2.4710104e-07,0.071376,0.997449,-5.1e-05,3e-06,0.060862,0.998146,-5.1e-05,3e-06,0.045796,0.99895,1.4141277e-07,3e-06,0.029032,0.999578,-0.0,1e-06,0.012293,0.999924,-1.3410883e-07,0.0,-0.003437,0.999994,-0.0,-1e-06,-0.017672,0.999843,-0.0,-3e-06,-0.030213,0.999543,0.0,-4e-06,-0.04105,0.999157,5.1e-05,-7e-06,-0.05028,0.998735,-0.0,-5e-06,-0.058053,0.998313,-1.6169329e-07,-6e-06,-0.06454,0.997915,5.1e-05,-1.1e-05,-0.069912,0.997553,5.1e-05,-1.1e-05,-0.074332,0.997233,-1.3032887e-07,-9e-06,-0.091558,0.995799,0.0,-9e-06,-0.098255,0.995161,-1.1776632e-07,-1e-05,-0.098754,0.995111,-1.9974452e-07,-9e-06,-0.095811,0.995399,-1.7573915e-07,-9e-06,-0.09116,0.995836,-0.0,-9e-06,-0.085868,0.996306,0.0,-8e-06,-0.080559,0.996749,5.1e-05,-3e-06,-0.075583,0.997139,5.1e-05,-2e-06,-0.07111,0.997468,5.1e-05,-3e-06,-0.067202,0.997739,5.1e-05,-3e-06,-0.063863,0.997958,5.1e-05,-3e-06,-0.061054,0.998134,5.1e-05,-3e-06,-0.058722,0.998274,5.1e-05,-2e-06,-0.05681,0.998385,5.1e-05,-3e-06,-0.055258,0.998472,-0.0,-3.9488242e-07,-0.069822,0.997559,-0.0,-2.6493694e-07,-0.068329,0.997662,-0.0,-7.8088505e-07,-0.058055,0.998313,0.0,2.3819226e-07,-0.043569,0.99905,-0.0,-0.0,-0.027658,0.999617,-0.0,-1.4899032e-07,-0.011956,0.999928,-2.3841781e-07,-0.0,0.002654,0.999996,-2.4589366e-07,4.7302572e-07,0.015738,0.999876,-0.0,4.7666106e-07,0.027166,0.99963,-0.0,4.7651116e-07,0.036968,0.999316,-0.0,4.7634825e-07,0.045268,0.998974,-0.0,4.7618633e-07,0.052225,0.998635,-0.0,4.7603388e-07,0.058018,0.998315,5.1e-05,-2e-06,0.062812,0.998025,-2.9e-05,-1e-06,0.047113,0.998889,-2.9e-05,-1e-06,0.039487,0.99922,-2.9e-05,-9.6931205e-07,0.03404,0.99942,-2.9e-05,-8.5312553e-07,0.030136,0.999545,2.1e-05,6.4093626e-07,0.027322,0.999626,-2.9e-05,1.2567249e-07,0.025277,0.99968,-3e-05,-6.8098308e-07,0.02378,0.999717,-2.9e-05,-6.3089789e-07,0.022669,0.999742,-3e-05,-1e-06,0.021832,0.999761,-3e-05,-6.0193696e-07,0.021186,0.999775,-3e-05,-5.8651869e-07,0.02068,0.999786,-3e-05,-5.4727354e-07,0.019392,0.999811,-3e-05,2.0795237e-07,-0.005389,0.999985,-2.9e-05,-2.306888e-07,-0.022818,0.999739,2e-05,-6.8905615e-07,-0.03505,0.999385,2e-05,-1e-06,-0.04362,0.999048,2e-05,-9.934156e-07,-0.049608,0.998768,2e-05,-1e-06,-0.053778,0.998552,2.1e-05,-1e-06,-0.056667,0.998393,2.1e-05,-1e-06,-0.058653,0.998278,2e-05,-1e-06,-0.060005,0.998198,2e-05,-2e-06,-0.060906,0.998143,2.1e-05,-1e-06,-0.061493,0.998107,2.1e-05,-1e-06,-0.062159,0.998066,2.1e-05,-1e-06,-0.049409,0.998778,2.1e-05,-1e-06,-0.040618,0.999174,2.1e-05,-7.1212776e-07,-0.034576,0.999402,2.1e-05,-1e-06,-0.030444,0.999536,2.1e-05,-5.6040932e-07,-0.027636,0.999618,2.1e-05,-5.1906522e-07,-0.025745,0.999668,2.1e-05,-4.9171967e-07,-0.024494,0.999699,-2.9e-05,7.4851619e-07,-0.023684,0.999719,-2.9e-05,-2.1988188e-07,-0.023181,0.999731,-2.9e-05,7.2678722e-07,-0.022954,0.999736,-2.8e-05,0.0,0.001215,0.999999,-2.9e-05,-1e-06,0.018025,0.999837,-2.9e-05,-8.4087048e-07,0.029724,0.999558,-2.9e-05,-2e-06,0.037885,0.999282,-3e-05,-1e-06,0.0436,0.999049,-2.9e-05,-1e-06,0.047619,0.998865,-2.9e-05,-1e-06,0.05047,0.998725,-2.9e-05,-1e-06,0.05251,0.99862,-2.9e-05,-1e-06,0.053989,0.998541,-2.9e-05,-1e-06,0.05508,0.998481,-2.9e-05,-1e-06,0.055903,0.998436,-2.9e-05,-1e-06,0.05654,0.9984,-2.9e-05,-1e-06,0.057046,0.998371,3e-05,-1e-06,0.083134,0.996538,3e-05,-2e-06,0.090636,0.995884,3e-05,-2e-06,0.092671,0.995696,3e-05,-1e-06,0.091481,0.995806,3e-05,6e-06,0.08852,0.996074,8.1e-05,1e-06,0.084713,0.996405,3e-05,-1e-06,0.080632,0.996743,3e-05,-2e-06,0.07662,0.99706,3e-05,-6.021765e-07,0.072867,0.997341,3e-05,-1e-06,0.069473,0.997583,-2.1e-05,-5e-06,0.06646,0.997789,-2.1e-05,-4e-06,0.063832,0.99796,-2.1e-05,-4e-06,0.061564,0.998103,3e-05,-1e-06,0.059621,0.998221,3e-05,-1e-06,0.057959,0.998318,3e-05,-1e-06,0.072785,0.997347,3e-05,-1e-06,0.071379,0.997449,-2.1e-05,8.4910954e-07,0.060864,0.998146,-2.1e-05,1e-06,0.045799,0.99895,-2.1e-05,3.3435077e-07,0.029033,0.999578,-2.1e-05,2.1504133e-07,0.012295,0.999924,-2.1e-05,3.1212571e-07,-0.003442,0.999994,-2.1e-05,-0.0,-0.017678,0.999843,-2.1e-05,-2.6587799e-07,-0.030217,0.999543,-2.1e-05,-5.6761024e-07,-0.041056,0.999156,-2.1e-05,-1e-06,-0.050283,0.998735,-2.1e-05,-1e-06,-0.058057,0.998313,-2.1e-05,-1e-06,-0.064541,0.997915,-2.1e-05,-2e-06,-0.069913,0.997553,-2.1e-05,-1e-06,-0.074332,0.997233,-2.1e-05,-1e-06,-0.091558,0.995799,-2.1e-05,-1e-06,-0.098255,0.995161,-2.1e-05,-2e-06,-0.098752,0.995112,-2.1e-05,-1e-06,-0.095808,0.995399,-2.1e-05,-2e-06,-0.091158,0.995836,-2.1e-05,-2e-06,-0.085867,0.996306,-2.1e-05,-2e-06,-0.080557,0.996749,3e-05,2e-06,-0.075581,0.997139,