{
  "animation": {
    "fields": [
      "time",
      "attr"
    ],
    "times": [
      0,
      0.033333,
      0.066666,
      0.1,
      0.133333,
      0.166666,
      0.2,
      0.233333,
      0.266666,
      0.3,
      0.333333,
      0.366666,
      0.4,
      0.433333,
      0.466666,
      0.5,
      0.533333,
      0.566666,
      0.6,
      0.633333,
      0.666666
    ],
    "poses": [
      -4.60045,
      6.34516,
      -4.76837e-7,
      -4.66936,
      6.34516,
      -4.88065e-7,
      -4.74387,
      6.34516,
      -5.00204e-7,
      -4.82299,
      6.34516,
      -5.13093e-7,
      -4.90572,
      6.34516,
      -5.26572e-7,
      -4.99108,
      6.34516,
      -5.4048e-7,
      -5.07809,
      6.34516,
      -5.54655e-7,
      -5.16576,
      6.34516,
      -5.68938e-7,
      -5.2531,
      6.34516,
      -5.83167e-7,
      -5.33912,
      6.34516,
      -5.97182e-7,
      -5.42284,
      6.34516,
      -6.10821e-7,
      -5.50327,
      6.34516,
      -6.23925e-7,
      -5.57942,
      6.34516,
      -6.36332e-7,
      -5.65031,
      6.34516,
      -6.47881e-7,
      -5.71495,
      6.34516,
      -6.58413e-7,
      -5.77235,
      6.34516,
      -6.67765e-7,
      -5.82153,
      6.34516,
      -6.75777e-7,
      -5.8615,
      6.34516,
      -6.82289e-7,
      -5.89127,
      6.34516,
      -6.87139e-7,
      -5.90986,
      6.34516,
      -6.90167e-7,
      -5.91627,
      6.34516,
      -6.91212e-7,
      -4.60045,
      4.94004,
      -4.76837e-7,
      -4.74466,
      4.94004,
      -5.00333e-7,
      -4.90058,
      4.94004,
      -5.25735e-7,
      -5.06614,
      4.94004,
      -5.52708e-7,
      -5.23926,
      4.94004,
      -5.80914e-7,
      -5.4179,
      4.94004,
      -6.10017e-7,
      -5.59998,
      4.94004,
      -6.39681e-7,
      -5.78343,
      4.94004,
      -6.6957e-7,
      -5.9662,
      4.94004,
      -6.99346e-7,
      -6.14621,
      4.94004,
      -7.28674e-7,
      -6.3214,
      4.94004,
      -7.57216e-7,
      -6.48971,
      4.94004,
      -7.84637e-7,
      -6.64907,
      4.94004,
      -8.106e-7,
      -6.79742,
      4.94004,
      -8.34769e-7,
      -6.93268,
      4.94004,
      -8.56807e-7,
      -7.05281,
      4.94004,
      -8.76377e-7,
      -7.15572,
      4.94004,
      -8.93144e-7,
      -7.23936,
      4.94004,
      -9.0677e-7,
      -7.30166,
      4.94004,
      -9.1692e-7,
      -7.34055,
      4.94004,
      -9.23256e-7,
      -7.35397,
      4.94004,
      -9.25443e-7,
      -4.60045,
      3.52411,
      -2.38419e-7,
      -4.80513,
      3.52411,
      -2.71766e-7,
      -5.02643,
      3.52411,
      -3.0782e-7,
      -5.2614,
      3.52411,
      -3.46102e-7,
      -5.50713,
      3.52411,
      -3.86136e-7,
      -5.76066,
      3.52411,
      -4.27442e-7,
      -6.01909,
      3.52411,
      -4.69545e-7,
      -6.27947,
      3.52411,
      -5.11966e-7,
      -6.53887,
      3.52411,
      -5.54227e-7,
      -6.79436,
      3.52411,
      -5.95852e-7,
      -7.04301,
      3.52411,
      -6.36363e-7,
      -7.28189,
      3.52411,
      -6.75282e-7,
      -7.50808,
      3.52411,
      -7.12132e-7,
      -7.71863,
      3.52411,
      -7.46434e-7,
      -7.91061,
      3.52411,
      -7.77713e-7,
      -8.0811,
      3.52411,
      -8.05489e-7,
      -8.22717,
      3.52411,
      -8.29286e-7,
      -8.34587,
      3.52411,
      -8.48626e-7,
      -8.4343,
      3.52411,
      -8.63032e-7,
      -8.4895,
      3.52411,
      -8.72026e-7,
      -8.50855,
      3.52411,
      -8.75129e-7,
      -4.60045,
      2.10834,
      -2.38419e-7,
      -4.86971,
      2.10834,
      -2.82288e-7,
      -5.16083,
      2.10834,
      -3.29717e-7,
      -5.46994,
      2.10834,
      -3.80077e-7,
      -5.79319,
      2.10834,
      -4.32741e-7,
      -6.12672,
      2.10834,
      -4.87081e-7,
      -6.46668,
      2.10834,
      -5.42467e-7,
      -6.80921,
      2.10834,
      -5.98272e-7,
      -7.15045,
      2.10834,
      -6.53867e-7,
      -7.48656,
      2.10834,
      -7.08625e-7,
      -7.81366,
      2.10834,
      -7.61917e-7,
      -8.12791,
      2.10834,
      -8.13116e-7,
      -8.42546,
      2.10834,
      -8.61592e-7,
      -8.70243,
      2.10834,
      -9.06717e-7,
      -8.95499,
      2.10834,
      -9.47864e-7,
      -9.17928,
      2.10834,
      -9.84405e-7,
      -9.37143,
      2.10834,
      -0.000001,
      -9.52759,
      2.10834,
      -0.000001,
      -9.64391,
      2.10834,
      -0.000001,
      -9.71653,
      2.10834,
      -0.000001,
      -9.74159,
      2.10834,
      -0.000001,
      -4.60045,
      0.697891,
      -5.36442e-7,
      -4.9258,
      0.697891,
      -5.89449e-7,
      -5.27755,
      0.697891,
      -6.46757e-7,
      -5.65105,
      0.697891,
      -7.07607e-7,
      -6.04163,
      0.697891,
      -7.7124e-7,
      -6.44463,
      0.697891,
      -8.36898e-7,
      -6.8554,
      0.697891,
      -9.03821e-7,
      -7.26928,
      0.697891,
      -9.71249e-7,
      -7.6816,
      0.697891,
      -0.000001,
      -8.08771,
      0.697891,
      -0.000001,
      -8.48294,
      0.697891,
      -0.000001,
      -8.86265,
      0.69789,
      -0.000001,
      -9.22217,
      0.69789,
      -0.000001,
      -9.55684,
      0.69789,
      -0.000001,
      -9.86201,
      0.69789,
      -0.000001,
      -10.133,
      0.69789,
      -0.000001,
      -10.3652,
      0.69789,
      -0.000001,
      -10.5539,
      0.69789,
      -0.000001,
      -10.6944,
      0.69789,
      -0.000001,
      -10.7822,
      0.69789,
      -0.000001,
      -10.8124,
      0.69789,
      -0.000001,
      -4.60045,
      -0.7169,
      -5.96046e-7,
      -4.9258,
      -0.7169,
      -6.49053e-7,
      -5.27755,
      -0.7169,
      -7.06361e-7,
      -5.65105,
      -0.7169,
      -7.67211e-7,
      -6.04163,
      -0.7169,
      -8.30845e-7,
      -6.44463,
      -0.7169,
      -8.96503e-7,
      -6.8554,
      -0.7169,
      -9.63425e-7,
      -7.26928,
      -0.7169,
      -0.000001,
      -7.6816,
      -0.716901,
      -0.000001,
      -8.08771,
      -0.716901,
      -0.000001,
      -8.48294,
      -0.716901,
      -0.000001,
      -8.86265,
      -0.716901,
      -0.000001,
      -9.22217,
      -0.716901,
      -0.000001,
      -9.55684,
      -0.716901,
      -0.000001,
      -9.86201,
      -0.716901,
      -0.000001,
      -10.133,
      -0.716901,
      -0.000001,
      -10.3652,
      -0.716901,
      -0.000001,
      -10.5539,
      -0.716901,
      -0.000001,
      -10.6944,
      -0.716901,
      -0.000001,
      -10.7822,
      -0.716901,
      -0.000001,
      -10.8124,
      -0.716901,
      -0.000001,
      -4.60045,
      -2.13197,
      -4.76837e-7,
      -4.86971,
      -2.13197,
      -5.20706e-7,
      -5.16083,
      -2.13197,
      -5.68135e-7,
      -5.46994,
      -2.13197,
      -6.18496e-7,
      -5.79319,
      -2.13197,
      -6.7116e-7,
      -6.12672,
      -2.13197,
      -7.25499e-7,
      -6.46668,
      -2.13197,
      -7.80885e-7,
      -6.80921,
      -2.13197,
      -8.3669e-7,
      -7.15045,
      -2.13197,
      -8.92286e-7,
      -7.48656,
      -2.13197,
      -9.47044e-7,
      -7.81366,
      -2.13197,
      -0.000001,
      -8.12791,
      -2.13197,
      -0.000001,
      -8.42546,
      -2.13197,
      -0.000001,
      -8.70243,
      -2.13197,
      -0.000001,
      -8.95499,
      -2.13197,
      -0.000001,
      -9.17928,
      -2.13197,
      -0.000001,
      -9.37143,
      -2.13197,
      -0.000001,
      -9.52759,
      -2.13197,
      -0.000001,
      -9.64391,
      -2.13197,
      -0.000001,
      -9.71653,
      -2.13197,
      -0.000001,
      -9.74159,
      -2.13197,
      -0.000001,
      -4.60045,
      -3.54773,
      -4.76837e-7,
      -4.80513,
      -3.54773,
      -5.10185e-7,
      -5.02643,
      -3.54773,
      -5.46239e-7,
      -5.2614,
      -3.54773,
      -5.84521e-7,
      -5.50713,
      -3.54773,
      -6.24554e-7,
      -5.76066,
      -3.54773,
