{
  "animation": {
    "fields": [
      "time",
      "attr"
    ],
    "times": [
      0,
      0.033333,
      0.066666,
      0.1,
      0.133333,
      0.166666,
      0.2,
      0.233333,
      0.266666,
      0.3,
      0.333333,
      0.366666,
      0.4,
      0.433333,
      0.466666,
      0.5,
      0.533333,
      0.566666,
      0.6,
      0.633333,
      0.666666,
      0.7,
      0.733333,
      0.766666,
      0.8
    ],
    "poses": [
      -0.005858,
      -2.40424e-7,
      -27.9148,
      -0.005858,
      -2.40424e-7,
      -28.0133,
      -0.005858,
      -2.40424e-7,
      -28.1119,
      -0.005858,
      -2.40424e-7,
      -27.87,
      -0.005858,
      -2.40424e-7,
      -28.1567,
      2.6301,
      6.37611,
      4.14739,
      2.64101,
      -6.38389,
      4.14738,
      0.984964,
      3.13767,
      2.61847,
      3.01222,
      -0.996444,
      0.021014,
      5.27822,
      0.005376,
      0.086744,
      0.990343,
      -3.14633,
      2.61803,
      3.01222,
      0.996442,
      0.020915,
      5.27821,
      -0.005375,
      0.086745
    ],
    "quats": [
      0.561357,
      -0.582373,
      -0.400517,
      -0.43047,
      -0.577714,
      0.566315,
      0.422917,
      0.408257,
      -0.593191,
      0.549396,
      0.444675,
      0.385423,
      -0.664912,
      -0.439459,
      0.378393,
      -0.470728,
      -0.623581,
      -0.539631,
      0.392996,
      -0.406815,
      -0.543557,
      -0.602347,
      0.444782,
      -0.379329,
      -0.597407,
      0.556358,
      0.385041,
      0.430478,
      -0.469336,
      -0.583602,
      0.521715,
      -0.408588,
      -0.558808,
      -0.559397,
      0.432698,
      -0.433104,
      0.001456,
      -0.00056,
      -0.759876,
      0.650065,
      0.001512,
      -0.000387,
      -0.678803,
      0.734318,
      0.001546,
      -0.000207,
      -0.58845,
      0.808531,
      -0.001836,
      0.000942,
      0.665883,
      0.746052,
      -0.001896,
      0.000813,
      0.715732,
      0.698371,
      -0.555426,
      0.555181,
      0.437936,
      0.437592,
      -0.001576,
      -0.000168,
      0.589111,
      0.80805,
      -0.001538,
      -0.000383,
      0.69466,
      0.719335,
      0.001947,
      0.000681,
      -0.761998,
      0.647575,
      0.001924,
      0.000745,
      -0.740219,
      0.672362,
      0.001898,
      0.000808,
      -0.717634,
      0.696417,
      -0.001766,
      0.001066,
      0.612865,
      0.790184,
      -0.00147,
      -0.000591,
      0.787004,
      0.616945,
      0.553639,
      -0.58938,
      -0.390131,
      -0.440353,
      0.665078,
      0.389217,
      -0.389867,
      0.504166,
      0.454767,
      -0.621644,
      -0.509798,
      -0.383208,
      -0.614635,
      0.446547,
      0.379912,
      0.527716,
      -0.430533,
      -0.561661,
      0.560309,
      -0.430384,
      0.001424,
      -0.000637,
      -0.793355,
      0.608757,
      -0.001732,
      0.001121,
      0.587787,
      0.809012,
      -0.550075,
      0.445162,
      0.444829,
      0.548974,
      -0.570811,
      0.474929,
      0.423629,
      0.518799,
      0.470485,
      -0.58155,
      -0.521717,
      -0.410187,
      -0.001583,
      -0.000069,
      0.537303,
      0.843387,
      0.001957,
      0.000652,
      -0.771625,
      0.636073,
      -0.59993,
      0.541427,
      0.454343,
      0.374848,
      -0.502662,
      -0.614583,
      0.472355,
      -0.382749,
      0.505576,
      -0.620598,
      -0.464614,
      -0.37866,
      -0.592993,
      0.401446,
      0.406999,
      0.567054,
      0.505576,
      -0.620598,
      -0.464613,
      -0.37866,
      0.579487,
      0.471541,
      -0.412464,
      0.521264,
      0.557448,
      0.435974,
      -0.434702,
      0.556965,
      0.579487,
      0.47154,
      -0.412464,
      0.521264,
      0.001555,
      -0.000125,
      -0.544642,
      0.838666,
      -0.001921,
      0.000753,
      0.737278,
      0.675585,
      0.430955,
      -0.561275,
      -0.560694,
      -0.429963,
      -0.00143,
      -0.000682,
      0.824127,
      0.566401,
      0.001886,
      0.000836,
      -0.707108,
      0.707102,
      -0.614635,
      0.446548,
      0.379912,
      0.527716,
      -0.570811,
      0.47493,
      0.423629,
      0.518799,
      0.470485,
      -0.581549,
      -0.521718,
      -0.410186,
      -0.001766,
      0.001066,
      0.612866,
      0.790184,
      -0.00147,
      -0.000591,
      0.787004,
      0.616944
    ],
    "scales": [],
    "length": 0.8,
    "tracks": {
      "Bone001": {
        "pos": [
          0,
          3,
          1,
          0,
          2,
          1,
          3,
          2,
          4,
          4,
          5,
          2,
          6,
          1,
          7,
          0,
          8,
          3,
          9,
          0,
          10,
          1,
          11,
          2,
          12,
          4,
          13,
          2,
          14,
          1,
          15,
          0,
          16,
          3,
          17,
          0,
          18,
          1,
          19,
          2,
          20,
          4,
          21,
          2,
          22,
          1,
          23,
          0,
          24,
          3
        ],
        "quat": [
          0,
          22,
          1,
          0,
          2,
          1,
          3,
          2,
          4,
          34,
          5,
          2,
          6,
          1,
          7,
          0,
          8,
          22,
          9,
          0,
          10,
          1,
          11,
          2,
          12,
          34,
          13,
          2,
          14,
          1,
          15,
          0,
          16,
          22,
          17,
          0,
          18,
          1,
          19,
          2,
          20,
          34,
          21,
          2,
          22,
          1,
          23,
          0,
          24,
          22
        ]
      },
      "Bone002": {
        "pos": [
          0,
          5,
          24,
          5
        ],
        "quat": [
          0,
          23,
          1,
          3,
          2,
          4,
          3,
          5,
          4,
          35,
          5,
          5,
          6,
          4,
          7,
          3,
          8,
          23,
          9,
          3,
          10,
          4,
          11,
          5,
          12,
          35,
          13,
          5,
          14,
          4,
          15,
          3,
          16,
          23,
          17,
          3,
          18,
          4,
          19,
          5,
          20,
          35,
          21,
          5,
          22,
          4,
          23,
          3,
          24,
          23
        ]
      },
      "Bone003": {
        "pos": [
          0,
          6,
          24,
          6
        ],
        "quat": [
          0,
          24,
          1,
          36,
          2,
          6,
          3,
          25,
          4,
          37,
          5,
          25,
          6,
          6,
          7,
          38,
          8,
          24,
          9,
          36,
          10,
          6,
          11,
          25,
          12,
          37,
          13,
          47,
          14,
          6,
          15,
          38,
          16,
          24,
          17,
          36,
          18,
          6,
          19,
          25,
          20,
          37,
          21,
          47,
          22,
          6,
          23,
          38,
          24,
          24
        ]
      },
      "Bone004": {
        "pos": [
          0,
          7,
          24,
          7
        ],