{"animation":{"fields":["time","attr"],"times":[0.0,0.033333,0.066666,0.1,0.133333,0.166666,0.2,0.233333,0.266666,0.3,0.333333,0.366666,0.4,0.433333,0.466666,0.5,0.533333,0.566666,0.6,0.633333,0.666666,0.7,0.733333,0.766666,0.8,0.833333,0.866666,0.9,0.933333],"poses":[0.0,2.62884,-3.75309,-0.0,2.62884,-8.42613,-0.0,2.62884,-9.50265,2.33166,-1.40822,-1.00633,2.33166,-1.40822,1.00566,5.47757,1.63525,-0.034548,5.47757,1.63524,-0.034548,6.01531,0.644014,-0.0,6.01531,0.644006,-7.7486e-07,6.20719,-0.281549,2.80783,6.20718,-0.28155,2.80783,6.20719,-0.281549,-2.80817,6.20719,-0.281552,-2.80817,0.782894,-1.10021,9.53674e-07,0.78289,-1.10021,4.76837e-07,5.00778,0.0,0.0,5.00779,0.0,-3.57628e-07,0.0,2.62884,-4.01051,0.0,2.62884,-4.68069,0.0,2.62884,-5.61048,-0.0,2.62884,-6.64675,-0.0,2.62884,-7.63634,-0.0,2.62884,-8.98916,-0.0,2.62884,-9.36552,-0.0,2.62884,-8.85036,-0.0,2.62884,-7.29491,0.0,2.62884,-5.4384,0.0,2.62884,-3.88294,0.0,2.62884,-3.23066,0.0,2.62884,-3.51872,0.0,2.62884,-4.2679,0.0,2.62884,-5.30573,-0.0,2.62884,-6.4597,-0.0,2.62884,-7.55733,-0.0,2.62884,-9.01496,-0.0,2.62884,-9.37842,-0.0,2.62884,-8.90469,-0.0,2.62884,-7.47881,-0.0,2.62884,-5.77693,-0.0,2.62884,-4.35105,1.06067,-0.416913,-0.0,1.06067,-0.416912,-2.08616e-07,4.02572,-0.990146,-3.74959,4.02572,-0.990137,-3.74959,4.02572,-0.990145,3.75041,4.02572,-0.990143,3.75041,2.58342,-0.995911,-2.02243,2.58342,-0.995902,-2.02243,2.4275,4.89328,-2e-06,2.42749,4.89328,4e-06,2.58342,-0.995912,2.02157,2.58342,-0.995908,2.02157],"quats":[-0.003014,-0.004049,0.785697,0.61859,0.262032,-0.772215,0.530918,0.23054,0.276944,-0.778427,0.523293,0.208605,0.316532,-0.795664,0.483991,0.180218,0.360029,-0.807175,0.440531,0.15741,0.406598,-0.812276,0.393751,0.140871,0.455285,-0.810407,0.344603,0.131165,0.505042,-0.801156,0.294132,0.128707,-0.196168,-0.558649,0.75608,-0.278873,-0.303469,-0.593112,0.719754,-0.195134,-0.231423,-0.535447,0.763844,-0.276188,-0.203626,-0.499665,0.777412,-0.323264,-0.182262,-0.46044,0.784387,-0.373512,-0.167864,-0.418803,0.784242,-0.425897,-0.0,-0.0,0.0,1.0,-0.041652,0.013788,0.866425,0.497374,0.616,-0.787625,-0.005782,-0.012502,-0.006825,-0.005507,0.803489,0.595254,-0.009369,-0.00645,0.827839,0.56085,-0.011043,-0.006914,0.852415,0.522703,-0.01213,-0.006994,0.872324,0.488727,-0.012854,-0.00682,0.884473,0.466364,-0.013409,-0.006514,0.887111,0.461314,-0.0139,-0.005938,0.880369,0.474047,-0.014319,-0.005396,0.868216,0.495949,-0.014684,-0.005313,0.855352,0.517811,-0.015694,-0.005539,0.829459,0.558318,-0.017036,-0.005996,0.792206,0.609986,-0.017737,-0.006619,0.765203,0.643509,-0.017334,-0.006964,0.755786,0.654551,-0.015376,-0.006755,0.76569,0.642989,-0.011997,-0.006119,0.791172,0.611444,-0.008233,-0.005482,0.820256,0.57191,-0.004594,-0.005132,0.848666,0.528883,-0.001575,-0.005155,0.871808,0.489817,0.00045,-0.005437,0.886321,0.463038,0.001272,-0.005785,0.890456,0.45503,0.001199,-0.006185,0.885219,0.46513,0.000866,-0.006464,0.874677,0.484661,0.000564,-0.006399,0.861962,0.506931,9.5e-05,-0.005983,0.835401,0.549607,-0.000562,-0.005294,0.79732,0.603533,-0.000985,-0.004513,0.768643,0.63966,-0.001043,-0.003867,0.758294,0.651899,0.07815,-0.022376,-0.27501,0.957998,0.06371,-0.021154,-0.299898,0.951606,0.04898,-0.019695,-0.327998,0.943201,0.034133,-0.018159,-0.356602,0.933455,0.019367,-0.016715,-0.383105,0.92335,0.004889,-0.015534,-0.405028,0.914159,-0.009088,-0.014792,-0.419996,0.907359,-0.022347,-0.014663,-0.425685,0.904476,-0.03615,-0.015487,-0.417464,0.907841,-0.051067,-0.017219,-0.39579,0.916757,-0.06585,-0.019456,-0.365962,0.928093,-0.079287,-0.021797,-0.333508,0.939154,-0.090232,-0.02386,-0.304269,0.948002,-0.097618,-0.025279,-0.284318,0.953411,-0.100423,-0.025696,-0.27979,0.954448,-0.098031,-0.02482,-0.29595,0.949835,-0.091091,-0.02286,-0.329002,0.939647,-0.080489,-0.020212,-0.371349,0.924777,-0.067234,-0.017296,-0.415585,0.906901,-0.052479,-0.014562,-0.454774,0.88894,-0.03749,-0.012479,-0.482563,0.874969,-0.0236,-0.011523,-0.492995,0.869635,-0.010216,-0.011777,-0.485034,0.874355,0.003966,-0.012856,-0.463779,0.885848,0.018684,-0.014523,-0.432389,0.901376,0.033686,-0.016539,-0.394136,0.918285,0.048733,-0.018668,-0.352559,0.934333,0.063611,-0.020685,-0.311492,0.947891,0.07815,-0.022375,-0.27501,0.957998,0.267433,-0.773667,0.528507,0.224939,0.270976,-0.774738,0.526845,0.220874,0.273067,-0.775543,0.52579,0.217969,0.274129,-0.776172,0.525176,0.215868,0.274601,-0.776703,0.524818,0.214222,0.274926,-0.77721,0.52452,0.212689,0.275555,-0.777762,0.524082,0.21093,0.554751,-0.784276,0.243456,0.133752,0.27482,-0.777599,0.52443,0.211625,0.272418,-0.776641,0.525697,0.215078,0.269924,-0.77562,0.526989,0.218713,0.267513,-0.774609,0.528216,0.222272,0.265356,-0.773682,0.529294,0.225496,0.263617,-0.77292,0.530149,0.228124,0.262456,-0.772404,0.530713,0.229893,-0.202825,-0.559709,0.753722,-0.278369,-0.212655,-0.563241,0.750706,-0.271986,-0.2251,-0.568383,0.746984,-0.261312,-0.239606,-0.57431,0.742495,-0.247905,-0.255532,-0.580285,0.737268,-0.233254,-0.272109,-0.585691,0.731484,-0.218751,-0.288427,-0.590068,0.725486,-0.205667,-0.264973,-0.566861,0.744357,-0.233212,-0.160795,-0.375873,0.776618,-0.479298,-0.264973,-0.566862,0.744357,-0.233212,-0.287955,-0.59023,0.725654,-0.205266,-0.270446,-0.586184,0.732102,-0.217422,-0.252334,-0.581076,0.738501,-0.230854,-0.234956,-0.575245,0.744343,-0.244623,-0.219551,-0.569273,0.74924,-0.257611,-0.207255,-0.563931,0.752933,-0.268546,-0.199118,-0.560099,0.755261,-0.276081,0.001344,-0.000744,-0.194184,0.980963,0.001231,0.005469,-0.21813,0.975903,0.001987,0.013334,-0.224713,0.974331,0.003894,0.022285,-0.1991,0.979717,0.00656,0.031171,-0.14042,0.989579,0.009127,0.038576,-0.065362,0.997073,0.010794,0.043996,0.004385,0.998963,0.011962,0.047541,0.049533,0.997568,0.01282,0.049665,0.06851,0.99633,0.012518,0.051403,0.076978,0.995628,0.008536,0.05412,0.089416,0.994486,0.000914,0.053392,0.066574,0.996351,-0.005787,0.047063,-0.006245,0.998855,-0.008616,0.040219,-0.082768,0.995719,-0.007337,0.036446,-0.151567,0.987747,-0.003658,0.034655,-0.216806,0.975592,0.000486,0.031936,-0.249677,0.967801,0.004486,0.02757,-0.239194,0.970569,0.007717,0.021715,-0.182817,0.982876,0.00958,0.015806,-0.099831,0.994832,0.01005,0.011564,-0.018337,0.999714,0.009749,0.009204,0.041506,0.999048,0.00914,0.007748,0.075526,0.997071,0.008275,0.006491,0.093068,0.995604,0.006942,0.005043,0.10587,0.994342,0.004895,0.002696,0.081337,0.99667,0.002819,0.000347,0.007049,0.999971,0.001757,-0.001073,-0.072211,0.997387,0.001344,-0.000743,-0.194185,0.980963,-0.349413,0.616327,-0.302891,0.637421,-0.345543,0.618027,-0.306685,0.63607,-0.342247,0.619408,-0.311098,0.634364,-0.338938,0.620766,-0.3155,0.632636,-0.335033,0.622403,-0.319262,0.631219,-0.329947,0.624616,-0.321751,0.630447,-0.32309,0.627696,-0.322334,0.630642,-0.308503,0.634511,-0.314711,0.634962,-0.289027,0.643287,-0.301831,0.641515,-0.27764,0.648102,-0.297305,0.643807,-0.277676,0.647817,-0.305952,0.640016,-0.282104,0.645398,-0.320436,0.633402,-0.288655,0.64178,-0.336447,0.625778,-0.295145,0.638108,-0.349775,0.619163,-0.299485,0.635734,-0.356326,0.615777,-0.301798,0.634787,-0.355746,0.61596,-0.303603,0.634368,-0.351201,0.618109,-0.304931,0.634335,-0.343904,0.621582,-0.305815,0.634553,-0.335071,0.625736,-0.306298,0.634906,-0.325931,0.629955,-0.306441,0.635313,-0.317731,0.633653,-0.303477,0.637197,-0.307894,0.638029,-0.298976,0.639754,-0.296903,0.642787,-0.299596,0.639774,-0.2907,0.645309,-0.306679,0.63668,-0.290442,0.645158,-0.31633,0.632282,-0.292587,0.643853,-0.327413,0.627067,-0.296071,0.641815,-0.338806,0.621559,-0.299848,0.639503,-0.349414,0.616327,-0.302891,0.637421,-0.046799,0.017775,0.888699,0.455748,-0.050466,0.022418,0.915355,0.398841,-0.052846,0.026978,0.938568,0.339953,-0.054145,0.03076,0.954492,0.291659,-0.054691,0.033355,0.962773,0.262608,-0.054843,0.034633,0.964136,0.25736,-0.054415,0.035238,0.959248,0.275026,-0.053823,0.035218,0.950692,0.303392,-0.054099,0.033699,0.941143,0.331943,-0.056207,0.029182,0.917301,0.393125,-0.05838,0.022346,0.874517,0.480949,-0.058881,