{"frameeffect": {"blend_mode": 2, "cylinder_enable": false, "delay": 0.0, "delay_in_loop": false, "depth_test": true, "face_camera": false, "fade_distance": 0.0, "first_person_enable": false, "fps": 10, "frame_color": [[1, 1, 1, 1.0], [1.0, 0.3058823529411765, 0.21568627450980393, 1.0], [1.0, 0.8627450980392157, 0.30980392156862746, 1.0], [1, 1, 1, 1.0], [1, 1, 1, 1.0], [1, 1, 1, 0.5266666666666666], [1, 1, 1, 0.4933333333333333], [1, 1, 1, 0.45999999999999996], [1, 1, 1, 0.4866666666666667], [1, 1, 1, 0.3666666666666667], [1, 1, 1, 0.09999999999999998], [1, 1, 1, 0.0], [1, 1, 1, 0.0], [1, 1, 1, 0.020000000000000018], [1, 1, 1, 0.0], [1, 1, 1, 1.0]], "layer": 1, "lerp_scale": true, "loop": true, "rot_speed": [0, 0, 0], "scale": [0.25, 0.2, 0.3], "shuffle": false, "tex_repeat_num": [1, 1], "texture": "textures/sfxs/2022s3/cs_carnival_weapon_0_firelittle02"}}