{
  "frameeffect": {
    "blend_mode": 2,
    "cylinder_enable": true,
    "cylinder_frac_num": 8,
    "cylinder_height": 1.1,
    "cylinder_radius_down": 0.4,
    "cylinder_radius_up": 0.4,
    "delay": 0.02,
    "delay_in_loop": false,
    "depth_test": false,
    "face_camera": false,
    "fade_distance": 0,
    "first_person_enable": false,
    "fps": 30,
    "frame_color": [
      [
        1,
        1,
        1,
        0
      ],
      [
        1,
        1,
        1,
        0.6066666666666667
      ],
      [
        1,
        1,
        1,
        0.5466666666666666
      ],
      [
        1,
        1,
        1,
        0.5333333333333333
      ],
      [
        1,
        1,
        1,
        0.43333333333333335
      ],
      [
        1,
        1,
        1,
        0.3866666666666667
      ],
      [
        1,
        1,
        1,
        0.3866666666666667
      ],
      [
        1,
        1,
        1,
        0.3866666666666667
      ],
      [
        1,
        1,
        1,
        0.36
      ],
      [
        1,
        1,
        1,
        0.33999999999999997
      ],
      [
        1,
        1,
        1,
        0.31333333333333335
      ],
      [
        1,
        1,
        1,
        0.2666666666666667
      ],
      [
        1,
        1,
        1,
        0.22666666666666668
      ],
      [
        1,
        1,
        1,
        0.18666666666666665
      ],
      [
        1,
        1,
        1,
        0.1333333333333333
      ],
      [
        1,
        1,
        1,
        0.08666666666666667
      ],
      [
        1,
        1,
        1,
        0
      ]
    ],
    "layer": 0,
    "lerp_scale": true,
    "loop": false,
    "rot_speed": [
      0,
      0,
      0
    ],
    "scale": [
      2,
      2.8,
      2
    ],
    "shuffle": false,
    "tex_repeat_num": [
      1,
      1
    ],
    "texture": "textures/sfxs/2022s3/shuguang03"
  }
}
