{"frameeffect": {"blend_mode": 2, "cylinder_enable": false, "delay": 0.08, "delay_in_loop": false, "depth_test": false, "face_camera": true, "fade_distance": 0.0, "first_person_enable": false, "fps": 30, "frame_color": [[1, 1, 1, 0.00666666666666671], [1, 1, 1, 0.98], [1, 1, 1, 0.8533333333333333], [1, 1, 1, 0.6733333333333333], [1, 1, 1, 0.41333333333333333], [1, 1, 1, 0.33333333333333337], [1, 1, 1, 0.22666666666666668], [1, 1, 1, 0.15333333333333332], [1, 1, 1, 0.08666666666666667], [1, 1, 1, 0.046666666666666634], [1, 1, 1, 0.026666666666666616], [1, 1, 1, 0.013333333333333308], [1, 1, 1, 0.0], [1, 1, 1, 0.0], [1, 1, 1, 0.0], [1, 1, 1, 0.0]], "layer": 15, "lerp_scale": false, "loop": false, "rot_speed": [0.0, 0.0, 0.0], "scale": [2.5, 2.5, 1.0], "shuffle": false, "tex_repeat_num": [1, 1], "texture": "textures/sfxs/2022s3/cs_zhuge_skin_bianshen_glow03"}}