{
  "frameeffect": {
    "layer": 1,
    "scale": [
      0.5,
      0.5,
      1
    ],
    "shuffle": false,
    "depth_test": true,
    "frame_color": [
      [
        1,
        1,
        1,
        0.45999999999999996
      ],
      [
        1,
        1,
        1,
        0.9733333333333334
      ],
      [
        1,
        1,
        1,
        0.9533333333333334
      ],
      [
        1,
        1,
        1,
        0.92
      ],
      [
        1,
        1,
        1,
        0.8733333333333333
      ],
      [
        1,
        1,
        1,
        0.84
      ],
      [
        1,
        1,
        1,
        0.8066666666666666
      ],
      [
        1,
        1,
        1,
        0.7666666666666666
      ],
      [
        1,
        1,
        1,
        0.7266666666666667
      ],
      [
        1,
        1,
        1,
        0.6933333333333334
      ],
      [
        1,
        1,
        1,
        0.6666666666666667
      ],
      [
        1,
        1,
        1,
        0.6333333333333333
      ],
      [
        1,
        1,
        1,
        0.5933333333333333
      ],
      [
        1,
        1,
        1,
        0.56
      ],
      [
        1,
        1,
        1,
        0.5333333333333333
      ],
      [
        1,
        1,
        1,
        0.5066666666666666
      ],
      [
        1,
        1,
        1,
        0.45999999999999996
      ]
    ],
    "first_person_enable": false,
    "texture": "textures/sfxs/2022s3/ss_carnival_anseyoutui_01",
    "delay": 0,
    "fade_distance": 0,
    "lerp_scale": true,
    "tex_repeat_num": [
      1,
      1
    ],
    "fps": 9,
    "delay_in_loop": false,
    "face_camera": false,
    "rot_speed": [
      0,
      0,
      0
    ],
    "cylinder_enable": false,
    "loop": true,
    "blend_mode": 2
  }
}
