{"frameeffect": {"layer": 1, "scale": [0.5, 0.5, 1.0], "shuffle": false, "depth_test": true, "frame_color": [[1.0, 1.0, 0.0, 1.0], [0.0, 1.0, 1.0, 1.0], [0.0, 1.0, 1.0, 1.0], [0.0, 1.0, 1.0, 1.0], [1.0, 0.6666666666666666, 0.0, 1.0], [1.0, 0.6666666666666666, 0.0, 1.0], [1.0, 0.6666666666666666, 0.0, 1.0], [1.0, 0.6666666666666666, 0.0, 1.0], [1.0, 1.0, 0.0, 1.0]], "texture": "textures/sfxs/2021s4/cs_dragon_skinB_cb11", "delay": 0.0, "fade_distance": 0.0, "lerp_scale": true, "tex_repeat_num": [1, 1], "fps": 8, "first_person_enable": false, "face_camera": false, "rot_speed": [0, 0, 0], "cylinder_enable": false, "loop": true, "blend_mode": 2}}