{"is_global":true,"animation":{"fields":["time","attr"],"times":[0.0,0.0333333,0.0666667,0.1,0.133333,0.166667,0.2,0.233333,0.266667,0.3,0.333333,0.366667,0.4,0.433333,0.466667,0.5,0.533333],"poses":[-8.18968e-08,10.992,-17.2259,20.8156,0.252698,3.508,7.5634,3.62396e-05,5.00679e-06,5.00131,-9.53674e-06,-9.53674e-07,20.8156,0.2527,-3.50778,7.56341,-5.17368e-05,7.6294e-06,5.00129,-9.29832e-06,-1.43051e-06,1.70616,-0.774509,3.348,8.63715,5.72205e-06,2.38419e-07,4.8709,-6.77109e-05,-0.0,1.70616,-0.774509,-3.34753,8.63712,-4.95911e-05,-3.8147e-06,4.87098,2.28882e-05,-3.33786e-06,-2.76263,-4.89252,1.08791e-07,2.93178,-4.00543e-05,4.42564e-06,6.59645,6.67572e-05,7.53999e-06,17.1868,-1.23879,-5.97674e-06,11.7655,0.0714254,3.87371e-06,3.1815,3.14169,3.82203e-06,0.794519,3.487,3.85847e-06,7.32529,-5.72274,-1.90735e-06,-8.18968e-08,10.992,-17.2245,-8.18968e-08,10.992,-17.2145,-8.18968e-08,10.992,-17.1873,-8.18968e-08,10.992,-17.1343,-8.18968e-08,10.992,-16.7301,-8.18968e-08,10.992,-15.9093,-8.18968e-08,10.992,-15.0534,-8.18968e-08,10.992,-14.5439,-8.18968e-08,10.992,-14.3827,-8.18968e-08,10.992,-14.3,-8.18968e-08,10.992,-14.2695,-8.18968e-08,10.992,-14.2651,-8.18968e-08,10.992,-14.7277,-8.18968e-08,10.992,-15.7455,-8.18968e-08,10.992,-16.7633,20.8156,0.252783,3.508,20.8156,0.252798,3.508,20.8156,0.25276,3.508,20.8156,0.252783,-3.50778,20.8156,0.2528,-3.50778,20.8156,0.25276,-3.50778,8.63722,0.0,-5.48363e-06,8.63723,-1.00136e-05,-5.00679e-06,8.63714,-9.53674e-07,-7.15256e-07,4.87088,7.05719e-05,1.43051e-06,4.87094,8.2016e-05,4.76837e-07,-2.7626,-4.89243,4.20301e-08,-2.76256,-4.89241,2.76655e-08,-2.7626,-4.89251,1.97722e-08,-2.76255,-4.89243,3.15686e-09,-2.76258,-4.89238,-2.77646e-09,-2.76262,-4.89245,2.44786e-08,2.93179,0.000106812,-1.0848e-05,2.93179,2.47955e-05,-6.25849e-06,2.93174,2.28882e-05,1.49012e-06,2.93163,0.000127792,1.38581e-05,2.93179,9.53674e-05,-6.04987e-06,6.59661,-8.39233e-05,-3.01004e-06,6.59654,-1.33514e-05,-6.61612e-06,6.59649,8.7738e-05,6.55651e-07,6.59667,1.33514e-05,-6.19888e-06,6.5966,-5.14984e-05,-6.55651e-06,6.59654,-9.53674e-06,-4.05312e-06,6.59651,9.15527e-05,1.43051e-05,6.59646,-8.58307e-06,-0.0,6.59654,3.05176e-05,-4.76837e-06,6.59644,7.62939e-05,7.80821e-06,6.59653,-7.72476e-05,-1.23978e-05,6.59659,9.91821e-05,-8.40425e-06,6.59661,-0.000110626,-2.13981e-05,6.59647,-1.90735e-05,5.90086e-06,17.1869,-1.23871,-5.84786e-06,17.1869,-1.23866,-5.85192e-06,17.1869,-1.23873,-5.82528e-06,3.1815,3.14159,3.45353e-06,3.18156,3.14156,3.67935e-06,3.18158,3.14153,3.62227e-06,3.18143,3.14165,3.96078e-06,3.18145,3.14165,3.7282e-06,3.18145,3.1417,3.617e-06,3.18152,3.14175,3.67038e-06,3.18153,3.14168,3.77257e-06,0.794622,3.48693,3.72882e-06,0.794594,3.4869,3.75612e-06,0.794537,3.48703,3.92961e-06,0.794504,3.48698,4.04993e-06,0.794579,3.487,4.00271e-06,0.794478,3.48679,3.82766e-06,0.794432,3.48702,3.86861e-06,0.79447,3.48694,3.83244e-06,0.794542,3.48694,3.79701e-06,0.794525,3.48705,3.82413e-06],"quats":[0.47432503,-0.52441949,-0.47432512,0.52441943,-0.90546668,-0.42441696,-0.00025764832,-0.00054904586,-5.23364e-05,-4.3720796e-08,-0.00029349324,0.99999994,5.3921758e-05,1.2365034e-05,0.20667703,0.97840923,8.225782e-06,1.1117273e-05,0.81195879,0.58371478,-8.2413827e-08,3.143838e-13,-3.8146973e-06,1.0,9.4958853e-07,8.9040334e-08,0.10623431,0.99434114,1.6181812e-06,2.0643818e-06,0.79776287,0.60297132,-2.4337028e-06,-1.2634196e-08,-4.7683713e-07,1.0,-1.1429579e-07,1.6554587e-09,-0.15672657,0.98764205,-0.23554328,-0.97186387,-3.2647006e-06,-1.5272037e-06,2.7008619e-08,-4.0717612e-07,0.23962967,0.97086436,-0.0,-0.0,-0.21160235,0.97735584,-0.00417967,0.0056473454,0.93766463,0.3474704,-0.00030491737,-0.0029907695,0.10295452,0.99468154,-0.00037555533,-0.015851958,0.24218383,0.97010082,-8.356472e-07,2.7349236e-07,-0.35791004,0.93375605,2.3793349e-07,-2.3440798e-08,-0.023497805,0.99972391,-0.70619971,-0.7080127,-7.6589203e-07,-4.7566587e-07,-0.70659071,-0.70762247,-7.7181113e-07,-4.6989797e-07,0.47629613,-0.52262998,-0.47629622,0.5226298,0.48125738,-0.51806498,-0.4812575,0.51806492,0.48777914,-0.51192915,-0.48777926,0.51192915,0.49446982,-0.50546956,-0.49446988,0.50546962,-0.5027793,0.4972052,0.50277936,-0.49720514,-0.51271552,0.48695257,0.51271558,-0.48695248,-0.52094918,0.4781338,0.52094924,-0.47813374,-0.52437198,0.47437748,0.52437204,-0.47437742,-0.52262473,0.47630188,0.52262473,-0.47630176,-0.51815367,0.48116186,0.51815379,-0.4811618,-0.51211435,0.48758459,0.51211458,-0.48758453,-0.50570136,0.49423292,0.50570148,-0.49423283,0.49739626,-0.50259036,-0.49739638,0.50259018,0.48704699,-0.51262575,-0.48704711,0.51262575,0.47812802,-0.52095455,-0.47812808,0.52095443,-0.82376993,-0.56692404,-0.00028565282,-0.00041462164,-0.76232868,-0.64718986,-0.00030971915,-0.00036437926,-0.68396902,-0.7295109,-0.00034645502,-0.00032461135,-0.6102702,-0.79219317,-0.00038941033,-0.00029961928,-0.50554204,-0.86280179,-0.0004716079,-0.000275956,-0.50187606,-0.86493933,-0.00063199276,-0.00018696298,-0.62834269,-0.77793646,-0.00059182948,-0.00013687724,-0.75461125,-0.65617198,-0.00052084733,-0.0001275953,-0.82557529,-0.56429178,-0.00047124768,-0.00015145974,-0.88845831,-0.45895714,-0.0004348901,-0.00018802023,-0.94825262,-0.3175166,-0.00041025583,-0.00025292623,-0.98556548,-0.16929376,-0.00041027687,-0.00035717859,-0.9964419,-0.08428023,-0.00041876303,-0.00051545555,-0.99001187,-0.14098233,-0.00037855376,-0.0006089157,-0.97341198,-0.22906016,-0.00031398656,-0.00067825109,-5.2335025e-05,-6.5039771e-08,3.9935094e-06,1.0,-4.9913207e-05,1.9675717e-05,-0.29965737,0.95404691,-4.3501579e-05,3.3661727e-05,-0.55926514,0.82898885,-3.4713019e-05,5.5430526e-05,-0.75141937,0.65982497,-3.0769366e-05,5.7520385e-05,-0.80771226,0.58957696,-2.8083339e-05,5.5571516e-05,-0.84523201,0.53439957,-2.6775877e-05,6.3634674e-05,-0.8610934,0.50844699,-2.8184199e-05,5.3053183e-05,-0.84094518,0.54112041,-3.582488e-05,4.797264e-05,-0.72952771,0.68395138,-4.4786033e-05,3.242102e-05,-0.51434314,0.85758448,-5.0623879e-05,1.5342674e-05,-0.25534797,0.96684927,5.4354248e-05,1.0298822e-05,0.16919856,0.98558199,5.4565291e-05,9.1148031e-06,0.14773338,0.9890272,5.4919557e-05,6.6552466e-06,0.10317013,0.99466372,5.5274439e-05,2.2775687e-06,0.023939498,0.99971342,5.5219753e-05,-3.3509577e-06,-0.077770777,0.99697131,5.4642991e-05,-8.6367818e-06,-0.17312454,0.98489994,5.399693e-05,-1.2032547e-05,-0.23429663,0.97216517,5.3847278e-05,-1.2685474e-05,-0.24605069,0.969257,5.3786145e-05,-1.2942199e-05,-0.25067154,0.96807224,5.3724438e-05,-1.3196012e-05,-0.25523964,0.96687782,5.3667089e-05,-1.3427382e-05,-0.25940341,0.96576905,5.3619347e-05,-1.3616756e-05,-0.26281121,0.96484727,5.3586697e-05,-1.3744674e-05,-0.26511294,0.96421736,5.3574622e-05,-1.3791656e-05,-0.26595834,0.96398455,5.5316468e-05,-7.3412156e-07,-0.030505456,0.99953461,7.2929761e-06,1.3404087e-05,0.88345921,0.46850812,6.9677899e-06,1.6211705e-05,0.92549032,0.37877133,6.2627746e-06,1.6537031e-05,0.90917981,0.4164038,5.6287863e-06,1.5814221e-05,0.85661143,0.51596224,5.0251747e-06,1.4858193e-05,0.78561234,0.61871904,4.7767458e-06,1.3804817e-05,0.7042194,0.70998245,5.5197888e-06,1.2372523e-05,0.60997564,0.79242021,6.5998192e-06,1.1110736e-05,0.49110961,0.8710978,8.422162e-06,9.9598992e-06,0.32553133,0.94553125,1.1327244e-05,9.4131856e-06,0.18519866,0.98270112,1.4157824e-05,9.1403344e-06,0.13453223,0.99090922,1.4456396e-05,8.0621194e-06,0.30094096,0.95364279,1.3461471e-05,7.1861114e-06,0.47925356,0.87767649,1.1753048e-05,7.7292407e-06,0.55287492,0.83326423,9.6364693e-06,8.8942661e-06,0.68574083,0.72784585,-1.1624024e-07,1.6628295e-13,-1.4305112e-06,1.0,-6.2266317e-08,-6.2796647e-07,0.11042553,0.99388444,1.9332372e-08,-8.1243212e-07,0.3226124,0.94653118,8.1279047e-08,-8.5167458e-06,0.53481644,0.84496832,-5.9335843e-08,-1.3070335e-05,0.69435751,0.71963024,1.0339371e-07,-6.1857822e-06,0.796606,0.60449892,-1.3189275e-07,-8.8976021e-06,0.84309548,0.53776401,-7.974738e-08,-1.3563141e-05,0.84040636,0.5419569,-4.0013699e-08,-1.6566137e-05,0.78071952,0.62488168,9.5811195e-08,-1.0378675e-05,