{"is_global":true,"animation":{"fields":["time","attr"],"times":[0.0,0.0333333,0.0666667,0.1,0.133333,0.166667,0.2,0.233333,0.266667,0.3,0.333333,0.366667,0.4,0.433333,0.466667,0.5,0.533333],"poses":[0.0,10.992,-17.0165,18.4571,0.252691,3.508,7.56335,6.29425e-05,5.96046e-06,5.00133,-2.19345e-05,-2.38419e-07,18.4571,0.252692,-3.50778,7.56336,-8.60691e-05,6.67572e-06,5.0013,-9.53674e-06,-1.90735e-06,-1.51575,-0.774919,3.348,8.63715,0.0,-0.0,4.87091,-7.24792e-05,2.38419e-07,-1.51575,-0.774917,-3.34753,8.63716,4.19617e-05,-4.05312e-06,4.87084,3.43323e-05,5.24521e-06,-4.26842,-5.4026,-2.94617e-06,2.93173,0.000102997,-4.47035e-07,9.10665,-8.01086e-05,-1.19209e-06,16.8945,-1.23913,-9.6289e-06,10.7528,-0.0465488,7.40369e-06,3.1816,3.14176,4.14164e-06,0.794523,3.48691,4.28759e-06,0.0,10.992,-17.0151,0.0,10.992,-17.0051,0.0,10.992,-16.9779,0.0,10.992,-16.9249,0.0,10.992,-16.5207,0.0,10.992,-15.6999,0.0,10.992,-14.844,0.0,10.992,-14.3345,0.0,10.992,-14.1733,0.0,10.992,-14.0906,0.0,10.992,-14.0601,0.0,10.992,-14.0557,0.0,10.992,-14.5183,0.0,10.992,-15.5361,0.0,10.992,-16.5539,8.63713,-9.53674e-07,-1.90735e-06,8.63718,0.000102043,-1.66893e-06,8.63717,6.10352e-05,-4.52995e-06,8.63716,-6.67572e-05,-2.86102e-06,8.63715,4.86374e-05,5.00679e-06,8.63715,-8.01086e-05,-4.05312e-06,8.63713,-1.81198e-05,-4.76837e-07,4.87102,9.53674e-06,1.90735e-06,4.8709,8.2016e-05,1.19209e-06,2.93172,8.39233e-05,-1.37091e-06,2.93162,5.53131e-05,4.17233e-06,2.93167,0.000108719,4.88758e-06,2.93164,6.10352e-05,1.49012e-06,2.93166,-2.28882e-05,-2.74181e-06,2.93177,4.19617e-05,-3.66569e-06,2.93166,1.14441e-05,-5.21541e-07,2.93165,0.000135422,-3.65078e-07,2.93171,-2.28882e-05,3.27825e-07,9.10666,9.53674e-06,2.74181e-06,9.10668,3.05176e-05,1.19209e-07,9.10669,-3.8147e-06,-2.02656e-06,3.18147,3.14166,3.76725e-06,3.18154,3.14168,3.98249e-06,3.18152,3.14172,3.9381e-06,3.18162,3.14158,3.98851e-06,3.18157,3.14166,3.88099e-06,3.18159,3.14165,4.06524e-06,3.18151,3.14178,4.08684e-06,0.794489,3.4869,4.39927e-06,0.794668,3.487,4.45169e-06,0.794458,3.48701,4.33047e-06,0.794542,3.48683,4.25191e-06,0.794393,3.487,4.17621e-06,0.794504,3.48692,4.1159e-06,0.794668,3.48688,4.16913e-06,0.794456,3.48701,4.1606e-06,0.794704,3.48693,4.22689e-06,0.794592,3.48696,4.15841e-06,0.794613,3.48692,4.34601e-06,0.794464,3.48696,4.39643e-06],"quats":[0.47432497,-0.52441943,-0.47432509,0.52441949,-0.90546674,-0.42441678,-0.00025771704,-0.00054901373,-5.2287862e-05,-6.091784e-09,-0.00029397011,0.99999994,5.3921758e-05,1.2365053e-05,0.20667742,0.97840917,8.291463e-06,1.1070057e-05,0.81195879,0.58371478,-1.2695935e-07,4.8431148e-13,-3.8146973e-06,1.0,9.4959148e-07,8.9013433e-08,0.10623442,0.99434108,1.6378054e-06,2.0495495e-06,0.79776341,0.60297072,-2.4822079e-06,-3.7918262e-08,-7.1525574e-07,1.0,-1.0029304e-07,1.5915237e-08,-0.1567263,0.98764211,-0.23554328,-0.97186387,-3.2647006e-06,-1.5272037e-06,1.1724079e-07,-4.7500319e-07,0.23962978,0.97086436,-7.2604237e-08,1.5719175e-08,-0.21160235,0.97735584,-0.00081791368,0.00467719,0.94594491,0.32429266,-0.0038725683,-0.0054601142,0.097927809,0.99517101,-0.0019293913,-0.028249556,0.26029986,0.96511257,-8.356472e-07,2.7349236e-07,-0.35791004,0.93375605,2.3838506e-07,-3.9990882e-09,-0.01677339,0.99985933,-0.70619971,-0.7080127,-7.8353787e-07,-4.5797481e-07,-0.70659071,-0.70762247,-7.8425734e-07,-4.5743354e-07,0.47629604,-0.52262986,-0.47629616,0.52262992,0.48125738,-0.51806504,-0.48125747,0.51806492,0.48777929,-0.51192898,-0.48777938,0.51192904,0.49446982,-0.50546956,-0.49446988,0.50546962,-0.5027793,0.4972052,0.50277936,-0.49720514,-0.51271552,0.48695257,0.51271558,-0.48695248,-0.52094918,0.4781338,0.52094924,-0.47813374,-0.52437198,0.47437748,0.52437204,-0.47437742,-0.52262473,0.47630188,0.52262473,-0.47630176,-0.51815367,0.48116186,0.51815379,-0.4811618,-0.51211435,0.48758459,0.51211458,-0.48758453,-0.50570136,0.49423292,0.50570148,-0.49423283,0.4973962,-0.50259042,-0.49739632,0.50259024,0.48704693,-0.51262569,-0.48704705,0.51262587,0.47812802,-0.52095461,-0.47812808,0.52095449,-0.82376993,-0.56692404,-0.00028572517,-0.00041457184,-0.76232868,-0.64718986,-0.00030978618,-0.00036432233,-0.68396878,-0.72951114,-0.00034651361,-0.00032454886,-0.6102702,-0.79219317,-0.00038946146,-0.00029955286,-0.50554138,-0.86280221,-0.00047164565,-0.00027589174,-0.50187606,-0.86493933,-0.00063203002,-0.00018689866,-0.62834257,-0.77793652,-0.00059188122,-0.00013681302,-0.75461125,-0.65617198,-0.00052092195,-0.00012753034,-0.82557523,-0.56429183,-0.00047131922,-0.00015141092,-0.88845831,-0.45895714,-0.00043495384,-0.0001879873,-0.94825262,-0.31751654,-0.00041000798,-0.00025200358,-0.98556548,-0.16929385,-0.00041030828,-0.00035717318,-0.9964419,-0.084280148,-0.0004187813,-0.00051545398,-0.99001187,-0.14098221,-0.00037846432,-0.0006080856,-0.97341198,-0.22906016,-0.00031402666,-0.00067824178,-5.2382071e-05,-6.4255744e-08,4.4107419e-06,1.0,-4.995161e-05,1.9687785e-05,-0.29965749,0.95404685,-4.3508026e-05,3.3666074e-05,-0.55926514,0.82898885,-3.4723704e-05,5.5442702e-05,-0.75141937,0.65982497,-3.0774765e-05,5.7527785e-05,-0.80771226,0.58957696,-2.8093824e-05,5.5588105e-05,-0.84523207,0.53439957,-2.6760757e-05,6.3609063e-05,-0.8610934,0.50844699,-2.8175855e-05,5.3040199e-05,-0.84094518,0.54112041,-3.5821733e-05,4.7969283e-05,-0.72952771,0.68395138,-4.4800039e-05,3.2429423e-05,-0.51434314,0.85758448,-5.0660976e-05,1.5352483e-05,-0.25534815,0.96684915,5.4354248e-05,1.0298813e-05,0.16919839,0.98558199,5.4565287e-05,9.1148077e-06,0.14773345,0.9890272,5.4919557e-05,6.6552416e-06,0.10317004,0.99466377,5.5274442e-05,2.2775791e-06,0.02393968,0.99971342,5.5219753e-05,-3.3509577e-06,-0.077770777,0.99697125,5.4642991e-05,-8.6367663e-06,-0.17312425,0.9849,5.3996919e-05,-1.2032559e-05,-0.23429686,0.97216511,5.384727e-05,-1.2685458e-05,-0.2460504,0.96925706,5.3786149e-05,-1.2942184e-05,-0.2506713,0.9680723,5.3724449e-05,-1.3195999e-05,-0.25523937,0.96687788,5.3667089e-05,-1.3427382e-05,-0.25940341,0.96576905,5.3619347e-05,-1.3616771e-05,-0.26281148,0.96484721,5.3586697e-05,-1.3744675e-05,-0.26511294,0.96421736,5.3574626e-05,-1.3791657e-05,-0.26595834,0.96398455,5.5316468e-05,-7.3410848e-07,-0.030505219,0.99953461,7.3560582e-06,1.3370636e-05,0.88345921,0.46850812,7.0253104e-06,1.6188163e-05,0.92549032,0.37877131,6.2627746e-06,1.6537031e-05,0.90917981,0.4164038,5.6287863e-06,1.5814221e-05,0.85661143,0.51596224,5.0251747e-06,1.4858193e-05,0.78561234,0.61871904,4.7767458e-06,1.3804817e-05,0.7042194,0.70998245,5.5197884e-06,1.2372523e-05,0.60997558,0.79242021,6.5998192e-06,1.1110736e-05,0.49110961,0.8710978,8.422162e-06,9.9598992e-06,0.32553133,0.94553125,1.1327244e-05,9.4131856e-06,0.18519866,0.98270112,1.4157824e-05,9.1403344e-06,0.13453223,0.99090922,1.4456396e-05,8.0621194e-06,0.30094096,0.95364279,1.354376e-05,7.035409e-06,0.47925347,0.87767655,1.1797166e-05,7.6627502e-06,0.55287486,0.83326429,9.6920348e-06,8.8352899e-06,0.68574083,0.72784585,-1.8114815e-07,3.023236e-13,-1.6689301e-06,1.0,-1.3047479e-07,-6.8224267e-07,0.11042577,0.99388438,-4.787254e-08,-8.6753556e-07,0.3226124,0.94653118,2.4641773e-08,-8.5786487e-06,0.53481644,0.84496832,-1.2420476e-07,-1.3125819e-05,0.69435751,0.71963024,4.9243695e-08,-6.2510094e-06,0.796606,0.60449892,-1.7196783e-07,-8.9923233e-06,0.84309542,0.53776401,-9.9251878e-08,-1.3651315e-05,0.84040624,0.54195696,-1.4732238e-08,-1.6656257e-05,0.78071952,0.62488168,1.3930398e-07,-1.0447602e-05,0.64889044,0.7608819,-1.0511343e-07,-7.4110931e-06,0.31110612,0.9503752,-8.8557528e-08,-2.2167557e-08,-1.9073491e-06,1.0,-1.0765786e-10,2.3841861e-07,0.0004515498,0.99999988,9.5481903e-07,-5.3132801e-08,0.018479893,0.99982923,9.5024058e-07,-8.0851478e-08,-0.084778935,0.99639976,9.4690978e-07,-1.1409637e-07,-0.10636367,0.99432731,9.4587347e-07,-1.224797e-07,-0.11430334,0.99344593,9.4729847e-07,-1.1009024e-07,-0.11543801,0.99331468,9.5154201e-07,-6.575506e-08,-0.052012336,0.99864644,9.513418e-07,6.7894611e-08,0.08466281,0.99640965,9.3550318e-07,1.8600073e-07,0.21182068,0.97730857,9.2168631e-07,2.4530377e-07,