{"is_global":true,"animation":{"fields":["time","attr"],"times":[0.0,0.0333333,0.0666667,0.1,0.133333,0.166667,0.2,0.233333,0.266667,0.3,0.333333,0.366667,0.4,0.433333,0.466667,0.5,0.533333],"poses":[-8.18968e-08,10.992,-16.3407,14.9115,7.68091,3.508,0.651799,3.71035,1.90252e-06,6.77307,-0.592168,7.63517,6.77307,-0.592162,-7.635,14.9115,7.68091,-3.50777,5.40708,-1.90735e-05,7.86781e-06,1.27989,7.54694,3.348,5.60896,1.04904e-05,7.15256e-07,1.27989,7.54695,-3.34752,5.60895,7.6294e-06,-0.0,-0.869498,-2.82156,-1.82725e-06,7.12073,0.00019455,-2.10106e-06,21.0938,1.92988,-4.78467e-06,-8.18968e-08,10.992,-16.3393,-8.18968e-08,10.992,-16.3293,-8.18968e-08,10.992,-16.3021,-8.18968e-08,10.992,-16.2491,-8.18968e-08,10.992,-15.8449,-8.18968e-08,10.992,-15.0241,-8.18968e-08,10.992,-14.1682,-8.18968e-08,10.992,-13.6587,-8.18968e-08,10.992,-13.4975,-8.18968e-08,10.992,-13.4148,-8.18968e-08,10.992,-13.3843,-8.18968e-08,10.992,-13.3799,-8.18968e-08,10.992,-13.8425,-8.18968e-08,10.992,-14.8603,-8.18968e-08,10.992,-15.8781,5.40708,2.57492e-05,3.33786e-06,5.40708,2.6226e-05,3.33786e-06,-0.86958,-2.82155,-1.89376e-06,-0.869599,-2.82157,-1.91053e-06,-0.869517,-2.82163,-1.91892e-06,7.12079,6.10352e-05,-1.84774e-06,7.12082,0.00015068,-7.7486e-07,7.12079,0.000162125,6.55651e-07,7.12071,0.000110626,1.78814e-06,7.12086,0.000106812,-7.03335e-06,7.12067,6.48498e-05,-2.86102e-06,7.12073,8.2016e-05,-4.41074e-06,7.12087,0.00014019,-4.05312e-06,7.12073,8.01086e-05,-3.69549e-06,7.12075,0.000102997,-6.25849e-07,21.0938,1.92988,-4.77411e-06,21.0937,1.92989,-4.76087e-06,21.0937,1.92984,-4.74903e-06,21.0937,1.92993,-4.71776e-06,21.0938,1.92991,-4.7468e-06,21.0938,1.92987,-4.76901e-06],"quats":[0.47432503,-0.52441949,-0.47432512,0.52441943,-0.074275553,-0.99723774,2.6627108e-06,5.7551426e-07,0.054911975,-0.70504397,0.70493513,-0.0544439,0.075661764,-0.70295578,0.70308852,-0.076125115,8.1840317e-06,1.100656e-05,0.81195933,0.58371407,-1.4725472e-07,3.5403929e-09,-0.12097957,0.99265498,1.5728393e-06,2.1534456e-06,0.79776341,0.60297072,-2.457459e-06,-2.9250609e-07,0.098211423,0.99516559,-0.23554313,-0.97186387,-3.409187e-06,-1.7625653e-06,3.159251e-08,-4.3858896e-07,0.23962963,0.97086442,-0.00417967,0.0056473454,0.93766463,0.34747043,-0.00030493364,-0.0029907648,0.10295452,0.99468154,-2.9799293e-07,6.3931274e-08,-0.73225385,0.68103182,0.47629598,-0.52262998,-0.47629607,0.52262998,0.48125732,-0.51806504,-0.48125738,0.51806498,0.48777908,-0.51192909,-0.48777914,0.51192921,0.49446967,-0.50546968,-0.49446973,0.5054698,-0.5027793,0.49720523,0.50277936,-0.49720511,-0.51271552,0.4869526,0.51271558,-0.48695248,-0.52094907,0.47813395,0.52094918,-0.47813386,-0.52437192,0.47437763,0.52437192,-0.47437754,-0.52262467,0.47630191,0.52262479,-0.47630173,-0.51815373,0.48116189,0.51815379,-0.48116177,-0.51211435,0.48758462,0.51211458,-0.4875845,-0.50570124,0.49423304,0.50570136,-0.49423289,0.4973962,-0.50259048,-0.49739626,0.50259024,0.48704699,-0.51262587,-0.48704702,0.51262575,0.47812802,-0.52095467,-0.47812805,0.52095443,-0.90546668,-0.42441702,-0.00025763534,-0.00054905185,-0.82376993,-0.56692404,-0.00028567528,-0.00041460615,-0.76232868,-0.64718986,-0.00030973827,-0.00036436302,-0.68396902,-0.7295109,-0.00034649947,-0.00032456394,-0.61027014,-0.79219323,-0.00038944063,-0.00029957987,-0.50554216,-0.86280173,-0.00047160411,-0.00027596261,-0.50187606,-0.86493933,-0.00063203566,-0.00018688902,-0.62834257,-0.77793652,-0.00059186632,-0.00013683154,-0.75461113,-0.6561721,-0.00052087341,-0.0001275726,-0.82557535,-0.56429172,-0.00047127856,-0.00015143871,-0.88845813,-0.45895743,-0.00043491513,-0.00018800712,-0.94825268,-0.31751642,-0.00040998418,-0.00025201158,-0.98556554,-0.16929351,-0.0004103067,-0.00035717359,-0.99644184,-0.084280401,-0.00041879457,-0.0005154527,-0.99001187,-0.14098214,-0.00037858164,-0.00060891185,-0.97341198,-0.22906028,-0.0003140239,-0.00067824224,-0.90546668,-0.42441702,-0.00025763497,-0.00054905203,-0.043310761,-0.99906164,1.7046557e-06,9.5523433e-07,-0.019054288,-0.9998185,2.6823047e-06,8.5462591e-07,-0.006624368,-0.99997807,2.6939854e-06,6.304054e-07,-0.018290889,-0.99983269,-4.9706417e-05,-3.0554534e-06,-0.040784083,-0.99916798,-4.9732032e-05,-1.5527518e-06,-0.072701223,-0.99735373,-4.9853825e-05,-4.4129669e-07,-0.11857034,-0.99294567,-5.0184488e-05,6.4512005e-07,-0.17039616,-0.98537564,-4.9873521e-05,2.0178652e-06,-0.20661157,-0.97842306,-4.974745e-05,3.427735e-06,-0.22032803,-0.97542584,-4.9487393e-05,5.1736911e-06,-0.21187575,-0.97729665,-4.9629303e-05,6.4715864e-06,-0.17981699,-0.9837001,-4.9247428e-05,7.3036667e-06,-0.14324909,-0.98968667,2.6577611e-06,4.7296245e-07,-0.1156046,-0.99329531,2.6592304e-06,4.9048128e-07,-0.09318909,-0.99564844,2.6631103e-06,4.9984601e-07,-5.2106883e-05,-6.1762339e-06,0.11770613,0.99304849,-5.2449799e-05,1.0359333e-06,-0.015196086,0.99988455,-5.2378487e-05,3.579127e-06,-0.054554086,0.99851084,-5.2131953e-05,7.1283885e-06,-0.10861541,0.99408382,-5.1710722e-05,1.0986571e-05,-0.16782512,0.98581684,-5.1098501e-05,1.4869859e-05,-0.22275467,0.9748745,-5.0748629e-05,1.7624441e-05,-0.26437595,0.96441972,-5.0846043e-05,1.999393e-05,-0.29590622,0.955217,-5.1342333e-05,2.2195652e-05,-0.32521629,0.94563967,-5.1993789e-05,2.4307665e-05,-0.35068324,0.93649411,-5.2637472e-05,2.6153264e-05,-0.37075019,0.92873263,-5.3092943e-05,2.7502438e-05,-0.3839058,0.92337227,-5.3309741e-05,2.7925884e-05,-0.38863561,0.92139155,-5.4510314e-05,2.2483147e-05,-0.31299827,0.9497537,-5.5322471e-05,1.0235301e-05,-0.14012237,0.99013424,-5.3586518e-05,-1.2816521e-06,0.037169281,0.999309,-5.2106672e-05,-6.176208e-06,0.11770613,0.99304849,0.068409041,-0.70387262,0.70374781,-0.0679897,0.099309072,-0.70019162,0.70005924,-0.09892644,0.13037115,-0.69508606,0.69494718,-0.13002747,0.15011503,-0.69109964,0.69094759,-0.14979395,0.15780261,-0.68939102,0.68922615,-0.15749824,0.16248091,-0.68831247,0.68813157,-0.16217512,0.16487779,-0.68775326,0.68755436,-0.16455932,0.16704665,-0.68724322,0.68702215,-0.16671184,0.16724093,-0.68721718,0.68697119,-0.16683404,0.16203158,-0.68846941,0.68822366,-0.16156712,0.14867938,-0.69147217,0.69123954,-0.14815086,0.12438761,-0.69623137,0.6960277,-0.12383455,0.094368212,-0.70090061,0.70073307,-0.093841039,0.068757199,-0.70384711,0.70371246,-0.068268076,0.082525514,-0.7021786,0.70232165,-0.082939915,0.099840306,-0.69992429,0.70006692,-0.10022067,0.1199773,-0.69675273,0.69689602,-0.12032056,0.14077578,-0.69284052,0.69299781,-0.14109682,0.15757708,-0.68920386,0.68937784,-0.15787911,0.17032088,-0.68615329,0.68634713,-0.17062268,0.18147057,-0.68327445,0.68349075,-0.18178241,0.19270025,-0.68017542,0.68041861,-0.19302467,0.20224631,-0.67738229,0.67764693,-0.20259389,0.21046333,-0.67485821,0.67513937,-0.21085165,0.21529236,-0.67331862,0.67360967,-0.21573426,0.20603573,-0.67620397,0.67648977,-0.20654066,0.17486575,-0.68494874,0.68520218,-0.17540002,0.1324929,-0.69443077,0.69463682,-0.13300841,0.094887674,-0.70059717,0.70075995,-0.095370181,7.0620772e-06,1.342356e-05,0.88345921,0.46850812,6.9676425e-06,1.6139933e-05,0.92549032,0.37877133,6.3657285e-06,1.6399306e-05,0.90917981,0.4164038,5.6875747e-06,1.5705135e-05,0.85661143,0.51596224,5.0714921e-06,1.4707358e-05,0.78561234,0.61871904,4.7582248e-06,1.3627387e-05,0.70421958,0.70998228,5.5189794e-06,1.222914e-05,0.60997546,0.79242033,6.5495233e-06,1.0953126e-05,0.49110997,0.87109756,8.4037201e-06,9.8129703e-06,0.32553133,0.94553125,1.125048e-05,9.2914397e-06,0.18519866,0.98270112,1.4093716e-05,9.0294288e-06,0.13453214,0.99090922,1.4402073e-05,7.9135743e-06,0.30094084,0.95364279,1.3359044e-05,7.1883437e-06,0.47925353,0.87767649,1.1622153e-05,7.7239347e-06,0.55287546,0.83326387,9.5875403e-06,8.8734478e-06,0.68574095,0.72784573,-1.8173837e-07,-1.6172828e-07,-0.080403887,0.99676239,-1.8059991e-07,-1.5841209e-07,0.011833686,0.99993002,-1.7362024e-07,-5.4241497e-07,0.11042568,0.99388438,-1.4686951e-06,-3.2424498e-06,0.22186981,0.97507632,-3.3415536e-06,-8.3523846e-06,0.33659977,0.94164783,-4.7064641e-06,-1.2046402e-05,0.39034632,