{"is_global":true,"animation":{"fields":["time","attr"],"times":[0.0,0.0333333,0.0666667,0.1,0.133333,0.166667,0.2,0.233333,0.266667,0.3,0.333333,0.366667,0.4,0.433333,0.466667,0.5,0.533333],"poses":[-8.18968e-08,10.992,-17.619,20.2849,4.68745,3.54915,4.30653,2.86102e-06,-7.39098e-06,20.2837,4.60616,-3.46737,4.34871,-1.69277e-05,-1.43051e-06,3.86164,-2.38419e-07,-1.19209e-06,1.78248,4.79872,3.348,3.93014,0.0,-0.0,1.78115,4.69854,-3.34752,4.21489,4.1008e-05,4.05312e-06,3.81945,-1.14441e-05,-4.52995e-06,1.49396,-5.53005,-1.74432e-06,2.93168,0.000137329,-1.43051e-06,9.1802,-0.000143051,-1.20699e-06,17.1869,-1.23879,-7.56123e-06,3.18154,3.14153,3.77445e-06,0.794556,3.48694,3.77814e-06,-8.18968e-08,10.992,-17.6176,-8.18968e-08,10.992,-17.6076,-8.18968e-08,10.992,-17.5804,-8.18968e-08,10.992,-17.5274,-8.18968e-08,10.992,-17.1232,-8.18968e-08,10.992,-16.3024,-8.18968e-08,10.992,-15.4465,-8.18968e-08,10.992,-14.937,-8.18968e-08,10.992,-14.7758,-8.18968e-08,10.992,-14.6931,-8.18968e-08,10.992,-14.6626,-8.18968e-08,10.992,-14.6582,-8.18968e-08,10.992,-15.1208,-8.18968e-08,10.992,-16.1386,-8.18968e-08,10.992,-17.1564,3.8225,8.58307e-06,-2.38419e-07,3.8225,9.53674e-06,2.38419e-07,4.00406,-2.86102e-05,4.76837e-07,4.00405,-2.67029e-05,9.53674e-07,3.93018,-9.53674e-06,-6.19888e-06,3.93015,-0.000113487,5.96046e-06,3.93016,-6.4373e-05,5.00679e-06,4.21491,-2.95639e-05,-9.53674e-07,4.21491,-6.48498e-05,-2.14577e-06,4.21491,-9.53674e-06,3.09944e-06,9.18018,-6.86646e-05,-5.00679e-06,9.1802,-2.28882e-05,1.43051e-06,9.18018,-5.72205e-05,-2.14577e-06,9.18019,-3.8147e-06,1.43051e-06,9.18029,-8.01086e-05,-3.7998e-06,9.18024,-5.53131e-05,-2.11596e-06,11.7479,0.689928,2.18253e-06,3.18159,3.14168,3.74364e-06,3.18158,3.14166,3.69237e-06,3.18149,3.14164,3.87448e-06,0.794491,3.48701,3.78632e-06,0.794586,3.48705,3.84765e-06,0.794506,3.48704,3.99668e-06],"quats":[0.47432503,-0.52441949,-0.47432512,0.52441943,8.255076e-06,1.1150039e-05,0.81195879,0.58371478,-1.2445e-07,4.7288464e-13,-3.7997963e-06,1.0,9.4313009e-07,1.0076313e-07,0.1062345,0.99434114,-0.23554315,-0.97186393,-3.4091875e-06,-1.7625653e-06,2.4257893e-08,-4.2046943e-07,0.23962976,0.97086436,-5.1097743e-08,1.1062907e-08,-0.21160221,0.9773559,-0.00417967,0.0056473454,0.93766463,0.3474704,-0.00030493259,-0.0029907699,0.10295452,0.99468154,-0.00037555941,-0.01585196,0.24218377,0.97010082,-8.356472e-07,2.7349236e-07,-0.35791004,0.93375605,-0.70619971,-0.7080127,-1.610664e-07,9.9583247e-08,-0.70659071,-0.70762247,-7.5146818e-07,-4.9027068e-07,0.47629613,-0.52262998,-0.47629622,0.5226298,0.48125741,-0.51806504,-0.48125747,0.51806492,0.48777917,-0.51192898,-0.48777923,0.51192915,0.49446979,-0.50546956,-0.49446985,0.50546968,-0.5027793,0.49720523,0.50277936,-0.49720511,-0.51271552,0.4869526,0.51271558,-0.48695245,-0.52094924,0.4781338,0.52094924,-0.47813374,-0.52437204,0.47437748,0.5243721,-0.47437736,-0.52262473,0.47630188,0.52262473,-0.47630173,-0.51815373,0.48116186,0.51815379,-0.48116177,-0.51211435,0.48758462,0.51211458,-0.4875845,-0.50570136,0.49423292,0.50570148,-0.4942328,0.49739629,-0.50259042,-0.49739632,0.50259018,0.48704696,-0.51262569,-0.48704699,0.51262581,0.47812808,-0.52095455,-0.47812811,0.52095437,-0.90546668,-0.42441702,-0.00025764335,-0.00054904813,-0.82376981,-0.56692415,-0.00028565014,-0.00041462356,-0.76232868,-0.64718986,-0.00030971758,-0.00036438054,-0.68396878,-0.72951114,-0.00034647956,-0.00032458513,-0.6102702,-0.79219317,-0.0003894254,-0.00029959969,-0.50554144,-0.86280221,-0.00047160411,-0.00027596258,-0.50187606,-0.86493933,-0.00063202315,-0.00018691081,-0.62834269,-0.77793646,-0.00059185817,-0.00013684173,-0.75461125,-0.65617198,-0.00052085199,-0.00012759116,-0.82557535,-0.56429172,-0.0004712485,-0.00015145932,-0.88845831,-0.4589572,-0.00043488792,-0.00018802129,-0.94825274,-0.31751624,-0.00041025589,-0.00025292629,-0.98556554,-0.16929361,-0.00041027652,-0.00035717871,-0.9964419,-0.084280007,-0.00041876259,-0.00051545555,-0.99001187,-0.14098233,-0.0003785537,-0.00060891564,-0.97341198,-0.22906025,-0.00031398635,-0.00067825109,-0.90546668,-0.42441702,-0.00025764253,-0.00054904848,-5.2338208e-05,-4.4360903e-08,-0.00029347825,0.99999994,-5.2335119e-05,-5.6249419e-08,4.2915271e-06,1.0,-4.9958067e-05,1.9435656e-05,-0.29965749,0.95404685,-4.3467033e-05,3.363581e-05,-0.55926549,0.82898861,-3.4711251e-05,5.5428871e-05,-0.75141948,0.65982479,-3.0770105e-05,5.7522058e-05,-0.80771226,0.58957696,-2.8081346e-05,5.5569089e-05,-0.84523201,0.53439957,-2.6775017e-05,6.3634019e-05,-0.8610934,0.50844699,-2.8184062e-05,5.3053413e-05,-0.84094554,0.54111975,-3.5823243e-05,4.7972215e-05,-0.72952771,0.68395138,-4.4786495e-05,3.2421423e-05,-0.51434314,0.85758448,-5.0627583e-05,1.5342875e-05,-0.25534806,0.96684921,-5.2338175e-05,-4.4300357e-08,-0.00029352287,0.99999994,5.3920699e-05,1.2365149e-05,0.20667723,0.97840917,5.4354172e-05,1.0298937e-05,0.16919863,0.98558199,5.4560223e-05,9.0866524e-06,0.14773355,0.9890272,5.4920605e-05,6.6550306e-06,0.10317013,0.99466372,5.5272514e-05,2.277319e-06,0.02393949,0.99971342,5.5217908e-05,-3.3511528e-06,-0.077771105,0.99697125,5.4643981e-05,-8.6364444e-06,-0.17312436,0.9849,5.3995409e-05,-1.203303e-05,-0.23429644,0.97216523,5.3822638e-05,-1.2679258e-05,-0.2460504,0.96925706,5.3786152e-05,-1.2940817e-05,-0.25067139,0.96807224,5.3724652e-05,-1.3196005e-05,-0.25523919,0.96687794,5.3667303e-05,-1.3427308e-05,-0.25940317,0.96576917,5.3619355e-05,-1.3617016e-05,-0.26281047,0.96484751,5.358849e-05,-1.3744448e-05,-0.265113,0.96421736,5.357468e-05,-1.379171e-05,-0.26595798,0.96398461,5.5317574e-05,-7.3594185e-07,-0.030505134,0.99953461,5.3920816e-05,1.2365173e-05,0.20667723,0.97840917,7.2272792e-06,1.3491182e-05,0.88345921,0.46850812,6.9889766e-06,1.625183e-05,0.92549032,0.37877133,6.3491775e-06,1.654665e-05,0.90917981,0.4164038,5.7160178e-06,1.5812708e-05,0.85661143,0.51596224,5.1118268e-06,1.4845533e-05,0.78561294,0.61871833,4.8626425e-06,1.3780475e-05,0.70421958,0.70998228,5.6045519e-06,1.2336044e-05,0.60997581,0.79242009,6.6772027e-06,1.1064147e-05,0.49110997,0.87109762,8.4934036e-06,9.9022072e-06,0.32553151,0.94553119,1.1393472e-05,9.340104e-06,0.18519874,0.98270112,1.4211295e-05,9.0714038e-06,0.13453223,0.99090922,1.4521448e-05,8.0031186e-06,0.30094093,0.95364279,1.3466368e-05,7.2679122e-06,0.4792538,0.87767637,1.1737035e-05,7.8300882e-06,0.55287504,0.83326417,9.6278491e-06,8.9671621e-06,0.68574095,0.72784573,-1.5901792e-07,1.9667304e-13,-1.236798e-06,1.0,-9.699324e-08,-5.4843645e-07,0.11042569,0.99388438,2.3035693e-09,-7.2686925e-07,0.3226127,0.94653106,8.4378172e-08,-8.4297835e-06,0.53481632,0.84496832,-3.9281293e-08,-1.2986591e-05,0.69435751,0.71963024,1.4334196e-07,-6.1002561e-06,0.79660606,0.60449892,-8.6998135e-08,-8.8222432e-06,0.8430959,0.53776336,-4.0620055e-08,-1.3482634e-05,0.84040636,0.5419569,-7.080847e-09,-1.6471213e-05,0.78071952,0.62488168,1.1277901e-07,-1.0294008e-05,0.64889044,0.7608819,-1.7209481e-07,-7.2517055e-06,0.31110594,0.95037526,-1.6056188e-07,-7.0037636e-08,-2.0712637e-06,1.0,-3.7149722e-08,2.4780891e-07,0.00045147585,0.99999988,9.5402208e-07,4.1077168e-09,0.018479945,0.99982923,9.5034665e-07,-8.0860801e-08,-0.084779263,0.99639976,9.4677063e-07,-1.1512739e-07,-0.10636351,0.99432731,9.4585465e-07,-1.2269646e-07,-0.11430334,0.99344593,9.4573807e-07,-1.2373684e-07,-0.11543811,0.99331468,9.517554e-07,-6.3404727e-08,-0.052012376,0.99864644,9.5027644e-07,6.937158e-08,0.084662676,0.99640965,9.341536e-07,1.8788958e-07,0.21182027,0.97730863,9.2163896e-07,2.4551434e-07,0.27095771,0.96259123,9.3490826e-07,1.8789433e-07,0.21148844,0.97738051,9.5187357e-07,6.0753834e-08,0.078180194,0.99693924,9.5137386e-07,-6.7674108e-08,-0.05654759,0.99839991,9.4525456e-07,-1.2588647e-07,-0.11759564,0.99306154,9.4520237e-07,-1.6433367e-07,-0.059680108,0.99821752,9.5359218e-07,2.6204328e-08,0.048263546,0.99883467,1.5685478e-06,2.1551145e-06,0.79776293,0.60297132,1.5047982e-06,2.4875401e-06,0.8668806,0.49851581,1.4109218e-06,2.8122836e-06,0.90310794,0.42941362,8.6043843e-07,3.5215305e-06,