{"is_global":true,"animation":{"fields":["time","attr"],"times":[0.0,0.0333333,0.0666667,0.1,0.133333,0.166667,0.2,0.233333,0.266667,0.3,0.333333,0.366667,0.4,0.433333,0.466667,0.5,0.533333],"poses":[-8.18968e-08,10.992,-16.3407,18.1815,-0.657897,3.77315,8.47385,8.4877e-05,-4.52995e-06,5.00131,-7.6294e-06,-1.19209e-06,18.1815,-0.657896,-3.77914,8.42439,-5.22137e-05,-2.86102e-06,5.0013,-9.77516e-06,8.82149e-06,-1.16154,-0.77456,3.48384,8.63715,-3.8147e-06,2.38419e-07,4.87091,-7.05719e-05,-0.0,-1.16154,-0.77456,-3.77295,8.63716,4.3869e-05,-3.8147e-06,4.87091,9.91821e-05,6.4373e-06,-5.14192,-5.3038,-1.76333e-06,2.70759,7.24792e-05,8.34465e-07,8.939,-4.19617e-05,-2.92063e-06,16.3369,-1.69453,-9.45697e-06,3.1816,3.1416,3.71415e-06,0.794634,3.48688,3.7089e-06,-8.18968e-08,10.992,-16.3393,-8.18968e-08,10.992,-16.3293,-8.18968e-08,10.992,-16.3021,-8.18968e-08,10.992,-16.2491,-8.18968e-08,10.992,-15.8449,-8.18968e-08,10.992,-15.0241,-8.18968e-08,10.992,-14.1682,-8.18968e-08,10.992,-13.6587,-8.18968e-08,10.992,-13.4975,-8.18968e-08,10.992,-13.4148,-8.18968e-08,10.992,-13.3843,-8.18968e-08,10.992,-13.3799,-8.18968e-08,10.992,-13.8425,-8.18968e-08,10.992,-14.8603,-8.18968e-08,10.992,-15.8781,8.63711,5.91278e-05,-4.76837e-07,8.63726,3.62396e-05,-4.52995e-06,8.63716,-7.62939e-05,-4.29153e-06,8.6371,-7.6294e-06,3.8147e-06,8.63724,3.8147e-05,1.43051e-06,8.63717,4.57764e-05,-4.29153e-06,8.93906,-1.52588e-05,9.53674e-07,8.93913,-1.71661e-05,-5.96046e-07,8.93902,2.00272e-05,4.76837e-06,8.93906,-8.7738e-05,-7.15256e-06,8.93913,-7.43866e-05,-3.8147e-06,8.93907,-1.90735e-05,-4.76837e-07,10.1332,0.969541,6.02624e-06,3.18156,3.14157,3.74437e-06,3.18146,3.14156,3.89634e-06,3.18155,3.14158,3.74634e-06,0.794579,3.48697,3.87901e-06,0.794508,3.48686,3.74459e-06,0.794588,3.48686,3.77597e-06,0.794514,3.48696,3.73766e-06,0.794451,3.48692,3.74422e-06,0.794514,3.48698,3.8868e-06,0.794529,3.48687,3.80308e-06],"quats":[0.47432503,-0.52441949,-0.47432512,0.52441943,-0.90546668,-0.42441696,-0.00025764597,-0.00054904702,-5.2340518e-05,-4.5027789e-08,-0.00029373172,0.99999994,5.3921758e-05,1.2365053e-05,0.20667742,0.97840917,8.2193137e-06,1.1121927e-05,0.81195933,0.58371407,-8.6188798e-08,3.4933322e-13,-4.0531163e-06,1.0,9.4973876e-07,8.7635598e-08,0.10623442,0.99434108,1.6084161e-06,2.0717628e-06,0.79776287,0.60297132,-2.4313413e-06,-1.4297145e-08,-4.7683713e-07,1.0,-1.0752685e-07,6.9867472e-09,-0.15672657,0.98764205,-0.23554328,-0.97186387,-3.2647006e-06,-1.5272037e-06,1.6614877e-08,-4.1246903e-07,0.23962976,0.97086436,-0.0,-0.0,-0.21160236,0.97735584,-0.016704191,-0.0032692312,0.93649745,0.35026118,-0.00030494767,-0.0029907913,0.10295452,0.99468154,-0.00037553505,-0.0158519,0.24218383,0.97010082,-8.356472e-07,2.7349236e-07,-0.35791004,0.93375605,-0.70619971,-0.7080127,-1.6066139e-07,9.91772e-08,-0.70659071,-0.70762247,-7.5106323e-07,-4.9067614e-07,0.47629613,-0.52262998,-0.47629622,0.5226298,0.48125738,-0.51806504,-0.48125747,0.51806492,0.48777923,-0.51192904,-0.48777935,0.51192909,0.49446982,-0.50546956,-0.49446988,0.50546962,-0.5027793,0.4972052,0.50277936,-0.49720514,-0.51271552,0.48695257,0.51271558,-0.48695248,-0.52094918,0.4781338,0.52094924,-0.47813374,-0.52437198,0.47437748,0.52437204,-0.47437748,-0.52262473,0.47630188,0.52262473,-0.47630176,-0.51815367,0.48116186,0.51815379,-0.4811618,-0.51211435,0.48758459,0.51211458,-0.48758453,-0.50570136,0.49423292,0.50570148,-0.49423283,0.49739626,-0.50259036,-0.49739638,0.50259018,0.48704699,-0.51262575,-0.48704711,0.51262575,0.47812802,-0.52095455,-0.47812808,0.52095443,-0.82376981,-0.56692415,-0.00028565485,-0.0004146203,-0.76232868,-0.64718986,-0.00030971941,-0.00036437906,-0.68396902,-0.7295109,-0.000346455,-0.00032461146,-0.6102702,-0.79219317,-0.00038941021,-0.00029961939,-0.50554204,-0.86280179,-0.00047160769,-0.00027595644,-0.50187606,-0.86493933,-0.00063199253,-0.00018696344,-0.62834269,-0.77793646,-0.00059182645,-0.0001368809,-0.75461113,-0.6561721,-0.0005208503,-0.00012759268,-0.82557535,-0.56429172,-0.00047124701,-0.00015146032,-0.88845825,-0.45895723,-0.00043488696,-0.0001880217,-0.94825262,-0.3175166,-0.00041025548,-0.00025292637,-0.98556548,-0.16929385,-0.0004102762,-0.00035717871,-0.99644184,-0.084280476,-0.00041876297,-0.0005154555,-0.99001187,-0.14098233,-0.00037855387,-0.00060891564,-0.97341198,-0.22906031,-0.00031398694,-0.00067825109,-5.2335181e-05,-6.3912402e-08,3.9562574e-06,1.0,-4.9914182e-05,1.9676021e-05,-0.29965737,0.95404691,-4.3504057e-05,3.3663389e-05,-0.55926508,0.82898891,-3.4711717e-05,5.5429049e-05,-0.75141937,0.65982497,-3.0769086e-05,5.7520003e-05,-0.80771226,0.58957696,-2.8083339e-05,5.5571516e-05,-0.84523201,0.53439957,-2.6774298e-05,6.3632004e-05,-0.8610934,0.50844699,-2.8184013e-05,5.3052885e-05,-0.84094512,0.54112041,-3.5823112e-05,4.7970741e-05,-0.72952747,0.68395156,-4.4786808e-05,3.2421482e-05,-0.5143432,0.85758448,-5.0626102e-05,1.5343261e-05,-0.255348,0.96684921,5.4354248e-05,1.0298818e-05,0.16919847,0.98558199,5.4565284e-05,9.1148122e-06,0.14773355,0.9890272,5.4919561e-05,6.6552466e-06,0.10317013,0.99466372,5.5274442e-05,2.2775694e-06,0.023939507,0.99971342,5.5219756e-05,-3.3509577e-06,-0.077770777,0.99697131,5.4642991e-05,-8.6367809e-06,-0.17312455,0.98489994,5.3996919e-05,-1.2032561e-05,-0.23429684,0.97216511,5.3847274e-05,-1.2685474e-05,-0.24605067,0.969257,5.3786142e-05,-1.2942199e-05,-0.25067154,0.96807218,5.3724441e-05,-1.3196012e-05,-0.25523964,0.96687782,5.3667089e-05,-1.3427382e-05,-0.25940341,0.96576905,5.3619347e-05,-1.3616756e-05,-0.26281121,0.96484727,5.35867e-05,-1.3744676e-05,-0.26511294,0.96421736,5.3574622e-05,-1.3791656e-05,-0.26595834,0.96398455,5.5316472e-05,-7.3410837e-07,-0.030505221,0.99953461,7.2944554e-06,1.3403305e-05,0.88345921,0.46850812,6.9670441e-06,1.621201e-05,0.92549032,0.37877131,6.2627746e-06,1.6537031e-05,0.90917981,0.4164038,5.6287863e-06,1.5814221e-05,0.85661143,0.51596224,5.0251633e-06,1.4858201e-05,0.78561294,0.61871833,4.7767458e-06,1.3804817e-05,0.7042194,0.70998245,5.5197888e-06,1.2372523e-05,0.60997564,0.79242021,6.5998192e-06,1.1110736e-05,0.49110961,0.8710978,8.422162e-06,9.9598992e-06,0.32553133,0.94553125,1.1327244e-05,9.4131856e-06,0.18519866,0.98270112,1.4157822e-05,9.1403363e-06,0.13453239,0.99090922,1.4456394e-05,8.0621203e-06,0.30094108,0.95364273,1.3461776e-05,7.1855525e-06,0.47925356,0.87767649,1.1751977e-05,7.7308578e-06,0.55287498,0.83326429,9.6346976e-06,8.8961497e-06,0.68574095,0.72784573,-1.1523841e-07,1.3737491e-13,-1.1920931e-06,1.0,-6.1945258e-08,-6.2883578e-07,0.11042561,0.99388438,1.9332372e-08,-8.1243212e-07,0.3226124,0.94653118,8.1159023e-08,-8.5168076e-06,0.53481627,0.84496838,-6.0183879e-08,-1.3071079e-05,0.69435751,0.71963024,1.0534585e-07,-6.1830065e-06,0.796606,0.60449892,-1.354048e-07,-8.9073537e-06,0.8430959,0.53776336,-7.8535741e-08,-1.3560599e-05,0.84040636,0.5419569,-3.9432969e-08,-1.6565329e-05,0.78071946,0.62488168,9.5190828e-08,-1.0377581e-05,0.64889044,0.7608819,-1.5403879e-07,-7.3371989e-06,0.31110582,0.95037532,-1.1721073e-07,2.2356178e-13,-1.9073491e-06,1.0,-1.0766319e-10,2.3841861e-07,0.00045157215,0.99999988,9.5379687e-07,2.1690125e-09,0.018480068,0.99982923,9.5024058e-07,-8.0851692e-08,-0.084779166,0.99639976,9.4678961e-07,-1.1522059e-07,-0.10636341,0.99432731,9.4584675e-07,-1.2271225e-07,-0.11430334,0.99344593,9.4570845e-07,-1.2377211e-07,-0.11543801,0.99331468,9.5167019e-07,-6.329379e-08,-0.052012332,0.99864644,9.5141303e-07,6.7054906e-08,0.084662661,0.99640965,9.3517298e-07,1.8752419e-07,0.21182057,0.97730857,9.2164049e-07,2.4546671e-07,0.27095786,0.96259123,9.349975e-07,1.883119e-07,0.21148857,0.97738045,9.5191461e-07,5.9772979e-08,0.078180209,0.99693924,9.5137051e-07,-6.7657204e-08,-0.056547739,0.99839991,9.45426e-07,-1.2592152e-07,-0.11759546,0.9930616,9.5197407e-07,-5.6915749e-08,-0.059680503,0.99821752,9.5367193e-07,2.3072376e-08,0.048263565,0.99883467,1.4820539e-06,2.4480833e-06,0.86688107,0.49851501,1.3979046e-06,2.7672909e-06,0.90310794,0.42941362,7.7617119e-07,3.4991676e-06,0.95970386,