{
  "skeleton": [
    {
      "name": "root",
      "parent": "root",
      "initpos": [
        0,
        0,
        0
      ],
      "initquaternion": [
        0.707106,
        0,
        0,
        0.707106
      ],
      "initscale": [
        1,
        0.999999,
        0.999999
      ],
      "offmtx": [
        [
          1,
          0,
          0,
          0
        ],
        [
          0,
          1,
          0,
          0
        ],
        [
          0,
          0,
          1,
          0
        ]
      ],
      "boundingbox": [
        [
          0,
          0,
          0
        ],
        [
          0,
          0,
          0
        ]
      ]
    },
    {
      "name": "Bone011",
      "parent": "root",
      "initpos": [
        -0.106584,
        -0.225847,
        -24.197708
      ],
      "initquaternion": [
        -0.5,
        0.5,
        0.499999,
        0.5
      ],
      "initscale": [
        1,
        1,
        1
      ],
      "offmtx": [
        [
          1,
          0,
          0,
          0
        ],
        [
          0,
          1,
          0,
          0
        ],
        [
          0,
          0,
          1,
          0
        ]
      ],
      "boundingbox": [
        [
          0,
          0,
          0
        ],
        [
          0,
          0,
          0
        ]
      ]
    },
    {
      "name": "Bone032",
      "parent": "Bone011",
      "initpos": [
        4.275512,
        4.12036,
        -3.677181
      ],
      "initquaternion": [
        0.419266,
        -0.417933,
        0.56898,
        0.570796
      ],
      "initscale": [
        0.999999,
        0.999999,
        0.999999
      ],
      "offmtx": [
        [
          -0.299093,
          0.003185,
          0.954218,
          2.369396
        ],
        [
          -0.000952,
          -0.999995,
          0.003039,
          28.480916
        ],
        [
          0.954223,
          3.011665512531181e-7,
          0.299095,
          5.200819
        ]
      ],
      "boundingbox": [
        [
          -2.380996,
          -1.815804,
          -0.57911
        ],
        [
          8.713762,
          2.108728,
          1.404489
        ]
      ]
    },
    {
      "name": "Bone033",
      "parent": "Bone032",
      "initpos": [
        2.557649,
        -0.016189,
        0.283905
      ],
      "initquaternion": [
        0.086811,
        -0.048537,
        -0.333341,
        0.937545
      ],
      "initscale": [
        0.999999,
        1,
        0.999999
      ],
      "offmtx": [
        [
          -0.198992,
          0.63593,
          0.745649,
          -18.034709
        ],
        [
          0.001053,
          -0.760726,
          0.64907,
          22.577991
        ],
        [
          0.98,
          0.129946,
          0.150709,
          1.131049
        ]
      ],
      "boundingbox": [
        [
          -1.016659,
          -3.320316,
          -0.484251
        ],
        [
          6.93363,
          2.229225,
          0.614054
        ]
      ]
    },
    {
      "name": "Bone034",
      "parent": "Bone033",
      "initpos": [
        6.327266,
        0.000196,
        -0.000007
      ],
      "initquaternion": [
        -0.007479,
        -0.233423,
        -0.097877,
        0.967407
      ],
      "initscale": [
        1,
        0.999999,
        1
      ],
      "offmtx": [
        [
          0.270342,
          0.75473,
          0.597742,
          -24.924739
        ],
        [
          -0.006749,
          -0.619359,
          0.785078,
          17.479393
        ],
        [
          0.96274,
          -0.216274,
          -0.162345,
          13.333071
        ]
      ],
      "boundingbox": [
        [
          -0.030538,
          -1.114048,
          -0.397478
        ],
        [
          4.336988,
          0.520276,
          0.423666
        ]
      ]
    },
    {
      "name": "Bone026",
      "parent": "Bone011",
      "initpos": [
        4.275516,
        -5.050872,
        -3.901935
      ],
      "initquaternion": [
        -0.419266,
        -0.417933,
        -0.56898,
        0.570795
      ],
      "initscale": [
        0.999999,
        0.999999,
        0.999999
      ],
      "offmtx": [
        [
          0.299093,
          0.003184,
          0.954218,
          2.369329
        ],
        [
          -0.000952,
          0.999994,
          -0.003038,
          -28.480915
        ],
        [
          -0.954223,
          -2.0826706759180524e-7,
          0.299094,
          5.952559
        ]
      ],
      "boundingbox": [
        [
          -3.272459,
          -2.01603,
          -0.764214
        ],
        [
          7.96617,
          1.908686,
          1.286971
        ]
      ]
    },
    {
      "name": "Bone035",
      "parent": "Bone026",
      "initpos": [
        2.101055,
        -0.214916,
        0.151175
      ],
      "initquaternion": [
        -0.089286,
        -0.043817,
        0.383081,
        0.918344
      ],
      "initscale": [
        1,
        1,
        1
      ],
      "offmtx": [
        [
          0.197963,
          0.71366,
          0.671936,
          -19.85065
        ],
        [
          -0.020239,
          0.688332,
          -0.725112,
          -20.851951
        ],
        [
          -0.98,
          0.129945,
          0.150709,
          1.960193
        ]
      ],
      "boundingbox": [
        [
          -0.809812,
          -2.142123,
          -0.553874
        ],
        [
          7.007013,
          3.515928,
          0.544434
        ]
      ]
    },
    {
      "name": "Bone029",
      "parent": "Bone035",
      "initpos": [
        6.327268,
        -0.000196,
        4.76837158203125e-7
      ],
      "initquaternion": [
        0.007479,
        -0.233424,
        0.097877,
        0.967407
      ],
      "initscale": [
        0.999999,
        0.999999,
        0.999999
      ],
      "offmtx": [
        [
          -0.275199,
          0.809043,
          0.519339,
          -25.81147
        ],
        [
          -0.027433,
          0.533369,
          -0.845437,
          -15.462269
        ],
        [
          -0.960995,
          -0.246911,
          -0.124588,
          14.785396
        ]
      ],
      "boundingbox": [
        [
          -0.157251,
          -0.947399,
          -0.42119
        ],
        [
          4.333985,
          0.901903,
          0.329695
        ]
      ]
    }
  ],
  "boundingbox": [
    [
      -6.677078,
      26.36544,
      -6.931188
    ],
    [
      7.448451,
      36.57555,
      5.27572
    ]
  ]
}
