{"skeleton":[{"name":"root","parent":"root","initpos":[0.0,0.0,-0.0],"initquaternion":[0.707106,0.0,0.0,0.707106],"initscale":[1.0,0.999999,0.999999],"offmtx":[[1.0,0.0,0.0,0.0],[0.0,1.0,0.0,0.0],[0.0,0.0,1.0,0.0]],"boundingbox":[[0.0,0.0,0.0],[0.0,0.0,0.0]]},{"name":"Bone003_NTES","parent":"root","initpos":[0.064412,-5.960464477539062e-07,-24.106073],"initquaternion":[-0.50283,0.497153,0.497152,0.502831],"initscale":[1.0,0.999998,0.999999],"offmtx":[[1.0,0.0,0.0,0.0],[0.0,1.0,0.0,0.0],[0.0,0.0,1.0,0.0]],"boundingbox":[[0.0,0.0,0.0],[0.0,0.0,0.0]]},{"name":"bone_head11_NTES","parent":"Bone003_NTES","initpos":[0.0,0.0,-0.0],"initquaternion":[0.0,0.0,0.002665,0.999996],"initscale":[0.999999,0.999999,1.0],"offmtx":[[0.006025,0.999982,-0.0,-24.106031],[-0.999982,0.006025,2e-06,-0.08083],[2e-06,0.0,1.0,4.026094586606632e-07]],"boundingbox":[[-0.901587,-6.487672,-7.825891],[11.449676,6.690245,6.813868]]}],"boundingbox":[[-6.611495,23.218372,-7.825896],[6.566654,35.556472,6.813862]]}