{"skeleton":[{"name":"root","parent":"root","initpos":[0.0,0.0,-0.0],"initquaternion":[0.707106,0.0,0.0,0.707106],"initscale":[1.0,0.999999,0.999999],"offmtx":[[1.0,0.0,0.0,0.0],[0.0,1.0,0.0,0.0],[0.0,0.0,1.0,0.0]],"boundingbox":[[0.0,0.0,0.0],[0.0,0.0,0.0]]},{"name":"Bone011_NTES","parent":"root","initpos":[0.0,0.0,-24.197708],"initquaternion":[-0.5,0.5,0.499999,0.5],"initscale":[1.0,1.0,1.0],"offmtx":[[1.0,0.0,0.0,0.0],[0.0,1.0,0.0,0.0],[0.0,0.0,1.0,0.0]],"boundingbox":[[0.0,0.0,0.0],[0.0,0.0,0.0]]},{"name":"Bone041_NTES","parent":"Bone011_NTES","initpos":[3.89792,-0.106586,-2.590801],"initquaternion":[-0.339002,0.620545,0.620546,0.339002],"initscale":[0.999999,0.999999,0.999999],"offmtx":[[2.6415025899950706e-07,-0.540309,-0.841466,12.810211],[7.959872618812369e-07,-0.841466,0.540309,25.163393],[-0.999999,-8.125194312924577e-07,2.0780562692834792e-07,2.3e-05]],"boundingbox":[[-2.526339,-0.601744,-3.746753],[2.265373,1.517003,3.746756]]}],"boundingbox":[[-3.746754,25.685543,-4.999765],[3.746753,29.966976,-0.174286]]}