{"skeleton":[{"name":"root","parent":"root","initpos":[0.0,0.0,-0.0],"initquaternion":[0.707106,0.0,0.0,0.707106],"initscale":[1.0,0.999999,0.999999],"offmtx":[[1.0,0.0,-0.0,0.0],[0.0,0.0,0.999999,0.0],[0.0,-0.999999,0.0,0.0]],"boundingbox":[[-1.448169,-2.084488,-3.310301],[1.50138,1.995982,-0.344337]]},{"name":"Bone003","parent":"root","initpos":[-0.000954,-1.6113165202114033e-07,-3.685611],"initquaternion":[-0.707106,-0.0,0.0,0.707106],"initscale":[1.0,1.0,1.0],"offmtx":[[1.0,-0.0,0.0,0.000954],[0.0,0.999999,-1.6292067073209182e-07,-3.685611],[-0.0,1.6292067073209182e-07,0.999999,-4.393600363528094e-07]],"boundingbox":[[-1.358332,-3.910033,-3.825287],[1.413449,3.88634,3.716468]]},{"name":"Bone001","parent":"root","initpos":[0.0,0.0,-6.463569],"initquaternion":[0.0,0.707106,0.0,0.707106],"initscale":[1.0,1.0,1.0],"offmtx":[[1.6292068494294654e-07,0.999999,0.0,-6.463569],[0.0,-0.0,0.999999,0.0],[1.0,-1.6292067073209182e-07,-0.0,1e-06]],"boundingbox":[[-4.530757,-2.761093,-1.596668],[12.449665,2.553372,1.64457]]},{"name":"Bone005","parent":"root","initpos":[0.004128,-0.0,-1.164161],"initquaternion":[0.500007,0.499992,0.500007,-0.499992],"initscale":[1.0,1.0,1.0],"offmtx":[[0.0,-0.999999,0.0,1.164161],[1.0,0.0,-2.8e-05,-0.004128],[2.8e-05,0.0,0.999999,-0.0]],"boundingbox":[[0.100211,-0.798058,-1.432203],[6.44448,0.84301,1.257623]]}],"boundingbox":[[-1.596669,-5.280319,-3.825287],[1.644569,18.913234,3.716467]]}