{
  "skeleton": [
    {
      "name": "RootNode",
      "parent": "RootNode",
      "initpos": [
        0,
        0,
        0
      ],
      "initquaternion": [
        0,
        0,
        0,
        1
      ],
      "initscale": [
        1,
        1,
        1
      ],
      "offmtx": [
        [
          1,
          0,
          0,
          0
        ],
        [
          0,
          1,
          0,
          0
        ],
        [
          0,
          0,
          1,
          0
        ]
      ],
      "boundingbox": [
        [
          0,
          0,
          0
        ],
        [
          0,
          0,
          0
        ]
      ]
    },
    {
      "name": "Bone002_NTES",
      "parent": "RootNode",
      "initpos": [
        -0.018346,
        15.985971,
        0
      ],
      "initquaternion": [
        -2.5288105121035187e-7,
        -3.1469829764319e-7,
        0.707106,
        0.707106
      ],
      "initscale": [
        0.999999,
        1,
        0.999999
      ],
      "offmtx": [
        [
          1,
          0,
          0,
          0
        ],
        [
          0,
          1,
          0,
          0
        ],
        [
          0,
          0,
          1,
          0
        ]
      ],
      "boundingbox": [
        [
          0,
          0,
          0
        ],
        [
          0,
          0,
          0
        ]
      ]
    },
    {
      "name": "bone_body01_NTES",
      "parent": "Bone002_NTES",
      "initpos": [
        5.982484,
        -0.164122,
        2.71192
      ],
      "initquaternion": [
        0.276777,
        0.956924,
        0.034661,
        -0.080556
      ],
      "initscale": [
        0.999999,
        0.999999,
        0.999999
      ],
      "offmtx": [
        [
          -0.524125,
          -0.833809,
          0.173358,
          17.923778
        ],
        [
          -0.844385,
          0.535294,
          0.021744,
          -11.695475
        ],
        [
          -0.110928,
          -0.134984,
          -0.984618,
          5.651788
        ]
      ],
      "boundingbox": [
        [
          -4.811843,
          -4.391451,
          -2.480197
        ],
        [
          8.794515,
          4.03433,
          0.342037
        ]
      ]
    },
    {
      "name": "bone_body02_NTES",
      "parent": "bone_body01_NTES",
      "initpos": [
        8.638321,
        1.180372,
        0.004551
      ],
      "initquaternion": [
        0.001635,
        0.158926,
        0.024234,
        0.986991
      ],
      "initscale": [
        1,
        0.999999,
        1
      ],
      "offmtx": [
        [
          -0.503075,
          -0.722487,
          0.474263,
          6.411641
        ],
        [
          -0.8198,
          0.572642,
          0.002752,
          -13.238299
        ],
        [
          -0.273572,
          -0.387417,
          -0.880377,
          8.21807
        ]
      ],
      "boundingbox": [
        [
          -0.043925,
          -2.913877,
          -0.364509
        ],
        [
          6.162122,
          2.905567,
          0.08746
        ]
      ]
    },
    {
      "name": "bone_body03_NTES",
      "parent": "bone_body02_NTES",
      "initpos": [
        5.987194,
        -1.360818,
        -0.228818
      ],
      "initquaternion": [
        0.059804,
        0.132595,
        -0.025328,
        0.98904
      ],
      "initscale": [
        0.999999,
        0.999999,
        0.999999
      ],
      "offmtx": [
        [
          -0.384086,
          -0.612976,
          0.69046,
          -1.425389
        ],
        [
          -0.876593,
          0.476927,
          -0.064221,
          -10.806777
        ],
        [
          -0.289933,
          -0.629919,
          -0.720512,
          9.684339
        ]
      ],
      "boundingbox": [
        [
          -0.268411,
          -2.28967,
          -0.268262
        ],
        [
          7.85096,
          1.840501,
          0.348397
        ]
      ]
    },
    {
      "name": "bone_body04_NTES",
      "parent": "bone_body03_NTES",
      "initpos": [
        7.529827,
        -0.000001,
        9.5367431640625e-7
      ],
      "initquaternion": [
        0.009783,
        0.07977,
        0.117935,
        0.989763
      ],
      "initscale": [
        1,
        1,
        0.999999
      ],
      "offmtx": [
        [
          -0.529415,
          -0.378021,
          0.759485,
          -12.638806
        ],
        [
          -0.774043,
          0.581664,
          -0.250048,
          -8.057641
        ],
        [
          -0.347242,
          -0.720253,
          -0.600546,
          8.130421
        ]
      ],
      "boundingbox": [
        [
          -0.020556,
          -0.708803,
          -0.331344
        ],
        [
          5.793184,
          0.886562,
          0.237876
        ]
      ]
    },
    {
      "name": "bone_body05_NTES",
      "parent": "bone_body02_NTES",
      "initpos": [
        5.744053,
        1.30452,
        -0.316016
      ],
      "initquaternion": [
        -0.077709,
        0.037559,
        0.134586,
        0.987135
      ],
      "initscale": [
        0.999999,
        0.999999,
        0.999999
      ],
      "offmtx": [
        [
          -0.670465,
          -0.508629,
          0.540157,
          -3.949089
        ],
        [
          -0.604386,
          0.79669,
          2.682206172721635e-7,
          -15.244633
        ],
        [
          -0.430338,
          -0.326463,
          -0.841563,
          6.064306
        ]
      ],
      "boundingbox": [
        [
          -0.253283,
          -2.2477,
          -0.308324
        ],
        [
          7.003871,
          1.719992,
          0.518423
        ]
      ]
    },
    {
      "name": "bone_body06_NTES",
      "parent": "bone_body05_NTES",
      "initpos": [
        6.800816,
        0,
        9.5367431640625e-7
      ],
      "initquaternion": [
        0.006238,
        0.014377,
        0.05813,
        0.998185
      ],
      "initscale": [
        0.999999,
        0.999999,
        0.999999
      ],
      "offmtx": [
        [
          -0.723865,
          -0.403249,
          0.559827,
          -12.614342
        ],
        [
          -0.528646,
          0.845568,
          -0.074476,
          -13.809149
        ],
        [
          -0.44334,
          -0.349862,
          -0.825254,
          5.909373
        ]
      ],
      "boundingbox": [
        [
          -0.120197,
          -0.949192,
          -0.137402
        ],
        [
          6.483423,
          1.243037,
          0.339573
        ]
      ]
    },
    {
      "name": "bone_body07_NTES",
      "parent": "bone_body01_NTES",
      "initpos": [
        8.316065,
        -2.950249,
        -0.329698
      ],
      "initquaternion": [
        0.005977,
        0.079202,
        0.017464,
        0.996687
      ],
      "initscale": [
        0.999999,
        0.999999,
        0.999999
      ],
      "offmtx": [
        [
          -0.529935,
          -0.782413,
          0.327102,
          8.225464
        ],
        [
          -0.827688,
          0.561186,
          0.001402,
          -8.976832
        ],
        [
          -0.184662,
          -0.269995,
          -0.944987,
          7.504899
        ]
      ],
      "boundingbox": [
        [
          -0.058294,
          -1.208661,
          -0.144659
        ],
        [
          5.768245,
          1.179989,
          0.377412
        ]
      ]
    },
    {
      "name": "bone_body08_NTES",
      "parent": "bone_body07_NTES",
      "initpos": [
        5.68882,
        0,
        9.5367431640625e-7
      ],
      "initquaternion": [
        -0.002626,
        0.08374,
        0.007295,
        0.996457
      ],
      "initscale": [
        0.999999,
        0.999999,
        0.999999
      ],