{
  "skeleton": [
    {
      "name": "root",
      "parent": "root",
      "initpos": [
        0,
        0,
        0
      ],
      "initquaternion": [
        0.707106,
        0,
        0,
        0.707106
      ],
      "initscale": [
        1,
        0.999999,
        0.999999
      ],
      "offmtx": [
        [
          1,
          0,
          0,
          0
        ],
        [
          0,
          1,
          0,
          0
        ],
        [
          0,
          0,
          1,
          0
        ]
      ],
      "boundingbox": [
        [
          0,
          0,
          0
        ],
        [
          0,
          0,
          0
        ]
      ]
    },
    {
      "name": "Bone144_NTES",
      "parent": "root",
      "initpos": [
        0,
        0,
        0
      ],
      "initquaternion": [
        -0.499999,
        0.5,
        0.499999,
        0.5
      ],
      "initscale": [
        1,
        1,
        1
      ],
      "offmtx": [
        [
          3.1391647326017846e-7,
          0.999999,
          0,
          9.5367431640625e-7
        ],
        [
          -1,
          3.1391644483846903e-7,
          7.758525839562935e-7,
          0
        ],
        [
          7.758526407997124e-7,
          0,
          0.999999,
          0
        ]
      ],
      "boundingbox": [
        [
          8.103264,
          -0.054235,
          -0.01
        ],
        [
          8.113265,
          -0.044235,
          -3.111523767529434e-7
        ]
      ]
    },
    {
      "name": "Bone145_NTES",
      "parent": "root",
      "initpos": [
        0,
        0,
        0
      ],
      "initquaternion": [
        -0.499999,
        0.5,
        0.499999,
        0.5
      ],
      "initscale": [
        1,
        0.999999,
        0.999999
      ],
      "offmtx": [
        [
          3.139164164167596e-7,
          0.999999,
          0,
          0
        ],
        [
          -0.999999,
          3.1391638799505017e-7,
          0.000002,
          0
        ],
        [
          0.000002,
          0,
          0.999999,
          0
        ]
      ],
      "boundingbox": [
        [
          7.219994,
          -0.0297,
          -0.01
        ],
        [
          7.229994,
          -0.0197,
          -2.420103442091204e-7
        ]
      ]
    },
    {
      "name": "Bone143_NTES",
      "parent": "root",
      "initpos": [
        0,
        0,
        0
      ],
      "initquaternion": [
        -0.499999,
        0.5,
        0.499999,
        0.5
      ],
      "initscale": [
        1,
        1,
        1
      ],
      "offmtx": [
        [
          3.139164164167596e-7,
          0.999999,
          0,
          9.5367431640625e-7
        ],
        [
          -0.999999,
          3.1391638799505017e-7,
          7.758525839562935e-7,
          0
        ],
        [
          7.758527544865501e-7,
          0,
          0.999999,
          4.868169298788416e-7
        ]
      ],
      "boundingbox": [
        [
          9.158281,
          -0.005164,
          -0.009999
        ],
        [
          9.168281,
          0.004835,
          0
        ]
      ]
    }
  ],
  "boundingbox": [
    [
      -0.004832,
      7.219995,
      -0.01
    ],
    [
      0.054238,
      9.168282,
      -3.1462249694413913e-7
    ]
  ]
}
