{
  "skeleton": [
    {
      "name": "root",
      "parent": "root",
      "initpos": [
        0,
        0,
        0
      ],
      "initquaternion": [
        0.707106,
        0,
        0,
        0.707106
      ],
      "initscale": [
        1,
        0.999999,
        0.999999
      ],
      "offmtx": [
        [
          1,
          0,
          0,
          0
        ],
        [
          0,
          1,
          0,
          0
        ],
        [
          0,
          0,
          1,
          0
        ]
      ],
      "boundingbox": [
        [
          0,
          0,
          0
        ],
        [
          0,
          0,
          0
        ]
      ]
    },
    {
      "name": "Bone006",
      "parent": "root",
      "initpos": [
        -0.106588,
        -6.033004638084094e-7,
        -12.567687
      ],
      "initquaternion": [
        -0.5,
        0.499999,
        0.499999,
        0.5
      ],
      "initscale": [
        1,
        0.999999,
        0.999999
      ],
      "offmtx": [
        [
          1,
          0,
          0,
          0
        ],
        [
          0,
          1,
          0,
          0
        ],
        [
          0,
          0,
          1,
          0
        ]
      ],
      "boundingbox": [
        [
          0,
          0,
          0
        ],
        [
          0,
          0,
          0
        ]
      ]
    },
    {
      "name": "Bone053",
      "parent": "Bone006",
      "initpos": [
        6.29087,
        -2.991097,
        2.431096
      ],
      "initquaternion": [
        -0.14791,
        -0.145149,
        -0.726323,
        0.655368
      ],
      "initscale": [
        1,
        0.999999,
        0.999999
      ],
      "offmtx": [
        [
          0.909081,
          -0.097229,
          0.405113,
          -1.773524
        ],
        [
          0.098846,
          0.994957,
          0.01698,
          -19.089876
        ],
        [
          -0.404721,
          0.024607,
          0.914108,
          -1.518925
        ]
      ],
      "boundingbox": [
        [
          -0.464232,
          -3.414854,
          -0.70608
        ],
        [
          9.739989,
          2.237229,
          2.453871
        ]
      ]
    },
    {
      "name": "Bone057",
      "parent": "Bone053",
      "initpos": [
        6.797123,
        -0.428911,
        -0.384127
      ],
      "initquaternion": [
        0.290572,
        -0.304315,
        -0.461979,
        0.780727
      ],
      "initscale": [
        0.999999,
        0.999999,
        0.999999
      ],
      "offmtx": [
        [
          0.180224,
          -0.926314,
          0.330849,
          13.202082
        ],
        [
          0.237539,
          0.367388,
          0.899222,
          -13.045097
        ],
        [
          -0.954512,
          -0.083471,
          0.286248,
          8.860359
        ]
      ],
      "boundingbox": [
        [
          -0.001469,
          -1.978609,
          -0.757311
        ],
        [
          6.404843,
          0.771651,
          0.617648
        ]
      ]
    },
    {
      "name": "Bone058",
      "parent": "Bone057",
      "initpos": [
        5.624757,
        -0.000025,
        0
      ],
      "initquaternion": [
        -0.021015,
        -0.013556,
        -0.354087,
        0.934877
      ],
      "initscale": [
        0.999999,
        0.999999,
        0.999999
      ],
      "offmtx": [
        [
          -0.060563,
          -0.940075,
          -0.335544,
          14.660081
        ],
        [
          0.325529,
          -0.336384,
          0.883672,
          -5.004559
        ],
        [
          -0.94359,
          -0.055711,
          0.326394,
          8.13217
        ]
      ],
      "boundingbox": [
        [
          -0.990774,
          -1.90942,
          -1.095128
        ],
        [
          9.944404,
          5.122876,
          1.485229
        ]
      ]
    },
    {
      "name": "Bone061",
      "parent": "Bone058",
      "initpos": [
        9.441773,
        -0.000041,
        0
      ],
      "initquaternion": [
        -0.009361,
        -0.041415,
        -0.42895,
        0.902329
      ],
      "initscale": [
        0.999999,
        0.999999,
        0.999999
      ],
      "offmtx": [
        [
          -0.367913,
          -0.33538,
          -0.867271,
          7.823359
        ],
        [
          0.141164,
          -0.942025,
          0.304404,
          1.033137
        ],
        [
          -0.919082,
          -0.010433,
          0.393927,
          7.492383
        ]
      ],
      "boundingbox": [
        [
          -0.689815,
          -0.53529,
          -0.544253
        ],
        [
          4.095484,
          0.978995,
          0.517652
        ]
      ]
    },
    {
      "name": "Bone055",
      "parent": "Bone053",
      "initpos": [
        6.894908,
        1.362447,
        -0.820896
      ],
      "initquaternion": [
        0.128563,
        -0.201415,
        -0.300139,
        0.923482
      ],
      "initscale": [
        1,
        0.999999,
        0.999999
      ],
      "offmtx": [
        [
          0.492294,
          -0.667648,
          0.558472,
          5.787781
        ],
        [
          0.389601,
          0.742762,
          0.54453,
          -20.697912
        ],
        [
          -0.778368,
          -0.050487,
          0.625774,
          5.65903
        ]
      ],
      "boundingbox": [
        [
          -0.740279,
          -5.556849,
          -1.365359
        ],
        [
          14.53795,
          2.146105,
          0.93822
        ]
      ]
    },
    {
      "name": "Bone067",
      "parent": "Bone055",
      "initpos": [
        14.124405,
        0,
        -9.5367431640625e-7
      ],
      "initquaternion": [
        0.026216,
        -0.084888,
        0.272369,
        0.958082
      ],
      "initscale": [
        0.999999,
        0.999999,
        0.999999
      ],
      "offmtx": [
        [
          0.476031,
          -0.183555,
          0.860058,
          -16.688442
        ],
        [
          0.069031,
          0.982756,
          0.171534,
          -13.187891
        ],
        [
          -0.876714,
          -0.022284,
          0.480494,
          8.803564
        ]
      ],
      "boundingbox": [
        [
          -0.063262,
          -0.88226,
          -0.34033
        ],
        [
          5.569635,
          1.188102,
          0.484694
        ]
      ]
    },
    {
      "name": "Bone054",
      "parent": "Bone053",
      "initpos": [
        5.900412,
        2.983312,
        -0.866352
      ],
      "initquaternion": [
        0.528988,
        -0.189398,
        -0.115909,
        0.819063
      ],
      "initscale": [
        0.999999,
        0.999999,
        0.999999
      ],
      "offmtx": [
        [
          0.70492,
          -0.47131,
          0.53005,
          1.574541
        ],
        [
          -0.33716,
          0.434813,
          0.835021,
          -9.640195
        ],
        [
          -0.624027,
          -0.767335,
          0.147602,
          21.23978
        ]
      ],
      "boundingbox": [
        [
          0.028327,
          -2.339553,
          -0.458306
        ],
        [
          9.873002,
          1.80053,
          0.433927
        ]
      ]
    },
    {
      "name": "Bone066",
      "parent": "Bone054",
      "initpos": [
        8.336089,
        0.000004,
        0
      ],
      "initquaternion": [
        -0.037126,
        0.045216,
        0.327122,
        0.943169
      ],
      "initscale": [
        0.999999,
        0.999999,
        0.999999
      ],