{
  "skeleton": [
    {
      "name": "root",
      "parent": "root",
      "initpos": [
        0,
        0,
        0
      ],
      "initquaternion": [
        0.707106,
        0,
        0,
        0.707106
      ],
      "initscale": [
        1,
        0.999999,
        0.999999
      ],
      "offmtx": [
        [
          1,
          0,
          0,
          0
        ],
        [
          0,
          1,
          0,
          0
        ],
        [
          0,
          0,
          1,
          0
        ]
      ],
      "boundingbox": [
        [
          0,
          0,
          0
        ],
        [
          0,
          0,
          0
        ]
      ]
    },
    {
      "name": "Bone001",
      "parent": "root",
      "initpos": [
        0,
        0,
        -29.877893
      ],
      "initquaternion": [
        0,
        0,
        0,
        1
      ],
      "initscale": [
        1,
        1,
        1
      ],
      "offmtx": [
        [
          1,
          0,
          0,
          0
        ],
        [
          0,
          0.000006,
          0.999999,
          -0.000203
        ],
        [
          0,
          -0.999999,
          0.000006,
          29.877893
        ]
      ],
      "boundingbox": [
        [
          -5.2,
          -7.007924,
          -3.007285
        ],
        [
          5.2,
          1.888825,
          2.814942
        ]
      ]
    }
  ],
  "boundingbox": [
    [
      -5.2,
      27.062953,
      -7.007925
    ],
    [
      5.2,
      32.885139,
      1.888819
    ]
  ]
}
