{"skeleton":[{"name":"root","parent":"root","initpos":[0.0,0.0,-0.0],"initquaternion":[0.707106,0.0,0.0,0.707106],"initscale":[1.0,0.999999,0.999999],"offmtx":[[1.0,0.0,0.0,0.0],[0.0,0.0,0.999999,0.0],[0.0,-0.999999,0.0,0.0]],"boundingbox":[[-10.1,-1.049996,-38.608768],[-2.9,-0.349995,-28.331958]]}],"boundingbox":[[-10.1,28.331956,-1.050001],[-2.9,38.608768,-0.35]]}