{"skeleton":[{"name":"root","parent":"root","initpos":[0.0,0.0,-0.0],"initquaternion":[0.707106,0.0,0.0,0.707106],"initscale":[1.0,0.999999,0.999999],"offmtx":[[0.999999,0.0,-0.0,0.0],[0.0,-1.1920928955078125e-07,1.0,-0.0],[0.0,-0.999999,-1.1920928955078125e-07,0.0]],"boundingbox":[[3.876388,-3.566316,-24.938932],[9.663052,3.277064,-10.040942]]}],"boundingbox":[[3.876387,10.040942,-3.566317],[9.663051,24.93893,3.277064]]}