{
  "skeleton": [
    {
      "name": "root",
      "parent": "root",
      "initpos": [
        0,
        0,
        0
      ],
      "initquaternion": [
        0.707106,
        0,
        0,
        0.707106
      ],
      "initscale": [
        1,
        0.999999,
        0.999999
      ],
      "offmtx": [
        [
          1,
          0,
          0,
          0
        ],
        [
          0,
          1,
          0,
          0
        ],
        [
          0,
          0,
          1,
          0
        ]
      ],
      "boundingbox": [
        [
          0,
          0,
          0
        ],
        [
          0,
          0,
          0
        ]
      ]
    },
    {
      "name": "steve_body",
      "parent": "root",
      "initpos": [
        0.023774,
        0.27778,
        -11.98265
      ],
      "initquaternion": [
        -0.499999,
        0.5,
        0.499999,
        0.5
      ],
      "initscale": [
        1,
        0.999999,
        0.999999
      ],
      "offmtx": [
        [
          1,
          0,
          0,
          0
        ],
        [
          0,
          1,
          0,
          0
        ],
        [
          0,
          0,
          1,
          0
        ]
      ],
      "boundingbox": [
        [
          0,
          0,
          0
        ],
        [
          0,
          0,
          0
        ]
      ]
    },
    {
      "name": "steve_rightarm",
      "parent": "steve_body",
      "initpos": [
        12.083517,
        6.118967,
        -0.003576
      ],
      "initquaternion": [
        0,
        0.000001,
        1,
        1.9470719792025193e-7
      ],
      "initscale": [
        0.999999,
        0.999999,
        1
      ],
      "offmtx": [
        [
          4.524549979123549e-7,
          -0.999999,
          0,
          24.066169
        ],
        [
          1,
          4.5245496949064545e-7,
          -4.33125450172156e-7,
          6.095181
        ],
        [
          4.33125450172156e-7,
          0,
          0.999999,
          -0.274224
        ]
      ],
      "boundingbox": [
        [
          -3.769905,
          -3.764952,
          -2.94743
        ],
        [
          3.194487,
          2.975671,
          4.092096
        ]
      ]
    }
  ],
  "boundingbox": [
    [
      -9.860144,
      20.871679,
      -2.673205
    ],
    [
      -3.119519,
      27.836071,
      4.36632
    ]
  ]
}
