{
  "skeleton": [
    {
      "name": "root",
      "parent": "root",
      "initpos": [
        0,
        0,
        0
      ],
      "initquaternion": [
        0.707106,
        0,
        0,
        0.707106
      ],
      "initscale": [
        1,
        0.999999,
        0.999999
      ],
      "offmtx": [
        [
          1,
          0,
          0,
          0
        ],
        [
          0,
          -1.1920928244535389e-7,
          0.999999,
          0
        ],
        [
          0,
          -0.999999,
          -1.1920928244535389e-7,
          0
        ]
      ],
      "boundingbox": [
        [
          -8.645806,
          -3.120789,
          -22.506109
        ],
        [
          -5.657248,
          3.205039,
          -19.854993
        ]
      ]
    }
  ],
  "boundingbox": [
    [
      -8.645806,
      19.854993,
      -3.12079
    ],
    [
      -5.657248,
      22.506109,
      3.205039
    ]
  ]
}
