{"skeleton":[{"name":"root","parent":"root","initpos":[0.0,0.0,-0.0],"initquaternion":[0.707106,0.0,0.0,0.707106],"initscale":[1.0,0.999999,0.999999],"offmtx":[[0.999999,-0.0,0.0,0.0],[0.0,-0.0,1.0,0.0],[0.0,-0.999999,0.0,-0.0]],"boundingbox":[[-10.329294,-2.449996,-23.810394],[-3.370975,4.615776,-13.332482]]}],"boundingbox":[[-10.329293,13.332481,-2.449999],[-3.370974,23.810394,4.615773]]}