{"skeleton":[{"name":"root","parent":"root","initpos":[0.0,0.0,-0.0],"initquaternion":[0.707106,0.0,0.0,0.707106],"initscale":[1.0,0.999999,0.999999],"offmtx":[[1.0,0.0,0.0,0.0],[0.0,1.0,0.0,0.0],[0.0,0.0,1.0,0.0]],"boundingbox":[[0.0,0.0,0.0],[0.0,0.0,0.0]]},{"name":"steve_body","parent":"root","initpos":[0.023774,0.27778,-11.98265],"initquaternion":[-0.499999,0.5,0.499999,0.5],"initscale":[1.0,0.999999,0.999999],"offmtx":[[1.0,0.0,0.0,0.0],[0.0,1.0,0.0,0.0],[0.0,0.0,1.0,0.0]],"boundingbox":[[0.0,0.0,0.0],[0.0,0.0,0.0]]},{"name":"steve_leftarm","parent":"steve_body","initpos":[12.081104,-6.233184,-0.003276],"initquaternion":[0.0,1e-06,1.0,1.9470719792025193e-07],"initscale":[0.999999,0.999999,1.0],"offmtx":[[4.524549979123549e-07,-0.999999,0.0,24.063753],[1.0,4.5245496949064545e-07,-4.33125450172156e-07,-6.256969],[4.33125450172156e-07,0.0,0.999999,-0.27449]],"boundingbox":[[-0.19597,-2.219698,-2.724512],[9.554031,2.280305,2.180909]]},{"name":"Bone001","parent":"steve_leftarm","initpos":[1.495344,1.482961,-0.274486],"initquaternion":[-0.0,-3.635425969150674e-07,0.705493,0.708716],"initscale":[0.999999,0.999999,1.0],"offmtx":[[0.999989,-0.004559,0.0,-7.636938],[0.004559,0.999989,-2.821299176503089e-07,-22.603466],[0.0,2.82127018635947e-07,0.999999,-6e-06]],"boundingbox":[[-0.809475,-2.335793,-3.899116],[2.89976,4.166894,3.637677]]}],"boundingbox":[[4.037263,14.509724,-3.899119],[10.638663,26.731597,3.637673]]}