{"skeleton":[{"name":"root","parent":"root","initpos":[0.0,0.0,-0.0],"initquaternion":[0.707106,0.0,0.0,0.707106],"initscale":[1.0,0.999999,0.999999],"offmtx":[[1.0,0.0,0.0,0.0],[-0.0,0.0,0.999999,0.0],[0.0,-0.999999,0.0,0.0]],"boundingbox":[[-8.383918,3.161006,-24.334524],[-1.4509,8.321227,-9.464826]]}],"boundingbox":[[-8.383918,9.464827,3.161002],[-1.4509,24.334522,8.321225]]}