{"skeleton":[{"name":"root","parent":"root","initpos":[0.0,0.0,-0.0],"initquaternion":[0.707106,0.0,0.0,0.707106],"initscale":[1.0,0.999999,0.999999],"offmtx":[[1.0,0.0,0.0,0.0],[0.0,1.0,0.0,0.0],[0.0,0.0,1.0,0.0]],"boundingbox":[[0.0,0.0,0.0],[0.0,0.0,0.0]]},{"name":"Bone001","parent":"root","initpos":[-0.0,0.072461,6.320538],"initquaternion":[0.706985,0.013088,-0.706985,-0.013088],"initscale":[0.999999,0.999999,0.999999],"offmtx":[[0.0,0.999314,0.037012,6.313525],[-1.4909132062257413e-07,0.037012,-0.999314,0.306353],[-1.0,-0.0,1.4914088808382076e-07,-0.0]],"boundingbox":[[-2.415447,-6.66538,-2.036352],[21.030118,3.626194,2.036353]]},{"name":"Bone003","parent":"Bone001","initpos":[15.564769,0.514877,-0.012393],"initquaternion":[0.367517,0.605259,-0.370123,0.601331],"initscale":[1.0,0.999999,0.999999],"offmtx":[[0.999977,-0.006666,-0.0,0.049292],[0.006042,0.906285,-0.422623,-8.328945],[0.002817,0.422614,0.906305,-4.0318]],"boundingbox":[[-1.73217,-1.297476,-1.475388],[1.708061,1.254676,1.240028]]},{"name":"Bone002","parent":"Bone003","initpos":[-0.011366,0.526045,-1.492636],"initquaternion":[0.705365,-0.06219,-0.702993,0.066264],"initscale":[0.999999,0.999999,0.999999],"offmtx":[[-4.461036837710708e-07,-0.579612,-0.814892,4.099368],[-4.244258491326036e-07,-0.814892,0.579612,8.249671],[-1.0,6.044285214557021e-07,1.1752380402185736e-07,-5e-06]],"boundingbox":[[-0.101489,-1.539377,-0.428797],[8.231851,1.59675,0.428794]]}],"boundingbox":[[-2.036352,-8.68192,-8.204957],[2.036352,14.463653,7.501745]]}