{"skeleton":[{"name":"root","parent":"root","initpos":[0.0,0.0,-0.0],"initquaternion":[0.707106,0.0,0.0,0.707106],"initscale":[1.0,0.999999,0.999999],"offmtx":[[0.999999,0.0,0.0,0.0],[0.0,0.0,0.999999,0.0],[0.0,-0.999999,0.0,-0.0]],"boundingbox":[[-8.10334,-2.381344,-19.790317],[-3.739335,2.618655,-17.724409]]}],"boundingbox":[[-8.103341,17.724409,-2.381347],[-3.739336,19.790317,2.618652]]}