{"skeleton":[{"name":"root","parent":"root","initpos":[0.0,0.0,-0.0],"initquaternion":[0.707106,0.0,0.0,0.707106],"initscale":[1.0,0.999999,0.999999],"offmtx":[[0.999999,0.0,-0.0,0.0],[0.0,-1.1920928955078125e-07,1.0,-0.0],[0.0,-0.999999,-1.1920928955078125e-07,0.0]],"boundingbox":[[-2.186535,1.641997,-11.951479],[0.001706,3.369613,-1.700568]]}],"boundingbox":[[-2.186535,1.700567,1.641996],[0.001706,11.951479,3.369613]]}