{"skeleton":[{"name":"root","parent":"root","initpos":[0.0,0.0,-0.0],"initquaternion":[0.707106,0.0,0.0,0.707106],"initscale":[1.0,0.999999,0.999999],"offmtx":[[0.999999,-0.0,0.0,0.0],[0.0,-0.0,1.0,0.0],[0.0,-0.999999,0.0,-0.0]],"boundingbox":[[3.370975,-2.450001,-23.810394],[10.329297,4.615768,-13.332482]]}],"boundingbox":[[3.370974,13.332481,-2.450003],[10.329296,23.810394,4.615766]]}