{
  "skeleton": [
    {
      "name": "root",
      "parent": "root",
      "initpos": [
        0,
        0,
        0
      ],
      "initquaternion": [
        0.707106,
        0,
        0,
        0.707106
      ],
      "initscale": [
        1,
        0.999999,
        0.999999
      ],
      "offmtx": [
        [
          0.999999,
          0,
          0,
          0
        ],
        [
          0,
          -1.1920928955078125e-7,
          1,
          0
        ],
        [
          0,
          -0.999999,
          -1.1920928955078125e-7,
          0
        ]
      ],
      "boundingbox": [
        [
          -0.001707,
          -3.205709,
          -12.530529
        ],
        [
          5.517099,
          3.369613,
          -1.845648
        ]
      ]
    }
  ],
  "boundingbox": [
    [
      -0.001707,
      1.845648,
      -3.205709
    ],
    [
      5.517099,
      12.530529,
      3.369613
    ]
  ]
}
