{"skeleton":[{"name":"root","parent":"root","initpos":[0.0,0.0,-0.0],"initquaternion":[0.0,0.0,0.0,1.0],"initscale":[1.0,1.0,1.0],"offmtx":[[1.0,0.0,-0.0,0.0],[0.0,1.0,0.0,0.0],[0.0,-0.0,1.0,-0.0]],"boundingbox":[[-8.334762,-7.42188,-15.685949],[8.334762,7.42188,-7.123838]]}],"boundingbox":[[-8.334762,-7.42188,-15.685949],[8.334762,7.42188,-7.123838]]}