{"skeleton":[{"name":"root","parent":"root","initpos":[0.0,0.0,-0.0],"initquaternion":[0.707106,0.0,0.0,0.707106],"initscale":[1.0,0.999999,0.999999],"offmtx":[[1.0,0.0,0.0,0.0],[-0.0,0.0,0.999999,0.0],[0.0,-0.999999,0.0,0.0]],"boundingbox":[[-6.115193,-2.978513,-8.488033],[6.115193,-0.688417,9.396193]]},{"name":"Bone003_NTES","parent":"root","initpos":[0.055925,-1.793239,-8.492034],"initquaternion":[-0.50119,-0.498806,-0.498809,0.501187],"initscale":[0.999999,0.999999,0.999999],"offmtx":[[0.004761,-0.999988,-0.0,8.491672],[0.999988,0.004761,-6e-06,-0.096375],[6e-06,0.0,0.999999,1.793238]],"boundingbox":[[-0.139743,-6.236638,-1.000376],[4.587156,6.095793,0.919928]]},{"name":"Bone001_NTES","parent":"root","initpos":[0.0,-1.692907,-0.956875],"initquaternion":[0.707106,-2e-06,-0.707106,-2e-06],"initscale":[1.0,1.0,1.0],"offmtx":[[1.6292334237277828e-07,0.999999,0.0,-0.956875],[-5e-06,0.0,-0.999999,-1.692907],[-1.0,1.6292332816192356e-07,5e-06,9e-06]],"boundingbox":[[-0.420081,-1.947938,-1.596023],[3.416463,2.228974,1.79376]]},{"name":"Bone002_NTES","parent":"root","initpos":[0.026711,-1.600524,2.651024],"initquaternion":[0.5,0.5,0.5,-0.499999],"initscale":[0.999999,0.999999,0.999999],"offmtx":[[0.0,-0.999999,0.0,-2.651024],[1.0,0.0,-0.0,-0.026711],[0.0,0.0,0.999999,1.600524]],"boundingbox":[[-0.681887,-4.481235,-0.421187],[4.561695,4.427813,-0.044691]]}],"boundingbox":[[-6.16628,-9.396193,-3.921885],[6.16628,8.617289,0.255035]]}