{"skeleton":[{"name":"root","parent":"root","initpos":[0.0,0.0,-0.0],"initquaternion":[0.707106,0.0,0.0,0.707106],"initscale":[1.0,0.999999,0.999999],"offmtx":[[1.0,0.0,0.0,0.0],[0.0,-1.1920928244535389e-07,0.999999,0.0],[0.0,-0.999999,-1.1920928244535389e-07,0.0]],"boundingbox":[[-4.436482,-5.4,-36.063053],[7.16592,2.999999,-28.797782]]}],"boundingbox":[[-4.436482,28.79778,-5.400001],[7.16592,36.063053,2.999998]]}