{
  "skeleton": [
    {
      "name": "root",
      "parent": "root",
      "initpos": [
        0,
        0,
        0
      ],
      "initquaternion": [
        0.707106,
        0,
        0,
        0.707106
      ],
      "initscale": [
        1,
        0.999999,
        0.999999
      ],
      "offmtx": [
        [
          0.999999,
          0,
          0,
          0
        ],
        [
          0,
          0,
          0.999999,
          0
        ],
        [
          0,
          -0.999999,
          0,
          0
        ]
      ],
      "boundingbox": [
        [
          3.739397,
          -2.381342,
          -19.790317
        ],
        [
          8.103401,
          2.618657,
          -17.724409
        ]
      ]
    }
  ],
  "boundingbox": [
    [
      3.739398,
      17.724409,
      -2.381345
    ],
    [
      8.103402,
      19.790317,
      2.618654
    ]
  ]
}
