{"skeleton":[{"name":"root","parent":"root","initpos":[0.0,0.0,-0.0],"initquaternion":[0.707106,0.0,0.0,0.707106],"initscale":[1.0,0.999999,0.999999],"offmtx":[[1.0,0.0,0.0,-0.0],[-0.0,1.1920927533992653e-07,0.999999,-0.0],[0.0,-0.999999,1.1920927533992653e-07,-0.0]],"boundingbox":[[-5.800001,-5.309993,-34.045578],[5.699999,4.677217,-25.45]]}],"boundingbox":[[-5.800001,25.449996,-5.310001],[5.699999,34.045578,4.677208]]}