{
  "skeleton": [
    {
      "name": "root",
      "parent": "root",
      "initpos": [
        0,
        0,
        0
      ],
      "initquaternion": [
        0.707106,
        0,
        0,
        0.707106
      ],
      "initscale": [
        1,
        0.999999,
        0.999999
      ],
      "offmtx": [
        [
          1,
          0,
          0,
          0
        ],
        [
          0,
          -1.1920928244535389e-7,
          0.999999,
          0
        ],
        [
          0,
          -0.999999,
          -1.1920928244535389e-7,
          0
        ]
      ],
      "boundingbox": [
        [
          -0.999999,
          -3.7,
          -23.059997
        ],
        [
          5.346728,
          -2.299999,
          -12.471489
        ]
      ]
    }
  ],
  "boundingbox": [
    [
      -0.999999,
      12.471488,
      -3.7
    ],
    [
      5.346728,
      23.059997,
      -2.299999
    ]
  ]
}
