{"skeleton":[{"name":"root","parent":"root","initpos":[0.0,0.0,-0.0],"initquaternion":[0.707106,0.0,0.0,0.707106],"initscale":[1.0,0.999999,0.999999],"offmtx":[[0.999999,0.0,0.0,0.0],[0.0,-1.1920928955078125e-07,1.0,-0.0],[-0.0,-0.999999,-1.1920928955078125e-07,0.0]],"boundingbox":[[-5.047116,-4.639616,-34.125152],[5.047117,3.266183,-30.069583]]}],"boundingbox":[[-5.047116,30.069581,-4.639616],[5.047117,34.125152,3.266181]]}