{
  "skeleton": [
    {
      "name": "root",
      "parent": "root",
      "initpos": [
        0,
        0,
        0
      ],
      "initquaternion": [
        0.707106,
        0,
        0,
        0.707106
      ],
      "initscale": [
        1,
        0.999999,
        0.999999
      ],
      "offmtx": [
        [
          1,
          0,
          0,
          0
        ],
        [
          0,
          0,
          0.999999,
          0
        ],
        [
          0,
          -0.999999,
          0,
          0
        ]
      ],
      "boundingbox": [
        [
          -1.402474,
          -5.500003,
          -14.085509
        ],
        [
          1.402471,
          5.700733,
          6.388275
        ]
      ]
    }
  ],
  "boundingbox": [
    [
      -1.402474,
      -6.388274,
      -5.500004
    ],
    [
      1.402471,
      14.085508,
      5.700732
    ]
  ]
}
