{"skeleton":[{"name":"root","parent":"root","initpos":[0.0,0.0,-0.0],"initquaternion":[0.707106,0.0,0.0,0.707106],"initscale":[1.0,0.999999,0.999999],"offmtx":[[1.0,0.0,-0.0,0.0],[0.0,0.0,1.0,-1.4877255694045743e-07],[0.0,-1.0,0.0,0.0]],"boundingbox":[[4.782016,-2.970297,-24.179458],[8.605269,2.764447,-21.472719]]}],"boundingbox":[[4.782016,21.472719,-2.970297],[8.605269,24.179458,2.764447]]}