{"skeleton":[{"name":"root","parent":"root","initpos":[0.0,0.0,-0.0],"initquaternion":[0.707106,0.0,0.0,0.707106],"initscale":[1.0,0.999999,0.999999],"offmtx":[[1.0,0.0,-0.0,0.0],[0.0,0.0,1.0,-1.4877255694045743e-07],[0.0,-1.0,0.0,0.0]],"boundingbox":[[-11.211775,-2.966337,-26.563926],[-4.05699,4.628899,-21.326408]]}],"boundingbox":[[-11.211775,21.326408,-2.966337],[-4.05699,26.563926,4.628899]]}