{
  "skeleton": [
    {
      "name": "Bone008",
      "parent": "Bone008",
      "initpos": [
        0.00053,
        0.066768,
        0
      ],
      "initquaternion": [
        0.707103,
        -0.002043,
        -0.002043,
        0.707103
      ],
      "initscale": [
        0.999999,
        0.999999,
        0.999999
      ],
      "offmtx": [
        [
          1,
          0,
          0,
          0
        ],
        [
          0,
          1,
          0,
          0
        ],
        [
          0,
          0,
          1,
          0
        ]
      ],
      "boundingbox": [
        [
          0,
          0,
          0
        ],
        [
          0,
          0,
          0
        ]
      ]
    },
    {
      "name": "Bone001",
      "parent": "Bone008",
      "initpos": [
        -0.067371,
        3.48135,
        -11.563464
      ],
      "initquaternion": [
        0.498552,
        -0.498553,
        -0.501442,
        0.501442
      ],
      "initscale": [
        1,
        0.999999,
        0.999999
      ],
      "offmtx": [
        [
          1.7348159531138663e-7,
          0,
          -0.999999,
          3.481347
        ],
        [
          0,
          -0.999999,
          0,
          11.630429
        ],
        [
          -1,
          0,
          -1.734815811005319e-7,
          0
        ]
      ],
      "boundingbox": [
        [
          -1.020996,
          -10.352174,
          -8.999999
        ],
        [
          17.979001,
          8.626043,
          9.000004
        ]
      ]
    },
    {
      "name": "Bone003",
      "parent": "Bone001",
      "initpos": [
        15.214294,
        -0.399762,
        -0.000002
      ],
      "initquaternion": [
        0,
        0,
        0,
        1
      ],
      "initscale": [
        1,
        1,
        1
      ],
      "offmtx": [
        [
          1.7348159531138663e-7,
          0,
          -0.999999,
          -11.732947
        ],
        [
          1.3113415775478643e-7,
          -0.999999,
          0,
          12.03019
        ],
        [
          -1,
          -1.3113414354393171e-7,
          -1.734815811005319e-7,
          0
        ]
      ],
      "boundingbox": [
        [
          -0.220733,
          -1.990034,
          -6
        ],
        [
          6.779268,
          2.009968,
          6.000002
        ]
      ]
    },
    {
      "name": "Bone002",
      "parent": "Bone001",
      "initpos": [
        4.802355,
        -8.322914,
        0
      ],
      "initquaternion": [
        0,
        0,
        -0.002346,
        0.999997
      ],
      "initscale": [
        0.999999,
        0.999999,
        1
      ],
      "offmtx": [
        [
          -2.501364804174955e-7,
          0.004693,
          -0.999988,
          -1.414642
        ],
        [
          0,
          -0.999988,
          -0.004693,
          19.94692
        ],
        [
          -1,
          0,
          2.499321567484003e-7,
          7.919214226603799e-7
        ]
      ],
      "boundingbox": [
        [
          -19.886178,
          -20.131517,
          -2.000009
        ],
        [
          20.244783,
          19.999444,
          2.000005
        ]
      ]
    },
    {
      "name": "Bone004",
      "parent": "Bone001",
      "initpos": [
        -0.003918,
        0.399786,
        -9.536745437799254e-7
      ],
      "initquaternion": [
        1.0331603306212855e-7,
        0,
        1,
        1.9470719792025193e-7
      ],
      "initscale": [
        0.999999,
        0.999999,
        1
      ],
      "offmtx": [
        [
          3.326937587644352e-7,
          0,
          0.999999,
          -3.485265
        ],
        [
          0,
          0.999999,
          0,
          -11.230642
        ],
        [
          -1,
          0,
          3.3269373034272576e-7,
          -0.000001
        ]
      ],
      "boundingbox": [
        [
          0.000912,
          -7.24804,
          -5.964174
        ],
        [
          9.000919,
          4.755764,
          5.964177
        ]
      ]
    },
    {
      "name": "Bone005",
      "parent": "Bone001",
      "initpos": [
        -4.68776,
        -1.986317,
        0
      ],
      "initquaternion": [
        0,
        0,
        1,
        3.139165016818879e-7
      ],
      "initscale": [
        0.999999,
        0.999999,
        1
      ],
      "offmtx": [
        [
          5.732218824050506e-7,
          0,
          0.999999,
          -8.169107
        ],
        [
          1.311342145982053e-7,
          0.999999,
          0,
          -13.616746
        ],
        [
          -1,
          1.3113420038735057e-7,
          5.732218255616317e-7,
          -0.000005
        ]
      ],
      "boundingbox": [
        [
          0.33089,
          -4.596526,
          -4.976655
        ],
        [
          14.726737,
          4.249295,
          4.976669
        ]
      ]
    },
    {
      "name": "Bone006",
      "parent": "Bone001",
      "initpos": [
        -6.705835,
        2.809741,
        9.536747711536009e-7
      ],
      "initquaternion": [
        0,
        0,
        0.999959,
        -0.009008
      ],
      "initscale": [
        0.999999,
        0.999999,
        1
      ],
      "offmtx": [
        [
          1.6368170463465503e-7,
          0.018015,
          0.999837,
          -10.344437
        ],
        [
          0,
          0.999837,
          -0.018015,
          -8.635727
        ],
        [
          -1,
          1.0091140012491451e-7,
          1.6189000007216237e-7,
          -0.000002
        ]
      ],
      "boundingbox": [
        [
          0.244297,
          -3.859532,
          -4.953186
        ],
        [
          9.386961,
          4.1752,
          4.953188
        ]
      ]
    },
    {
      "name": "Bone007",
      "parent": "Bone001",
      "initpos": [
        -6.678663,
        3.771195,
        9.536747711536009e-7
      ],
      "initquaternion": [
        0,
        0,
        1,
        0
      ],
      "initscale": [
        0.999999,
        0.999999,
        1
      ],
      "offmtx": [
        [
          2.9032554493824136e-7,
          0,
          0.999999,
          -10.16001
        ],
        [
          1.3113418617649586e-7,
          0.999999,
          0,
          -7.859233
        ],
        [
          -1,
          1.3113417196564114e-7,
          2.9032551651653193e-7,
          -0.000004
        ]
      ],
      "boundingbox": [
        [
          0.348153,
          -0.836629,
          -6.991079
        ],
        [
          9.348152,
          1.163375,
          6.991083
        ]
      ]
    },
    {
      "name": "Bind",
      "parent": "Bone001",
      "initpos": [
        5.05855,
        1.63043,
        -0.000001
      ],
      "initquaternion": [
        -0.499999,
        0.5,
        0.5,
        -0.5
      ],
      "initscale": [
        1,
        0.999999,
        0.999999
      ],
      "offmtx": [
        [
          4.630119008197653e-7,
          0.999999,
          0,
          -9.999999
        ],
        [
          -1,
          4.6301187239805586e-7,
          -2.702051062897226e-7,
          -0.000004
        ],
        [
          -2.7020513471143204e-7,
          0,
          0.999999,
          1.577203
        ]
      ],
      "boundingbox": [
        [
          6.953152,
          7.000006,
          -5.920447
        ],
        [
          6.953152,
          7.000006,
          -5.920447
        ]
      ]
    }
  ],
  "boundingbox": [
    [
      -9.000001,
      0.02022,
      -21.5
    ],
    [
      9.000001,
      40.020217,
      22.895841
    ]
  ]
}
