{
  "skeleton": [
    {
      "name": "root",
      "parent": "root",
      "initpos": [
        0,
        0,
        0
      ],
      "initquaternion": [
        0.707106,
        0,
        0,
        0.707106
      ],
      "initscale": [
        1,
        0.999999,
        0.999999
      ],
      "offmtx": [
        [
          1,
          0,
          0,
          0
        ],
        [
          0,
          1,
          0,
          0
        ],
        [
          0,
          0,
          1,
          0
        ]
      ],
      "boundingbox": [
        [
          0,
          0,
          0
        ],
        [
          0,
          0,
          0
        ]
      ]
    },
    {
      "name": "Bone001",
      "parent": "root",
      "initpos": [
        0,
        0,
        0
      ],
      "initquaternion": [
        0,
        0.707106,
        0,
        0.707106
      ],
      "initscale": [
        1,
        1,
        1
      ],
      "offmtx": [
        [
          3.1391647326017846e-7,
          0.999999,
          0,
          0
        ],
        [
          -1.7484556735780643e-7,
          0,
          0.999999,
          0
        ],
        [
          1,
          -3.1391644483846903e-7,
          1.7484555314695172e-7,
          0
        ]
      ],
      "boundingbox": [
        [
          -6.303016,
          -6.976369,
          -1.500006
        ],
        [
          11.697009,
          6.976369,
          1.500005
        ]
      ]
    }
  ],
  "boundingbox": [
    [
      -1.500003,
      -6.303015,
      -6.97637
    ],
    [
      1.500003,
      11.697008,
      6.976367
    ]
  ]
}
