{"skeleton":[{"name":"root","parent":"root","initpos":[0.0,0.0,-0.0],"initquaternion":[0.707106,0.0,0.0,0.707106],"initscale":[1.0,0.999999,0.999999],"offmtx":[[1.0,0.0,-0.0,0.0],[0.0,0.0,0.999999,0.0],[0.0,-0.999999,0.0,0.0]],"boundingbox":[[-1.158124,-9.040337,-11.614743],[1.158124,5.63598,8.830136]]}],"boundingbox":[[-1.158124,-8.830136,-9.040337],[1.158124,11.614743,5.635979]]}