{"skeleton":[{"name":"root","parent":"root","initpos":[0.0,0.0,-0.0],"initquaternion":[0.707106,0.0,0.0,0.707106],"initscale":[1.0,0.999999,0.999999],"offmtx":[[1.0,0.0,0.0,0.0],[0.0,0.0,0.999999,0.0],[0.0,-0.999999,0.0,0.0]],"boundingbox":[[-6.828734,-2.054014,-8.194478],[6.828734,3.560106,8.907044]]}],"boundingbox":[[-6.828734,-8.907044,-2.054014],[6.828734,8.194478,3.560106]]}