{
  "skeleton": [
    {
      "name": "root",
      "parent": "root",
      "initpos": [
        0,
        0,
        0
      ],
      "initquaternion": [
        0.707106,
        0,
        0,
        0.707106
      ],
      "initscale": [
        1,
        0.999999,
        0.999999
      ],
      "offmtx": [
        [
          0.999999,
          0,
          0,
          0
        ],
        [
          0,
          0,
          0.999999,
          0
        ],
        [
          0,
          -0.999999,
          0,
          2.4047295710261096e-7
        ]
      ],
      "boundingbox": [
        [
          -0.85239,
          -3.759975,
          -12.397087
        ],
        [
          1.282739,
          3.882816,
          6.854209
        ]
      ]
    }
  ],
  "boundingbox": [
    [
      -0.85239,
      -6.854209,
      -3.759975
    ],
    [
      1.282739,
      12.397087,
      3.882816
    ]
  ]
}
