{"skeleton":[{"name":"root","parent":"root","initpos":[0.0,0.0,-0.0],"initquaternion":[0.707106,0.0,0.0,0.707106],"initscale":[1.0,0.999999,0.999999],"offmtx":[[1.0,0.0,-0.0,0.0],[0.0,0.0,1.0,-1.4877255694045743e-07],[0.0,-1.0,0.0,0.0]],"boundingbox":[[-4.085372,-2.639783,-24.017066],[-0.040431,2.304525,-19.547071]]}],"boundingbox":[[-4.085372,19.547071,-2.639783],[-0.040431,24.017066,2.304525]]}