{"skeleton":[{"name":"root","parent":"root","initpos":[0.0,0.0,-0.0],"initquaternion":[0.707106,0.0,0.0,0.707106],"initscale":[1.0,0.999999,0.999999],"offmtx":[[1.0,0.0,-0.0,0.0],[0.0,0.0,0.999999,0.0],[0.0,-0.999999,0.0,0.0]],"boundingbox":[[-1.470815,-5.495939,-12.238903],[1.468344,5.495937,6.986783]]}],"boundingbox":[[-1.470815,-6.986783,-5.49594],[1.468344,12.238903,5.495936]]}