{
  "skeleton": [
    {
      "name": "root",
      "parent": "root",
      "initpos": [
        0,
        0,
        0
      ],
      "initquaternion": [
        -1.1920928955078125e-7,
        0,
        0,
        1
      ],
      "initscale": [
        1,
        0.999999,
        0.999999
      ],
      "offmtx": [
        [
          1,
          0,
          0,
          0
        ],
        [
          0,
          1,
          0,
          0
        ],
        [
          0,
          0,
          1,
          0
        ]
      ],
      "boundingbox": [
        [
          0,
          0,
          0
        ],
        [
          0,
          0,
          0
        ]
      ]
    },
    {
      "name": "bone21",
      "parent": "root",
      "initpos": [
        0.000001,
        4.160108,
        6.348653
      ],
      "initquaternion": [
        0,
        0.707106,
        0,
        0.707106
      ],
      "initscale": [
        1,
        1,
        1
      ],
      "offmtx": [
        [
          4.768373855768004e-7,
          0,
          -0.999999,
          6.348652
        ],
        [
          -1.7484555314695172e-7,
          0.999999,
          0,
          -4.160109
        ],
        [
          1,
          1.74845538936097e-7,
          4.768373287333816e-7,
          -0.000004
        ]
      ],
      "boundingbox": [
        [
          -4.899376,
          -4.180868,
          -9.92495
        ],
        [
          15.731715,
          10.973931,
          9.924946
        ]
      ]
    },
    {
      "name": "bone01",
      "parent": "bone21",
      "initpos": [
        15.676389,
        -4.76837158203125e-7,
        0.000001
      ],
      "initquaternion": [
        0,
        0,
        0.012497,
        0.999921
      ],
      "initscale": [
        1,
        1,
        1
      ],
      "offmtx": [
        [
          0,
          0.024991,
          -0.999687,
          -9.428789
        ],
        [
          -2.7805822355730925e-7,
          0.999687,
          0.024991,
          -3.925683
        ],
        [
          1,
          2.780690238068928e-7,
          0,
          -0.000003
        ]
      ],
      "boundingbox": [
        [
          0.004303,
          -2.198458,
          -3.136255
        ],
        [
          6.419889,
          3.222935,
          3.136251
        ]
      ]
    },
    {
      "name": "bone02",
      "parent": "bone01",
      "initpos": [
        3.004969,
        3.161775,
        -0.387611
      ],
      "initquaternion": [
        -0.510328,
        -0.489453,
        0.497936,
        0.502054
      ],
      "initscale": [
        0.999999,
        0.999999,
        0.999999
      ],
      "offmtx": [
        [
          -0.016757,
          0.999859,
          -1.6298146476856346e-7,
          -7.401447
        ],
        [
          -0.999859,
          -0.016757,
          -4.988336854694353e-7,
          -0.263626
        ],
        [
          -5.014946964365663e-7,
          1.5459951896446e-7,
          0.999999,
          12.252747
        ]
      ],
      "boundingbox": [
        [
          -0.057927,
          -1.439534,
          -1.502556
        ],
        [
          3.113595,
          1.438094,
          0.900443
        ]
      ]
    },
    {
      "name": "Bind",
      "parent": "bone21",
      "initpos": [
        5.107313,
        7.647567,
        0.000001
      ],
      "initquaternion": [
        0.499999,
        0.5,
        -0.499999,
        -0.499999
      ],
      "initscale": [
        0.999999,
        0.999999,
        0.999999
      ],
      "offmtx": [
        [
          7.074523864503135e-7,
          0.999999,
          0,
          -11.807673
        ],
        [
          -1,
          7.074523864503135e-7,
          -8.150688017849461e-7,
          -0.000006
        ],
        [
          -8.15068858628365e-7,
          0,
          0.999999,
          -1.241335
        ]
      ],
      "boundingbox": [
        [
          -1.275607,
          -2.080358,
          0.709529
        ],
        [
          -1.275607,
          -2.080358,
          0.709529
        ]
      ]
    },
    {
      "name": "bone03",
      "parent": "bone21",
      "initpos": [
        -3.094124,
        -1.476794,
        -3.639256
      ],
      "initquaternion": [
        0.000349,
        0.707106,
        -0.707106,
        0.000349
      ],
      "initscale": [
        0.999999,
        1,
        0.999999
      ],
      "offmtx": [
        [
          -0.000988,
          3.892413076300727e-7,
          0.999999,
          -9.446372
        ],
        [
          -0.999999,
          0,
          -0.000988,
          -3.62992
        ],
        [
          0,
          -0.999999,
          3.892532731697429e-7,
          2.683312
        ]
      ],
      "boundingbox": [
        [
          -0.035238,
          -2.042239,
          -0.59716
        ],
        [
          10.376748,
          2.090803,
          0.590704
        ]
      ]
    },
    {
      "name": "bone04",
      "parent": "bone03",
      "initpos": [
        4.377191,
        0.77958,
        -0.510789
      ],
      "initquaternion": [
        0.000349,
        0.707106,
        -0.000349,
        0.707106
      ],
      "initscale": [
        1,
        1,
        1
      ],
      "offmtx": [
        [
          2.68365596411968e-7,
          0.999999,
          0,
          -3.194106
        ],
        [
          -1,
          2.6836556799025857e-7,
          0,
          -4.423163
        ],
        [
          0,
          0,
          0.999999,
          -13.819197
        ]
      ],
      "boundingbox": [
        [
          -0.005069,
          -0.443403,
          -1.040026
        ],
        [
          3.130994,
          0.467816,
          1.33329
        ]
      ]
    },
    {
      "name": "bone05",
      "parent": "bone21",
      "initpos": [
        -3.094126,
        -1.476796,
        3.638743
      ],
      "initquaternion": [
        -0.000349,
        0.707106,
        -0.707106,
        -0.000349
      ],
      "initscale": [
        0.999999,
        0.999999,
        0.999999
      ],
      "offmtx": [
        [
          0.000988,
          3.8958677350819926e-7,
          0.999999,
          -9.446372
        ],
        [
          -0.999999,
          0,
          0.000988,
          3.629412
        ],
        [
          0,
          -0.999999,
          3.895751206073328e-7,
          2.683311
        ]
      ],
      "boundingbox": [
        [
          -0.035239,
          -2.091315,
          -0.59716
        ],
        [
          10.376747,
          2.041723,
          0.590703
        ]
      ]
    },
    {
      "name": "bone06",
      "parent": "bone05",
      "initpos": [
        5.705366,
        -0.480116,
        -0.582253
      ],
      "initquaternion": [
        0.003782,
        0.707096,
        0.004488,
        0.707092
      ],
      "initscale": [
        0.999999,
        1,
        1
      ],
      "offmtx": [
        [
          -0.011696,
          0.999931,
          0,
          -3.217104
        ],
        [
          -0.999931,
          -0.011696,
          -0.000011,
          4.162579
        ],
        [
          -0.000011,
          0,
          0.999999,
          -15.147621
        ]
      ],
      "boundingbox": [
        [
          -0.081847,
          -0.502634,
          -2.266183
        ],
        [
          4.078817,
          0.363018,
          1.981718
        ]
      ]
    },
    {
      "name": "bone07",
      "parent": "bone21",
      "initpos": [
        12.198814,
        -0.430992,
        -5.065203
      ],
      "initquaternion": [
        -0.453505,
        -0.542524,
        0.542524,
        -0.453505
      ],
      "initscale": [
        0.999999,
        0.999999,
        0.999999
      ],