{
  "mesh": [
    {
      "material": "2024s4/cs_s2comet_skin_bujian",
      "indices": [
        [
          2,
          1,
          0
        ],
        [
          0,
          3,
          2
        ],
        [
          6,
          5,
          4
        ],
        [
          4,
          7,
          6
        ],
        [
          10,
          9,
          8
        ],
        [
          8,
          11,
          10
        ],
        [
          14,
          13,
          12
        ],
        [
          12,
          15,
          14
        ],
        [
          18,
          17,
          16
        ],
        [
          16,
          19,
          18
        ],
        [
          22,
          21,
          20
        ],
        [
          20,
          23,
          22
        ]
      ],
      "vertices": [
        {
          "pos": [
            4.079998,
            12.239998,
            -2.040001
          ],
          "normal": [
            -3.7983352285664296e-7,
            1.7413903208307602e-7,
            -0.999999
          ],
          "uvcoord": [
            0.1875,
            1
          ],
          "weight": [
            [
              "Bone001",
              1
            ]
          ]
        },
        {
          "pos": [
            4.079998,
            24.479995,
            -2.039999
          ],
          "normal": [
            -3.7983352285664296e-7,
            1.7413903208307602e-7,
            -0.999999
          ],
          "uvcoord": [
            0.1875,
            0.8125
          ],
          "weight": [
            [
              "Bone001",
              1
            ]
          ]
        },
        {
          "pos": [
            -4.080001,
            24.479995,
            -2.039996
          ],
          "normal": [
            -3.798335512783524e-7,
            1.7413906050478545e-7,
            -0.999999
          ],
          "uvcoord": [
            0.0625,
            0.8125
          ],
          "weight": [
            [
              "Bone001",
              1
            ]
          ]
        },
        {
          "pos": [
            -4.08,
            12.239997,
            -2.039998
          ],
          "normal": [
            -3.798335797000618e-7,
            1.741390178722213e-7,
            -0.999999
          ],
          "uvcoord": [
            0.0625,
            1
          ],
          "weight": [
            [
              "Bone001",
              1
            ]
          ]
        },
        {
          "pos": [
            -4.08,
            12.239997,
            -2.039998
          ],
          "normal": [
            -0.999999,
            -1.1687190237807954e-7,
            3.5061555081483675e-7
          ],
          "uvcoord": [
            0.0625,
            1
          ],
          "weight": [
            [
              "Bone001",
              1
            ]
          ]
        },
        {
          "pos": [
            -4.080001,
            24.479995,
            -2.039996
          ],
          "normal": [
            -1,
            -1.1687190237807954e-7,
            3.506156076582556e-7
          ],
          "uvcoord": [
            0.0625,
            0.8125
          ],
          "weight": [
            [
              "Bone001",
              1
            ]
          ]
        },
        {
          "pos": [
            -4.08,
            24.479995,
            2.040002
          ],
          "normal": [
            -1,
            -1.1687188816722482e-7,
            3.506155792365462e-7
          ],
          "uvcoord": [
            0,
            0.8125
          ],
          "weight": [
            [
              "Bone001",
              1
            ]
          ]
        },
        {
          "pos": [
            -4.079998,
            12.239996,
            2.04
          ],
          "normal": [
            -1,
            -1.5582919843382115e-7,
            4.6748741056035215e-7
          ],
          "uvcoord": [
            0,
            1
          ],
          "weight": [
            [
              "Bone001",
              1
            ]
          ]
        },
        {
          "pos": [
            -4.079998,
            12.239996,
            2.04
          ],
          "normal": [
            3.798335512783524e-7,
            -1.5466035563349578e-7,
            0.999999
          ],
          "uvcoord": [
            0.375,
            1
          ],
          "weight": [
            [
              "Bone001",
              1
            ]
          ]
        },
        {
          "pos": [
            -4.08,
            24.479995,
            2.040002
          ],
          "normal": [
            3.798335797000618e-7,
            -1.5466035563349578e-7,
            0.999999
          ],
          "uvcoord": [
            0.375,
            0.8125
          ],
          "weight": [
            [
              "Bone001",
              1
            ]
          ]
        },
        {
          "pos": [
            4.079999,
            24.479995,
            2.039999
          ],
          "normal": [
            3.798335512783524e-7,
            -1.5466035563349578e-7,
            0.999999
          ],
          "uvcoord": [
            0.25,
            0.8125
          ],
          "weight": [
            [
              "Bone001",
              1
            ]
          ]
        },
        {
          "pos": [
            4.08,
            12.239997,
            2.039997
          ],
          "normal": [
            3.798335797000618e-7,
            -1.5466035563349578e-7,
            0.999999
          ],
          "uvcoord": [
            0.25,
            1
          ],
          "weight": [
            [
              "Bone001",
              1
            ]
          ]
        },
        {
          "pos": [
            4.08,
            12.239997,
            2.039997
          ],
          "normal": [
            1,
            0,
            -3.506156076582556e-7
          ],
          "uvcoord": [
            0.25,
            1
          ],
          "weight": [
            [
              "Bone001",
              1
            ]
          ]
        },
        {
          "pos": [
            4.079999,
            24.479995,
            2.039999
          ],
          "normal": [
            1,
            0,
            -3.506156076582556e-7
          ],
          "uvcoord": [
            0.25,
            0.8125
          ],
          "weight": [
            [
              "Bone001",
              1
            ]
          ]
        },
        {
          "pos": [
            4.079998,
            24.479995,
            -2.039999
          ],
          "normal": [
            0.999999,
            0,
            -3.5061555081483675e-7
          ],
          "uvcoord": [
            0.1875,
            0.8125
          ],
          "weight": [
            [
              "Bone001",
              1
            ]
          ]
        },
        {
          "pos": [
            4.079998,
            12.239998,
            -2.040001
          ],
          "normal": [
            1,
            0,
            -3.506154939714179e-7
          ],
          "uvcoord": [
            0.1875,
            1
          ],
          "weight": [
            [
              "Bone001",
              1
            ]
          ]
        },
        {
          "pos": [
            -4.08,
            24.479995,
            2.040002
          ],
          "normal": [
            0,
            0.999999,
            0
          ],
          "uvcoord": [
            0.0625,
            0.75
          ],
          "weight": [
            [
              "Bone001",
              1
            ]
          ]
        },
        {
          "pos": [
            -4.080001,
            24.479995,
            -2.039996
          ],