{
  "mesh": [
    {
      "material": "",
      "indices": [
        [
          2,
          1,
          0
        ],
        [
          11,
          0,
          10
        ],
        [
          0,
          11,
          2
        ],
        [
          1,
          2,
          3
        ],
        [
          4,
          3,
          2
        ],
        [
          12,
          2,
          11
        ],
        [
          2,
          12,
          4
        ],
        [
          10,
          16,
          11
        ],
        [
          17,
          11,
          16
        ],
        [
          11,
          17,
          12
        ],
        [
          16,
          10,
          15
        ],
        [
          15,
          21,
          16
        ],
        [
          22,
          16,
          21
        ],
        [
          16,
          22,
          17
        ],
        [
          18,
          12,
          17
        ],
        [
          23,
          17,
          22
        ],
        [
          17,
          23,
          18
        ],
        [
          13,
          4,
          12
        ],
        [
          12,
          18,
          13
        ],
        [
          19,
          13,
          18
        ],
        [
          24,
          18,
          23
        ],
        [
          18,
          24,
          19
        ],
        [
          4,
          13,
          6
        ],
        [
          14,
          6,
          13
        ],
        [
          13,
          19,
          14
        ],
        [
          6,
          5,
          4
        ],
        [
          5,
          6,
          7
        ],
        [
          8,
          7,
          6
        ],
        [
          6,
          14,
          8
        ],
        [
          3,
          4,
          5
        ],
        [
          7,
          8,
          9
        ],
        [
          21,
          15,
          20
        ]
      ],
      "vertices": [
        {
          "pos": [
            0.721603,
            -0.723959,
            0
          ],
          "normal": [
            0,
            -1.7484555314695172e-7,
            1
          ],
          "uvcoord": [
            0,
            0.75
          ],
          "weight": [
            [
              "Bone002",
              1
            ]
          ]
        },
        {
          "pos": [
            0.721603,
            -1.447919,
            -1.9007771356882586e-7
          ],
          "normal": [
            0,
            -1.7484555314695172e-7,
            1
          ],
          "uvcoord": [
            0,
            1
          ],
          "weight": [
            [
              "Bone002",
              1
            ]
          ]
        },
        {
          "pos": [
            0.360801,
            -0.723959,
            0
          ],
          "normal": [
            0,
            -1.7484555314695172e-7,
            1
          ],
          "uvcoord": [
            0.25,
            0.75
          ],
          "weight": [
            [
              "Bone002",
              1
            ]
          ]
        },
        {
          "pos": [
            0.360801,
            -1.447919,
            -2.2162002721870522e-7
          ],
          "normal": [
            0,
            -1.7484555314695172e-7,
            1
          ],
          "uvcoord": [
            0.25,
            1
          ],
          "weight": [
            [
              "Bone002",
              1
            ]
          ]
        },
        {
          "pos": [
            0,
            -0.723959,
            -1.265811704342923e-7
          ],
          "normal": [
            0,
            -1.7484555314695172e-7,
            1
          ],
          "uvcoord": [
            0.5,
            0.75
          ],
          "weight": [
            [
              "Bone002",
              1
            ]
          ]
        },
        {
          "pos": [
            0,
            -1.447919,
            -2.531623408685846e-7
          ],
          "normal": [
            0,
            -1.7484555314695172e-7,
            1
          ],
          "uvcoord": [
            0.5,
            1
          ],
          "weight": [
            [
              "Bone002",
              1
            ]
          ]
        },
        {
          "pos": [
            -0.360801,
            -0.723959,
            -1.5812348408417165e-7
          ],
          "normal": [
            0,
            -1.7484555314695172e-7,
            1
          ],
          "uvcoord": [
            0.75,
            0.75
          ],
          "weight": [
            [
              "Bone002",
              1
            ]
          ]
        },
        {
          "pos": [
            -0.360801,
            -1.447919,
            -2.847046403076092e-7
          ],
          "normal": [
            0,
            -1.7484555314695172e-7,
            1
          ],
          "uvcoord": [
            0.75,
            1
          ],
          "weight": [
            [
              "Bone002",
              1
            ]
          ]
        },
        {
          "pos": [
            -0.721603,
            -0.723959,
            -1.89665797734051e-7
          ],
          "normal": [
            0,
            -1.7484555314695172e-7,
            1
          ],
          "uvcoord": [
            1,
            0.75
          ],
          "weight": [
            [
              "Bone002",
              1
            ]
          ]
        },
        {
          "pos": [
            -0.721603,
            -1.447919,
            -3.162469681683433e-7
          ],
          "normal": [
            0,
            -1.7484555314695172e-7,
            1
          ],
          "uvcoord": [
            1,
            1
          ],
          "weight": [
            [
              "Bone002",
              1
            ]
          ]
        },
        {
          "pos": [
            0.721603,
            0,
            0
          ],
          "normal": [
            0,
            -1.7484555314695172e-7,
            1
          ],
          "uvcoord": [
            0,
            0.5
          ],
          "weight": [
            [
              "Bone002",
              1
            ]
          ]
        },
        {
          "pos": [
            0.360801,
            0,
            0
          ],
          "normal": [
            0,
            -1.7484555314695172e-7,
            1
          ],
          "uvcoord": [
            0.25,
            0.5
          ],
          "weight": [
            [
              "Bone002",
              1
            ]
          ]
        },
        {
          "pos": [
            0,
            0,
            0
          ],
          "normal": [
            0,
            -1.7484555314695172e-7,
            1
          ],
          "uvcoord": [
            0.5,
            0.5
          ],
          "weight": [
            [
              "Bone002",
              1
            ]
          ]
        },
        {
          "pos": [
            -0.360801,
            0,
            0
          ],
          "normal": [
            0,
            -1.7484555314695172e-7,
            1
          ],
          "uvcoord": [
            0.75,
            0.5
          ],
          "weight": [
            [
              "Bone002",
              1
            ]
          ]
        },
        {
          "pos": [
            -0.721603,
            0,
            0
          ],
          "normal": [
            0,
            -1.7484555314695172e-7,
            1
          ],
          "uvcoord": [
            1,
            0.5
          ],