{
  "animation": {
    "fields": [
      "time",
      "attr"
    ],
    "times": [
      0,
      1
    ],
    "poses": [
      0.015434,
      -0.694651,
      -0.905145,
      -5.98292,
      0.000001,
      0.696415,
      -11.8127,
      0.000001,
      0.696416,
      -5.98292,
      0.000003,
      -3.59835,
      -9.67203,
      0.000003,
      -3.59835,
      -5.98292,
      0.000002,
      -2.14274,
      -10.8747,
      0.000002,
      -2.14274,
      -5.98292,
      0.000002,
      -0.730395,
      -11.8127,
      0.000002,
      -0.730395,
      -5.98292,
      9.23871e-7,
      2.09899,
      -10.8747,
      0.000001,
      2.09899,
      -5.98292,
      4.02336e-7,
      3.50941,
      -9.67202,
      5.19599e-7,
      3.50941,
      -5.98292,
      -1.23847e-7,
      4.93665,
      -8.39301,
      0,
      4.93665,
      -5.98292,
      0.183689,
      -6.32964,
      -7.11304,
      0.183689,
      -6.32964,
      -5.98292,
      0.18369,
      -7.80002,
      -5.98292,
      0.183686,
      6.33708,
      -7.11304,
      0.183686,
      6.33708,
      -5.98292,
      0.183689,
      -4.93569,
      -8.39301,
      0.183689,
      -4.93569
    ],
    "quats": [
      0.004263,
      0.707093,
      0.707094,
      -0.004263,
      1.99496e-7,
      0.707106,
      0.707106,
      1.3767885e-7,
      4.2146846e-7,
      0.707106,
      0.707106,
      0,
      1.3767874e-7,
      0.707106,
      0.707106,
      1.9949607e-7,
      2.7535751e-7,
      0.707106,
      0.707106,
      1.6858745e-7
    ],
    "scales": [],
    "length": 1,
    "tracks": {
      "Bind": {
        "pos": [
          0,
          0
        ]
      },
      "Bone_02": {
        "pos": [
          0,
          1,
          1,
          2
        ],
        "quat": [
          0,
          0,
          1,
          0
        ]
      },
      "Bone_03": {
        "pos": [
          0,
          3,
          1,
          4
        ],
        "quat": [
          0,
          0,
          1,
          0
        ]
      },
      "Bone_04": {
        "pos": [
          0,
          5,
          1,
          6
        ],
        "quat": [
          0,
          0,
          1,
          0
        ]
      },
      "Bone_05": {
        "pos": [
          0,
          7,
          1,
          8
        ],
        "quat": [
          0,
          0,
          1,
          0
        ]
      },
      "Bone_07": {
        "pos": [
          0,
          9,
          1,
          10
        ],
        "quat": [
          0,
          0,
          1,
          0
        ]
      },
      "Bone_08": {
        "pos": [
          0,
          11,
          1,
          12
        ],
        "quat": [
          0,
          0,
          1,
          0
        ]
      },
      "Bone_09": {
        "pos": [
          0,
          13,
          1,
          14
        ],
        "quat": [
          0,
          0,
          1,
          0
        ]
      },
      "Bone_10": {
        "pos": [
          0,
          15,
          1,
          16
        ],
        "quat": [
          0,
          1,
          1,
          2
        ]
      },
      "Bone_11": {
        "pos": [
          0,
          17
        ]
      },
      "Bone_13": {
        "pos": [
          0,
          18,
          1,
          19
        ],
        "quat": [
          0,
          3,
          1,
          4
        ]
      },
      "Bone_14": {
        "quat": [
          0,
          1
        ]
      },
      "Bone_16": {
        "pos": [
          0,
          20,
          1,
          21
        ]
      }
    }
  },
  "is_global": true,
  "version": "0.1.0"
}
