{
  "animation": {
    "fields": [
      "time",
      "attr"
    ],
    "times": [
      0,
      0.033333,
      0.066666,
      0.1,
      0.133333,
      0.166666,
      0.2,
      0.233333,
      0.266666,
      0.3,
      0.333333,
      0.366666,
      0.4,
      0.433333,
      0.466666,
      0.5,
      0.533333,
      0.566666,
      0.6,
      0.633333,
      0.666666,
      0.7,
      0.733333,
      0.766666,
      0.8,
      0.833333,
      0.866666,
      0.9,
      0.933333,
      0.966666,
      1,
      1.03333,
      1.06667,
      1.1,
      1.13333,
      1.16667,
      1.2,
      1.23333,
      1.26667,
      1.3,
      1.33333,
      1.36667,
      1.4,
      1.43333,
      1.46667,
      1.5,
      1.53333,
      1.56667,
      1.6,
      1.63333,
      1.66667,
      1.7,
      1.73333,
      1.76667,
      1.8,
      1.83333,
      1.86667,
      1.9,
      1.93333,
      1.96667,
      2,
      6.66667
    ],
    "poses": [
      -2.38419e-7,
      -5.93898,
      -18.1121,
      0.074173,
      -5.63588,
      -20.0588,
      0.074402,
      -5.64976,
      -20.0585,
      0.075084,
      -5.69075,
      -20.0573,
      0.076216,
      -5.75787,
      -20.0553,
      0.07779,
      -5.85014,
      -20.0524,
      0.079803,
      -5.96657,
      -20.0486,
      0.082248,
      -6.10618,
      -20.044,
      0.085122,
      -6.268,
      -20.0383,
      0.088418,
      -6.45104,
      -20.0317,
      0.092131,
      -6.65431,
      -20.0241,
      0.096256,
      -6.87685,
      -20.0154,
      0.100788,
      -7.11766,
      -20.0056,
      0.105722,
      -7.37576,
      -19.9947,
      0.111052,
      -7.65017,
      -19.9826,
      0.116773,
      -7.93992,
      -19.9694,
      0.12288,
      -8.24402,
      -19.9549,
      0.129368,
      -8.56148,
      -19.9392,
      0.136231,
      -8.89134,
      -19.9222,
      0.143465,
      -9.23259,
      -19.9038,
      0.151063,
      -9.58428,
      -19.8842,
      0.159022,
      -9.9454,
      -19.8631,
      0.167335,
      -10.315,
      -19.8407,
      0.175997,
      -10.692,
      -19.8167,
      0.185003,
      -11.0756,
      -19.7913,
      0.194349,
      -11.4647,
      -19.7644,
      0.204028,
      -11.8583,
      -19.736,
      0.214035,
      -12.2554,
      -19.7059,
      0.224366,
      -12.6552,
      -19.6743,
      0.235015,
      -13.0565,
      -19.641,
      0.245976,
      -13.4584,
      -19.606,
      0.257245,
      -13.86,
      -19.5694,
      0.268817,
      -14.2602,
      -19.5309,
      0.280685,
      -14.6581,
      -19.4907,
      0.292845,
      -15.0526,
      -19.4487,
      0.305292,
      -15.4429,
      -19.4049,
      0.318021,
      -15.8278,
      -19.3592,
      0.331025,
      -16.2066,
      -19.3115,
      0.344301,
      -16.578,
      -19.262,
      0.357843,
      -16.9413,
      -19.2104,
      0.371644,
      -17.2953,
      -19.1569,
      0.385702,
      -17.6391,
      -19.1013,
      0.655682,
      -19.3968,
      -13.5106,
      0.617457,
      -18.3484,
      -13.6528,
      0.521897,
      -15.7278,
      -14.0243,
      0.397668,
      -12.3221,
      -14.5428,
      0.273438,
      -8.91813,
      -15.1259,
      0.177878,
      -6.30284,
      -15.6912,
      0.139653,
      -5.26319,
      -16.1563,
      0.20169,
      -5.33916,
      -16.6107,
      0.349624,
      -5.5055,
      -17.1338,
      0.52619,
      -5.70132,
      -17.6282,
      0.674124,
      -5.86574,
      -17.9963,
      0.73616,
      -5.93786,
      -18.1406,
      -0.230532,
      -5.94726,
      -18.0996,
      -0.360681,
      -5.95708,
      -18.0905,
      -0.401588,
      -5.96181,
      -18.087,
      -0.297473,
      -5.95589,
      -18.0935,
      -0.104115,
      -5.9449,
      -18.1056
    ],
    "quats": [
      -0.009563,
      0.707041,
      -0.009564,
      0.707042,
      -0.039649,
      0.667119,
      0.048258,
      0.742327,
      -0.009161,
      0.707541,
      -0.010335,
      0.706537,
      -0.009001,
      0.707739,
      -0.010643,
      0.706335,
      -0.008818,
      0.707963,
      -0.010991,
      0.706108,
      -0.008407,
      0.708472,
      -0.01178,
      0.70559,
      -0.008183,
      0.708749,
      -0.01221,
      0.705306,
      -0.007947,
      0.709038,
      -0.012661,
      0.705011,
      -0.007464,
      0.709635,
      -0.013589,
      0.704398,
      -0.007219,
      0.709936,
      -0.014059,
      0.704088,
      -0.006974,
      0.710235,
      -0.014528,
      0.703779,
      -0.006506,
      0.710811,
      -0.015427,
      0.703182,
      -0.006284,
      0.711082,
      -0.015851,
      0.702901,
      -0.006076,
      0.711337,
      -0.016251,
      0.702636,
      -0.005708,
      0.711785,
      -0.016956,
      0.702168,
      -0.005555,
      0.711972,
      -0.017249,
      0.701973,
      -0.005426,
      0.71213,
      -0.017497,
      0.701808,
      -0.005795,
      0.71168,
      -0.01679,
      0.702278,
      -0.006056,
      0.711361,
      -0.016289,
      0.702611,
      -0.006372,
      0.710974,
      -0.015682,
      0.703013,
      -0.006744,
      0.710517,
      -0.014969,
      0.703487,
      -0.007177,
      0.709986,
      -0.014138,
      0.704036,
      -0.007674,
      0.709377,
      -0.013187,
      0.704663,
      -0.008234,
      0.708686,
      -0.012112,
      0.705371,
      -0.008863,
      0.707909,
      -0.010906,
      0.706163,
      -0.043,
      0.662356,
      0.05471,
      0.74595,
      -0.044663,
      0.659967,
      0.057914,
      0.747726,
      -0.0449,
      0.659625,
      0.05837,
      0.747978,
      -0.043972,
      0.660961,
      0.056582,
      0.74699,
      -0.042135,
      0.66359,
      0.053045,
      0.745021,
      -0.035585,
      0.672813,
      0.040434,
      0.737848,
      -0.029519,
      0.681135,
      0.028765,
      0.730996,
      -0.022477,
      0.690538,
      0.015225,
      0.722785,
      -0.015483,
      0.699599,
      0.00179,
      0.714365,
      -0.009562,
      0.707042,
      -0.009565,
      0.707042,
      -0.009563,
      0.707042,
      -0.009563,
      0.707042
    ],
    "scales": [
      0.000999,
      0.001,
      0.001,
      0.001,
      0.001,
      0.001,
      0.000999,
      0.001,
      0.000999,
      0.000999,
      0.000999,
      0.001,
      0.999999,
      1,
      1,
      0.001,
      0.000999,
      0.001
    ],
    "length": 6.666666,