{
  "animation": {
    "fields": [
      "time",
      "attr"
    ],
    "times": [
      0,
      1.9,
      1.93333,
      1.96667,
      2,
      2.03333,
      2.06667,
      2.1,
      2.13333,
      2.16667,
      2.2,
      2.23333,
      2.26667,
      2.3,
      6.66667
    ],
    "poses": [
      -8.5516,
      -0.532644,
      -13.7038,
      -9.40594,
      -20.6391,
      -13.7038,
      -8.40569,
      -0.532644,
      -13.7038,
      -8.13473,
      -0.532644,
      -13.7038,
      -8.5516,
      -0.53264,
      3.46337,
      -8.5516,
      -0.53264,
      0.780995,
      -8.5516,
      -0.532642,
      -5.12021,
      -8.5516,
      -0.532643,
      -11.0214,
      -7.98883,
      -0.532644,
      -13.7038
    ],
    "quats": [],
    "scales": [
      1,
      1,
      0.999999,
      0.000099,
      0.000099,
      0.000099
    ],
    "length": 6.666666,
    "tracks": {
      "bone02": {
        "pos": [
          0,
          1,
          1,
          1,
          2,
          4,
          3,
          5,
          4,
          6,
          5,
          7,
          6,
          0,
          7,
          2,
          8,
          3,
          9,
          8,
          10,
          3,
          11,
          2,
          12,
          0,
          13,
          0,
          14,
          0
        ],
        "scale": [
          0,
          1,
          1,
          1,
          2,
          0,
          3,
          0,
          14,
          0
        ]
      }
    }
  },
  "version": "0.1.0"
}
