{"animation":{"fields":["time","attr"],"times":[0.0,0.033333,0.066666,0.1,0.133333,0.166666,0.2,0.233333,0.266666,0.3,0.333333,0.366666,0.4,0.433333,0.466666,0.5,0.533333,0.566666,0.6,0.633333,0.666666,0.7,0.733333,0.766666,0.8,0.833333,0.866666,0.9,0.933333,0.966666,1.0,1.03333,1.06667,1.1,1.13333,1.16667,1.2,1.23333,1.26667,1.3,1.33333,1.36667,1.4,1.43333,1.46667,1.5,1.53333,1.56667,1.6,1.63333,1.66667,1.7,1.73333,1.76667,1.8,1.83333,1.86667,1.9,1.93333,1.96667,2.0,2.03333,2.06667,2.1,2.13333,2.16667,2.2,2.23333,2.26667,2.3,2.33333],"poses":[5.24322,-2.35759,-2.14521,5.24321,2.3598,-2.14521,5.21857,2.33335,-2.7588,5.17862,-2.38008,-2.75879,0.000118,0.83732,-13.7968,9.3128,-1.10256,-6.30377,0.837312,-4.51233,0.000117,-7.77915,-11.8606,-1.66145,3.53617,0.0,-0.0,1.17302,0.0,-0.0,5.10239,-2.35825,-2.15774,5.10239,2.35915,-2.15774,5.06375,2.33403,-2.76963,5.0238,-2.3794,-2.76961,9.31281,-1.10253,-6.30377,9.31281,-1.14061,-6.30718,6.36991,-0.129898,-1.02441,1.77698,-0.664247,0.68945,1.78127,0.662225,0.688682,1.47226,-0.344208,0.615513,1.18586,-0.690194,0.174431,0.134816,1.00258,0.496448,0.000118,0.83732,-13.8541,0.000118,0.83732,-13.9115,0.000118,0.83732,-13.9688,0.000118,0.83732,-14.0261,0.000118,0.83732,-14.0835,0.000118,0.83732,-14.1408,0.000118,0.83732,-14.1982,0.000118,0.83732,-14.2555,0.000118,0.83732,-14.3129,0.000118,0.83732,-14.3702,0.000118,0.83732,-14.4276,0.000118,0.83732,-14.4849,0.000118,0.83732,-14.5423,0.000118,0.83732,-14.5996,0.000118,0.83732,-14.6569,0.000118,0.83732,-14.7143,0.000118,0.83732,-14.7716,0.000118,0.83732,-14.829,0.000118,0.83732,-14.8863,0.000118,0.83732,-14.9437,0.000118,0.83732,-15.001,0.000118,0.83732,-14.9302,0.000118,0.83732,-14.8593,0.000118,0.83732,-14.7885,0.000118,0.83732,-14.7177,0.000118,0.83732,-14.6468,0.000118,0.83732,-14.576,0.000118,0.83732,-14.5051,0.000118,0.83732,-14.4343,0.000118,0.83732,-14.3635,0.000118,0.83732,-14.2926,0.000118,0.83732,-14.2218,0.000118,0.83732,-14.151,0.000118,0.83732,-14.0801,0.000118,0.83732,-14.0093,0.000118,0.83732,-13.9384,0.000118,0.83732,-13.8676,0.000118,0.83732,-13.8515,0.000118,0.83732,-13.9063,0.000118,0.83732,-13.961,0.000118,0.83732,-14.0158,0.000118,0.83732,-14.0705,0.000118,0.83732,-14.1252,0.000118,0.83732,-14.18,0.000118,0.83732,-14.2347,0.000118,0.83732,-14.2895,0.000118,0.83732,-14.3442,0.000118,0.83732,-14.399,0.000118,0.83732,-14.4537,0.000118,0.83732,-14.5085,0.000118,0.83732,-14.5632,0.000118,0.83732,-14.618,0.000118,0.83732,-14.5697,0.000118,0.83732,-14.5214,0.000118,0.83732,-14.4731,0.000118,0.83732,-14.4247,0.000118,0.83732,-14.3764,0.000118,0.83732,-14.3281,0.000118,0.83732,-14.2798,0.000118,0.83732,-14.2315,0.000118,0.83732,-14.1832,0.000118,0.83732,-14.1349,0.000118,0.83732,-14.0866,0.000118,0.83732,-14.0383,0.000118,0.83732,-13.99,0.000118,0.83732,-13.9417,0.000118,0.83732,-13.8934,0.000118,0.83732,-13.8451,-7.77915,-13.0671,-1.66145,-7.77915,-11.6845,-1.66145,-7.77915,-12.9803,-1.66145,-7.77915,-13.0523,-1.66145,16.4644,1.36422,0.000119,16.4644,1.36422,0.00012,0.837318,-9.28762,-13.3985,5.76133,1.33004,0.634317,6.03166,1.18972,-0.27061,3.72272,-0.117706,-0.129044,3.72272,-0.117707,-0.129045],"quats":[-0.492308,0.490507,0.507551,0.509339,-0.000277,5.7e-05,-0.001616,0.999998,-0.66913,-0.743144,-0.0,-0.0,-0.000659,-0.001556,0.008093,0.999965,-0.00022,0.000703,-0.001232,0.999998,0.5,-0.499999,-0.5,0.5,-0.923411,-0.004029,-0.001674,-0.383785,-0.67323,-0.739432,0.001052,0.00024,-0.677309,-0.735695,0.001978,0.000462,-0.681367,-0.731935,0.002777,0.000666,-0.685404,-0.728153,0.003452,0.000848,-0.689421,-0.724348,0.004001,0.001006,-0.693416,-0.720522,0.004426,0.001139,-0.69739,-0.716674,0.004727,0.001244,-0.701343,-0.712805,0.004904,0.00132,-0.705274,-0.708915,0.004958,0.001364,-0.709184,-0.705004,0.004852,0.001364,-0.713073,-0.701073,0.004564,0.001311,-0.716939,-0.697122,0.004121,0.00121,-0.720784,-0.693149,0.003547,0.001065,-0.724606,-0.689155,0.002867,0.000881,-0.728407,-0.68514,0.002105,0.000664,-0.732185,-0.681103,0.001285,0.000419,-0.735941,-0.677045,0.000433,0.000154,-0.739674,-0.672964,-0.000428,-0.000124,-0.735721,-0.677283,-0.001279,-0.000394,-0.731742,-0.681577,-0.002097,-0.000642,-0.727738,-0.685848,-0.002859,-0.000863,-0.723709,-0.690095,-0.003538,-0.001048,-0.719655,-0.694318,-0.004112,-0.001195,-0.715577,-0.698517,-0.004555,-0.001296,-0.711474,-0.702693,-0.004842,-0.001348,-0.707347,-0.706847,-0.004948,-0.001347,-0.703196,-0.710977,-0.004895,-0.001302,-0.69902,-0.715084,-0.004719,-0.001225,-0.694821,-0.719167,-0.004419,-0.00112,-0.690598,-0.723226,-0.003995,-0.000988,-0.686351,-0.72726,-0.003447,-0.000831,-0.682081,-0.73127,-0.002774,-0.000651,-0.677787,-0.735254,-0.001975,-0.000452,-0.67347,-0.739213,-0.001051,-0.000234,-0.001093,0.000538,-0.009014,0.999958,-0.00111,0.001044,-0.013178,0.999912,-0.001105,0.001515,-0.017113,0.999851,-0.001051,0.002334,-0.02417,0.999704,-0.000967,0.002984,-0.030049,0.999543,-0.000848,0.003471,-0.03471,0.999391,-0.000783,0.003655,-0.036579,0.999323,-0.000633,0.003916,-0.039377,0.999216,-0.000431,0.003987,-0.040883,0.999155,-8.2e-05,0.004032,-0.040384,0.999176,0.00016,0.00424,-0.037915,0.999271,0.00036,0.004352,-0.033751,0.99942,0.000464,0.004331,-0.031019,0.999509,0.000665,0.004082,-0.024202,0.999698,0.000836,0.003506,-0.015503,0.999873,0.000906,0.003078,-0.010415,0.99994,0.001032,0.001951,0.000936,0.999997,0.001114,0.00058,0.012553,0.99992,0.001147,-0.000918,0.023312,0.999727,0.001145,-0.001689,0.028142,0.999601,0.0011,-0.003235,0.036393,0.999331,0.001011,-0.004731,0.042509,0.999084,0.000952,-0.005445,0.044708,0.998984,0.000791,-0.006506,0.047745,0.998838,0.000596,-0.006992,0.049082,0.99877,0.000403,-0.007103,0.048595,0.998793,0.000315,-0.007038,0.047667,0.998838,0.000155,-0.006685,0.044484,0.998987,-0.000139,-0.006067,0.039626,0.999196,-0.000231,-0.005663,0.036615,0.999313,-0.000445,-0.004692,0.029524,0.999552,-0.000838,-0.000725,0.001052,0.999998,-0.000919,-0.000549,-0.002037,0.999997,-0.000968,-0.000279,-0.005711,0.999983,-0.000999,0.000401,-0.013759,0.999904,-0.000961,0.00111,-0.021642,0.999764,-0.000886,0.001748,-0.02865,0.999587,-0.000832,0.002028,-0.031723,0.999494,-0.000706,0.0025,-0.036921,0.999314,-0.000558,0.002859,-0.040825,0.999162,-0.000466,0.002986,-0.042288,0.9991,-0.000253,0.003111,-0.044285,0.999014,0.000252,0.003578,-0.043868,0.99903,0.000354,0.003741,-0.042747,0.999078,0.000521,0.00403,-0.039193,0.999223,0.000684,0.004186,-0.033769,0.99942,0.000762,0.004187,-0.030296,0.999531,0.000902,0.003965,-0.02162,0.999758,0.001015,0.003372,-0.010604,0.999937,0.001104,0.00241,0.00194,0.999994,0.001133,0.001811,0.008441,0.999962,0.001166,0.000434,0.021214,0.999774,0.00116,-0.00111,0.032883,0.999457,0.001136,-0.001917,0.038051,0.999273,0.001055,-0.003582,0.046655,0.998904,0.000912,-0.005036,0.052974,0.998582,0.000746,-0.006063,0.057029,0.998353,0.000653,-0.006414,0.058184,0.998285,0.000447,-0.006815,0.058708,0.998251,0.000295,-0.006852,0.056849,0.998359,0.000159,-0.006739,0.055043,0.998461,-0.00011,-0.006283,0.049756,0.998741,0.517144,-0.482245,-0.482246,0.517145,0.5,0.5,-0.499999,0.5,0.499999,0.5,-0.499999,0.5,0.492368,0.507515,-0.49237,0.507515,0.4924,0.507484,-0.492402,0.507484,-0.4949,0.487892,0.510242,0.506643,-0.614098,0.381192,0.574673,0.383831,-0.604415,0.380652,0.585006,0.384126,-0.024491,-0.029474,-0.635015,0.771548,-0.075716,-0.043141,-0.840662,0.534501,0.069334,-0.040826,0.978769,-0.188508,0.032577,-0.04589,0.462532,0.884814,0.500652,-0.501169,-0.498635,0.499538,0.501243,-0.50225,-0.497354,0.499136,0.501775,-0.503244,-0.496156,0.498793,0.502246,-0.504151,-0.495042,0.49851,0.502656,-0.50497,-0.494013,0.498288,0.503007,-0.505704,-0.493068,0.498126,0.503297,-0.506352,-0.492209,0.498024,0.503528,-0.506915,-0.491435,0.497983,0.503698,-0.507393,-0.490747,0.498003,0.503808,-0.507786,-0.490145,0.498083,0.503848,-0.508321,-0.4892,0.498426,0.503777,-0.508462,-0.488858,0.498689,0.503545,-0.508421,-0.488706,0.499115,0.503073,-0.508121,-0.488822,0.499782,0.502396,-0.507597,-0.489171,0.500653,0.501549,