{"animation":{"fields":["time","attr"],"times":[0.0,0.033333,0.066666,0.1,0.133333,0.166666,0.2,0.233333,0.266666,0.3,0.333333,0.366666,0.4,0.433333,0.466666,0.5,0.533333,0.566666,0.6,0.633333,0.666666,0.7,0.733333,0.766666,0.8,0.833333,0.866666,0.9,0.933333,0.966666,1.0],"poses":[-7.97283,-4.36557,-9.02184,-7.97282,-4.36557,9.02681,12.3373,-4.44713,9.0305,12.3373,-4.44688,-9.02185,0.0,-3.17004,-9.46745,0.0,-4.03299,-9.46745,6.1845,5.40045,7.94743,6.18317,5.37534,-7.98345,-6.34867,9.43187,-5.00003,-6.34866,9.43188,4.99997,-7.97277,-4.36225,-9.02186,-7.97276,-4.36183,-9.02187,-7.97277,-4.36225,9.0268,-7.97276,-4.36184,9.02679,12.3331,-4.82535,9.0272,12.3378,-4.41446,9.03043,12.3382,-4.39149,9.03009,12.3378,-4.4142,-9.02192,12.3382,-4.39123,-9.02226,0.0,-3.22057,-9.55847,0.0,-3.34249,-9.75867,0.0,-3.49137,-9.95885,0.0,-3.62278,-10.0499,0.0,-3.74755,-9.95885,0.0,-3.8818,-9.75867,0.0,-3.98911,-9.55847,0.0,-3.95343,-9.61565,0.0,-3.78222,-9.8908,0.0,-3.62049,-10.039,0.0,-3.48077,-9.94967,0.0,-3.33364,-9.75322,0.0,-3.21732,-9.55678,0.0,-3.22057,-9.50564,0.0,-3.34249,-9.58962,0.0,-3.49137,-9.6736,0.0,-3.62278,-9.71178,0.0,-3.74755,-9.6736,0.0,-3.8818,-9.58962,0.0,-3.98911,-9.50564,0.0,-3.95343,-9.61698,0.0,-3.78222,-9.8946,0.0,-3.62049,-10.0441,0.0,-3.48077,-9.954,0.0,-3.33364,-9.75579,0.0,-3.21732,-9.55758,20.2486,17.707,-3e-06,20.2486,17.707,-4e-06,2.97107,3.8e-05,-0.0,2.97107,4e-05,-0.0,-14.8409,5.01736,6e-06,-14.8409,5.01736,5e-06,-7.97345,-4.40379,-9.02151,-7.97482,-4.48784,-9.02079,-7.97619,-4.57189,-9.02007,-7.97681,-4.61011,-9.01974,-7.97619,-4.57189,-9.01997,-7.97482,-4.48784,-9.02053,-7.97345,-4.40379,-9.02122,-7.97335,-4.41296,-9.02249,-7.97432,-4.50095,-9.02314,-7.97484,-4.54834,-9.02344,-7.97453,-4.52031,-9.02319,-7.97386,-4.45838,-9.02264,-7.97317,-4.39573,-9.02209,-7.97279,-4.36338,-9.02185,-7.97279,-4.36337,-9.02185,-7.97337,-4.41417,-9.02225,-7.97432,-4.50144,-9.02302,-7.97483,-4.54814,-9.02344,-7.97452,-4.51961,-9.02319,-7.97383,-4.45686,-9.02264,-7.97314,-4.3941,-9.02209,-7.97344,-4.40379,9.02714,-7.97481,-4.48784,9.02786,-7.97618,-4.5719,9.02858,-7.97681,-4.61011,9.02891,-7.97618,-4.5719,9.02868,-7.97481,-4.48784,9.02813,-7.97344,-4.40379,9.02744,-7.97334,-4.41296,9.02617,-7.97431,-4.50096,9.02551,-7.97483,-4.54835,9.02522,-7.97453,-4.52032,9.02547,-7.97385,-4.45838,9.02602,-7.97316,-4.39574,9.02656,-7.97278,-4.36338,9.02681,-7.97279,-4.36338,9.02681,-7.97336,-4.41418,9.0264,-7.97432,-4.50144,9.02563,-7.97483,-4.54815,9.02522,-7.97452,-4.51961,9.02547,-7.97383,-4.45686,9.02602,-7.97314,-4.3941,9.02656,12.3364,-4.50288,9.03098,12.3344,-4.62549,9.03203,12.3324,-4.7481,9.03308,12.3314,-4.80385,9.03356,12.3324,-4.7481,9.03326,12.3344,-4.62549,9.03249,12.3364,-4.50288,9.03149,12.3362,-4.5452,9.02924,12.3342,-4.72728,9.02786,12.3336,-4.77419,9.02772,12.3349,-4.65743,9.02885,12.3363,-4.53008,9.02999,12.338,-4.39767,9.03026,12.3382,-4.3906,9.03002,12.3381,-4.39767,9.03026,12.3359,-4.56404,9.02965,12.334,-4.7367,9.02806,12.3337,-4.76624,9.02772,12.3352,-4.63624,9.02885,12.3366,-4.50624,9.02999,12.3363,-4.50263,-9.02137,12.3343,-4.62524,-9.02032,12.3323,-4.74785,-9.01926,12.3314,-4.8036,-9.01878,12.3323,-4.74785,-9.01909,12.3343,-4.62524,-9.01986,12.3363,-4.50263,-9.02086,12.3362,-4.54495,-9.02311,12.3342,-4.72703,-9.02449,12.3331,-4.82509,-9.02515,12.3336,-4.77393,-9.02463,12.3349,-4.65718,-9.0235,12.3362,-4.52983,-9.02236,12.338,-4.39742,-9.02209,12.3382,-4.39035,-9.02233,12.3381,-4.39742,-9.02209,12.3359,-4.56379,-9.0227,12.334,-4.73645,-9.02429,12.3331,-4.8251,-9.02515,12.3337,-4.76599,-9.02463,12.3352,-4.63599,-9.0235,12.3366,-4.50599,-9.02236],"quats":[-0.500999,-0.498998,0.501,0.498997,0.493006,-0.494983,0.504918,0.506943,-0.0,-0.0,0.999986,-0.005252,-0.0,-0.0,0.999957,0.009257,-0.503145,-0.492942,0.503083,0.500759,-0.501094,-0.496125,0.501054,0.501706,-0.499032,-0.499599,0.499016,0.502343,-0.498088,-0.501903,0.498089,0.501903,-0.499294,-0.502379,0.499299,0.499018,-0.501527,-0.501973,0.501529,0.494935,-0.502724,-0.501628,0.502724,0.492853,-0.888242,-0.459374,1.4420513e-07,2.7883408e-07,-0.999991,0.003883,0.001189,1.1874756e-07,-0.999947,0.010129,0.001189,7e-06,-0.999714,0.023865,0.001189,2.3e-05,-0.999292,0.037596,0.001188,4e-05,-0.999906,0.013635,0.001189,1.1e-05,-0.0,-0.0,-0.002001,0.999997,-0.506944,-0.504918,0.494984,-0.493006,0.499861,0.497864,-0.502135,0.500129,0.494429,-0.496412,0.503525,0.505545,0.497544,-0.499539,0.500448,0.502455,0.50064,-0.502647,0.497351,0.499345,-0.0,-0.0,-0.004512,0.999989,0.0,-0.0,0.999994,-0.003299,-0.0,-0.0,0.977042,-0.213046,-0.0,-0.0,0.911396,-0.411529,-0.0,-0.0,-0.805918,0.592026,-0.0,-0.0,-0.665217,0.746649,-0.0,-0.0,-0.495444,0.868639,-0.0,-0.0,0.314008,0.94942,-0.0,-0.0,0.673025,0.739619,-0.0,-0.0,0.812093,0.583527,-0.0,-0.0,0.915669,0.401932,-0.0,-0.0,0.979226,0.20277,0.005252,-0.999986,-1.6291845e-07,0.0,0.213046,-0.977042,-1.5918036e-07,0.0,0.592026,-0.805918,-1.3130078e-07,0.0,0.198847,-0.98003,-1.5966724e-07,0.0,-0.948155,0.317807,0.0,-1.5447409e-07,-0.993511,0.11373,0.0,-1.618636e-07,-0.216957,-0.976181,-1.5904007e-07,-0.0,-0.009257,-0.999957,-1.6291374e-07,-0.0,-0.0,-0.0,0.98003,-0.198847,-0.0,-0.0,0.917271,-0.398262,-0.0,-0.0,-0.675981,0.736918,-0.0,-0.0,-0.507995,0.861359,-0.0,-0.0,-0.317807,0.948155,-0.0,-0.0,-0.11373,0.993511,-0.0,-0.0,0.095317,0.995446,-0.0,-0.0,0.662222,0.749307,-0.0,-0.0,0.803541,0.595249,-0.0,-0.0,0.909741,0.415176,-0.0,-0.0,0.976181,0.216957,-0.501483,-0.497838,0.501473,0.499194,-0.502543,-0.495281,0.502508,0.49963,-0.503597,-0.492715,0.503537,0.500071,-0.502455,-0.50142,0.502457,0.493611,-0.501862,-0.500855,0.501867,0.495385,-0.501268,-0.50002,0.501273,0.497427,-0.501485,-0.497225,0.501469,0.499807,-0.502543,-0.494735,0.502503,0.500176,-0.503596,-0.49251,0.503535,0.500276,-0.502457,-0.501215,0.502458,0.493816,-0.501867,-0.50031,0.501867,0.49593,-0.501272,-0.499407,0.501272,0.49804,-0.89556,-0.444912,-0.002154,-0.004335,-0.91075,-0.412667,-0.006392,-0.014108,-0.924674,-0.379861,-0.00993,-0.024174,-0.93058,-0.364774,-0.011304,-0.028837,-0.925165,-0.378563,-0.010429,-0.025488,-0.912514,-0.408591,-0.00786,-0.017555,-0.898844,-0.438174,-0.003968,-0.00814,-0.892288,-0.451465,1.4172247e-07,2.801041e-07,-0.903255,-0.429011,0.003819,0.008042,-0.922075,-0.38661,0.006799,0.016216,-0.931376,-0.363421,0.007812,0.02002,-0.927114,-0.374284,0.007196,0.017826,-0.917287,-0.397992,0.005435,0.012528,-0.906835,-0.421433,0.002795,0.006016,-0.901874,-0.431997,1.3561116e-07,2.8311334e-07,-0.904839,-0.425691,-0.003063,-0.006512,-0.911172,-0.411735,-0.006365,-0.014087,-0.917257,-0.397671,-0.008856,-0.020427,-0.919945,-0.391243,-0.009821,-0.023092,-0.917699,-0.396631,-0.008969,-0.020754,-0.912641,-0.408432,-0.00669,-0.014948,-0.907412,-0.420159,-0.003458,-0.007468,-0.904974,-0.425464,1.3356042e-07,2.8408652e-07,-0.915695,-0.401727,0.00434,0.009893,-0.933856,-0.356917,0.008153,0.021332,-0.942697,-0.332425,0.009488,0.026908,-0.935404,-0.352759,0.008494,0.022525,-0.917761,-0.396875,0.005663,0.013095,-0.897952,-0.440069,0.001962,0.004004,-0.999037,0.043837,0.001188,4.7e-05,-0.999991,0.003883,0.001189,1.1874733e-07,-0.999909,0.01342,0.001189,1.1e-05,-0.999514,0.031123,0.001188,3.2e-05,-0.999172,0.040654,0.001188,4.3e-05,-0.99948,0.032211,0.001188,3.3e-05,-0.999987,-0.004945,0.001189,-1e-05,-0.999909,-0.013393,0.001189,-2e-05,-0.999968,-0.007876,0.001189,-1.3e-05,-0.99999,0.004259,0.001189,5.6604296e-07,-0.999864,0.016394,0.001189,1.4e-05,-0.999759,0.021911,0.001189,2.1e-05,-0.999874,0.015819,0.001189,1.4e-05,-0.999996,0.002417,0.001189,-1e-06,-0.999938,-0.010985,0.001189,-1.7e-05,-0.999853,-0.017078,0.001189,-2.4e-05,-0.999977,-0.006586,0.001189,-1.2e-05,-0.999916,0.012895,0.001189,1e-05,-0.999725,0.023386,0.001189,2.3e-05,-0.999792,0.020338,0.001189,1.9e-05,-0.999975,0.006931,0.001189,3e-06,-0.0,-0.0,-0.005887,0.999982,-0.0,-0.0,-0.014432,0.999895,-0.0,-0.0,-0.022976,0.999736,-0.0,-0.0,-0.02686,0.999639,-0.0,-0.0,-0.019006,0.999819,-0.0,-0.0,-0.00173,0.999998,-0.0,-0.0,0.015546,0.999879,-0.0,-0.0,