{"animation":{"fields":["time","attr"],"times":[0.0,0.033333,0.066666,0.1,0.133333,0.166666,0.2,0.233333,0.266666,0.3,0.333333,0.366666,0.4,0.433333,0.466666,0.5,0.533333,0.566666,0.6,0.633333,0.666666,0.7,0.733333,0.766666,0.8,0.833333],"poses":[0.0,13.2588,-16.1006,2.9418,0.898998,-3.71004,19.0735,-0.0937,-3.76333,8.00717,-6.8e-05,7.1e-05,2.9418,0.899002,3.70996,9.009,-5.9e-05,3e-06,19.0735,-0.093696,3.76267,8.00718,6.4e-05,7.2e-05,-0.967305,5.0841,-0.0,11.9742,1.51373,1e-06,0.0,13.2588,-15.5111,0.0,13.2588,-18.1438,0.0,13.2588,-20.8944,0.0,13.2588,-18.3104,0.0,13.2588,-15.8842,2.93517,0.975724,-3.71004,2.91884,1.15871,-3.71004,2.89772,1.37712,-3.71004,2.87702,1.56013,-3.71004,2.86192,1.63684,-3.71004,2.85085,1.63677,-3.71003,2.83942,1.63632,-3.71004,2.82753,1.63537,-3.71004,2.81562,1.63382,-3.71004,2.80388,1.63153,-3.71004,2.79248,1.62824,-3.71004,2.78155,1.62382,-3.71004,2.77147,1.61818,-3.71004,2.76229,1.611,-3.71004,2.75428,1.60237,-3.71004,2.74775,1.5919,-3.71004,2.77165,1.5334,-3.70796,2.80648,1.44689,-3.70818,2.8276,1.37946,-3.71004,2.85991,1.29755,-3.71004,2.88932,1.19503,-3.71004,2.91294,1.08783,-3.71004,2.92944,0.992362,-3.71004,2.93882,0.924554,-3.71004,9.00899,3.8e-05,-4e-06,9.00899,3.8e-05,-1.4e-05,19.07,0.044412,-3.76333,19.061,0.382943,-3.76333,19.0487,0.808926,-3.76333,19.0354,1.20884,-3.76333,19.0233,1.46956,-3.76333,19.0127,1.61254,-3.76405,19.0022,1.73666,-3.76603,18.9919,1.84481,-3.76907,18.9817,1.9398,-3.7729,18.9714,2.02437,-3.77732,18.9611,2.10144,-3.78208,18.9505,2.17372,-3.78697,18.9397,2.24412,-3.79173,18.9286,2.31551,-3.79615,18.9171,2.39057,-3.8,18.9052,2.47228,-3.80302,18.9358,2.24647,-3.79077,18.9786,1.85879,-3.79303,18.9826,1.86467,-3.76333,19.0218,1.40797,-3.76333,19.0498,0.954118,-3.76333,19.0659,0.539836,-3.76333,19.0725,0.204534,-3.76333,19.0737,-0.015861,-3.76333,8.00714,-8.5e-05,7.8e-05,8.00728,-0.000122,8.5e-05,8.0072,-6.8e-05,7.2e-05,2.93487,0.975724,3.70996,2.91794,1.15869,3.70996,2.89641,1.37717,3.70996,2.87582,1.56006,3.70996,2.86192,1.63684,3.70996,2.85374,1.63105,3.71004,2.84657,1.61479,3.71023,2.8403,1.59011,3.71055,2.83468,1.55874,3.71094,2.82961,1.5227,3.71138,2.82481,1.48383,3.71187,2.82016,1.44405,3.71237,2.81534,1.4051,3.71285,2.81024,1.36913,3.7133,2.80471,1.33775,3.71368,2.79844,1.31302,3.714,2.80985,1.24994,3.7163,2.83307,1.17117,3.71615,2.8276,1.37946,3.70996,2.85991,1.29756,3.70996,2.88932,1.19503,3.70996,2.91294,1.08783,3.70996,2.92944,0.992366,3.70996,2.93882,0.924556,3.70996,19.07,0.043314,3.76267,19.061,0.379843,3.76267,19.0487,0.804124,3.76267,19.0354,1.20464,3.76267,19.0233,1.46956,3.76267,19.0126,1.62011,3.76194,19.0022,1.7537,3.75991,18.9919,1.87248,3.7568,18.9817,1.97913,3.75289,18.9714,2.07589,3.74837,18.9611,2.16525,3.7435,18.9505,2.24948,3.73851,18.9398,2.33122,3.73364,18.9286,2.41268,3.72913,18.9171,2.49644,3.7252,18.9052,2.58475,3.7221,18.9321,2.36334,3.73432,18.9786,1.97713,3.73204,18.9826,1.86467,3.76267,19.0218,1.40797,3.76267,19.0498,0.95412,3.76267,19.0659,0.53984,3.76267,19.0725,0.204536,3.76267,19.0737,-0.015859,3.76267,16.0856,2.45171,-0.0,16.0856,2.45172,-0.0,5.01037,-1.51026,-0.0,5.01037,-1.51025,-0.0,2.80701,2.4e-05,-0.0,2.80701,2.2e-05,-0.0],"quats":[-0.000382,-4e-06,-2e-06,0.999999,-0.004837,-1e-06,0.0,0.999988,-0.499999,0.499999,-0.5,0.5,0.004994,0.005579,-0.701475,0.712654,8.0267853e-07,-8.8545528e-07,0.0,1.0,-0.003468,0.003533,-0.713086,0.701058,0.69634,-0.717711,-0.0,-0.0,-5.0022135e-07,4.768371e-07,0.0,1.0,-0.715633,0.698421,-0.008556,-0.00175,-0.0,-0.0,0.526768,0.850009,-0.0,-0.0,-0.007272,0.999973,-0.0,-0.0,0.979646,-0.200731,-0.03975,-0.022924,0.371729,0.927206,-0.0,-0.0,-0.709778,0.704425,-0.499999,-0.5,0.5,0.499999,0.512612,-0.48706,0.512612,-0.487061,-0.446985,0.572406,-0.415151,0.547909,-0.481783,0.51665,-0.482775,0.517576,0.514528,-0.452957,0.542981,-0.485037,0.52234,-0.476613,0.52234,-0.476613,0.004987,0.005586,-0.700728,0.713388,0.004964,0.005607,-0.698945,0.715135,0.004922,0.005646,-0.696811,0.717215,0.004859,0.005706,-0.695018,0.718953,0.004772,0.00579,-0.694264,0.719681,0.017111,0.021899,-0.728588,0.684387,0.045471,0.050594,-0.807686,0.585674,-0.070876,-0.067558,0.8943,-0.436622,-0.082296,-0.078319,0.950306,-0.289847,-0.09018,-0.095259,0.974666,-0.181156,-0.09534,-0.116322,0.982929,-0.10597,-0.096879,-0.138949,0.98367,-0.060826,-0.092986,-0.160344,0.981699,-0.043685,-0.081587,-0.177308,0.979266,-0.054235,-0.061009,-0.185852,0.976126,-0.094413,-0.027996,-0.153597,0.967383,-0.19948,-0.004411,-0.08025,0.918548,-0.38705,0.002647,0.018655,-0.749203,0.662071,0.004734,0.005802,-0.668154,0.743984,0.004801,0.005746,-0.676737,0.736186,0.004863,0.005694,-0.684699,0.728787,0.004917,0.005647,-0.691593,0.722248,0.004959,0.005611,-0.696937,0.717092,0.004985,0.005587,-0.70032,0.713789,8.0430476e-07,-8.7171856e-07,0.001863,0.999998,8.0821133e-07,-8.7454328e-07,0.006308,0.99998,8.1276255e-07,-8.6363809e-07,0.011612,0.999932,8.1677962e-07,-8.7165995e-07,0.016056,0.999871,8.183182e-07,-8.6542155e-07,0.01792,0.999839,7.8864196e-07,-7.8905441e-07,-0.01795,0.999838,7.2781125e-07,-9.1711024e-07,-0.08447,0.996425,6.933297e-07,-9.5188619e-07,-0.120152,0.992755,7.1773161e-07,-7.7889416e-07,-0.115195,0.993342,7.162663e-07,-8.806519e-07,-0.102398,0.994743,7.1808392e-07,-1e-06,-0.084873,0.996391,7.2799202e-07,-1e-06,-0.065749,0.997836,7.531076e-07,-1e-06,-0.048175,0.998838,1e-06,-5.7555314e-07,-0.035313,0.999376,7.8432026e-07,-6.1728463e-07,-0.030324,0.99954,7.7535049e-07,-8.1013638e-07,-0.034295,0.999411,7.6850404e-07,-8.3617022e-07,-0.041668,0.999131,7.6465915e-07,-8.5052864e-07,-0.045637,0.998958,8.026783e-07,-8.8661955e-07,-2.384179e-07,1.0,8.0267853e-07,-8.8731753e-07,0.0,1.0,-0.003469,0.003533,-0.712943,0.701203,-0.003474,0.003528,-0.711939,0.702223,-0.003487,0.003514,-0.709206,0.704983,-0.003514,0.003488,-0.703853,0.710327,-0.003557,0.003444,-0.69494,0.719049,0.010411,0.016963,-0.641143,0.767162,0.031675,0.046489,-0.537854,0.841158,0.040123,0.064695,-0.455257,0.887099,0.040981,0.064675,-0.41428,0.906923,0.042953,0.064164,-0.379709,0.921877,0.045431,0.063253,-0.352128,0.932705,0.04778,0.061935,-0.332005,0.940028,0.049349,0.060156,-0.319712,0.944314,0.049465,0.057867,-0.31555,0.94585,0.041748,0.044974,-0.352768,0.933696,0.02317,0.022177,-0.440219,0.897317,0.001447,0.003729,-0.547908,0.836528,-0.009858,-0.001854,-0.638436,0.769609,-0.003626,0.003371,-0.680284,0.732931,-0.003587,0.003413,-0.688737,0.724993,-0.003549,0.003452,-0.696576,0.717465,-0.003516,0.003485,-0.703363,0.710812,-0.00349,0.003511,-0.708622,0.70557,-0.003474,0.003528,-0.711949,0.702212,-0.000382,1.1e-05,-0.042688,0.999088,-0.00038,4.2e-05,-0.121697,0.992567,-0.000378,5.8e-05,-0.163955,0.986467,-0.000378,5.3e-05,-0.15354,0.988142,-0.000379,4.4e-05,-0.12743,0.991847,-0.000381,3.1e-05,-0.093358,0.995632,-0.000381,1.7e-05,-0.059176,0.998247,-0.000382,7e-06,-0.032833,0.99946,-0.000382,3e-06,-0.022288,0.999751,-0.000382,6e-06,-0.028024,0.999607,-0.000382,1.1e-05,-0.040639,0.999173,-0.000382,1.5e-05,-0.053248,0.998581,-0.000382,1.7e-05,-0.058976,0.998259,0.698597,-0.715515,-0.0,-0.0,0.703951,-0.710248,-0.0,-0.0,-0.710289,0.703909,0.0,0.0,-0.715555,0.698555,0.0,0.0,-0.717752,0.696298,0.0,0.0,0.615234,-0.787705,0.031622,0.002601,0.397348,-0.9132,0.085312,0.030012,0.270299,-0.955038,0.108265,0.055838,0.27405,-0.954283,0.10521,0.056304,0.285225,-0.95179,0.097178,0.057416,0.303676,-0.947068,0.085887,0.058865,0.329208,-0.939487,0.073053,0.060393,0.361567,-0.928344,0.060353,0.061665,0.400418,-0.912888,0.04938,0.062142,0.445317,-0.892326,0.04156,0.060972,0.525724,-0.848574,0.035337,0.047818,0.627757,-0.777642,0.024447,0.024401,-0.707776,0.706344,-0.009485,-0.006286,-0.72843,0.685119,0.0,0.0,-0.720436,0.693521,0.0,0.0,-0.712855,0.70131,0.0,0.0,0.706159,-0.708052,-0.0,-0.0,0.700882,-0.713277,-0.0,-0.0,0.697502,-0.716582,-0.0,-0.0,-4.9919248e-07,4.7747471e-07,-0.001276,0.999999,-4.9881504e-07,4.789967e-07,-0.00432,0.99999,-4.9616733e-07,4.8079852e-07,-0.007953,0.999968,-4.9393611e-07,4.8229822e-07,-0.010997,0.999939,