{"frameeffect": {"blend_mode": 1, "cylinder_enable": false, "delay": 1.6, "delay_in_loop": false, "depth_test": true, "face_camera": true, "fade_distance": 0.0, "first_person_enable": false, "fps": 18, "frame_color": [[1.0, 0.5607843137254902, 0.38823529411764707, 1], [1.0, 0.5607843137254902, 0.38823529411764707, 1], [1.0, 0.5607843137254902, 0.38823529411764707, 1], [1.0, 0.5607843137254902, 0.38823529411764707, 1], [1.0, 0.5607843137254902, 0.38823529411764707, 1.0], [1.0, 0.5607843137254902, 0.38823529411764707, 1], [1.0, 0.5607843137254902, 0.38823529411764707, 1], [1.0, 0.5607843137254902, 0.38823529411764707, 1], [1.0, 0.5607843137254902, 0.38823529411764707, 1]], "layer": 1, "lerp_scale": true, "loop": false, "rot_speed": [0, 0, 0], "scale": [0.2, 0.2, 0.2], "shuffle": false, "tex_repeat_num": [1, 1], "texture": "textures/sfxs/2023s1/cs_567_skinA_dianchuo_xx"}}