{
  "frameeffect": {
    "blend_mode": 2,
    "cylinder_enable": true,
    "cylinder_frac_num": 20,
    "cylinder_height": 2,
    "cylinder_radius_down": 0.8,
    "cylinder_radius_up": 0.8,
    "delay": 0.4,
    "delay_in_loop": false,
    "depth_test": true,
    "face_camera": false,
    "fade_distance": 0,
    "first_person_enable": false,
    "fps": 20,
    "frame_color": [
      [
        0,
        1,
        0.9686274509803922,
        1
      ],
      [
        0,
        0.9529411764705882,
        1,
        1
      ],
      [
        0,
        1,
        1,
        1
      ],
      [
        0,
        0.8666666666666667,
        1,
        1
      ],
      [
        0,
        0.45098039215686275,
        1,
        1
      ],
      [
        0.9607843137254902,
        0.3843137254901961,
        1,
        1
      ],
      [
        0.7019607843137254,
        0,
        1,
        0.7933333333333333
      ],
      [
        0.6627450980392157,
        0,
        0.7215686274509804,
        0.4866666666666667
      ],
      [
        1,
        1,
        1,
        0.033333333333333326
      ]
    ],
    "layer": 15,
    "lerp_scale": true,
    "loop": false,
    "rot_speed": [
      0,
      0,
      0
    ],
    "scale": [
      1.2,
      -1,
      1.2
    ],
    "shuffle": false,
    "tex_repeat_num": [
      1,
      1
    ],
    "texture": "textures/sfxs/2023s1/cs_567_skinb_bs_kq2"
  }
}
