{
  "frameeffect": {
    "blend_mode": 2,
    "cylinder_enable": false,
    "delay": 0,
    "delay_in_loop": false,
    "depth_test": true,
    "face_camera": false,
    "fade_distance": 0,
    "first_person_enable": false,
    "fps": 16,
    "frame_color": [
      [
        1,
        1,
        1,
        0.29333333333333333
      ],
      [
        1,
        1,
        1,
        0.2866666666666666
      ],
      [
        1,
        1,
        1,
        0.2866666666666666
      ],
      [
        1,
        1,
        1,
        0.29333333333333333
      ],
      [
        1,
        1,
        1,
        0.2866666666666666
      ],
      [
        1,
        1,
        1,
        0.2866666666666666
      ],
      [
        1,
        1,
        1,
        0.28
      ],
      [
        1,
        1,
        1,
        0.28
      ],
      [
        1,
        1,
        1,
        0.2666666666666667
      ],
      [
        1,
        1,
        1,
        0.2733333333333333
      ],
      [
        1,
        1,
        1,
        0.2666666666666667
      ],
      [
        1,
        1,
        1,
        0.2733333333333333
      ],
      [
        1,
        1,
        1,
        0.28
      ],
      [
        1,
        1,
        1,
        0.2866666666666666
      ],
      [
        1,
        1,
        1,
        0.29333333333333333
      ],
      [
        1,
        1,
        1,
        0.29333333333333333
      ],
      [
        1,
        1,
        1,
        0.29333333333333333
      ]
    ],
    "layer": 1,
    "lerp_scale": true,
    "loop": true,
    "rot_speed": [
      0,
      0,
      0
    ],
    "scale": [
      0.5,
      0.5,
      0.5
    ],
    "shuffle": false,
    "tex_repeat_num": [
      1,
      1
    ],
    "texture": "textures/sfxs/2023s1/ss_myth_horse_cefubu"
  }
}
