{
  "skeleton": [
    {
      "name": "root",
      "parent": "root",
      "initpos": [
        0,
        0,
        0
      ],
      "initquaternion": [
        0.707106,
        0,
        0,
        0.707106
      ],
      "initscale": [
        1,
        1,
        0.999999
      ],
      "offmtx": [
        [
          1,
          0,
          0,
          0
        ],
        [
          0,
          1,
          0,
          0
        ],
        [
          0,
          0,
          1,
          0
        ]
      ],
      "boundingbox": [
        [
          0,
          0,
          0
        ],
        [
          0,
          0,
          0
        ]
      ]
    },
    {
      "name": "Bone001",
      "parent": "root",
      "initpos": [
        -0.070846,
        -5.522377364286513e-7,
        -12.197314
      ],
      "initquaternion": [
        -0.502831,
        0.497152,
        0.497153,
        0.50283
      ],
      "initscale": [
        0.999999,
        0.999999,
        0.999999
      ],
      "offmtx": [
        [
          1,
          0,
          0,
          0
        ],
        [
          0,
          1,
          0,
          0
        ],
        [
          0,
          0,
          1,
          0
        ]
      ],
      "boundingbox": [
        [
          0,
          0,
          0
        ],
        [
          0,
          0,
          0
        ]
      ]
    },
    {
      "name": "Bone019",
      "parent": "Bone001",
      "initpos": [
        11.304059,
        -4.486818,
        2.090793
      ],
      "initquaternion": [
        0.113827,
        -0.018931,
        0.977944,
        -0.174094
      ],
      "initscale": [
        1,
        0.999999,
        1
      ],
      "offmtx": [
        [
          0.334422,
          -0.917325,
          0.216042,
          19.539672
        ],
        [
          0.942423,
          0.325517,
          -0.07666,
          -11.755433
        ],
        [
          -0.000002,
          0.22924,
          0.973369,
          -7.410727
        ]
      ],
      "boundingbox": [
        [
          -0.228091,
          -3.22804,
          -0.508244
        ],
        [
          8.424912,
          3.437488,
          0.212271
        ]
      ]
    },
    {
      "name": "Bone020",
      "parent": "Bone019",
      "initpos": [
        8.478716,
        0,
        9.5367431640625e-7
      ],
      "initquaternion": [
        0.007909,
        -0.104856,
        0.001847,
        0.994454
      ],
      "initscale": [
        0.999999,
        0.999999,
        0.999999
      ],
      "offmtx": [
        [
          0.328966,
          -0.848676,
          0.41416,
          9.248226
        ],
        [
          0.940514,
          0.333885,
          -0.062867,
          -11.926595
        ],
        [
          -0.084928,
          0.410205,
          0.908029,
          -9.363788
        ]
      ],
      "boundingbox": [
        [
          -0.255533,
          -3.406443,
          -0.314889
        ],
        [
          5.768617,
          3.534552,
          0.400954
        ]
      ]
    },
    {
      "name": "Bone021",
      "parent": "Bone020",
      "initpos": [
        5.20056,
        0,
        0
      ],
      "initquaternion": [
        -0.000031,
        -0.026678,
        -0.001196,
        0.999643
      ],
      "initscale": [
        0.999999,
        0.999999,
        0.999999
      ],
      "offmtx": [
        [
          0.321718,
          -0.826384,
          0.462152,
          3.570964
        ],
        [
          0.9413,
          0.331852,
          -0.061875,
          -11.916869
        ],
        [
          -0.102233,
          0.45493,
          0.884638,
          -9.567877
        ]
      ],
      "boundingbox": [
        [
          0.217549,
          -3.472922,
          -0.197394
        ],
        [
          8.370092,
          4.399056,
          0.35079
        ]
      ]
    },
    {
      "name": "Bone022",
      "parent": "Bone001",
      "initpos": [
        11.287792,
        4.649888,
        1.904529
      ],
      "initquaternion": [
        0.166025,
        0.981891,
        0.0133,
        -0.090258
      ],
      "initscale": [
        0.999999,
        1,
        1
      ],
      "offmtx": [
        [
          -0.334162,
          -0.924841,
          0.181665,
          19.887632
        ],
        [
          -0.940725,
          0.339145,
          -0.003851,
          -12.295238
        ],
        [
          -0.058048,
          -0.172184,
          -0.983352,
          5.658987
        ]
      ],
      "boundingbox": [
        [
          -0.132701,
          -3.318526,
          -0.276963
        ],
        [
          8.532149,
          3.37586,
          -0.041925
        ]
      ]
    },
    {
      "name": "Bone023",
      "parent": "Bone022",
      "initpos": [
        8.381432,
        0.000001,
        9.5367431640625e-7
      ],
      "initquaternion": [
        -0.015578,
        0.158589,
        0.006096,
        0.987202
      ],
      "initscale": [
        0.999999,
        0.999999,
        0.999999
      ],
      "offmtx": [
        [
          -0.305816,
          -0.821899,
          0.48058,
          9.066321
        ],
        [
          -0.932852,
          0.35962,
          0.021411,
          -12.646828
        ],
        [
          -0.190424,
          -0.441762,
          -0.876689,
          8.57025
        ]
      ],
      "boundingbox": [
        [
          0.107494,
          -3.378971,
          -0.426785
        ],
        [
          6.048988,
          3.486518,
          -0.010365
        ]
      ]
    },
    {
      "name": "Bone024",
      "parent": "Bone023",
      "initpos": [
        6.178221,
        -0.028926,
        -0.006692
      ],
      "initquaternion": [
        0.01368,
        -0.026772,
        -0.003197,
        0.999542
      ],
      "initscale": [
        1,
        0.999999,
        0.999999
      ],
      "offmtx": [
        [
          -0.3089,
          -0.846871,
          0.432884,
          3.432091
        ],
        [
          -0.939455,
          0.34267,
          -0.000002,
          -12.360548
        ],
        [
          -0.148334,
          -0.406676,
          -0.901449,
          8.749522
        ]
      ],
      "boundingbox": [
        [
          -0.385274,
          -3.336035,
          -0.261857
        ],
        [
          7.61857,
          4.4909,
          -0.023423
        ]
      ]
    }
  ],
  "boundingbox": [
    [
      -15.79167,
      5.1625,
      1.937383
    ],
    [
      15.791674,
      24.819034,
      9.934682
    ]
  ]
}
