{
  "skeleton": [
    {
      "name": "root",
      "parent": "root",
      "initpos": [
        0,
        0,
        0
      ],
      "initquaternion": [
        0.707106,
        0,
        0,
        0.707106
      ],
      "initscale": [
        1,
        0.999999,
        0.999999
      ],
      "offmtx": [
        [
          1,
          0,
          0,
          0
        ],
        [
          0,
          1,
          0,
          0
        ],
        [
          0,
          0,
          1,
          0
        ]
      ],
      "boundingbox": [
        [
          0,
          0,
          0
        ],
        [
          0,
          0,
          0
        ]
      ]
    },
    {
      "name": "Bone067",
      "parent": "root",
      "initpos": [
        9.99611,
        13.904982,
        -25.519809
      ],
      "initquaternion": [
        0.563238,
        -0.42907,
        -0.557372,
        -0.433586
      ],
      "initscale": [
        0.999999,
        0.999999,
        1
      ],
      "offmtx": [
        [
          0.01047,
          0.999945,
          0,
          -25.623075
        ],
        [
          -0.966676,
          0.010122,
          -0.255799,
          12.961584
        ],
        [
          -0.255785,
          0.002678,
          0.966729,
          -10.953841
        ]
      ],
      "boundingbox": [
        [
          -0.196895,
          -2.354804,
          -0.523954
        ],
        [
          5.737631,
          2.410932,
          0.493893
        ]
      ]
    },
    {
      "name": "Bone068",
      "parent": "Bone067",
      "initpos": [
        5.688449,
        -0.000111,
        -0.000001
      ],
      "initquaternion": [
        0,
        0,
        0.006823,
        0.999976
      ],
      "initscale": [
        0.999999,
        0.999999,
        0.999999
      ],
      "offmtx": [
        [
          -0.002722,
          0.99999,
          -0.00349,
          -31.131736
        ],
        [
          -0.966728,
          -0.003524,
          -0.25578,
          13.387829
        ],
        [
          -0.25579,
          0.002678,
          0.966728,
          -10.953777
        ]
      ],
      "boundingbox": [
        [
          0.015017,
          -2.332809,
          -0.512259
        ],
        [
          5.96796,
          2.901663,
          0.504423
        ]
      ]
    },
    {
      "name": "Bone065",
      "parent": "Bone068",
      "initpos": [
        5.369136,
        -0.000001,
        0.000006
      ],
      "initquaternion": [
        0,
        -1.1267221111666004e-7,
        0.708506,
        0.705704
      ],
      "initscale": [
        1,
        1,
        1
      ],
      "offmtx": [
        [
          -0.96671,
          -0.007487,
          -0.25576,
          13.532316
        ],
        [
          0.006553,
          -0.999968,
          0.004504,
          36.447521
        ],
        [
          -0.255785,
          0.002678,
          0.966729,
          -10.953834
        ]
      ],
      "boundingbox": [
        [
          -1.275396,
          -2.339564,
          -0.576746
        ],
        [
          18.418401,
          2.996605,
          0.606715
        ]
      ]
    },
    {
      "name": "Bone005",
      "parent": "Bone065",
      "initpos": [
        17.761348,
        -0.024902,
        0.000012
      ],
      "initquaternion": [
        0.000001,
        0,
        0.329402,
        0.944189
      ],
      "initscale": [
        1,
        1,
        1
      ],
      "offmtx": [
        [
          -0.752846,
          -0.627879,
          -0.197454,
          19.375926
        ],
        [
          0.60646,
          -0.778305,
          0.162621,
          31.18803
        ],
        [
          -0.255786,
          0.00268,
          0.966728,
          -10.953935
        ]
      ],
      "boundingbox": [
        [
          -0.937357,
          -2.58842,
          -0.40401
        ],
        [
          3.13353,
          3.792022,
          0.617609
        ]
      ]
    },
    {
      "name": "Bone009",
      "parent": "Bone005",
      "initpos": [
        2.178932,
        -0.000011,
        0
      ],
      "initquaternion": [
        0.000001,
        -0.000001,
        0.431414,
        0.902153
      ],
      "initscale": [
        0.999999,
        0.999998,
        0.999999
      ],
      "offmtx": [
        [
          -0.000537,
          -0.999995,
          0.002633,
          35.072505
        ],
        [
          0.966744,
          0.000153,
          0.255739,
          6.192996
        ],
        [
          -0.255739,
          0.002683,
          0.96674,
          -10.95373
        ]
      ],
      "boundingbox": [
        [
          -2.075639,
          -2.073339,
          -0.398718
        ],
        [
          5.120666,
          1.564504,
          0.61751
        ]
      ]
    },
    {
      "name": "Bone061",
      "parent": "root",
      "initpos": [
        10.246296,
        14.131403,
        -25.267427
      ],
      "initquaternion": [
        -0.502238,
        0.497751,
        0.497754,
        0.502235
      ],
      "initscale": [
        0.999999,
        0.999999,
        0.999999
      ],
      "offmtx": [
        [
          0.008968,
          0.999959,
          -1.1497018448380913e-7,
          -25.358304
        ],
        [
          -0.999959,
          0.008968,
          -0.000006,
          10.01938
        ],
        [
          -0.000006,
          1.7523755957427056e-7,
          0.999999,
          -14.131336
        ]
      ],
      "boundingbox": [
        [
          -0.04949,
          -5.402755,
          -2.306423
        ],
        [
          6.706545,
          5.329569,
          2.318629
        ]
      ]
    },
    {
      "name": "Bone057",
      "parent": "Bone061",
      "initpos": [
        1.710063,
        2.567302,
        -2.352832
      ],
      "initquaternion": [
        0,
        0,
        0.003095,
        0.999995
      ],
      "initscale": [
        0.999999,
        0.999999,
        1
      ],
      "offmtx": [
        [
          0.002778,
          0.999996,
          -1.5656945606679074e-7,
          -27.021724
        ],
        [
          -0.999996,
          0.002778,
          -0.000006,
          7.619491
        ],
        [
          -0.000006,
          1.7572328658843617e-7,
          0.999999,
          -11.7785
        ]
      ],
      "boundingbox": [
        [
          -0.018861,
          -0.528715,
          -0.008237
        ],
        [
          1.127894,
          0.517919,
          -0.008231
        ]
      ]
    },
    {
      "name": "Bone058",
      "parent": "Bone061",
      "initpos": [
        1.145717,
        3.073825,
        -2.352828
      ],
      "initquaternion": [
        0,
        0,
        0.003095,
        0.999995
      ],
      "initscale": [
        0.999999,
        0.999999,
        1
      ],
      "offmtx": [
        [
          0.002778,
          0.999996,
          -1.5656945606679074e-7,
          -26.460523
        ],
        [
          -0.999996,
          0.002778,
          -0.000006,
          7.109485
        ],
        [
          -0.000006,
          1.7572328658843617e-7,
          0.999999,
          -11.778504
        ]
      ],
      "boundingbox": [
        [
          -0.027123,
          -0.510553,
          0.02887
        ],
        [
          1.119633,
          0.536079,
          0.028878
        ]
      ]
    },
    {
      "name": "Bone064",
      "parent": "Bone061",
      "initpos": [
        1.184984,
        -2.144672,
        -2.352865
      ],
      "initquaternion": [
        0,
        0,
        0.003095,
        0.999995
      ],
      "initscale": [
        0.999999,
        0.999999,
        1
      ],