{
  "skeleton": [
    {
      "name": "root",
      "parent": "root",
      "initpos": [
        0,
        0,
        0
      ],
      "initquaternion": [
        0.707106,
        0,
        0,
        0.707106
      ],
      "initscale": [
        1,
        0.999999,
        0.999999
      ],
      "offmtx": [
        [
          1,
          0,
          0,
          0
        ],
        [
          0,
          1,
          0,
          0
        ],
        [
          0,
          0,
          1,
          0
        ]
      ],
      "boundingbox": [
        [
          0,
          0,
          0
        ],
        [
          0,
          0,
          0
        ]
      ]
    },
    {
      "name": "Bone001",
      "parent": "root",
      "initpos": [
        -1.517729,
        0,
        0.064136
      ],
      "initquaternion": [
        0.001838,
        0.999998,
        3.139159616694087e-7,
        0
      ],
      "initscale": [
        0.999999,
        0.999999,
        0.999999
      ],
      "offmtx": [
        [
          0,
          0.003676,
          0.999993,
          0
        ],
        [
          2.81969590787412e-7,
          0.999993,
          -0.003676,
          -6.187269718793686e-7
        ],
        [
          -1,
          2.821277576003922e-7,
          0,
          6.183980190144212e-7
        ]
      ],
      "boundingbox": [
        [
          -6.724215,
          -2.006713,
          -0.381607
        ],
        [
          9.28831,
          1.939876,
          0.381611
        ]
      ]
    },
    {
      "name": "Bone002",
      "parent": "Bone001",
      "initpos": [
        -7.829546,
        0.059537,
        2.905726432800293e-7
      ],
      "initquaternion": [
        0.999948,
        -0.01017,
        0,
        -1.9456550148788665e-7
      ],
      "initscale": [
        0.999999,
        0.999999,
        0.999999
      ],
      "offmtx": [
        [
          0,
          -0.016664,
          0.999861,
          7.829137
        ],
        [
          1.0661729987759827e-7,
          -0.999861,
          -0.016664,
          -0.099728
        ],
        [
          1,
          1.0680118123218563e-7,
          0,
          0
        ]
      ],
      "boundingbox": [
        [
          -0.011234,
          -0.8643,
          -0.282306
        ],
        [
          1.956776,
          0.870968,
          0.2823
        ]
      ]
    }
  ],
  "boundingbox": [
    [
      -0.38161,
      -1.973307,
      -7.841461
    ],
    [
      0.381608,
      1.973308,
      9.2818
    ]
  ]
}
