{
  "skeleton": [
    {
      "name": "root",
      "parent": "root",
      "initpos": [
        0,
        0,
        0
      ],
      "initquaternion": [
        0.707106,
        0,
        0,
        0.707106
      ],
      "initscale": [
        1,
        0.999999,
        0.999999
      ],
      "offmtx": [
        [
          1,
          0,
          0,
          0
        ],
        [
          0,
          0,
          0.999999,
          0
        ],
        [
          0,
          -0.999999,
          0,
          0
        ]
      ],
      "boundingbox": [
        [
          3.276894,
          -2.689555,
          -22.119573
        ],
        [
          8.674779,
          2.726096,
          -12.760503
        ]
      ]
    }
  ],
  "boundingbox": [
    [
      3.276894,
      12.760502,
      -2.689557
    ],
    [
      8.674779,
      22.119573,
      2.726094
    ]
  ]
}
