{"skeleton":[{"name":"root","parent":"root","initpos":[0.0,0.0,-0.0],"initquaternion":[0.707106,0.0,0.0,0.707106],"initscale":[1.0,0.999999,0.999999],"offmtx":[[1.0,0.0,0.0,0.0],[0.0,1.0,0.0,0.0],[0.0,0.0,1.0,0.0]],"boundingbox":[[0.0,0.0,0.0],[0.0,0.0,0.0]]},{"name":"Bone001","parent":"root","initpos":[-2.796827,-2.059204,-19.027114],"initquaternion":[-0.506709,0.493199,0.493199,0.506708],"initscale":[0.999999,0.999999,0.999999],"offmtx":[[1.0,0.0,0.0,0.0],[0.0,1.0,0.0,0.0],[0.0,0.0,1.0,0.0]],"boundingbox":[[0.0,0.0,0.0],[0.0,0.0,0.0]]},{"name":"Bone004","parent":"Bone001","initpos":[11.740962,-2.485175,2.0592],"initquaternion":[4.767936729876965e-07,0.0,0.013509,0.999908],"initscale":[0.999999,0.999999,1.0],"offmtx":[[1.6019184556625987e-07,0.999999,0.0,-30.696651],[-1.0,1.6019183135540516e-07,-1.9451350397048373e-07,0.004639],[-1.9451351818133844e-07,0.0,0.999999,7.161582402659405e-07]],"boundingbox":[[0.283698,-3.495355,-4.979594],[6.294292,3.504646,7.929847]]}],"boundingbox":[[-3.5,30.980348,-4.979599],[3.5,36.990943,7.929841]]}