{
  "skeleton": [
    {
      "name": "root",
      "parent": "root",
      "initpos": [
        0,
        0,
        0
      ],
      "initquaternion": [
        0.707106,
        0,
        0,
        0.707106
      ],
      "initscale": [
        1,
        0.999999,
        0.999999
      ],
      "offmtx": [
        [
          1,
          0,
          0,
          0
        ],
        [
          0,
          1,
          0,
          0
        ],
        [
          0,
          0,
          1,
          0
        ]
      ],
      "boundingbox": [
        [
          0,
          0,
          0
        ],
        [
          0,
          0,
          0
        ]
      ]
    },
    {
      "name": "bone03",
      "parent": "root",
      "initpos": [
        2.14329,
        0,
        0
      ],
      "initquaternion": [
        0.500001,
        -0.499998,
        -0.500001,
        -0.499998
      ],
      "initscale": [
        1,
        0.999999,
        0.999999
      ],
      "offmtx": [
        [
          3.1391647326017846e-7,
          0.999999,
          0,
          -6.728142807332915e-7
        ],
        [
          -1,
          3.139165016818879e-7,
          -0.000005,
          2.14329
        ],
        [
          -0.000005,
          0,
          1,
          0.000012
        ]
      ],
      "boundingbox": [
        [
          -0.031403,
          -2.218878,
          -2.619205
        ],
        [
          7.218597,
          2.638094,
          2.589925
        ]
      ]
    }
  ],
  "boundingbox": [
    [
      -0.494787,
      -0.031402,
      -2.619192
    ],
    [
      4.362154,
      7.218596,
      2.589909
    ]
  ]
}
