{"skeleton":[{"name":"root","parent":"root","initpos":[0.0,0.0,-0.0],"initquaternion":[0.707106,0.0,0.0,0.707106],"initscale":[1.0,0.999999,0.999999],"offmtx":[[1.0,0.0,0.0,0.0],[0.0,1.0,0.0,0.0],[0.0,0.0,1.0,0.0]],"boundingbox":[[0.0,0.0,0.0],[0.0,0.0,0.0]]},{"name":"Bone002","parent":"root","initpos":[-6.339615,-0.0,-19.440214],"initquaternion":[0.5,-0.499999,-0.5,-0.499999],"initscale":[1.0,1.0,1.0],"offmtx":[[1.6292068494294654e-07,0.999999,0.0,-19.440212],[-1.0,1.6292067073209182e-07,-2.383617356827017e-07,-6.339619],[-2.383617498935564e-07,0.0,0.999999,-1e-06]],"boundingbox":[[0.40551,-1.156448,-2.350893],[5.590544,1.973717,2.323]]}],"boundingbox":[[-8.313331,19.845724,-2.350897],[-5.183166,25.030755,2.322997]]}