{"skeleton":[{"name":"root","parent":"root","initpos":[0.0,0.0,-0.0],"initquaternion":[0.707106,0.0,0.0,0.707106],"initscale":[1.0,0.999999,0.999999],"offmtx":[[1.0,0.0,0.0,0.0],[0.0,1.0,0.0,0.0],[0.0,0.0,1.0,0.0]],"boundingbox":[[0.0,0.0,0.0],[0.0,0.0,0.0]]},{"name":"bone001","parent":"root","initpos":[-2.149212,-1.1400723565202497e-07,-0.0],"initquaternion":[0.5,-0.499999,-0.5,-0.499999],"initscale":[1.0,1.0,1.0],"offmtx":[[3.941918294003699e-07,0.999999,0.0,8.472020454064477e-07],[-1.0,3.9419180097866047e-07,-6.339269020827487e-07,-2.149212],[-6.339269589261676e-07,0.0,0.999999,-1e-06]],"boundingbox":[[-0.250001,-2.186649,-2.472859],[6.674625,1.949994,2.172052]]},{"name":"bone002","parent":"bone001","initpos":[1.808063,2.142184,-1.356363],"initquaternion":[0.605505,-0.365189,0.365189,0.605505],"initscale":[0.999999,0.999999,0.999999],"offmtx":[[2.939391663403512e-07,0.466547,0.884496,0.356153],[0.0,-0.884496,0.466547,2.232034],[1.0,-0.0,-2.911648380177212e-07,4.291394]],"boundingbox":[[-0.040915,-1.046096,-0.126225],[4.361555,1.171945,0.2346]]},{"name":"bone003","parent":"bone001","initpos":[1.615627,2.095075,-1.16031],"initquaternion":[0.502177,-0.497813,0.49781,0.502179],"initscale":[0.999999,0.999999,0.999999],"offmtx":[[1.4413330973184202e-07,0.008733,0.999961,1.146159],[-7e-06,-0.999961,0.008733,1.625669],[1.0,-7e-06,-0.0,4.244297]],"boundingbox":[[0.042514,-0.62504,-0.151311],[2.287259,0.523463,0.206077]]}],"boundingbox":[[-4.417619,-0.25,-2.472859],[0.037435,6.674624,2.578796]]}