{
  "skeleton": [
    {
      "name": "root",
      "parent": "root",
      "initpos": [
        0,
        0,
        0
      ],
      "initquaternion": [
        0.707106,
        0,
        0,
        0.707106
      ],
      "initscale": [
        1,
        0.999999,
        0.999999
      ],
      "offmtx": [
        [
          1,
          0,
          0,
          0
        ],
        [
          0,
          0,
          0.999999,
          0
        ],
        [
          0,
          -0.999999,
          0,
          -0.000001
        ]
      ],
      "boundingbox": [
        [
          -8.512622,
          -2.326818,
          -22.685159
        ],
        [
          -3.839923,
          2.285282,
          -19.365669
        ]
      ]
    }
  ],
  "boundingbox": [
    [
      -8.512622,
      19.365669,
      -2.326818
    ],
    [
      -3.839923,
      22.685159,
      2.285282
    ]
  ]
}
