{
  "skeleton": [
    {
      "name": "root",
      "parent": "root",
      "initpos": [
        0,
        0,
        0
      ],
      "initquaternion": [
        0.707106,
        0,
        0,
        0.707106
      ],
      "initscale": [
        1,
        0.999999,
        0.999999
      ],
      "offmtx": [
        [
          1,
          0,
          0,
          0
        ],
        [
          0,
          1,
          0,
          0
        ],
        [
          0,
          0,
          1,
          0
        ]
      ],
      "boundingbox": [
        [
          0,
          0,
          0
        ],
        [
          0,
          0,
          0
        ]
      ]
    },
    {
      "name": "Bone003",
      "parent": "root",
      "initpos": [
        -6.182646,
        -0.000001,
        -24.434545
      ],
      "initquaternion": [
        0.5,
        0.499999,
        0.5,
        -0.499999
      ],
      "initscale": [
        1,
        0.999999,
        0.999999
      ],
      "offmtx": [
        [
          0,
          -0.999999,
          0,
          24.434545
        ],
        [
          0.999999,
          0,
          -0.000001,
          6.182646
        ],
        [
          0.000001,
          0,
          0.999999,
          0.000009
        ]
      ],
      "boundingbox": [
        [
          -2.273016,
          -3.244626,
          -2.350002
        ],
        [
          14.355662,
          2.428982,
          2.624794
        ]
      ]
    },
    {
      "name": "Bone011",
      "parent": "Bone003",
      "initpos": [
        12.214376,
        -1.704205,
        1.374941
      ],
      "initquaternion": [
        4.9839684379549e-7,
        -1.0456693644300685e-7,
        0.151306,
        0.988486
      ],
      "initscale": [
        1,
        1,
        1
      ],
      "offmtx": [
        [
          0.299128,
          -0.954212,
          0,
          14.01982
        ],
        [
          0.954212,
          0.299128,
          -2.7888367526429647e-7,
          3.870339
        ],
        [
          2.748413407971384e-7,
          0,
          0.999999,
          -1.374941
        ]
      ],
      "boundingbox": [
        [
          0.000088,
          -0.544404,
          -0.524945
        ],
        [
          2.995467,
          0.558405,
          0.500054
        ]
      ]
    }
  ],
  "boundingbox": [
    [
      -9.427275,
      9.21957,
      -2.350004
    ],
    [
      -3.753661,
      26.707559,
      2.624794
    ]
  ]
}
