{"skeleton":[{"name":"root","parent":"root","initpos":[0.0,0.0,-0.0],"initquaternion":[-1.1920928955078125e-07,0.0,0.0,1.0],"initscale":[1.0,0.999999,0.999999],"offmtx":[[1.0,0.0,0.0,0.0],[0.0,1.0,0.0,0.0],[0.0,0.0,1.0,0.0]],"boundingbox":[[0.0,0.0,0.0],[0.0,0.0,0.0]]},{"name":"bone_01","parent":"root","initpos":[0.0,0.0,2.630712],"initquaternion":[0.5,0.499999,-0.5,0.5],"initscale":[1.0,0.999999,0.999999],"offmtx":[[1.1920928955078125e-07,0.0,-0.999999,2.630712],[1.0,-0.0,1.1920928244535389e-07,-3.1360534080704383e-07],[-0.0,-0.999999,-0.0,1.1499209762177998e-07]],"boundingbox":[[-0.020903,-1.257812,-1.029919],[5.282328,1.257811,1.02992]]}],"boundingbox":[[-1.257811,-1.02992,-2.651615],[1.257811,1.029919,2.651616]]}