{
  "skeleton": [
    {
      "name": "root",
      "parent": "root",
      "initpos": [
        0,
        0,
        0
      ],
      "initquaternion": [
        0.707106,
        0,
        0,
        0.707106
      ],
      "initscale": [
        1,
        0.999999,
        0.999999
      ],
      "offmtx": [
        [
          1,
          0,
          0,
          0
        ],
        [
          0,
          1,
          0,
          0
        ],
        [
          0,
          0,
          1,
          0
        ]
      ],
      "boundingbox": [
        [
          0,
          0,
          0
        ],
        [
          0,
          0,
          0
        ]
      ]
    },
    {
      "name": "Bone001",
      "parent": "root",
      "initpos": [
        0,
        -0.18185,
        -0.019262
      ],
      "initquaternion": [
        0.5,
        0.5,
        0.5,
        0.499999
      ],
      "initscale": [
        0.999999,
        1,
        0.999999
      ],
      "offmtx": [
        [
          3.938886834475852e-7,
          0,
          0.999999,
          2.445053
        ],
        [
          1.6292068494294654e-7,
          -0.999999,
          0,
          0
        ],
        [
          1,
          1.6292067073209182e-7,
          -3.938886550258758e-7,
          -9.63078946369933e-7
        ]
      ],
      "boundingbox": [
        [
          2.800715,
          -9.979584,
          -0.428226
        ],
        [
          9.029954,
          13.035936,
          0.428225
        ]
      ]
    },
    {
      "name": "Bone002",
      "parent": "Bone001",
      "initpos": [
        5.701124,
        -0.721647,
        0.000001
      ],
      "initquaternion": [
        0,
        0,
        0,
        1
      ],
      "initscale": [
        1,
        1,
        1
      ],
      "offmtx": [
        [
          1.5840167577607644e-7,
          0,
          0.999999,
          -3.25607
        ],
        [
          -1.8677002344702487e-7,
          -0.999999,
          0,
          0.721647
        ],
        [
          1,
          -1.8677000923617015e-7,
          -1.5840166156522173e-7,
          0.000001
        ]
      ],
      "boundingbox": [
        [
          0.558332,
          -0.023999,
          -0.086205
        ],
        [
          0.758719,
          -0.006972,
          0.086237
        ]
      ]
    },
    {
      "name": "Bind",
      "parent": "Bone002",
      "initpos": [
        0.625289,
        0.006715,
        0
      ],
      "initquaternion": [
        0.707106,
        -2.2197247062649694e-7,
        0.707106,
        2.2197249904820637e-7
      ],
      "initscale": [
        1,
        0.999999,
        0.999999
      ],
      "offmtx": [
        [
          1,
          -5.006864398637845e-7,
          1.192093463942001e-7,
          6.494296371784003e-7
        ],
        [
          5.006865535506222e-7,
          0.999999,
          -5.235244771029102e-7,
          -0.714929
        ],
        [
          -1.192090977042426e-7,
          5.23524533946329e-7,
          0.999999,
          -3.881361
        ]
      ],
      "boundingbox": [
        [
          -0.086205,
          0.013688,
          0.133429
        ],
        [
          -0.086205,
          0.013688,
          0.133429
        ]
      ]
    },
    {
      "name": "Bone006",
      "parent": "Bone002",
      "initpos": [
        0.219397,
        -0.164005,
        0
      ],
      "initquaternion": [
        1.9661250405533792e-7,
        0,
        0.026116,
        0.999658
      ],
      "initscale": [
        0.999999,
        0.999999,
        1
      ],
      "offmtx": [
        [
          0,
          -0.052215,
          0.998635,
          -3.424481
        ],
        [
          2.0912369791403762e-7,
          -0.998635,
          -0.052215,
          1.065919
        ],
        [
          1,
          2.099974381053471e-7,
          0,
          5.58055660349055e-7
        ]
      ],
      "boundingbox": [
        [
          1.326503,
          0.096312,
          -0.086205
        ],
        [
          1.527506,
          0.102851,
          0.086237
        ]
      ]
    },
    {
      "name": "Bone007",
      "parent": "Bone002",
      "initpos": [
        -1.476269,
        -0.215781,
        0
      ],
      "initquaternion": [
        0,
        0,
        0.017597,
        0.999845
      ],
      "initscale": [
        0.999999,
        0.999999,
        1
      ],
      "offmtx": [
        [
          -1.0721790033585421e-7,
          -0.035188,
          0.99938,
          -1.745711
        ],
        [
          -3.573050548766332e-7,
          -0.99938,
          -0.035188,
          0.999478
        ],
        [
          1,
          -3.6085668853047537e-7,
          0,
          6.928923426130495e-7
        ]
      ],
      "boundingbox": [
        [
          1.124404,
          0.136988,
          -0.086204
        ],
        [
          1.325267,
          0.146952,
          0.086237
        ]
      ]
    },
    {
      "name": "Bone005",
      "parent": "Bone001",
      "initpos": [
        5.16925,
        0.494149,
        0.000001
      ],
      "initquaternion": [
        -1.747243771887952e-7,
        -1.3461885828291997e-7,
        0.007935,
        0.999968
      ],
      "initscale": [
        0.999999,
        0.999999,
        1
      ],
      "offmtx": [
        [
          -1.247972107876194e-7,
          -0.01587,
          0.999873,
          -2.731695
        ],
        [
          -1.8256066880439903e-7,
          -0.999874,
          -0.01587,
          -0.450851
        ],
        [
          1,
          -1.845182993065464e-7,
          1.21884085046986e-7,
          1.9300674125588557e-7
        ]
      ],
      "boundingbox": [
        [
          -1.33636,
          -1.377906,
          -0.841997
        ],
        [
          1.440322,
          1.398775,
          0.841996
        ]
      ]
    },
    {
      "name": "Bone009",
      "parent": "Bone001",
      "initpos": [
        6.795414,
        -6.376081,
        0.000002
      ],
      "initquaternion": [
        -3.526941441123199e-7,
        -1.8568340465208166e-7,
        0.902613,
        0.430452
      ],
      "initscale": [
        1,
        1,
        1
      ],
      "offmtx": [
        [
          -1.0231531177851139e-7,
          -0.777064,
          -0.629421,
          7.692835
        ],
        [
          -4.3530576476769056e-7,
          0.629421,
          -0.777064,
          -0.632733
        ],
        [
          1,
          1.9448522436960047e-7,
          -4.0265987877319276e-7,
          0.000001
        ]
      ],
      "boundingbox": [
        [
          -1.039668,
          -9.723757,
          -0.584291
        ],
        [
          15.167158,
          2.855392,
          0.584299
        ]
      ]
    },
    {
      "name": "Bone008",
      "parent": "Bone001",
      "initpos": [
        4.408742,
        -9.280513,
        0.000002
      ],
      "initquaternion": [
        0,
        -1.9554197194793232e-7,
        0.019987,
        0.9998
      ],
      "initscale": [
        0.999999,
        0.999999,
        1
      ],
      "offmtx": [
        [
          0,
          -0.039967,
          0.9992,
          -1.591198
        ],
        [
          0,
          -0.9992,
          -0.039967,
          9.351583
        ],
        [
          1,
          0,
          0,
          -4.607669836786954e-7
        ]
      ],
      "boundingbox": [
        [
          0.06892,
          -1.132556,
          -0.714102
        ],
        [
          2.288124,
          1.086646,
          0.714101
        ]
      ]
    },
    {
      "name": "Bone004",
      "parent": "Bone008",
      "initpos": [
        1.419079,
        0.406213,
        -1.90013437872949e-7
      ],