{
  "skeleton": [
    {
      "name": "root",
      "parent": "root",
      "initpos": [
        0,
        0,
        0
      ],
      "initquaternion": [
        0.707106,
        0,
        0,
        0.707106
      ],
      "initscale": [
        1,
        0.999999,
        0.999999
      ],
      "offmtx": [
        [
          1,
          0,
          0,
          0
        ],
        [
          0,
          1,
          0,
          0
        ],
        [
          0,
          0,
          1,
          0
        ]
      ],
      "boundingbox": [
        [
          0,
          0,
          0
        ],
        [
          0,
          0,
          0
        ]
      ]
    },
    {
      "name": "Bone005",
      "parent": "root",
      "initpos": [
        1.979014,
        -5.522377364286513e-7,
        -12.19214
      ],
      "initquaternion": [
        0.5,
        0.499999,
        0.5,
        -0.499999
      ],
      "initscale": [
        1,
        0.999999,
        0.999999
      ],
      "offmtx": [
        [
          1.9470724055281607e-7,
          -0.999999,
          0,
          12.192141
        ],
        [
          1,
          1.9470724055281607e-7,
          -0.000001,
          -1.979017
        ],
        [
          0.000001,
          0,
          1,
          -0.000002
        ]
      ],
      "boundingbox": [
        [
          0.167143,
          -2.545997,
          -2.249996
        ],
        [
          12.192142,
          2.272549,
          2.451886
        ]
      ]
    }
  ],
  "boundingbox": [
    [
      -0.566977,
      -1.1920930376163597e-7,
      -2.249999
    ],
    [
      4.251567,
      12.024997,
      2.451882
    ]
  ]
}
