{"skeleton":[{"name":"root","parent":"root","initpos":[0.0,0.0,-0.0],"initquaternion":[0.707106,0.0,0.0,0.707106],"initscale":[1.0,0.999999,0.999999],"offmtx":[[1.0,0.0,0.0,0.0],[0.0,1.0,0.0,0.0],[0.0,0.0,1.0,0.0]],"boundingbox":[[0.0,0.0,0.0],[0.0,0.0,0.0]]},{"name":"Bone002","parent":"root","initpos":[6.155188,-1e-06,-24.434543],"initquaternion":[0.5,0.499999,0.5,-0.499999],"initscale":[1.0,0.999999,0.999999],"offmtx":[[0.0,-0.999999,0.0,24.434543],[0.999999,0.0,-1e-06,-6.155191],[1e-06,0.0,0.999999,-5e-06]],"boundingbox":[[0.434545,-2.155193,-1.999997],[12.434545,1.844813,2.000007]]},{"name":"Bone010","parent":"Bone002","initpos":[-0.296331,0.787572,-0.028423],"initquaternion":[0.702214,0.083037,0.083037,0.702213],"initscale":[0.999999,0.999999,0.999999],"offmtx":[[0.23324,-0.972418,-0.0,22.429433],[-0.0,-0.0,0.999999,0.028426],[-0.972418,-0.23324,-0.0,12.519524]],"boundingbox":[[-1.783921,-3.481545,-2.97918],[5.39346,3.18102,2.355426]]}],"boundingbox":[[3.999998,11.999998,-3.509974],[10.834736,26.844011,3.152593]]}