{"skeleton":[{"name":"root","parent":"root","initpos":[0.0,0.0,-0.0],"initquaternion":[0.707106,0.0,0.0,0.707106],"initscale":[1.0,0.999999,0.999999],"offmtx":[[1.0,0.0,0.0,0.0],[0.0,1.0,0.0,0.0],[0.0,0.0,1.0,0.0]],"boundingbox":[[0.0,0.0,0.0],[0.0,0.0,0.0]]},{"name":"Bone125","parent":"root","initpos":[-0.070846,-5.522377364286513e-07,-12.197314],"initquaternion":[-0.502831,0.497152,0.497153,0.50283],"initscale":[1.0,0.999999,0.999999],"offmtx":[[0.011356,0.999935,0.0,-12.195723],[-0.999935,0.011356,-2e-06,-0.20936],[-2e-06,0.0,0.999999,3.413997546886094e-07]],"boundingbox":[[4.872613,-2.246789,-1.548794],[8.148645,2.336229,1.407297]]}],"boundingbox":[[-2.318885,17.060251,-1.548795],[2.25523,20.36654,1.407289]]}