{"skeleton":[{"name":"root","parent":"root","initpos":[0.0,0.0,-0.0],"initquaternion":[0.707106,0.0,0.0,0.707106],"initscale":[1.0,0.999999,0.999999],"offmtx":[[1.0,0.0,0.0,0.0],[0.0,1.0,0.0,0.0],[0.0,0.0,1.0,0.0]],"boundingbox":[[0.0,0.0,0.0],[0.0,0.0,0.0]]},{"name":"Bone001","parent":"root","initpos":[-2.796827,-2.059204,-19.027114],"initquaternion":[-0.506709,0.493199,0.493199,0.506708],"initscale":[0.999999,0.999999,0.999999],"offmtx":[[1.0,0.0,0.0,0.0],[0.0,1.0,0.0,0.0],[0.0,0.0,1.0,0.0]],"boundingbox":[[0.0,0.0,0.0],[0.0,0.0,0.0]]},{"name":"Bone005","parent":"Bone001","initpos":[-15.936623,-1.178956,2.059203],"initquaternion":[-0.0,-5.208696052250161e-07,0.99997,-0.007696],"initscale":[0.999999,0.999999,1.0],"offmtx":[[-0.011627,-0.999932,-0.0,3.040428],[0.999932,-0.011627,1.0702608932433577e-07,2.084355],[-1.0817684170660868e-07,-0.0,0.999999,0.0]],"boundingbox":[[-2.038346,-2.976318,-2.31952],[3.106428,2.228282,3.062298]]}],"boundingbox":[[-5.001419,-0.019813,-2.31952],[0.143706,5.125308,3.062297]]}