{
  "skeleton": [
    {
      "name": "root",
      "parent": "root",
      "initpos": [
        0,
        0,
        0
      ],
      "initquaternion": [
        0.707106,
        0,
        0,
        0.707106
      ],
      "initscale": [
        1,
        0.999999,
        0.999999
      ],
      "offmtx": [
        [
          1,
          0,
          0,
          0
        ],
        [
          0,
          1,
          0,
          0
        ],
        [
          0,
          0,
          1,
          0
        ]
      ],
      "boundingbox": [
        [
          0,
          0,
          0
        ],
        [
          0,
          0,
          0
        ]
      ]
    },
    {
      "name": "Bone002",
      "parent": "root",
      "initpos": [
        -1.1168468461164593e-7,
        0.21068,
        1.430601
      ],
      "initquaternion": [
        0.535185,
        -0.462142,
        0.535185,
        -0.462142
      ],
      "initscale": [
        0.999999,
        0.999999,
        0.999999
      ],
      "offmtx": [
        [
          0,
          -0.145695,
          -0.989329,
          -7.152557373046875e-7
        ],
        [
          0,
          0.989329,
          -0.145695,
          1.44603
        ],
        [
          1,
          0,
          0,
          1.7881393432617188e-7
        ]
      ],
      "boundingbox": [
        [
          -5.637786,
          -6.691498,
          -3.318892
        ],
        [
          11.245223,
          6.732597,
          0.8077
        ]
      ]
    },
    {
      "name": "Bone001",
      "parent": "root",
      "initpos": [
        0,
        0,
        0
      ],
      "initquaternion": [
        0,
        0.707106,
        0,
        0.707106
      ],
      "initscale": [
        0.999999,
        1,
        0.999999
      ],
      "offmtx": [
        [
          0,
          1,
          0,
          -1.1920928955078125e-7
        ],
        [
          -1.430590117479369e-7,
          0,
          1,
          0
        ],
        [
          1,
          0,
          1.4305909701306518e-7,
          1.1920928955078125e-7
        ]
      ],
      "boundingbox": [
        [
          -8.333544,
          -1.902777,
          -3.319119
        ],
        [
          5.577099,
          9.22804,
          1.932247
        ]
      ]
    }
  ],
  "boundingbox": [
    [
      -3.319119,
      -8.333543,
      -10.980598
    ],
    [
      1.932247,
      5.577098,
      9.228038
    ]
  ]
}
