{"skeleton":[{"name":"root","parent":"root","initpos":[0.0,0.0,-0.0],"initquaternion":[0.707106,0.0,0.0,0.707106],"initscale":[1.0,0.999999,0.999999],"offmtx":[[1.0,0.0,0.0,0.0],[0.0,1.0,0.0,0.0],[0.0,0.0,1.0,0.0]],"boundingbox":[[0.0,0.0,0.0],[0.0,0.0,0.0]]},{"name":"Bone001","parent":"root","initpos":[-2.796827,-2.059204,-19.027114],"initquaternion":[-0.506709,0.493199,0.493199,0.506708],"initscale":[0.999999,0.999999,0.999999],"offmtx":[[1.0,0.0,0.0,0.0],[0.0,1.0,0.0,0.0],[0.0,0.0,1.0,0.0]],"boundingbox":[[0.0,0.0,0.0],[0.0,0.0,0.0]]},{"name":"Bone007","parent":"Bone001","initpos":[-1.255193,-8.992851,2.059192],"initquaternion":[-0.0,-1e-06,0.999986,0.005278],"initscale":[0.999999,0.999999,1.0],"offmtx":[[-0.037567,-0.999294,-1.2937739768403844e-07,17.74842],[0.999294,-0.037567,-1e-06,-5.49594],[1e-06,-1.7903268201280298e-07,0.999999,-3e-06]],"boundingbox":[[-9.354523,-2.20906,-2.596778],[4.64172,10.446142,8.11387]]}],"boundingbox":[[3.932926,12.968101,-2.596782],[16.747192,26.783166,8.113857]]}