{
  "skeleton": [
    {
      "name": "root",
      "parent": "root",
      "initpos": [
        0,
        0,
        0
      ],
      "initquaternion": [
        -1.1920928955078125e-7,
        0,
        0,
        1
      ],
      "initscale": [
        1,
        0.999999,
        0.999999
      ],
      "offmtx": [
        [
          1,
          0,
          0,
          0
        ],
        [
          0,
          1,
          0,
          0
        ],
        [
          0,
          0,
          1,
          0
        ]
      ],
      "boundingbox": [
        [
          0,
          0,
          0
        ],
        [
          0,
          0,
          0
        ]
      ]
    },
    {
      "name": "Bone001",
      "parent": "root",
      "initpos": [
        0.490201,
        9.43645,
        -2.08181
      ],
      "initquaternion": [
        0.5,
        0.499999,
        0.5,
        0.5
      ],
      "initscale": [
        1,
        1,
        1
      ],
      "offmtx": [
        [
          0,
          0.999999,
          0,
          5.880126
        ],
        [
          0,
          0,
          0.999999,
          -0.131109
        ],
        [
          1,
          0,
          0,
          -2.57028517580693e-7
        ]
      ],
      "boundingbox": [
        [
          0.011701,
          -0.13106,
          -5.868425
        ],
        [
          11.748551,
          -0.131059,
          5.868425
        ]
      ]
    }
  ],
  "boundingbox": [
    [
      -5.868425,
      -5.868424,
      0.000048
    ],
    [
      5.868425,
      5.868424,
      0.000051
    ]
  ]
}
