{
  "skeleton": [
    {
      "name": "root",
      "parent": "root",
      "initpos": [
        0,
        0,
        0
      ],
      "initquaternion": [
        0.707106,
        0,
        0,
        0.707106
      ],
      "initscale": [
        1,
        0.999999,
        0.999999
      ],
      "offmtx": [
        [
          1,
          0,
          0,
          0
        ],
        [
          0,
          1,
          0,
          0
        ],
        [
          0,
          0,
          1,
          0
        ]
      ],
      "boundingbox": [
        [
          0,
          0,
          0
        ],
        [
          0,
          0,
          0
        ]
      ]
    },
    {
      "name": "Bone001",
      "parent": "root",
      "initpos": [
        1.40222454092509e-7,
        3.867052,
        -1.931689
      ],
      "initquaternion": [
        0.501353,
        -0.498643,
        0.501353,
        -0.498643
      ],
      "initscale": [
        0.999999,
        0.999999,
        1
      ],
      "offmtx": [
        [
          -1.629183117302091e-7,
          -0.005419,
          -0.999985,
          3.877465
        ],
        [
          0,
          0.999985,
          -0.005419,
          -1.910701
        ],
        [
          1,
          0,
          -1.6315760831275838e-7,
          3.774691776925465e-7
        ]
      ],
      "boundingbox": [
        [
          -3.879068,
          -4.601408,
          -2.551919
        ],
        [
          6.366816,
          4.262807,
          2.551941
        ]
      ]
    },
    {
      "name": "Bone004",
      "parent": "Bone001",
      "initpos": [
        3.090435,
        0.787213,
        4.76837158203125e-7
      ],
      "initquaternion": [
        0.009296,
        0.999956,
        1.924823322951852e-7,
        2.402183554295334e-7
      ],
      "initscale": [
        0.999999,
        0.999999,
        0.999999
      ],
      "offmtx": [
        [
          -3.117604592262069e-7,
          0.02401,
          0.999711,
          -0.837053
        ],
        [
          0,
          0.999711,
          -0.02401,
          -2.682816
        ],
        [
          -1,
          0,
          -3.126230296857102e-7,
          0
        ]
      ],
      "boundingbox": [
        [
          0.255596,
          0.592537,
          -1.676419
        ],
        [
          5.630746,
          3.028841,
          1.676523
        ]
      ]
    },
    {
      "name": "Bone003",
      "parent": "Bone001",
      "initpos": [
        2.920207,
        0.779741,
        2.3841846541472478e-7
      ],
      "initquaternion": [
        0.004298,
        0.99999,
        1.9470540735255781e-7,
        0
      ],
      "initscale": [
        0.999999,
        0.999999,
        0.999999
      ],
      "offmtx": [
        [
          1.679288459399686e-7,
          0.014017,
          0.999901,
          -0.980353
        ],
        [
          0,
          0.999901,
          -0.014017,
          -2.682114
        ],
        [
          -1,
          0,
          1.6733298480176018e-7,
          -5.8625926158129e-7
        ]
      ],
      "boundingbox": [
        [
          -0.168093,
          1.128422,
          -1.684859
        ],
        [
          5.710247,
          3.273042,
          1.68479
        ]
      ]
    }
  ],
  "boundingbox": [
    [
      -2.55192,
      -2.656309,
      -2.491148
    ],
    [
      2.55194,
      6.20294,
      7.7332
    ]
  ]
}
