{
  "skeleton": [
    {
      "name": "root",
      "parent": "root",
      "initpos": [
        0,
        0,
        0
      ],
      "initquaternion": [
        0.707106,
        0,
        0,
        0.707106
      ],
      "initscale": [
        1,
        0.999999,
        0.999999
      ],
      "offmtx": [
        [
          1,
          0,
          0,
          0
        ],
        [
          0,
          1,
          0,
          0
        ],
        [
          0,
          0,
          1,
          0
        ]
      ],
      "boundingbox": [
        [
          0,
          0,
          0
        ],
        [
          0,
          0,
          0
        ]
      ]
    },
    {
      "name": "Bone001",
      "parent": "root",
      "initpos": [
        -2.796827,
        -2.059204,
        -19.027114
      ],
      "initquaternion": [
        -0.506709,
        0.493199,
        0.493199,
        0.506708
      ],
      "initscale": [
        0.999999,
        0.999999,
        0.999999
      ],
      "offmtx": [
        [
          0.027017,
          0.999634,
          0,
          -18.944608
        ],
        [
          -0.999634,
          0.027017,
          -0.000001,
          -3.309864
        ],
        [
          -0.000001,
          0,
          0.999999,
          2.059201
        ]
      ],
      "boundingbox": [
        [
          0.519532,
          -1.744787,
          -0.422724
        ],
        [
          4.499069,
          1.299959,
          0.071561
        ]
      ]
    }
  ],
  "boundingbox": [
    [
      -3.976564,
      19.538644,
      -2.481931
    ],
    [
      -1.010859,
      23.492918,
      -1.987646
    ]
  ]
}
