{"skeleton":[{"name":"root","parent":"root","initpos":[0.0,0.0,-0.0],"initquaternion":[0.707106,0.0,0.0,0.707106],"initscale":[1.0,0.999999,0.999999],"offmtx":[[1.0,0.0,0.0,0.0],[0.0,1.0,0.0,0.0],[0.0,0.0,1.0,0.0]],"boundingbox":[[0.0,0.0,0.0],[0.0,0.0,0.0]]},{"name":"bone005","parent":"root","initpos":[-6.339307,3e-06,-12.459249],"initquaternion":[-0.4967,0.503278,0.503279,0.496698],"initscale":[0.999999,0.999999,0.999999],"offmtx":[[-0.013158,0.999913,-2.697703962439846e-07,-12.541588],[-0.999913,-0.013158,-2e-06,-6.174813],[-2e-06,2.3941203153299284e-07,0.999999,-1.8e-05]],"boundingbox":[[-0.8885,-1.35073,-2.113554],[3.814024,2.445587,2.136168]]}],"boundingbox":[[-8.772993,11.538777,-2.113554],[-4.99832,16.241939,2.136162]]}