{
  "skeleton": [
    {
      "name": "root",
      "parent": "root",
      "initpos": [
        0,
        0,
        0
      ],
      "initquaternion": [
        0.707106,
        0,
        0,
        0.707106
      ],
      "initscale": [
        1,
        0.999999,
        0.999999
      ],
      "offmtx": [
        [
          1,
          0,
          0,
          0
        ],
        [
          0,
          1,
          0,
          0
        ],
        [
          0,
          0,
          1,
          0
        ]
      ],
      "boundingbox": [
        [
          0,
          0,
          0
        ],
        [
          0,
          0,
          0
        ]
      ]
    },
    {
      "name": "Bone001",
      "parent": "root",
      "initpos": [
        0,
        0,
        0
      ],
      "initquaternion": [
        -0.000006,
        0.707106,
        0.000006,
        0.707106
      ],
      "initscale": [
        1,
        1,
        1
      ],
      "offmtx": [
        [
          1.6292068494294654e-7,
          0.999999,
          0,
          0
        ],
        [
          -0.000017,
          0,
          0.999999,
          0
        ],
        [
          1,
          -1.6292067073209182e-7,
          0.000017,
          4.3632897472889454e-7
        ]
      ],
      "boundingbox": [
        [
          -8.474643,
          -8.980711,
          -0.72593
        ],
        [
          12.476613,
          6.151117,
          0.725934
        ]
      ]
    }
  ],
  "boundingbox": [
    [
      -0.725888,
      -8.474643,
      -8.98071
    ],
    [
      0.725887,
      12.476613,
      6.151111
    ]
  ]
}
