{
  "skeleton": [
    {
      "name": "root",
      "parent": "root",
      "initpos": [
        0,
        0,
        0
      ],
      "initquaternion": [
        0.707106,
        0,
        0,
        0.707106
      ],
      "initscale": [
        1,
        0.999999,
        0.999999
      ],
      "offmtx": [
        [
          1,
          0,
          0,
          0
        ],
        [
          0,
          1,
          0,
          0
        ],
        [
          0,
          0,
          1,
          0
        ]
      ],
      "boundingbox": [
        [
          0,
          0,
          0
        ],
        [
          0,
          0,
          0
        ]
      ]
    },
    {
      "name": "bone004",
      "parent": "root",
      "initpos": [
        0,
        0.000003,
        -11.93148
      ],
      "initquaternion": [
        0.5,
        -0.499999,
        -0.5,
        -0.499999
      ],
      "initscale": [
        1,
        1,
        1
      ],
      "offmtx": [
        [
          3.941935915463546e-7,
          0.999999,
          0,
          -11.93148
        ],
        [
          -1,
          3.9419356312464515e-7,
          -2.1879993994389224e-7,
          -0.000004
        ],
        [
          -2.1879995415474696e-7,
          0,
          0.999999,
          -8.907473443287017e-7
        ]
      ],
      "boundingbox": [
        [
          1.60226,
          -4.087533,
          -2.949999
        ],
        [
          12.243518,
          4.087536,
          2.210023
        ]
      ]
    }
  ],
  "boundingbox": [
    [
      -4.087534,
      13.53374,
      -2.95
    ],
    [
      4.087534,
      24.174995,
      2.210021
    ]
  ]
}
