{
  "skeleton": [
    {
      "name": "root",
      "parent": "root",
      "initpos": [
        0,
        0,
        0
      ],
      "initquaternion": [
        0.707106,
        0,
        0,
        0.707106
      ],
      "initscale": [
        1,
        0.999999,
        0.999999
      ],
      "offmtx": [
        [
          1,
          0,
          0,
          0
        ],
        [
          0,
          1,
          0,
          0
        ],
        [
          0,
          0,
          1,
          0
        ]
      ],
      "boundingbox": [
        [
          0,
          0,
          0
        ],
        [
          0,
          0,
          0
        ]
      ]
    },
    {
      "name": "bone015",
      "parent": "root",
      "initpos": [
        2.148787,
        -1.1400723565202497e-7,
        0
      ],
      "initquaternion": [
        -0.5,
        0.499999,
        0.499999,
        0.5
      ],
      "initscale": [
        1,
        0.999999,
        0.999999
      ],
      "offmtx": [
        [
          6.446027214224159e-7,
          0.999999,
          0,
          -0.000001
        ],
        [
          -1,
          6.446027214224159e-7,
          3.5762775496550603e-7,
          2.148787
        ],
        [
          3.5762778338721546e-7,
          0,
          1,
          -7.57037867060717e-7
        ]
      ],
      "boundingbox": [
        [
          -0.250002,
          -1.802557,
          -2.088822
        ],
        [
          1.868949,
          2.300134,
          2.17205
        ]
      ]
    }
  ],
  "boundingbox": [
    [
      -0.151345,
      -0.25,
      -2.088822
    ],
    [
      3.951344,
      1.868948,
      2.17205
    ]
  ]
}
