{
  "skeleton": [
    {
      "name": "root",
      "parent": "root",
      "initpos": [
        0,
        0,
        0
      ],
      "initquaternion": [
        -1.1920928955078125e-7,
        0,
        0,
        1
      ],
      "initscale": [
        1,
        0.999999,
        0.999999
      ],
      "offmtx": [
        [
          1,
          0,
          0,
          0
        ],
        [
          0,
          1,
          0,
          0
        ],
        [
          0,
          0,
          1,
          0
        ]
      ],
      "boundingbox": [
        [
          0,
          0,
          0
        ],
        [
          0,
          0,
          0
        ]
      ]
    },
    {
      "name": "Bone001",
      "parent": "root",
      "initpos": [
        0,
        0,
        0
      ],
      "initquaternion": [
        0.5,
        0.5,
        0.499999,
        0.499999
      ],
      "initscale": [
        1,
        1,
        1
      ],
      "offmtx": [
        [
          1.7956359954496293e-7,
          0.999999,
          0,
          0
        ],
        [
          0,
          0,
          0.999999,
          0
        ],
        [
          1,
          -1.795635853341082e-7,
          0,
          2.330446022824617e-7
        ]
      ],
      "boundingbox": [
        [
          0.023621,
          -13.599997,
          -4.800002
        ],
        [
          31.289831,
          13.600002,
          4.8
        ]
      ]
    },
    {
      "name": "bind",
      "parent": "Bone001",
      "initpos": [
        12.81767,
        -7.229406,
        0.000001
      ],
      "initquaternion": [
        -0.707106,
        3.371746402081044e-7,
        4.6080936044745613e-7,
        0.707106
      ],
      "initscale": [
        1,
        1,
        1
      ],
      "offmtx": [
        [
          9.706965329314698e-7,
          0.999999,
          0,
          -12.817669
        ],
        [
          -1,
          9.706964192446321e-7,
          -4.450508015452215e-7,
          -0.000012
        ],
        [
          -4.450508299669309e-7,
          0,
          0.999999,
          7.229407
        ]
      ],
      "boundingbox": [
        [
          -0.794044,
          -4.799996,
          -4.770591
        ],
        [
          -0.794044,
          -4.799996,
          -4.770591
        ]
      ]
    }
  ],
  "boundingbox": [
    [
      -4.800003,
      0.023619,
      -13.599997
    ],
    [
      4.800002,
      31.289829,
      13.599997
    ]
  ]
}
