{
  "skeleton": [
    {
      "name": "root",
      "parent": "root",
      "initpos": [
        0,
        0,
        0
      ],
      "initquaternion": [
        0.707106,
        0,
        0,
        0.707106
      ],
      "initscale": [
        1,
        0.999999,
        0.999999
      ],
      "offmtx": [
        [
          1,
          0,
          0,
          0
        ],
        [
          0,
          1,
          0,
          0
        ],
        [
          0,
          0,
          1,
          0
        ]
      ],
      "boundingbox": [
        [
          0,
          0,
          0
        ],
        [
          0,
          0,
          0
        ]
      ]
    },
    {
      "name": "peijian_Bone042",
      "parent": "root",
      "initpos": [
        7.560999,
        8.676997,
        -37.428001
      ],
      "initquaternion": [
        0.323583,
        -0.626404,
        0.320379,
        0.632667
      ],
      "initscale": [
        0.999999,
        0.999999,
        0.999999
      ],
      "offmtx": [
        [
          0.009949,
          -0.99995,
          -1.1861129678436555e-7,
          33.383331
        ],
        [
          0.99995,
          0.009949,
          0.000011,
          11.399093
        ],
        [
          -0.000011,
          -2.379737082947031e-7,
          0.999999,
          -8.009242
        ]
      ],
      "boundingbox": [
        [
          -1.003125,
          -5.740364,
          -4.083086
        ],
        [
          14.557493,
          6.319435,
          1.819865
        ]
      ]
    },
    {
      "name": "peijian_Bone043",
      "parent": "peijian_Bone042",
      "initpos": [
        -1.34045,
        -1.462355,
        -1.385396
      ],
      "initquaternion": [
        -0.000008,
        0,
        -0.003504,
        0.999993
      ],
      "initscale": [
        0.999999,
        0.999999,
        1
      ],
      "offmtx": [
        [
          0.002941,
          -0.999995,
          0,
          32.886577
        ],
        [
          0.999995,
          0.002941,
          2.814410606788442e-7,
          13.109687
        ],
        [
          -2.811624710830074e-7,
          0,
          0.999999,
          -6.623682
        ]
      ],
      "boundingbox": [
        [
          -0.207502,
          -1.100906,
          -0.583424
        ],
        [
          3.2011,
          0.500915,
          1.047069
        ]
      ]
    },
    {
      "name": "peijian_Bone044",
      "parent": "peijian_Bone042",
      "initpos": [
        1.689231,
        1.914309,
        -1.085389
      ],
      "initquaternion": [
        -0.000008,
        0,
        -0.003504,
        0.999993
      ],
      "initscale": [
        0.999999,
        0.999999,
        1
      ],
      "offmtx": [
        [
          0.002941,
          -0.999995,
          0,
          34.008827
        ],
        [
          0.999995,
          0.002941,
          2.814410606788442e-7,
          9.699729
        ],
        [
          -2.811624710830074e-7,
          0,
          0.999999,
          -6.923748
        ]
      ],
      "boundingbox": [
        [
          -0.797839,
          -1.786056,
          -1.568871
        ],
        [
          3.440824,
          1.272987,
          0.752541
        ]
      ]
    },
    {
      "name": "peijian_Bone048",
      "parent": "peijian_Bone042",
      "initpos": [
        11.413429,
        -2.245693,
        -1.42042
      ],
      "initquaternion": [
        -0.000008,
        0,
        -0.003504,
        0.999993
      ],
      "initscale": [
        0.999999,
        0.999999,
        1
      ],
      "offmtx": [
        [
          0.002941,
          -0.999995,
          0,
          24.25572
        ],
        [
          0.999995,
          0.002941,
          2.814410606788442e-7,
          13.791481
        ],
        [
          -2.811624710830074e-7,
          0,
          0.999999,
          -6.588644
        ]
      ],
      "boundingbox": [
        [
          -0.126995,
          -0.73423,
          -0.183088
        ],
        [
          0.657101,
          0.049858,
          0.598711
        ]
      ]
    },
    {
      "name": "peijian_Bone049",
      "parent": "peijian_Bone042",
      "initpos": [
        9.196695,
        0.613103,
        -1.420473
      ],
      "initquaternion": [
        -0.000008,
        0,
        -0.003504,
        0.999993
      ],
      "initscale": [
        0.999999,
        0.999999,
        1
      ],
      "offmtx": [
        [
          0.002941,
          -0.999995,
          0,
          22.364229
        ],
        [
          0.999995,
          0.002941,
          2.814410606788442e-7,
          10.960433
        ],
        [
          -2.811624710830074e-7,
          0,
          0.999999,
          -6.588644
        ]
      ],
      "boundingbox": [
        [
          -0.462623,
          -0.570968,
          -0.337251
        ],
        [
          1.686053,
          1.780868,
          0.694156
        ]
      ]
    },
    {
      "name": "peijian_Bone046",
      "parent": "peijian_Bone042",
      "initpos": [
        0.696594,
        1.510023,
        1.327271
      ],
      "initquaternion": [
        -0.000008,
        0,
        -0.003504,
        0.999993
      ],
      "initscale": [
        0.999999,
        0.999999,
        1
      ],
      "offmtx": [
        [
          0.002941,
          -0.999995,
          0,
          32.616626
        ],
        [
          0.999995,
          0.002941,
          2.814410606788442e-7,
          10.118019
        ],
        [
          -2.811624710830074e-7,
          0,
          0.999999,
          -9.336403
        ]
      ],
      "boundingbox": [
        [
          -1.45786,
          -1.850173,
          -0.785303
        ],
        [
          2.685904,
          -0.440834,
          0.629569
        ]
      ]
    },
    {
      "name": "peijian_Bone047",
      "parent": "peijian_Bone042",
      "initpos": [
        5.564338,
        -2.726669,
        1.327352
      ],
      "initquaternion": [
        -0.000008,
        0,
        -0.003504,
        0.999993
      ],
      "initscale": [
        0.999999,
        0.999999,
        1
      ],
      "offmtx": [
        [
          0.002941,
          -0.999995,
          0,
          30.101297
        ],
        [
          0.999995,
          0.002941,
          2.814410606788442e-7,
          14.313484
        ],
        [
          -2.811624710830074e-7,
          0,
          0.999999,
          -9.336408
        ]
      ],
      "boundingbox": [
        [
          1.876277,
          -0.50502,
          -0.637088
        ],
        [
          2.406486,
          0.025192,
          -0.108434
        ]
      ]
    },
    {
      "name": "peijian_Bone045",
      "parent": "peijian_Bone042",
      "initpos": [
        10.727067,
        -0.305757,
        1.327307
      ],
      "initquaternion": [
        -0.000008,
        0,
        -0.003504,
        0.999993
      ],
      "initscale": [
        0.999999,
        0.999999,
        1
      ],
      "offmtx": [
        [
          0.002941,
          -0.999995,
          0,
          22.573675
        ],
        [
          0.999995,
          0.002941,
          2.814410606788442e-7,
          11.863456
        ],
        [
          -2.811624710830074e-7,
          0,
          0.999999,
          -9.336408
        ]
      ],
      "boundingbox": [
        [
          -0.045784,
          -3.010124,
          -0.893496
        ],
        [
          2.803683,
          -0.79589,
          0.77444
        ]
      ]
    }
  ],
  "boundingbox": [
    [
      -17.449546,
      18.722682,
      3.926095
    ],
    [
      -5.313476,
      34.773273,
      10.110845
    ]
  ]
}
