{"skeleton":[{"name":"root","parent":"root","initpos":[0.0,0.0,-0.0],"initquaternion":[-1.1920928955078125e-07,-0.0,0.0,1.0],"initscale":[1.0,0.999999,0.999999],"offmtx":[[1.0,0.0,0.0,0.0],[0.0,1.0,0.0,0.0],[0.0,0.0,1.0,0.0]],"boundingbox":[[0.0,0.0,0.0],[0.0,0.0,0.0]]},{"name":"Bone001","parent":"root","initpos":[-1.880295,10.888164,-2.287588],"initquaternion":[0.0,0.0,0.0,1.0],"initscale":[1.0,1.0,1.0],"offmtx":[[1.0,1.74845538936097e-07,0.0,1.880295],[-1.7484555314695172e-07,0.999999,-1.6292067073209182e-07,-10.888163],[-0.0,1.6292067073209182e-07,0.999999,2.287588]],"boundingbox":[[-1.289702,-0.988164,-0.012409],[1.310298,1.011836,0.007591]]}],"boundingbox":[[-3.169999,9.899998,-2.3],[-0.569999,11.899998,-2.28]]}