{
  "skeleton": [
    {
      "name": "root",
      "parent": "root",
      "initpos": [
        0,
        0,
        0
      ],
      "initquaternion": [
        0,
        0,
        0,
        1
      ],
      "initscale": [
        1,
        1,
        1
      ],
      "offmtx": [
        [
          1,
          0,
          0,
          0
        ],
        [
          0,
          1,
          0,
          0
        ],
        [
          0,
          0,
          1,
          0
        ]
      ],
      "boundingbox": [
        [
          0,
          0,
          0
        ],
        [
          0,
          0,
          0
        ]
      ]
    },
    {
      "name": "Bone001",
      "parent": "root",
      "initpos": [
        0,
        0,
        0
      ],
      "initquaternion": [
        8.878899393494066e-7,
        0.707106,
        -8.8788976881915e-7,
        0.707106
      ],
      "initscale": [
        1,
        1,
        1
      ],
      "offmtx": [
        [
          1.6664597524140845e-7,
          0,
          -1,
          0
        ],
        [
          0.000002,
          1,
          0,
          -1.1406392985691127e-7
        ],
        [
          1,
          -0.000002,
          1.6664597524140845e-7,
          0
        ]
      ],
      "boundingbox": [
        [
          -2.116608,
          -0.500741,
          -8.46492
        ],
        [
          2.131205,
          0.499478,
          9.211993
        ]
      ]
    }
  ],
  "boundingbox": [
    [
      -8.46492,
      -0.500753,
      -2.131204
    ],
    [
      9.211992,
      0.499464,
      2.116609
    ]
  ]
}
