{
  "skeleton": [
    {
      "name": "root",
      "parent": "root",
      "initpos": [
        0,
        0,
        0
      ],
      "initquaternion": [
        0.707106,
        0,
        0,
        0.707106
      ],
      "initscale": [
        1,
        0.999999,
        0.999999
      ],
      "offmtx": [
        [
          1,
          0,
          0,
          0
        ],
        [
          0,
          1,
          0,
          0
        ],
        [
          0,
          0,
          1,
          0
        ]
      ],
      "boundingbox": [
        [
          0,
          0,
          0
        ],
        [
          0,
          0,
          0
        ]
      ]
    },
    {
      "name": "Bone001",
      "parent": "root",
      "initpos": [
        0,
        0,
        0
      ],
      "initquaternion": [
        0.5,
        -0.499999,
        -0.5,
        -0.499999
      ],
      "initscale": [
        1,
        1,
        1
      ],
      "offmtx": [
        [
          1.6338634623025428e-7,
          0.999999,
          0,
          0
        ],
        [
          -1,
          1.6338633201939956e-7,
          -1.5795556862485682e-7,
          0
        ],
        [
          -1.5795558283571154e-7,
          0,
          0.999999,
          0
        ]
      ],
      "boundingbox": [
        [
          -6.934141,
          -5.559551,
          -2.303198
        ],
        [
          9.633268,
          5.559552,
          3.510066
        ]
      ]
    }
  ],
  "boundingbox": [
    [
      -5.55955,
      -6.93414,
      -2.303198
    ],
    [
      5.55955,
      9.633267,
      3.510066
    ]
  ]
}
