{"skeleton":[{"name":"root","parent":"root","initpos":[0.0,0.0,-0.0],"initquaternion":[-1.3767875373105198e-07,0.707107,-0.707106,-1.3767881057447084e-07],"initscale":[0.999999,0.999999,0.999999],"offmtx":[[1.0,0.0,0.0,0.0],[0.0,1.0,0.0,0.0],[0.0,0.0,1.0,0.0]],"boundingbox":[[0.0,0.0,0.0],[0.0,0.0,0.0]]},{"name":"Bone001","parent":"root","initpos":[-0.0,0.036909,5.779371],"initquaternion":[-0.000775,0.707106,-0.000775,0.707106],"initscale":[0.999999,0.999999,0.999999],"offmtx":[[0.0,0.999997,0.002193,5.779438],[-3.2583955089648953e-07,0.002193,-0.999997,-0.024234],[-1.0,0.0,3.258413983076025e-07,0.0]],"boundingbox":[[-0.033166,-3.103414,-1.316681],[16.830127,3.082525,1.292893]]},{"name":"Bone003","parent":"Bone001","initpos":[12.7474,-3.628271,9.5367431640625e-07],"initquaternion":[-0.550721,0.834689,-2.257827702578652e-07,0.0],"initscale":[0.999999,0.999999,0.999999],"offmtx":[[0.0,-0.395428,0.918496,-0.572129],[0.0,-0.918496,-0.395428,7.823953],[1.0,0.0,-0.0,-3.7402418229248724e-07]],"boundingbox":[[-0.024405,-0.755395,-0.05236],[4.41993,1.112843,0.060888]]},{"name":"Bone002","parent":"Bone001","initpos":[12.631462,3.58051,-9.536744300930877e-07],"initquaternion":[0.561858,0.827233,-1.8562792547527351e-07,-0.0],"initscale":[1.0,0.999999,0.999999],"offmtx":[[-2.159145537916629e-07,-0.36659,-0.930382,-0.825016],[1.8299873261184985e-07,0.930382,-0.36659,-7.698294],[1.0,-2.4941104470599385e-07,-1.33797485091236e-07,1e-06]],"boundingbox":[[-0.067033,-1.079039,-0.05236],[4.429823,0.858821,0.060889]]}],"boundingbox":[[-1.292893,-5.81153,-7.947821],[1.316681,11.04614,7.94782]]}