{
  "skeleton": [
    {
      "name": "Bone001",
      "parent": "Bone001",
      "initpos": [
        0,
        0,
        0
      ],
      "initquaternion": [
        0.707106,
        0,
        0,
        0.707106
      ],
      "initscale": [
        1,
        0.999999,
        0.999999
      ],
      "offmtx": [
        [
          1,
          0,
          0,
          0
        ],
        [
          0,
          0,
          0.999999,
          0
        ],
        [
          0,
          -0.999999,
          0,
          0
        ]
      ],
      "boundingbox": [
        [
          -0.05,
          -0.049999,
          0
        ],
        [
          0.05,
          0.049999,
          0
        ]
      ]
    }
  ],
  "boundingbox": [
    [
      -0.05,
      0,
      -0.049999
    ],
    [
      0.05,
      0,
      0.049999
    ]
  ]
}
