{
  "skeleton": [
    {
      "name": "Bone001",
      "parent": "Bone001",
      "initpos": [
        16.487096,
        0,
        0
      ],
      "initquaternion": [
        -0.499732,
        0.500267,
        -0.500267,
        -0.499732
      ],
      "initscale": [
        0.999999,
        0.999999,
        0.999999
      ],
      "offmtx": [
        [
          -0.001071,
          0,
          0.999999,
          0
        ],
        [
          -0.999999,
          0,
          -0.001071,
          0
        ],
        [
          0,
          -0.999999,
          0,
          0
        ]
      ],
      "boundingbox": [
        [
          -0.506025,
          -0.506025,
          0
        ],
        [
          0.506025,
          0.506025,
          0
        ]
      ]
    }
  ],
  "boundingbox": [
    [
      -0.505496,
      0,
      -0.505495
    ],
    [
      0.505496,
      0,
      0.505495
    ]
  ]
}
