{
  "skeleton": [
    {
      "name": "root",
      "parent": "root",
      "initpos": [
        0,
        0,
        1.772899
      ],
      "initquaternion": [
        1,
        0,
        0,
        0
      ],
      "initscale": [
        1,
        0.999999,
        0.999999
      ],
      "offmtx": [
        [
          1,
          0,
          0,
          0
        ],
        [
          0,
          1,
          0,
          0
        ],
        [
          0,
          0,
          1,
          0
        ]
      ],
      "boundingbox": [
        [
          0,
          0,
          0
        ],
        [
          0,
          0,
          0
        ]
      ]
    },
    {
      "name": "Bone007",
      "parent": "root",
      "initpos": [
        0,
        0,
        3.75219
      ],
      "initquaternion": [
        0.707106,
        2.2197247062649694e-7,
        -0.707106,
        2.2197249904820637e-7
      ],
      "initscale": [
        1,
        0.999999,
        0.999999
      ],
      "offmtx": [
        [
          1.74845538936097e-7,
          0,
          0.999999,
          3.752186
        ],
        [
          3.2630697432978195e-7,
          0.999999,
          0,
          0
        ],
        [
          -1,
          3.263070311732008e-7,
          1.7484555314695172e-7,
          6.560533734045748e-7
        ]
      ],
      "boundingbox": [
        [
          0.295197,
          -13.225053,
          -1.099277
        ],
        [
          10.255517,
          8.156743,
          1.099281
        ]
      ]
    },
    {
      "name": "Bone001",
      "parent": "Bone007",
      "initpos": [
        8.537899,
        -1.0886387968866984e-7,
        -3.7320370438465034e-7
      ],
      "initquaternion": [
        -1.5604881298258988e-7,
        1,
        3.6955273685634893e-7,
        -1.1708216618444567e-7
      ],
      "initscale": [
        0.999999,
        0.999999,
        0.999999
      ],
      "offmtx": [
        [
          3.8583596051466884e-7,
          0,
          -0.999999,
          4.785713
        ],
        [
          -1.5146150644795853e-7,
          -0.999999,
          0,
          0.000002
        ],
        [
          -1,
          1.514614922371038e-7,
          -3.858359320929594e-7,
          0.000002
        ]
      ],
      "boundingbox": [
        [
          0.351264,
          -0.000643,
          -0.140176
        ],
        [
          0.655059,
          0.000649,
          0.140177
        ]
      ]
    },
    {
      "name": "Bind",
      "parent": "Bone001",
      "initpos": [
        0.487933,
        -5.634055924019776e-7,
        -0.000001
      ],
      "initquaternion": [
        0.707107,
        0,
        -0.707106,
        0
      ],
      "initscale": [
        1,
        0.999999,
        0.999999
      ],
      "offmtx": [
        [
          1,
          6.465693331847433e-7,
          -7.657799869775772e-7,
          0.000001
        ],
        [
          -6.465695605584187e-7,
          0.999999,
          -3.2584080145170446e-7,
          -3.879749499446916e-7
        ],
        [
          7.657798732907395e-7,
          3.2584125619905535e-7,
          0.999999,
          -4.297776
        ]
      ],
      "boundingbox": [
        [
          0.140174,
          0.000644,
          0.136659
        ],
        [
          0.140174,
          0.000644,
          0.136659
        ]
      ]
    },
    {
      "name": "Bone002",
      "parent": "Bone007",
      "initpos": [
        4.863,
        5.418749,
        -1.100376
      ],
      "initquaternion": [
        0,
        -3.283078626736824e-7,
        0.377134,
        0.926158
      ],
      "initscale": [
        1,
        1,
        1
      ],
      "offmtx": [
        [
          -2.488876873485424e-7,
          0.698573,
          0.715538,
          -4.580214
        ],
        [
          5.655918471347832e-7,
          0.715538,
          -0.698573,
          -3.101343
        ],
        [
          -1,
          2.3083646283339476e-7,
          -5.731960186494689e-7,
          1.100382
        ]
      ],
      "boundingbox": [
        [
          0.236545,
          -0.414218,
          -0.172603
        ],
        [
          2.875577,
          1.021011,
          0.000053
        ]
      ]
    },
    {
      "name": "Bone004",
      "parent": "Bone007",
      "initpos": [
        5.990991,
        6.194398,
        0.000002
      ],
      "initquaternion": [
        1.6199319929910416e-7,
        1.1653228426666828e-7,
        0.391966,
        0.919979
      ],
      "initscale": [
        0.999998,
        0.999998,
        1
      ],
      "offmtx": [
        [
          3.227561649055133e-7,
          0.721202,
          0.692724,
          -6.018287
        ],
        [
          -1.633735564610106e-7,
          0.692724,
          -0.721202,
          -2.676385
        ],
        [
          -1,
          1.1959967594066256e-7,
          3.4140643379032554e-7,
          -4.375864364192239e-7
        ]
      ],
      "boundingbox": [
        [
          -0.003332,
          -0.817113,
          -0.330259
        ],
        [
          8.896965,
          1.262099,
          0.332496
        ]
      ]
    },
    {
      "name": "Bone005",
      "parent": "Bone007",
      "initpos": [
        5.938691,
        5.077888,
        0.000002
      ],
      "initquaternion": [
        0,
        0,
        0.201584,
        0.979471
      ],
      "initscale": [
        0.999999,
        0.999999,
        1
      ],
      "offmtx": [
        [
          1.288560298462471e-7,
          0.394891,
          0.918727,
          -4.01401
        ],
        [
          2.9978727411617e-7,
          0.918727,
          -0.394891,
          -3.801765
        ],
        [
          -1,
          3.263070311732008e-7,
          0,
          -9.536746574667632e-7
        ]
      ],
      "boundingbox": [
        [
          -0.033597,
          -0.831361,
          -0.197118
        ],
        [
          4.257015,
          0.601657,
          0.199348
        ]
      ]
    },
    {
      "name": "Bone006",
      "parent": "Bone007",
      "initpos": [
        5.79859,
        4.297288,
        0.000001
      ],
      "initquaternion": [
        0,
        0,
        -0.007031,
        0.999975
      ],
      "initscale": [
        0.999999,
        0.999999,
        1
      ],
      "offmtx": [
        [
          0,
          -0.014062,
          0.999901,
          -1.985762
        ],
        [
          3.262747725329973e-7,
          0.999901,
          0.014062,
          -4.325646
        ],
        [
          -1,
          3.263070027514914e-7,
          0,
          -4.768372718899627e-7
        ]
      ],
      "boundingbox": [
        [
          0.008393,
          -0.618305,
          -0.554789
        ],
        [
          2.279987,
          0.512526,
          0.55479
        ]
      ]
    },
    {
      "name": "Bone003",
      "parent": "Bone007",
      "initpos": [
        4.863,
        5.418738,
        1.099623
      ],
      "initquaternion": [
        0.926158,
        0.377134,
        -1.3132816434335837e-7,
        -5.428948384178511e-7
      ],
      "initscale": [
        1,
        1,
        1
      ],
      "offmtx": [
        [
          2.2794931453518075e-7,
          0.698572,
          0.715538,
          -4.580214
        ],
        [
          5.691933324669662e-7,
          -0.715538,
          0.698572,
          3.101342
        ],
        [
          1,
          2.4804063514238806e-7,
          -5.607295179288485e-7,
          1.099616
        ]
      ],
      "boundingbox": [
        [
          0.236545,
          -1.021013,
          -0.173368
        ],
        [
          2.875577,
          0.414216,
          -0.00071
        ]
      ]
    },
    {
      "name": "Bone008",
      "parent": "Bone007",