{"skeleton":[{"name":"root","parent":"root","initpos":[0.0,0.0,-0.0],"initquaternion":[0.707106,0.0,0.0,0.707106],"initscale":[1.0,0.999999,0.999999],"offmtx":[[1.0,0.0,0.0,-0.0],[-0.0,0.0,0.999999,-0.0],[0.0,-0.999999,0.0,-0.0]],"boundingbox":[[0.581395,0.581395,-3.952197],[0.581395,0.581395,-3.952197]]},{"name":"Bone001","parent":"root","initpos":[-0.0,0.108598,2.986169],"initquaternion":[0.0,0.707106,0.0,0.707106],"initscale":[1.0,1.0,1.0],"offmtx":[[3.1391681432069163e-07,0.999999,0.0,2.986169],[-0.0,0.0,0.999999,-0.108598],[1.0,-3.139167858989822e-07,0.0,-9.374087426294864e-07]],"boundingbox":[[-4.356283,-6.790753,-1.931372],[15.399538,6.573558,0.892616]]}],"boundingbox":[[-1.931367,-7.342452,-6.682156],[0.892619,12.413367,6.682155]]}