{"skeleton":[{"name":"root","parent":"root","initpos":[0.0,0.0,-0.0],"initquaternion":[0.707106,0.0,0.0,0.707106],"initscale":[1.0,0.999999,0.999999],"offmtx":[[1.0,0.0,0.0,0.0],[0.0,1.0,0.0,0.0],[0.0,0.0,1.0,0.0]],"boundingbox":[[0.0,0.0,0.0],[0.0,0.0,0.0]]},{"name":"Bone007","parent":"root","initpos":[0.0,7.186594,-0.0],"initquaternion":[-0.707106,-4.832858735426271e-07,4.2146834289269464e-07,0.707106],"initscale":[1.0,1.0,1.0],"offmtx":[[1.0,-0.0,1e-06,-9e-06],[0.0,0.999999,-4.88761884298583e-07,3e-06],[-1e-06,4.887619979854207e-07,0.999999,-7.186594]],"boundingbox":[[-0.155101,0.091943,-0.170329],[0.125251,0.092663,0.133463]]},{"name":"Bone001","parent":"root","initpos":[-2.663486498022394e-07,1.477945,-0.103912],"initquaternion":[-0.707084,0.005612,0.707084,-0.005612],"initscale":[1.0,1.0,1.0],"offmtx":[[-0.0,0.999874,-0.015873,-0.080439],[-1.509863096771369e-07,-0.015873,-0.999874,1.479408],[-1.0,0.0,1.5098629546628217e-07,-4.896226073469734e-07]],"boundingbox":[[-13.239438,-8.139311,-1.515376],[12.975283,2.049822,0.929428]]}],"boundingbox":[[-0.929428,-13.028353,-0.632902],[1.515376,13.175112,9.456277]]}