{"skeleton":[{"name":"root","parent":"root","initpos":[0.0,0.0,-0.0],"initquaternion":[0.707106,0.0,0.0,0.707106],"initscale":[1.0,0.999999,0.999999],"offmtx":[[1.0,0.0,0.0,0.0],[0.0,1.0,0.0,0.0],[0.0,0.0,1.0,0.0]],"boundingbox":[[0.0,0.0,0.0],[0.0,0.0,0.0]]},{"name":"Bone001","parent":"root","initpos":[0.0,0.0,-0.0],"initquaternion":[0.5,-0.499999,-0.5,-0.499999],"initscale":[1.0,1.0,1.0],"offmtx":[[3.1391647326017846e-07,0.999999,0.0,-0.0],[-1.0,3.1391644483846903e-07,-2.2252532971833716e-07,0.0],[-2.2252534392919188e-07,0.0,0.999999,-0.0]],"boundingbox":[[-3.207211,-1.728166,-5.511713],[17.894107,1.728167,5.113798]]}],"boundingbox":[[-1.728165,-3.20721,-5.511713],[1.728166,17.894107,5.113797]]}