{
  "skeleton": [
    {
      "name": "root",
      "parent": "root",
      "initpos": [
        0,
        0,
        0
      ],
      "initquaternion": [
        0.707106,
        0,
        0,
        0.707106
      ],
      "initscale": [
        1,
        0.999999,
        0.999999
      ],
      "offmtx": [
        [
          1,
          0,
          0,
          0
        ],
        [
          0,
          1,
          0,
          0
        ],
        [
          0,
          0,
          1,
          0
        ]
      ],
      "boundingbox": [
        [
          0,
          0,
          0
        ],
        [
          0,
          0,
          0
        ]
      ]
    },
    {
      "name": "Bone001",
      "parent": "root",
      "initpos": [
        0,
        0,
        -0.15658
      ],
      "initquaternion": [
        0.500001,
        -0.499998,
        -0.500001,
        -0.499998
      ],
      "initscale": [
        1,
        1,
        1
      ],
      "offmtx": [
        [
          1.6292068494294654e-7,
          0.999999,
          0,
          -0.15658
        ],
        [
          -1,
          1.6292067073209182e-7,
          -0.000004,
          0
        ],
        [
          -0.000004,
          0,
          0.999999,
          0
        ]
      ],
      "boundingbox": [
        [
          -5.946331,
          -6.128699,
          -2.082957
        ],
        [
          9.345182,
          6.594897,
          3.513183
        ]
      ]
    }
  ],
  "boundingbox": [
    [
      -6.594888,
      -5.78975,
      -2.082971
    ],
    [
      6.1287,
      9.501761,
      3.513184
    ]
  ]
}
