{
  "skeleton": [
    {
      "name": "root",
      "parent": "root",
      "initpos": [
        0,
        0,
        0
      ],
      "initquaternion": [
        0.707106,
        0,
        0,
        0.707106
      ],
      "initscale": [
        1,
        0.999999,
        0.999999
      ],
      "offmtx": [
        [
          1,
          0,
          0,
          0
        ],
        [
          0,
          1,
          0,
          0
        ],
        [
          0,
          0,
          1,
          0
        ]
      ],
      "boundingbox": [
        [
          0,
          0,
          0
        ],
        [
          0,
          0,
          0
        ]
      ]
    },
    {
      "name": "Bone002",
      "parent": "root",
      "initpos": [
        0.04712,
        0,
        -9.248481
      ],
      "initquaternion": [
        -0.49891,
        0.501087,
        0.501093,
        0.498903
      ],
      "initscale": [
        1,
        1,
        1
      ],
      "offmtx": [
        [
          -0.004367,
          0.99999,
          0,
          -9.248188
        ],
        [
          -0.99999,
          -0.004367,
          -0.000013,
          0.087508
        ],
        [
          -0.000013,
          0,
          0.999999,
          5.489584964379901e-7
        ]
      ],
      "boundingbox": [
        [
          -6.618309,
          -0.314131,
          -0.878998
        ],
        [
          8.342082,
          0.400843,
          0.97648
        ]
      ]
    },
    {
      "name": "Bone001",
      "parent": "root",
      "initpos": [
        0,
        1.6283746617773431e-7,
        1.422468
      ],
      "initquaternion": [
        -0.495974,
        0.503993,
        0.503995,
        0.495972
      ],
      "initscale": [
        0.999999,
        0.999999,
        0.999999
      ],
      "offmtx": [
        [
          -0.016041,
          0.999871,
          0,
          1.422285
        ],
        [
          -0.999871,
          -0.016041,
          -0.000003,
          -0.022818
        ],
        [
          -0.000003,
          0,
          0.999999,
          -1.611146984714651e-7
        ]
      ],
      "boundingbox": [
        [
          -5.927845,
          -0.672448,
          -4.009197
        ],
        [
          4.368432,
          1.06091,
          2.505023
        ]
      ]
    }
  ],
  "boundingbox": [
    [
      -1.063125,
      -7.345864,
      -4.009201
    ],
    [
      0.607495,
      17.589017,
      2.505021
    ]
  ]
}
