{"skeleton":[{"name":"root","parent":"root","initpos":[0.0,0.0,0.768795],"initquaternion":[0.707106,0.0,0.0,0.707106],"initscale":[1.0,0.999999,0.999999],"offmtx":[[1.0,0.0,0.0,0.0],[0.0,1.0,0.0,0.0],[0.0,0.0,1.0,0.0]],"boundingbox":[[0.0,0.0,0.0],[0.0,0.0,0.0]]},{"name":"Bone001","parent":"root","initpos":[-1.4294477068688138e-07,-2.281383,9.476608],"initquaternion":[-0.000899,0.707106,-0.000899,0.707106],"initscale":[1.0,0.999999,0.999999],"offmtx":[[-0.0,0.999996,-0.002543,9.47273],[1.192087779600115e-07,0.002543,0.999996,1.536685],[1.0,0.0,-1.192094316593284e-07,-0.0]],"boundingbox":[[1.564578,-1.715476,-6.204786],[16.435987,5.058701,6.227519]]},{"name":"Bone002","parent":"root","initpos":[0.0,-0.768793,-0.0],"initquaternion":[0.0,0.0,0.0,1.0],"initscale":[1.0,1.0,1.0],"offmtx":[[1.0,0.0,-4.7683712978141557e-07,0.0],[4.76837158203125e-07,-7.7882867799417e-07,0.999999,-7.622558086950448e-07],[-0.0,-0.999999,-7.7882867799417e-07,0.0]],"boundingbox":[[-6.155519,-2.853272,-6.912723],[6.155522,-0.234226,9.321688]]}],"boundingbox":[[-6.204786,-9.321686,-3.236599],[6.227519,6.955109,3.515164]]}