{
  "skeleton": [
    {
      "name": "root",
      "parent": "root",
      "initpos": [
        0,
        0,
        0
      ],
      "initquaternion": [
        -1.1920928955078125e-7,
        0,
        0,
        1
      ],
      "initscale": [
        1,
        0.999999,
        0.999999
      ],
      "offmtx": [
        [
          1,
          0,
          0,
          0
        ],
        [
          0,
          1,
          0,
          0
        ],
        [
          0,
          0,
          1,
          0
        ]
      ],
      "boundingbox": [
        [
          0,
          0,
          0
        ],
        [
          0,
          0,
          0
        ]
      ]
    },
    {
      "name": "Bone001",
      "parent": "root",
      "initpos": [
        0,
        25.382181,
        0.000007
      ],
      "initquaternion": [
        0.707106,
        0,
        0,
        0.707106
      ],
      "initscale": [
        1,
        1,
        1
      ],
      "offmtx": [
        [
          1,
          0,
          0,
          0
        ],
        [
          0,
          1.1920927533992653e-7,
          0.999999,
          -0.000003
        ],
        [
          0,
          -0.999999,
          1.1920927533992653e-7,
          25.382181
        ]
      ],
      "boundingbox": [
        [
          -3.249999,
          -2.599998,
          -1.217817
        ],
        [
          3.35,
          0.550271,
          1.482183
        ]
      ]
    }
  ],
  "boundingbox": [
    [
      -3.249999,
      23.899997,
      -2.600001
    ],
    [
      3.35,
      26.599996,
      0.550267
    ]
  ]
}
