{"skeleton":[{"name":"root","parent":"root","initpos":[0.0,0.0,0.800169],"initquaternion":[0.707106,0.0,0.0,0.707106],"initscale":[1.0,0.999999,0.999999],"offmtx":[[1.0,0.0,0.0,0.0],[0.0,1.0,0.0,0.0],[0.0,0.0,1.0,0.0]],"boundingbox":[[0.0,0.0,0.0],[0.0,0.0,0.0]]},{"name":"Bone001","parent":"root","initpos":[-0.005787,-0.001773,-4.140398175422888e-07],"initquaternion":[0.0,0.707106,0.0,0.707106],"initscale":[1.0,1.0,1.0],"offmtx":[[1.9517284499670495e-07,0.999999,0.0,-4.1291119146080746e-07],[-0.0,0.0,0.999999,-0.798396],[1.0,-1.9517283078585024e-07,0.0,0.005787]],"boundingbox":[[-8.715092,-3.357254,-5.962584],[8.161035,3.135207,6.091795]]}],"boundingbox":[[-5.96837,-8.715091,-2.558857],[6.086006,8.161034,3.933603]]}