{"skeleton":[{"name":"root","parent":"root","initpos":[0.0,0.0,-0.0],"initquaternion":[0.707106,0.0,0.0,0.707106],"initscale":[1.0,0.999999,0.999999],"offmtx":[[1.0,0.0,0.0,0.0],[0.0,1.0,0.0,0.0],[0.0,0.0,1.0,0.0]],"boundingbox":[[0.0,0.0,0.0],[0.0,0.0,0.0]]},{"name":"Bone001","parent":"root","initpos":[-0.016324,-0.68047,8.347855],"initquaternion":[-0.502436,0.497551,0.497551,0.502436],"initscale":[0.999999,0.999999,1.0],"offmtx":[[0.009771,0.999952,-0.0,8.347616],[-0.999952,0.009771,1.9154516905928176e-07,0.065247],[1.9155470454279566e-07,0.0,0.999999,0.680471]],"boundingbox":[[0.048471,-6.831959,-0.735537],[15.964468,6.734626,5.212247]]}],"boundingbox":[[-6.720942,-8.255926,-1.416007],[6.824717,7.555243,4.531776]]}