{"skeleton":[{"name":"root","parent":"root","initpos":[0.0,0.0,-0.0],"initquaternion":[0.707106,0.0,0.0,0.707106],"initscale":[1.0,0.999999,0.999999],"offmtx":[[1.0,0.0,0.0,0.0],[0.0,1.0,0.0,0.0],[0.0,0.0,1.0,0.0]],"boundingbox":[[0.0,0.0,0.0],[0.0,0.0,0.0]]},{"name":"Bone003","parent":"root","initpos":[-0.003029,-1e-06,-25.981359],"initquaternion":[-0.497034,0.502948,0.502949,0.497033],"initscale":[1.0,0.999999,0.999999],"offmtx":[[-0.011829,0.99993,0.0,-25.979579],[-0.99993,-0.011829,-2e-06,0.304323],[-2e-06,-0.0,1.0,2e-06]],"boundingbox":[[-2.042813,-4.34449,-5.411626],[4.71671,4.29342,4.331061]]}],"boundingbox":[[-4.295795,23.989139,-5.411617],[4.285505,30.73788,4.331048]]}