{
  "skeleton": [
    {
      "name": "root",
      "parent": "root",
      "initpos": [
        0,
        0,
        0
      ],
      "initquaternion": [
        0.707106,
        0,
        0,
        0.707106
      ],
      "initscale": [
        1,
        0.999999,
        0.999999
      ],
      "offmtx": [
        [
          1,
          0,
          0,
          0
        ],
        [
          0,
          1,
          0,
          0
        ],
        [
          0,
          0,
          1,
          0
        ]
      ],
      "boundingbox": [
        [
          0,
          0,
          0
        ],
        [
          0,
          0,
          0
        ]
      ]
    },
    {
      "name": "Bone001",
      "parent": "root",
      "initpos": [
        0,
        0,
        0
      ],
      "initquaternion": [
        -0.500381,
        0.499618,
        0.49959,
        0.500409
      ],
      "initscale": [
        0.999999,
        0.999999,
        0.999999
      ],
      "offmtx": [
        [
          0.001582,
          0.999998,
          0,
          0
        ],
        [
          -0.999998,
          0.001582,
          0.000056,
          0
        ],
        [
          0.000056,
          0,
          0.999999,
          0
        ]
      ],
      "boundingbox": [
        [
          -9.655652,
          -1.275701,
          -5.138896
        ],
        [
          11.463252,
          1.297733,
          4.469467
        ]
      ]
    }
  ],
  "boundingbox": [
    [
      -1.281106,
      -9.654649,
      -5.138875
    ],
    [
      1.281106,
      11.462443,
      4.469429
    ]
  ]
}
