{"skeleton":[{"name":"root","parent":"root","initpos":[0.0,0.0,-0.0],"initquaternion":[0.707106,0.0,0.0,0.707106],"initscale":[1.0,0.999999,0.999999],"offmtx":[[1.0,0.0,0.0,0.0],[0.0,1.0,0.0,0.0],[0.0,0.0,1.0,0.0]],"boundingbox":[[0.0,0.0,0.0],[0.0,0.0,0.0]]},{"name":"Bone005","parent":"root","initpos":[-1.921372,-1.0823612228705315e-07,0.14382],"initquaternion":[0.5,-0.499999,-0.5,-0.499999],"initscale":[1.0,1.0,1.0],"offmtx":[[1.6292068494294654e-07,1.0,0.0,0.143819],[-1.0,1.6292068494294654e-07,-2.6233831817989994e-07,-1.921372],[-2.6233831817989994e-07,0.0,1.0,-1.9455887922958937e-07]],"boundingbox":[[-0.011255,-2.142568,-7.491599],[4.053277,2.128334,2.117926]]}],"boundingbox":[[-4.049704,-0.155076,-7.491598],[0.221195,3.909456,2.117925]]}