{
  "skeleton": [
    {
      "name": "root",
      "parent": "root",
      "initpos": [
        0,
        0,
        0
      ],
      "initquaternion": [
        0.707106,
        0,
        0,
        0.707106
      ],
      "initscale": [
        1,
        0.999999,
        0.999999
      ],
      "offmtx": [
        [
          1,
          0,
          0,
          0
        ],
        [
          0,
          1,
          0,
          0
        ],
        [
          0,
          0,
          1,
          0
        ]
      ],
      "boundingbox": [
        [
          0,
          0,
          0
        ],
        [
          0,
          0,
          0
        ]
      ]
    },
    {
      "name": "Bone007",
      "parent": "root",
      "initpos": [
        1.874989,
        1.1698679003302459e-7,
        0.119619
      ],
      "initquaternion": [
        -0.500852,
        0.499145,
        0.499145,
        0.500852
      ],
      "initscale": [
        1,
        0.999999,
        0.999999
      ],
      "offmtx": [
        [
          0.003413,
          0.999994,
          0,
          0.113216
        ],
        [
          -0.999994,
          0.003413,
          1.3511889562778379e-7,
          1.875386
        ],
        [
          1.3508547169749363e-7,
          0,
          1,
          0
        ]
      ],
      "boundingbox": [
        [
          -0.042711,
          -2.144999,
          -7.491598
        ],
        [
          4.036376,
          2.139752,
          2.117925
        ]
      ]
    }
  ],
  "boundingbox": [
    [
      -0.251021,
      -0.155075,
      -7.491598
    ],
    [
      4.019878,
      3.909458,
      2.117925
    ]
  ]
}
