{
  "skeleton": [
    {
      "name": "root",
      "parent": "root",
      "initpos": [
        0,
        0,
        0
      ],
      "initquaternion": [
        0.707106,
        0,
        0,
        0.707106
      ],
      "initscale": [
        1,
        0.999999,
        0.999999
      ],
      "offmtx": [
        [
          1,
          0,
          0,
          0
        ],
        [
          0,
          1,
          0,
          0
        ],
        [
          0,
          0,
          1,
          0
        ]
      ],
      "boundingbox": [
        [
          0,
          0,
          0
        ],
        [
          0,
          0,
          0
        ]
      ]
    },
    {
      "name": "Bone001",
      "parent": "root",
      "initpos": [
        0,
        0.081363,
        6.254375
      ],
      "initquaternion": [
        -0.000747,
        0.707106,
        -0.000747,
        0.707106
      ],
      "initscale": [
        0.999999,
        0.999999,
        0.999999
      ],
      "offmtx": [
        [
          0,
          0.999997,
          -0.002114,
          6.254534
        ],
        [
          1.1920894849026809e-7,
          0.002114,
          0.999997,
          -0.068144
        ],
        [
          1,
          0,
          -1.1920938902676426e-7,
          0
        ]
      ],
      "boundingbox": [
        [
          -0.251634,
          -5.723792,
          -0.500001
        ],
        [
          22.375728,
          5.589889,
          0.500001
        ]
      ]
    }
  ],
  "boundingbox": [
    [
      -0.500001,
      -6.506183,
      -5.656854
    ],
    [
      0.500001,
      16.121231,
      5.656852
    ]
  ]
}
