{"skeleton":[{"name":"root","parent":"root","initpos":[0.0,0.0,-0.0],"initquaternion":[0.707106,0.0,0.0,0.707106],"initscale":[1.0,0.999999,0.999999],"offmtx":[[1.0,0.0,0.0,-0.0],[-0.0,0.0,0.999999,-0.0],[0.0,-0.999999,0.0,-0.0]],"boundingbox":[[-3.984293,-0.69149,-36.34011],[3.984293,0.824704,-32.007118]]}],"boundingbox":[[-3.984293,32.007118,-0.691495],[3.984293,36.34011,0.824699]]}