{"skeleton":[{"name":"root","parent":"root","initpos":[0.0,0.0,-0.0],"initquaternion":[0.707106,0.0,0.0,0.707106],"initscale":[1.0,0.999999,0.999999],"offmtx":[[1.0,0.0,0.0,0.0],[0.0,1.0,0.0,0.0],[0.0,0.0,1.0,0.0]],"boundingbox":[[0.0,0.0,0.0],[0.0,0.0,0.0]]},{"name":"Bone001","parent":"root","initpos":[0.0,0.0,5.66562],"initquaternion":[0.707106,1e-06,-0.707106,1e-06],"initscale":[1.0,1.0,1.0],"offmtx":[[0.0,0.999999,0.0,5.405315],[4e-06,-0.0,-0.999999,-0.0],[-1.0,0.0,-4e-06,2.362738626970895e-07]],"boundingbox":[[-0.154186,-3.809444,-0.872775],[21.814506,3.809444,0.872775]]}],"boundingbox":[[-0.872759,-5.559501,-3.80944],[0.872759,16.409191,3.80944]]}