{"skeleton":[{"name":"root","parent":"root","initpos":[0.0,0.0,-0.0],"initquaternion":[0.707106,0.0,0.0,0.707106],"initscale":[1.0,0.999999,0.999999],"offmtx":[[1.0,0.0,0.0,0.0],[0.0,1.0,0.0,0.0],[0.0,0.0,1.0,0.0]],"boundingbox":[[0.0,0.0,0.0],[0.0,0.0,0.0]]},{"name":"Bone001","parent":"root","initpos":[0.0,0.0,-0.0],"initquaternion":[0.0,0.0,0.007461,0.999972],"initscale":[0.999999,0.999999,1.0],"offmtx":[[-1.6290255189232994e-07,0.014923,-0.999888,0.0],[-0.0,0.999888,0.014923,0.0],[1.0,0.0,-1.6226836407895462e-07,0.0]],"boundingbox":[[-8.918448,-1.838988,-0.344748],[8.896619,2.07545,0.344744]]}],"boundingbox":[[-0.344747,-1.95016,-8.897609],[0.344743,1.950161,8.89761]]}