{
  "skeleton": [
    {
      "name": "root",
      "parent": "root",
      "initpos": [
        0,
        0,
        0
      ],
      "initquaternion": [
        0.707106,
        0,
        0,
        0.707106
      ],
      "initscale": [
        1,
        0.999999,
        0.999999
      ],
      "offmtx": [
        [
          1,
          0,
          0,
          0
        ],
        [
          0,
          1,
          0,
          0
        ],
        [
          0,
          0,
          1,
          0
        ]
      ],
      "boundingbox": [
        [
          0,
          0,
          0
        ],
        [
          0,
          0,
          0
        ]
      ]
    },
    {
      "name": "Bone001",
      "parent": "root",
      "initpos": [
        0,
        0,
        -17.508756
      ],
      "initquaternion": [
        0,
        0.707106,
        0,
        0.707106
      ],
      "initscale": [
        1,
        1,
        1
      ],
      "offmtx": [
        [
          1.6292068494294654e-7,
          0.999999,
          0,
          -17.508758
        ],
        [
          0,
          0,
          0.999999,
          0.000001
        ],
        [
          1,
          -1.6292067073209182e-7,
          0,
          0.000002
        ]
      ],
      "boundingbox": [
        [
          -6.931713,
          -14.006324,
          -9.999118
        ],
        [
          15.068286,
          18.008062,
          10.000885
        ]
      ]
    },
    {
      "name": "Bone003",
      "parent": "Bone001",
      "initpos": [
        3.037912,
        18.005674,
        12.975999
      ],
      "initquaternion": [
        0,
        0,
        0,
        1
      ],
      "initscale": [
        1,
        1,
        1
      ],
      "offmtx": [
        [
          1.6292068494294654e-7,
          0.999999,
          0,
          -20.546676
        ],
        [
          -1.1127254140319565e-7,
          0,
          0.999999,
          -18.005668
        ],
        [
          1,
          -1.6292067073209182e-7,
          1.1127253429776829e-7,
          -12.975998
        ]
      ],
      "boundingbox": [
        [
          -1.969623,
          -3.997614,
          -2.975116
        ],
        [
          8.030374,
          3.002386,
          5.024887
        ]
      ]
    },
    {
      "name": "Bone005",
      "parent": "Bone003",
      "initpos": [
        -7.324921,
        -0.024286,
        9.5367431640625e-7
      ],
      "initquaternion": [
        -1.9470719792025193e-7,
        1,
        -1.9470719792025193e-7,
        0
      ],
      "initscale": [
        0.999999,
        0.999999,
        0.999999
      ],
      "offmtx": [
        [
          0,
          -0.999999,
          0,
          13.22175
        ],
        [
          -5.006868946111354e-7,
          0,
          0.999999,
          -17.981382
        ],
        [
          -1,
          0,
          -5.006868377677165e-7,
          12.976011
        ]
      ],
      "boundingbox": [
        [
          -7.355292,
          0.026666,
          -3.024888
        ],
        [
          10.517868,
          2.02667,
          0.975112
        ]
      ]
    },
    {
      "name": "Bone002",
      "parent": "Bone001",
      "initpos": [
        3.037914,
        18.005676,
        -12.976303
      ],
      "initquaternion": [
        0,
        0,
        0,
        1
      ],
      "initscale": [
        1,
        1,
        1
      ],
      "offmtx": [
        [
          1.6292068494294654e-7,
          0.999999,
          0,
          -20.546674
        ],
        [
          -1.1127254140319565e-7,
          0,
          0.999999,
          -18.005674
        ],
        [
          1,
          -1.6292067073209182e-7,
          1.1127253429776829e-7,
          12.976303
        ]
      ],
      "boundingbox": [
        [
          -1.969625,
          -3.997616,
          -5.022812
        ],
        [
          8.030371,
          3.002383,
          2.977192
        ]
      ]
    },
    {
      "name": "Bone004",
      "parent": "Bone002",
      "initpos": [
        -7.324919,
        -0.024286,
        0.000302
      ],
      "initquaternion": [
        -1.9470719792025193e-7,
        1,
        -1.9470719792025193e-7,
        0
      ],
      "initscale": [
        0.999999,
        0.999999,
        0.999999
      ],
      "offmtx": [
        [
          0,
          -0.999999,
          0,
          13.221754
        ],
        [
          -5.006868946111354e-7,
          0,
          0.999999,
          -17.981395
        ],
        [
          -1,
          0,
          -5.006868377677165e-7,
          -12.97599
        ]
      ],
      "boundingbox": [
        [
          -7.355289,
          0.026666,
          -0.976885
        ],
        [
          10.517871,
          2.026671,
          3.023115
        ]
      ]
    },
    {
      "name": "Bind",
      "parent": "Bone001",
      "initpos": [
        2.964469,
        7.0822,
        0
      ],
      "initquaternion": [
        -0.707108,
        -1.461111480693944e-7,
        0,
        0.707104
      ],
      "initscale": [
        1,
        1,
        1
      ],
      "offmtx": [
        [
          1.848942758897465e-7,
          0.999999,
          0,
          -20.47323
        ],
        [
          -1,
          1.8489426167889178e-7,
          -0.000005,
          0.000033
        ],
        [
          -0.000005,
          0,
          0.999999,
          -7.082199
        ]
      ],
      "boundingbox": [
        [
          -0.896185,
          9.999111,
          0.911528
        ],
        [
          -0.896185,
          9.999111,
          0.911528
        ]
      ]
    },
    {
      "name": "Bone009",
      "parent": "Bone001",
      "initpos": [
        1.056667,
        -14.962234,
        10.037
      ],
      "initquaternion": [
        -1.9470719792025193e-7,
        1,
        -1.9470719792025193e-7,
        0
      ],
      "initscale": [
        0.999999,
        0.999999,
        0.999999
      ],
      "offmtx": [
        [
          0,
          -0.999999,
          0,
          18.565422
        ],
        [
          -3.2584134146418364e-7,
          0,
          0.999999,
          14.96224
        ],
        [
          -1,
          0,
          -3.258413130424742e-7,
          10.036993
        ]
      ],
      "boundingbox": [
        [
          -0.011625,
          -1.244277,
          -1.963891
        ],
        [
          7.988373,
          0.955915,
          4.036108
        ]
      ]
    },
    {
      "name": "Bone007",
      "parent": "Bone009",
      "initpos": [
        10.090303,
        -0.533421,
        -0.372
      ],
      "initquaternion": [
        0,
        0,
        0,
        1
      ],
      "initscale": [
        1,
        1,
        1
      ],
      "offmtx": [
        [
          1.6881843123428553e-7,
          -0.999999,
          0,
          8.475116
        ],
        [
          -2.3841856489070778e-7,
          0,
          0.999999,
          15.495656
        ],
        [
          -1,
          -1.688184170234308e-7,
          -2.3841855067985307e-7,
          10.409
        ]
      ],
      "boundingbox": [
        [
          -1.092173,
          -0.510669,
          0.408109
        ],
        [
          6.907827,
          1.489328,
          2.408112
        ]
      ]
    },
    {
      "name": "Bone008",
      "parent": "Bone001",
      "initpos": [
        1.056632,
        -14.962236,
        -10.037118
      ],
      "initquaternion": [
        -1.9470719792025193e-7,
        1,
        -1.9470719792025193e-7,
        0
      ],
      "initscale": [
        0.999999,
        0.999999,
        0.999999
      ],