{
  "skeleton": [
    {
      "name": "root",
      "parent": "root",
      "initpos": [
        0,
        0,
        0
      ],
      "initquaternion": [
        0.707106,
        0,
        0,
        0.707106
      ],
      "initscale": [
        1,
        0.999999,
        0.999999
      ],
      "offmtx": [
        [
          1,
          0,
          0,
          0
        ],
        [
          0,
          1,
          0,
          0
        ],
        [
          0,
          0,
          1,
          0
        ]
      ],
      "boundingbox": [
        [
          0,
          0,
          0
        ],
        [
          0,
          0,
          0
        ]
      ]
    },
    {
      "name": "Bone001",
      "parent": "root",
      "initpos": [
        0,
        0,
        0
      ],
      "initquaternion": [
        -0.500003,
        0.499996,
        0.500003,
        0.499996
      ],
      "initscale": [
        0.999999,
        0.999999,
        1
      ],
      "offmtx": [
        [
          0,
          1,
          0,
          -3.5762786865234375e-7
        ],
        [
          -1,
          0,
          -0.000014,
          0
        ],
        [
          -0.000014,
          0,
          1,
          1.1920928955078125e-7
        ]
      ],
      "boundingbox": [
        [
          0.62205,
          -5.000008,
          -5.425522
        ],
        [
          16.088424,
          5.000076,
          0.685532
        ]
      ]
    }
  ],
  "boundingbox": [
    [
      -5,
      0.62205,
      -5.425452
    ],
    [
      5,
      16.088424,
      0.685462
    ]
  ]
}
