{"skeleton":[{"name":"root","parent":"root","initpos":[0.0,0.0,-0.0],"initquaternion":[0.707106,0.0,0.0,0.707106],"initscale":[1.0,0.999999,0.999999],"offmtx":[[1.0,0.0,0.0,0.0],[0.0,1.0,0.0,0.0],[0.0,0.0,1.0,0.0]],"boundingbox":[[0.0,0.0,0.0],[0.0,0.0,0.0]]},{"name":"Bone001","parent":"root","initpos":[0.012275,8.081747182586696e-07,7.319362],"initquaternion":[-0.498832,0.501165,0.501142,0.498854],"initscale":[1.0,0.999999,0.999999],"offmtx":[[-0.00462,0.999989,-1.495693595643388e-07,7.31934],[-0.999989,-0.00462,4.4e-05,-0.021542],[4.4e-05,3.570075932657346e-07,0.999999,2e-06]],"boundingbox":[[0.075711,-1.066482,-6.363979],[18.46491,0.953097,6.363986]]}],"boundingbox":[[-1.0,-7.241394,-6.36396],[1.0,11.143379,6.36396]]}