{
  "skeleton": [
    {
      "name": "root",
      "parent": "root",
      "initpos": [
        0,
        0,
        0
      ],
      "initquaternion": [
        0.707106,
        0,
        0,
        0.707106
      ],
      "initscale": [
        1,
        0.999999,
        0.999999
      ],
      "offmtx": [
        [
          1,
          0,
          0,
          0
        ],
        [
          0,
          1,
          0,
          0
        ],
        [
          0,
          0,
          1,
          0
        ]
      ],
      "boundingbox": [
        [
          0,
          0,
          0
        ],
        [
          0,
          0,
          0
        ]
      ]
    },
    {
      "name": "Bone001",
      "parent": "root",
      "initpos": [
        0,
        0,
        0
      ],
      "initquaternion": [
        -1.194486571876041e-7,
        -0.004032,
        0,
        0.999991
      ],
      "initscale": [
        0.999999,
        1,
        0.999999
      ],
      "offmtx": [
        [
          -1.7036575172824087e-7,
          -0.008064,
          -0.999967,
          0
        ],
        [
          -2.835038799275935e-7,
          0.999967,
          -0.008064,
          0
        ],
        [
          1,
          2.8212079428158177e-7,
          -1.7264639495806477e-7,
          0
        ]
      ],
      "boundingbox": [
        [
          -6.588065,
          -1.657082,
          -0.397294
        ],
        [
          6.338959,
          1.714005,
          0.397305
        ]
      ]
    }
  ],
  "boundingbox": [
    [
      -0.397294,
      -1.685602,
      -6.339163
    ],
    [
      0.397305,
      1.685594,
      6.583746
    ]
  ]
}
