{"skeleton":[{"name":"root","parent":"root","initpos":[0.0,0.0,-0.0],"initquaternion":[0.707106,0.0,0.0,0.707106],"initscale":[1.0,0.999999,0.999999],"offmtx":[[1.0,0.0,0.0,0.0],[0.0,1.0,0.0,0.0],[0.0,0.0,1.0,0.0]],"boundingbox":[[0.0,0.0,0.0],[0.0,0.0,0.0]]},{"name":"Bone001","parent":"root","initpos":[-2.118555,0.0,-0.0],"initquaternion":[-0.5,0.499999,0.499999,0.5],"initscale":[1.0,1.0,1.0],"offmtx":[[7.907535177764657e-07,0.999999,-0.0,1e-06],[-0.999999,7.907536314633035e-07,0.0,-2.118555],[0.0,-0.0,1.0,-0.0]],"boundingbox":[[-0.154578,-2.531875,-2.421322],[2.124749,2.026776,2.137327]]}],"boundingbox":[[-4.145329,-0.154576,-2.421322],[0.41332,2.124747,2.137327]]}