{
  "skeleton": [
    {
      "name": "root",
      "parent": "root",
      "initpos": [
        0,
        0,
        0
      ],
      "initquaternion": [
        0.707106,
        0,
        0,
        0.707106
      ],
      "initscale": [
        1,
        0.999999,
        0.999999
      ],
      "offmtx": [
        [
          1,
          0,
          0,
          0
        ],
        [
          0,
          1,
          0,
          0
        ],
        [
          0,
          0,
          1,
          0
        ]
      ],
      "boundingbox": [
        [
          0,
          0,
          0
        ],
        [
          0,
          0,
          0
        ]
      ]
    },
    {
      "name": "Bone001",
      "parent": "root",
      "initpos": [
        0,
        0.253849,
        0
      ],
      "initquaternion": [
        0.5,
        0.5,
        0.5,
        0.499999
      ],
      "initscale": [
        0.999999,
        1,
        0.999999
      ],
      "offmtx": [
        [
          3.938886834475852e-7,
          0,
          0.999999,
          1.994935
        ],
        [
          1.6292068494294654e-7,
          -0.999999,
          0,
          0
        ],
        [
          1,
          1.6292067073209182e-7,
          -3.938886550258758e-7,
          -7.857823334234126e-7
        ]
      ],
      "boundingbox": [
        [
          0.523674,
          -12.325159,
          -0.773041
        ],
        [
          8.484107,
          11.286257,
          0.773035
        ]
      ]
    },
    {
      "name": "Bone002",
      "parent": "Bone001",
      "initpos": [
        7.676246,
        -7.857577,
        0.000004
      ],
      "initquaternion": [
        -3.989920287494897e-7,
        -3.3717486758177984e-7,
        0.707106,
        0.707106
      ],
      "initscale": [
        1,
        1,
        1
      ],
      "offmtx": [
        [
          3.228676064281899e-7,
          -0.999999,
          0,
          7.857577
        ],
        [
          -6.472084237429954e-7,
          0,
          -0.999999,
          5.681311
        ],
        [
          1,
          3.2286757800648047e-7,
          -6.472083668995765e-7,
          6.754121386620682e-7
        ]
      ],
      "boundingbox": [
        [
          -0.039771,
          -0.807877,
          -0.213708
        ],
        [
          1.552315,
          0.784208,
          0.213709
        ]
      ]
    },
    {
      "name": "Bone003",
      "parent": "Bone001",
      "initpos": [
        7.676246,
        -6.28525,
        0.000004
      ],
      "initquaternion": [
        -3.371747538949421e-7,
        -3.371747254732327e-7,
        0.707106,
        0.707106
      ],
      "initscale": [
        1,
        1,
        1
      ],
      "offmtx": [
        [
          3.5367600048630266e-7,
          -0.999999,
          0,
          6.28525
        ],
        [
          -5.597856329586648e-7,
          0,
          -0.999999,
          5.681311
        ],
        [
          1,
          3.536759720645932e-7,
          -5.597855761152459e-7,
          7.134240149753168e-7
        ]
      ],
      "boundingbox": [
        [
          -0.020015,
          -0.807874,
          -0.213708
        ],
        [
          1.57207,
          0.784211,
          0.213709
        ]
      ]
    },
    {
      "name": "Bone004",
      "parent": "Bone001",
      "initpos": [
        7.676247,
        -4.64267,
        0.000004
      ],
      "initquaternion": [
        -3.371747538949421e-7,
        -3.371747254732327e-7,
        0.707106,
        0.707106
      ],
      "initscale": [
        1,
        1,
        1
      ],
      "offmtx": [
        [
          3.5367600048630266e-7,
          -0.999999,
          0,
          4.64267
        ],
        [
          -5.597856329586648e-7,
          0,
          -0.999999,
          5.681312
        ],
        [
          1,
          3.536759720645932e-7,
          -5.597855761152459e-7,
          0.000001
        ]
      ],
      "boundingbox": [
        [
          -0.07051,
          -0.807875,
          -0.213708
        ],
        [
          1.521575,
          0.784212,
          0.213709
        ]
      ]
    },
    {
      "name": "Bone005",
      "parent": "Bone001",
      "initpos": [
        7.676247,
        -3.070344,
        0.000003
      ],
      "initquaternion": [
        -3.371747538949421e-7,
        -3.371747254732327e-7,
        0.707106,
        0.707106
      ],
      "initscale": [
        1,
        1,
        1
      ],
      "offmtx": [
        [
          3.5367600048630266e-7,
          -0.999999,
          0,
          3.070344
        ],
        [
          -5.597856329586648e-7,
          0,
          -0.999999,
          5.681312
        ],
        [
          1,
          3.536759720645932e-7,
          -5.597855761152459e-7,
          0.000002
        ]
      ],
      "boundingbox": [
        [
          -0.05075,
          -0.807871,
          -0.21371
        ],
        [
          1.541335,
          0.784214,
          0.213708
        ]
      ]
    },
    {
      "name": "Bone006",
      "parent": "Bone001",
      "initpos": [
        7.676248,
        -1.532565,
        0.000003
      ],
      "initquaternion": [
        -3.371747538949421e-7,
        -3.371747254732327e-7,
        0.707106,
        0.707106
      ],
      "initscale": [
        1,
        1,
        1
      ],
      "offmtx": [
        [
          3.5367600048630266e-7,
          -0.999999,
          0,
          1.532565
        ],
        [
          -5.597856329586648e-7,
          0,
          -0.999999,
          5.681313
        ],
        [
          1,
          3.536759720645932e-7,
          -5.597855761152459e-7,
          0.000002
        ]
      ],
      "boundingbox": [
        [
          0.003553,
          -0.807871,
          -0.213708
        ],
        [
          1.595642,
          0.784215,
          0.213709
        ]
      ]
    },
    {
      "name": "Bone007",
      "parent": "Bone001",
      "initpos": [
        7.676248,
        0.040153,
        0.000003
      ],
      "initquaternion": [
        -3.371747538949421e-7,
        -3.371747254732327e-7,
        0.707106,
        0.707106
      ],
      "initscale": [
        1,
        1,
        1
      ],
      "offmtx": [
        [
          3.5367600048630266e-7,
          -0.999999,
          0,
          -0.040153
        ],
        [
          -5.597856329586648e-7,
          0,
          -0.999999,
          5.681313
        ],
        [
          1,
          3.536759720645932e-7,
          -5.597855761152459e-7,
          0.000002
        ]
      ],
      "boundingbox": [
        [
          0.022916,
          -0.807866,
          -0.213708
        ],
        [
          1.615001,
          0.78422,
          0.213709
        ]
      ]
    },
    {
      "name": "Bind",
      "parent": "Bone007",
      "initpos": [
        -0.033437,
        0.04533,
        -9.755603969097137e-7
      ],
      "initquaternion": [
        0.5,
        -0.499999,
        0.499999,
        0.5
      ],
      "initscale": [
        0.999999,
        0.999999,
        1
      ],
      "offmtx": [
        [
          1,
          1.6292014493046736e-7,
          7.078052135511825e-7,
          -0.000003
        ],
        [
          -1.6291984650251834e-7,
          0.999999,
          -4.529873649516958e-7,
          0.006718
        ],
        [
          -7.078052703946014e-7,
          4.529873081082769e-7,
          0.999999,
          -5.635983
        ]
      ],
      "boundingbox": [
        [
          -0.213706,
          -0.852398,
          0.853195
        ],
        [
          -0.213706,
          -0.852398,
          0.853195
        ]
      ]
    },
    {
      "name": "Bone008",
      "parent": "Bone001",
      "initpos": [
        7.676259,
        1.752598,
        0.000002
      ],