{"skeleton":[{"name":"root","parent":"root","initpos":[0.0,0.0,-0.0],"initquaternion":[0.707106,0.0,0.0,0.707106],"initscale":[1.0,0.999999,0.999999],"offmtx":[[1.0,0.0,0.0,0.0],[0.0,1.0,0.0,0.0],[0.0,0.0,1.0,0.0]],"boundingbox":[[0.0,0.0,0.0],[0.0,0.0,0.0]]},{"name":"Bone001","parent":"root","initpos":[0.0,1.3078285121537192e-07,3.620878],"initquaternion":[0.5,-0.499999,-0.5,-0.499999],"initscale":[1.0,0.999999,0.999999],"offmtx":[[1.6292068494294654e-07,0.999999,0.0,6.268818],[-1.0,1.6292067073209182e-07,0.0,1e-06],[0.0,0.0,0.999999,-2.740187881045131e-07]],"boundingbox":[[0.374595,-1.488173,-2.540449],[23.578353,1.488178,2.540449]]}],"boundingbox":[[-1.488177,-5.894222,-2.540449],[1.488175,17.309535,2.540449]]}