{
  "skeleton": [
    {
      "name": "root",
      "parent": "root",
      "initpos": [
        0,
        0,
        0
      ],
      "initquaternion": [
        0.707106,
        0,
        0,
        0.707106
      ],
      "initscale": [
        1,
        0.999999,
        0.999999
      ],
      "offmtx": [
        [
          1,
          0,
          0,
          0
        ],
        [
          0,
          1,
          0,
          0
        ],
        [
          0,
          0,
          1,
          0
        ]
      ],
      "boundingbox": [
        [
          0,
          0,
          0
        ],
        [
          0,
          0,
          0
        ]
      ]
    },
    {
      "name": "Bone001",
      "parent": "root",
      "initpos": [
        0,
        0.172181,
        5.584561
      ],
      "initquaternion": [
        0,
        0.707106,
        0,
        0.707107
      ],
      "initscale": [
        1,
        1,
        1
      ],
      "offmtx": [
        [
          3.1391647326017846e-7,
          0.999999,
          0,
          5.584561
        ],
        [
          -1.7484556735780643e-7,
          0,
          0.999999,
          -0.172185
        ],
        [
          1,
          -3.1391644483846903e-7,
          1.7484555314695172e-7,
          -0.000001
        ]
      ],
      "boundingbox": [
        [
          -0.24449,
          -6.536145,
          -0.750005
        ],
        [
          16.72607,
          6.191775,
          0.749996
        ]
      ]
    }
  ],
  "boundingbox": [
    [
      -0.75,
      -5.829051,
      -6.36396
    ],
    [
      0.75,
      11.141508,
      6.363959
    ]
  ]
}
