{
  "skeleton": [
    {
      "name": "root",
      "parent": "root",
      "initpos": [
        0,
        0,
        0
      ],
      "initquaternion": [
        0.707106,
        0,
        0,
        0.707106
      ],
      "initscale": [
        1,
        0.999999,
        0.999999
      ],
      "offmtx": [
        [
          1,
          0,
          0,
          0
        ],
        [
          0,
          1,
          0,
          0
        ],
        [
          0,
          0,
          1,
          0
        ]
      ],
      "boundingbox": [
        [
          0,
          0,
          0
        ],
        [
          0,
          0,
          0
        ]
      ]
    },
    {
      "name": "Bone004",
      "parent": "root",
      "initpos": [
        0,
        0,
        -28.993461
      ],
      "initquaternion": [
        -0.498293,
        0.5017,
        0.501693,
        0.4983
      ],
      "initscale": [
        1,
        1,
        1
      ],
      "offmtx": [
        [
          -0.006799,
          0.999976,
          -1.3455964165132173e-7,
          -28.99279
        ],
        [
          -0.999976,
          -0.006799,
          0.000006,
          0.197149
        ],
        [
          0.000006,
          1.7884542558022076e-7,
          0.999999,
          -0.000005
        ]
      ],
      "boundingbox": [
        [
          -0.161226,
          -4.669657,
          -4.657733
        ],
        [
          5.088327,
          4.678939,
          4.684144
        ]
      ]
    }
  ],
  "boundingbox": [
    [
      -4.678136,
      28.863939,
      -4.657702
    ],
    [
      4.663552,
      34.05384,
      4.684113
    ]
  ]
}
