{"animation":{"fields":["time","attr"],"times":[0.0,0.033333,0.066666,0.1,0.133333,0.166666,0.2,0.233333,0.266666,0.3,0.333333,0.366666,0.4,0.433333,0.466666,0.5,0.533333,0.566666,0.6,0.633333,0.666666,0.7,0.733333,0.766666,0.8,0.833333,0.866666,0.9,0.933333,0.966666,1.0,1.03333,1.06667,1.1,1.13333,1.16667,1.2,1.23333,1.26667,1.3,1.33333],"poses":[-0.103817,2.99706,-1.50697,-0.103817,2.9961,-1.50697,-0.103817,2.99335,-1.50697,-0.103817,2.98902,-1.50697,-0.103817,2.98329,-1.50697,-0.103817,2.97637,-1.50697,-0.103817,2.96846,-1.50697,-0.103817,2.95976,-1.50697,-0.103817,2.95046,-1.50697,-0.103817,2.94076,-1.50697,-0.103817,2.93087,-1.50697,-0.103817,2.92097,-1.50697,-0.103817,2.91127,-1.50697,-0.103817,2.90197,-1.50697,-0.103817,2.89327,-1.50697,-0.103817,2.88536,-1.50697,-0.103817,2.87844,-1.50697,-0.103817,2.87272,-1.50697,-0.103817,2.86838,-1.50697,4.03036,0.511363,0.103816,4.23658,0.017645,-2.39574,4.23658,0.017645,2.4838,0.120693,-0.186005,-0.974829,0.12176,-0.185964,-0.974828,0.124814,-0.185847,-0.974827,0.15248,-0.184785,-0.974818,0.172494,-0.184017,-0.974811,0.183274,-0.183603,-0.974807,0.194274,-0.183181,-0.974803,0.205275,-0.182759,-0.9748,0.216055,-0.182345,-0.974796,0.236069,-0.181577,-0.974789,0.244862,-0.181239,-0.974786,0.252551,-0.180944,-0.974783,0.258916,-0.1807,-0.974781,0.163573,0.024259,1.00958,0.164577,0.024298,1.00958,0.167448,0.024408,1.00959,0.171979,0.024582,1.00959,0.177964,0.024812,1.00959,0.185194,0.025089,1.00959,0.202559,0.025756,1.0096,0.21228,0.026129,1.0096,0.222415,0.026518,1.00961,0.232758,0.026915,1.00961,0.253237,0.027701,1.00962,0.272055,0.028423,1.00962,0.287553,0.029018,1.00963,0.293537,0.029248,1.00963,0.298069,0.029422,1.00963,1.49713,1.50601,0.103816,-0.103817,2.86563,-1.50697,-0.103817,2.86467,-1.50697,-0.103817,2.86562,-1.50697,0.129633,-0.185662,-0.974826,0.135998,-0.185418,-0.974824,0.143687,-0.185123,-0.974821,0.162156,-0.184414,-0.974814,0.226393,-0.181948,-0.974793,0.263735,-0.180515,-0.97478,0.266789,-0.180398,-0.974779,0.267856,-0.180356,-0.974778,0.266802,-0.180397,-0.974779,0.263736,-0.180515,-0.97478,0.226393,-0.181948,-0.974792,0.162156,-0.184413,-0.974814,0.143687,-0.185122,-0.974821,0.135998,-0.185418,-0.974823,0.129633,-0.185662,-0.974825,0.193461,0.025407,1.0096,0.243101,0.027312,1.00961,0.262957,0.028074,1.00962,0.280323,0.028741,1.00962,0.30094,0.029532,1.00963,0.301943,0.029571,1.00963,0.300952,0.029532,1.00963,0.280323,0.028741,1.00963,0.262958,0.028074,1.00962,0.243102,0.027312,1.00961,0.193461,0.025406,1.0096],"quats":[-0.518765,-0.540201,-0.458964,-0.477929,-0.057652,-0.022098,0.084528,0.994506,-0.189767,-0.011247,0.980044,0.058089,-0.188708,-0.011312,0.980248,0.058078,-0.18747,-0.011388,0.980486,0.058065,-0.185834,-0.011488,0.980797,0.058047,-0.183858,-0.011607,0.981169,0.058025,-0.181596,-0.011744,0.98159,0.058,-0.179106,-0.011893,0.982048,0.057972,-0.176445,-0.012053,0.982529,0.057939,-0.173669,-0.012217,0.983024,0.057907,-0.170834,-0.012385,0.98352,0.057871,-0.167998,-0.012551,0.984009,0.057835,-0.165217,-0.012713,0.98448,0.057798,-0.162549,-0.012868,0.984924,0.057763,-0.16005,-0.013012,0.985333,0.057729,-0.157779,-0.013142,0.985699,0.057697,-0.155792,-0.013255,0.986015,0.05767,-0.154147,-0.013348,0.986274,0.057646,0.261683,-0.052157,0.954822,-0.130823,0.258964,-0.052558,0.95556,-0.13069,0.257026,-0.05284,0.95608,-0.130594,0.254684,-0.053179,0.956704,-0.130476,0.252003,-0.053563,0.957411,-0.130338,0.24905,-0.05398,0.958181,-0.130182,0.245891,-0.054421,0.958995,-0.130011,0.242594,-0.054876,0.959833,-0.129828,0.239226,-0.055333,0.960678,-0.129636,0.235854,-0.055784,0.961512,-0.129441,0.229371,-0.056634,0.963082,-0.12905,0.226396,-0.057016,0.963787,-0.128866,0.22369,-0.057359,0.964422,-0.128694,0.221322,-0.057655,0.96497,-0.128543,0.219361,-0.057899,0.965421,-0.128414,-0.024325,0.001217,0.998453,-0.049976,0.086569,0.001946,0.99332,0.076262,-0.09613,0.136611,0.719475,0.67413,-0.519545,-0.539452,-0.459443,-0.477467,-0.520254,-0.538769,-0.460074,-0.476858,-0.521086,-0.537966,-0.460864,-0.476093,-0.521973,-0.537105,-0.461737,-0.475247,-0.52285,-0.536251,-0.462616,-0.474391,-0.523648,-0.535471,-0.463429,-0.473598,-0.524302,-0.53483,-0.464099,-0.472942,-0.523737,-0.535386,-0.463651,-0.473378,-0.523149,-0.535963,-0.463112,-0.473903,-0.522476,-0.536622,-0.462495,-0.474503,-0.521734,-0.537345,-0.461815,-0.475162,-0.520939,-0.538117,-0.461088,-0.475866,-0.520109,-0.53892,-0.460329,-0.476599,-0.519261,-0.539738,-0.459554,-0.477346,-0.518416,-0.54055,-0.458782,-0.478087,-0.517577,-0.541353,-0.458016,-0.478822,-0.516775,-0.542117,-0.457285,-0.479522,-0.516024,-0.542831,-0.4566,-0.480176,-0.51534,-0.543479,-0.455976,-0.48077,-0.514741,-0.544044,-0.455431,-0.481288,-0.514244,-0.544512,-0.454979,-0.481717,-0.514619,-0.544156,-0.455398,-0.481324,-0.515298,-0.543513,-0.456055,-0.480701,-0.516043,-0.542806,-0.456764,-0.480027,-0.516795,-0.542089,-0.457464,-0.479361,-0.5175,-0.541415,-0.458094,-0.47876,-0.5181,-0.54084,-0.458595,-0.478282,-0.51854,-0.540417,-0.458904,-0.477986,-0.060213,-0.023793,0.087828,0.994029,-0.062551,-0.025365,0.090829,0.993576,-0.064667,-0.026807,0.093533,0.993152,-0.066566,-0.028116,0.095942,0.99276,-0.068248,-0.029288,0.098058,0.992405,-0.069716,-0.030322,0.099882,0.99209,-0.070972,-0.031215,0.101416,0.991818,-0.072018,-0.031964,0.102662,0.99159,-0.072853,-0.032567,0.10362,0.99141,-0.073481,-0.033023,0.104291,0.991278,-0.073352,-0.032961,0.103442,0.991379,-0.072293,-0.03222,0.101686,0.991662,-0.070796,-0.031178,0.099302,0.992045,-0.068926,-0.029889,0.096389,0.992504,-0.066746,-0.028405,0.093046,0.993015,-0.064322,-0.026779,0.089373,0.993558,-0.06172,-0.02506,0.085469,0.994111,-0.059006,-0.023299,0.081435,0.994657,-0.056267,-0.021551,0.077399,0.995177,-0.053522,-0.019829,0.073389,0.995668,-0.050893,-0.018207,0.069585,0.99611,-0.048436,-0.016714,0.066067,0.996498,-0.046225,-0.015389,0.062941,0.996827,-0.044334,-0.014267,0.060315,0.997092,-0.04284,-0.013385,0.058296,0.997289,-0.041815,-0.012778,0.05699,0.997416,-0.041335,-0.012484,0.056505,0.997468,-0.041473,-0.012543,0.056945,0.997436,-0.04206,-0.012857,0.058068,0.997343,-0.042881,-0.013307,0.059557,0.997214,-0.043934,-0.013893,0.061412,0.997048,-0.045218,-0.014618,0.063632,0.996841,-0.046731,-0.015486,0.066215,0.99659,-0.048472,-0.016499,0.069161,0.99629,-0.050437,-0.017663,0.072467,0.995938,-0.052624,-0.01898,0.076132,0.995527,-0.055031,-0.020456,0.080153,0.995052,-0.152901,-0.013419,0.986468,0.057628,-0.189492,-0.011264,0.980097,0.058086,0.26043,-0.052343,0.955163,-0.130762,0.232547,-0.056221,0.962318,-0.129244,0.217875,-0.058082,0.965759,-0.128317,0.217875,-0.058081,0.965759,-0.128317,0.232546,-0.056221,0.962318,-0.129244,0.26043,-0.052342,0.955163,-0.130762,-0.024326,0.00119,0.998508,-0.04886,-0.024327,0.00116,0.998566,-0.047659,-0.024328,0.001125,0.998635,-0.046199,-0.02433,0.001086,0.998707,-0.044611,-0.024332,0.001047,0.998777,-0.043022,-0.024333,0.001012,0.998839,-0.041562,-0.024335,0.000983,0.998888,-0.040359,-0.024334,0.001015,0.998833,-0.041691,-0.024333,0.001037,0.998796,-0.042581,-0.024332,0.00106,0.998755,-0.043532,-0.024331,0.001084,0.998711,-0.044512,-0.02433,0.001108,0.998667,-0.045491,-0.024329,0.001131,0.998624,-0.046437,-0.024327,0.001156,0.998574,-0.047487,-0.024326,0.001188,0.998512,-0.048776,-0.024323,0.001222,0.998441,-0.050205,-0.024322,0.001259,0.998365,-0.051698,-0.02432,0.001295,0.998287,-0.053179,-0.024318,0.001329,0.998212,-0.054568,-0.024317,0.001358,0.998145,-0.055786,-0.024316,0.001382,0.998091,-0.056754,-0.024316,0.001363,0.998135,-0.055971,-0.024318,0.001338,0.998193,-0.054932,-0.024319,0.00131,0.998254,-0.0538,-0.024321,0.001282,0.998314,-0.052668,-0.024322,0.001257,0.998369,-0.051628,-0.024324,0.001236,0.998413,-0.050772,0.086566,0.00203,0.993246,0.077219,0.086562,0.00212,0.993166,0.07825,0.086559,0.002229,0.993066,0.079502,0.086555,0.002347,0.992956,0.080864,0.086552,0.002466,0.992845,0.082225,0.08655,0.002575,0.99274,0.083476,0.086548,0.002665,0.992653,0.084506,0.086547,0.002726,0.992593,