{"animation":{"fields":["time","attr"],"times":[0.0,0.033333,0.066666,0.1,0.133333,0.166666,0.2,0.233333,0.266666,0.3,0.333333,0.366666,0.4,0.433333,0.466666,0.5,0.533333,0.566666,0.6,0.633333,0.666666,0.7,0.733333,0.766666,0.8,0.833333,0.866666,0.9,0.933333,0.966666,1.0,1.03333,1.06667,1.1,1.13333,1.16667,1.2,1.23333,1.26667,1.3,1.33333],"poses":[-0.103817,2.99706,-1.50697,-0.103817,2.9961,-1.50697,-0.103817,2.99335,-1.50697,-0.103817,2.98902,-1.50697,-0.103817,2.98329,-1.50697,-0.103817,2.97637,-1.50697,-0.103817,2.96846,-1.50697,-0.103817,2.95976,-1.50697,-0.103817,2.95046,-1.50697,-0.103817,2.94076,-1.50697,-0.103817,2.93087,-1.50697,-0.103817,2.92097,-1.50697,-0.103817,2.91127,-1.50697,-0.103817,2.90197,-1.50697,-0.103817,2.89327,-1.50697,-0.103817,2.88536,-1.50697,-0.103817,2.87844,-1.50697,-0.103817,2.87272,-1.50697,-0.103817,2.86838,-1.50697,4.03035,0.511371,0.103814,4.23658,0.01765,-2.39574,4.23658,0.01765,2.4838,0.120696,-0.186002,-0.974834,0.163571,0.024258,1.00958,1.49713,1.50601,0.103816,3.93258,0.0,-0.0,-0.103817,2.86563,-1.50697,-0.103817,2.86467,-1.50697,-0.103817,2.86562,-1.50697,0.121762,-0.185965,-0.974829,0.124819,-0.185844,-0.974829,0.129624,-0.185663,-0.97483,0.135995,-0.185412,-0.974821,0.143692,-0.185121,-0.974822,0.152484,-0.184777,-0.974816,0.162156,-0.184411,-0.974816,0.172496,-0.184011,-0.974815,0.18328,-0.183597,-0.97481,0.19427,-0.183176,-0.974806,0.205277,-0.182756,-0.974801,0.216055,-0.182344,-0.974801,0.226396,-0.181946,-0.974795,0.236066,-0.181574,-0.974786,0.244864,-0.181234,-0.974783,0.252557,-0.180938,-0.974784,0.258915,-0.180695,-0.974784,0.263731,-0.180508,-0.974776,0.266793,-0.180391,-0.97478,0.267859,-0.180357,-0.974781,0.266806,-0.180399,-0.974775,0.263731,-0.180515,-0.974783,0.258917,-0.180701,-0.974777,0.252548,-0.180941,-0.974784,0.244857,-0.181237,-0.974784,0.236072,-0.181568,-0.974788,0.226396,-0.181942,-0.974795,0.216062,-0.182345,-0.974799,0.205276,-0.18275,-0.974799,0.194268,-0.183176,-0.974802,0.18328,-0.183595,-0.974807,0.172491,-0.184018,-0.974808,0.162158,-0.184409,-0.974819,0.152486,-0.184784,-0.974819,0.143689,-0.185119,-0.97482,0.135997,-0.185411,-0.97482,0.129624,-0.185663,-0.974826,0.12482,-0.185846,-0.97483,0.121757,-0.185959,-0.974834,0.164575,0.024303,1.00958,0.167446,0.02441,1.00958,0.171979,0.024582,1.00959,0.177959,0.024818,1.00959,0.185197,0.025089,1.00959,0.193461,0.025405,1.0096,0.202561,0.025759,1.0096,0.212277,0.026134,1.0096,0.222415,0.026525,1.0096,0.232755,0.026915,1.00961,0.243098,0.027318,1.00961,0.253246,0.027701,1.00962,0.262961,0.028078,1.00962,0.272053,0.028424,1.00962,0.280324,0.028739,1.00962,0.287555,0.029017,1.00963,0.293536,0.02925,1.00963,0.29807,0.029427,1.00963,0.300949,0.029531,1.00963,0.301952,0.02958,1.00963,0.300958,0.029534,1.00963,0.298069,0.029427,1.00963,0.293534,0.029253,1.00963,0.287551,0.02902,1.00963,0.280321,0.028744,1.00962,0.272051,0.028429,1.00962,0.262964,0.028078,1.00962,0.253244,0.027705,1.00962,0.243101,0.027316,1.00961,0.232758,0.026923,1.00961,0.22242,0.026518,1.00961,0.212274,0.02613,1.0096,0.202562,0.025754,1.0096,0.193467,0.025405,1.0096,0.185201,0.025092,1.00959,0.177962,0.024813,1.00959,0.171976,0.024586,1.00959,0.167453,0.024413,1.00958,0.164579,0.024299,1.00958,1.69003,-0.709024,0.1202,1.69003,-0.709023,0.120201,3.93259,0.0,4.76837e-07,1.69003,-0.709022,-0.208651,1.69003,-0.709023,-0.208651,3.93258,2.38419e-07,-0.0],"quats":[-0.518765,-0.540201,-0.458964,-0.47793,-0.057652,-0.022098,0.084528,0.994506,-0.189766,-0.011248,0.980044,0.058089,-0.188708,-0.011312,0.980248,0.058078,-0.185834,-0.011487,0.980797,0.058047,-0.183857,-0.011608,0.981169,0.058025,-0.181596,-0.011743,0.98159,0.058,-0.179106,-0.011894,0.982048,0.057971,-0.176445,-0.012053,0.982529,0.05794,-0.173668,-0.012217,0.983024,0.057906,-0.170834,-0.012385,0.98352,0.057871,-0.167998,-0.012551,0.984009,0.057835,-0.165217,-0.012714,0.984479,0.057799,-0.162548,-0.012868,0.984924,0.057763,-0.16005,-0.013011,0.985333,0.057729,-0.157778,-0.013142,0.985699,0.057697,-0.155792,-0.013255,0.986015,0.057669,-0.154147,-0.013348,0.986274,0.057646,0.261683,-0.052157,0.954822,-0.130823,0.26043,-0.052342,0.955163,-0.130763,0.258964,-0.052558,0.955559,-0.130691,0.257027,-0.05284,0.95608,-0.130595,0.254684,-0.053179,0.956704,-0.130476,0.245891,-0.054421,0.958995,-0.130011,0.232547,-0.056221,0.962318,-0.129244,0.22369,-0.057359,0.964422,-0.128695,0.219361,-0.057898,0.965421,-0.128414,-0.024325,0.001217,0.998453,-0.049976,0.086569,0.001947,0.99332,0.076262,-0.096129,0.136611,0.719474,0.67413,0.041137,0.223515,-0.304965,0.924848,0.001046,0.003504,-0.522362,0.852715,-0.964707,0.259954,-0.04132,-0.007465,0.018072,0.008517,0.518841,0.854636,-0.519546,-0.539451,-0.459443,-0.477468,-0.520254,-0.538769,-0.460074,-0.476858,-0.521086,-0.537966,-0.460864,-0.476093,-0.521973,-0.537105,-0.461737,-0.475246,-0.52285,-0.536252,-0.462616,-0.47439,-0.523648,-0.535471,-0.463429,-0.473598,-0.524302,-0.53483,-0.464099,-0.472942,-0.523738,-0.535386,-0.463651,-0.473378,-0.523149,-0.535963,-0.463112,-0.473903,-0.522476,-0.536622,-0.462495,-0.474503,-0.521734,-0.537345,-0.461815,-0.475162,-0.520939,-0.538117,-0.461088,-0.475866,-0.520109,-0.53892,-0.460329,-0.476599,-0.519261,-0.539738,-0.459554,-0.477346,-0.518417,-0.54055,-0.458782,-0.478087,-0.517577,-0.541353,-0.458016,-0.478823,-0.516775,-0.542117,-0.457285,-0.479522,-0.516024,-0.542831,-0.4566,-0.480176,-0.51534,-0.543478,-0.455976,-0.48077,-0.514741,-0.544044,-0.455431,-0.481289,-0.514244,-0.544511,-0.454979,-0.481718,-0.514618,-0.544156,-0.455398,-0.481324,-0.515298,-0.543513,-0.456055,-0.480701,-0.516043,-0.542806,-0.456764,-0.480027,-0.516796,-0.542089,-0.457464,-0.479361,-0.5175,-0.541415,-0.458095,-0.47876,-0.5181,-0.540839,-0.458595,-0.478282,-0.060213,-0.023794,0.087828,0.994029,-0.062551,-0.025365,0.09083,0.993576,-0.064667,-0.026807,0.093533,0.993152,-0.066566,-0.028116,0.095942,0.99276,-0.068248,-0.029289,0.098058,0.992405,-0.069716,-0.030322,0.099882,0.99209,-0.070972,-0.031215,0.101416,0.991818,-0.072018,-0.031964,0.102661,0.99159,-0.072853,-0.032567,0.10362,0.99141,-0.073481,-0.033024,0.104291,0.991278,-0.0739,-0.033333,0.104677,0.991196,-0.073352,-0.03296,0.103442,0.991379,-0.072293,-0.03222,0.101686,0.991662,-0.070796,-0.031179,0.099302,0.992045,-0.068926,-0.029889,0.096389,0.992504,-0.066746,-0.028406,0.093047,0.993015,-0.064322,-0.026779,0.089372,0.993558,-0.061719,-0.02506,0.085469,0.994111,-0.059006,-0.023299,0.081435,0.994657,-0.056268,-0.021551,0.077399,0.995177,-0.053522,-0.019829,0.073389,0.995668,-0.050893,-0.018207,0.069585,0.99611,-0.048436,-0.016714,0.066067,0.996498,-0.046224,-0.015389,0.062942,0.996827,-0.044334,-0.014266,0.060315,0.997092,-0.04284,-0.013385,0.058296,0.997289,-0.041814,-0.012778,0.05699,0.997416,-0.041335,-0.012485,0.056504,0.997468,-0.041473,-0.012543,0.056946,0.997436,-0.04206,-0.012857,0.058068,0.997343,-0.04288,-0.013307,0.059557,0.997214,-0.043934,-0.013893,0.061412,0.997048,-0.045219,-0.014618,0.063632,0.996841,-0.046732,-0.015486,0.066215,0.99659,-0.048472,-0.016499,0.069161,0.99629,-0.050437,-0.017663,0.072467,0.995938,-0.052624,-0.01898,0.076132,0.995527,-0.055031,-0.020457,0.080153,0.995051,-0.18747,-0.011388,0.980486,0.058065,-0.1529,-0.013419,0.986468,0.057628,-0.18747,-0.011389,0.980486,0.058065,-0.189492,-0.011264,0.980097,0.058087,0.252003,-0.053562,0.957411,-0.130338,0.24905,-0.053981,0.958181,-0.130182,0.242594,-0.054876,0.959833,-0.129828,0.239226,-0.055333,0.960678,-0.129637,0.235855,-0.055785,0.961512,-0.12944,0.229371,-0.056634,0.963082,-0.12905,0.226395,-0.057016,0.963788,-0.128866,0.221322,-0.057656,0.96497,-0.128542,0.217875,-0.058082,0.965759,-0.128317,0.217874,-0.058082,0.965759,-0.128317,0.221321,-0.057656,0.964971,-0.128542,0.226396,-0.057016,0.963788,-0.128866,0.229371,-0.056635,0.963082,-0.12905,0.235854,-0.055784,0.961512,-0.129441,0.239225,-0.055334,0.960678,-0.129637,0.242594,-0.054875,0.959833,-0.129828,0.249049,-0.05398,0.958181,-0.130182,0.252003,-0.053563,0.957411,-0.130337,