{"mesh":[{"material":"2022s4/cs_xcm_skin_armor","indices":[0,1,24,0,25,1,2,3,26,2,27,3,4,5,28,4,29,5,6,7,30,6,31,7,8,9,32,8,33,9,10,11,34,10,35,11,12,13,36,12,37,13,14,15,38,14,39,15,16,17,40,16,41,17,18,19,42,18,43,19,20,21,44,20,45,21,22,23,46,22,47,23],"vertices":[21,0,7,0,1,0,5,0,1,1,11,0,22,1,9,0,25,4,7,0,2,4,5,0,27,5,9,0,2,5,11,0,7,2,3,0,5,2,1,0,11,0,1,0,9,0,3,0,4,3,3,0,8,3,1,0,10,1,3,0,6,1,1,0,15,0,1,0,13,0,3,0,19,2,3,0,17,2,1,0,16,1,1,0,12,1,3,0,14,3,1,0,18,3,3,0,0,0,4,0,20,0,6,0,0,1,8,0,23,1,10,0,24,4,6,0,3,4,4,0,3,5,8,0,26,5,10,0,4,2,0,0,6,2,2,0,8,0,2,0,10,0,0,0,9,3,0,0,5,3,2,0,7,1,0,0,11,1,2,0,12,0,0,0,14,0,2,0,16,2,2,0,18,2,0,0,19,1,0,0,15,1,2,0,13,3,0,0,17,3,2,0],"fields":["pos","normal","uvcoord","weight"],"poses":[6.29534,16.0,-1.2911,6.29534,14.0,-1.2911,6.2812,14.0,-1.27696,6.2812,16.0,-1.27696,2.75,15.0,2.24999,2.75,14.0,2.24999,2.75,14.0,-1.25001,2.75,15.0,-1.25001,6.25,14.0,2.25,6.25,15.0,2.24999,6.25,15.0,-1.25001,6.25,14.0,-1.25,2.76414,15.0,2.23585,2.76414,15.0,-1.23586,2.76414,14.0,-1.23586,2.76414,14.0,2.23585,6.23586,14.0,2.23585,6.23586,14.0,-1.23586,6.23586,15.0,-1.23586,6.23586,15.0,2.23585,6.29534,14.0,0.458898,6.29534,16.0,0.458897,4.54534,16.0,-1.2911,4.54534,14.0,-1.2911,6.27534,14.0,0.458897,6.27534,16.0,0.458897,4.54534,14.0,-1.2711,4.54534,16.0,-1.2711],"normals":[1.0,0.0,0.0,0.0,0.0,-1.0,-1.0,-0.0,-0.0,-0.0,0.0,1.0,-1.0,0.0,-0.0034,0.0034,-0.0,1.0],"uvcoords":[0.2109,0.3359,0.2109,0.3203,0.2734,0.3203,0.2734,0.3359,0.3359,0.3203,0.3359,0.3516,0.3672,0.3516,0.3672,0.3203,0.3203,0.3203,0.2891,0.3203,0.2891,0.3516,0.3203,0.3516],"weights":["bone03",1.0],"colors":[]}],"version":"0.1.0"}