{"mesh":[{"material":"2022s4/yx_nature_armor","indices":[0,24,1,25,0,1,26,2,3,27,3,2,4,28,5,29,4,5,6,30,7,31,6,7,8,32,9,33,8,9,10,34,11,35,10,11,12,13,36,37,13,12,14,15,38,39,15,14,16,40,17,41,16,17,42,18,19,43,19,18,44,20,21,45,21,20,46,22,23,47,23,22],"vertices":[2,4,0,0,0,4,15,0,5,5,7,0,4,5,6,0,4,0,8,0,3,0,5,0,5,1,18,0,1,1,6,0,6,2,9,0,0,2,19,0,7,3,10,0,2,3,0,0,8,0,3,0,17,0,2,0,18,1,1,0,11,1,12,0,9,2,4,0,10,2,13,0,20,1,2,0,12,1,3,0,14,0,12,0,22,0,1,0,13,3,4,0,15,3,13,0,1,4,7,0,3,4,5,0,6,5,0,0,7,5,16,0,2,0,0,0,6,0,9,0,0,1,17,0,7,1,10,0,3,2,5,0,5,2,20,0,1,3,6,0,4,3,8,0,16,0,1,0,9,0,4,0,10,1,11,0,19,1,2,0,8,2,3,0,11,2,14,0,21,1,1,0,13,1,4,0,15,0,11,0,23,0,2,0,12,3,3,0,14,3,14,0],"fields":["pos","normal","uvcoord","weight"],"poses":[4.50541,3.36811,2.55128,-0.535393,3.36811,2.55128,-0.535394,3.36811,-2.55104,4.50541,3.36811,-2.55104,-0.535394,-0.369302,-2.55104,4.50541,-0.369302,2.55128,4.50541,-0.369302,-2.55104,-0.535393,-0.369302,2.55128,4.50541,5.86071,-2.55206,4.50541,3.3691,-2.55206,4.50541,5.86071,2.55026,4.50541,3.3691,2.55026,4.48315,5.849,-2.52808,4.48315,3.38082,-2.52808,4.48315,3.38082,2.52627,4.48315,5.849,2.52627,3.24521,5.86071,-2.55206,3.24521,3.3691,-2.55206,3.24521,5.86071,2.55026,3.24521,3.3691,2.55026,3.2348,3.38082,-2.52808,3.2348,5.849,-2.52808,3.2348,5.849,2.52627,3.2348,3.38082,2.52627],"normals":[-0.0,-0.0,-1.0,0.0,0.0,1.0,1.0,0.0,0.0,-1.0,0.0,0.0,0.0,1.0,-0.0,0.0,-1.0,0.0],"uvcoords":[0.5078,0.2188,0.6094,0.375,0.6094,0.4062,0.5938,0.375,0.5938,0.4062,0.4453,0.2188,0.5703,0.2188,0.5078,0.1562,0.5078,0.2656,0.4453,0.2656,0.5703,0.2656,0.625,0.375,0.625,0.4062,0.5312,0.375,0.5312,0.4062,0.4453,0.1562,0.5703,0.1562,0.6328,0.2188,0.6328,0.2656,0.3828,0.2188,0.3828,0.2656],"weights":["Bone008",1.0],"colors":[]}],"version":"0.1.0"}