{"mesh":[{"material":"2022s4/ss_tarot_skin_1","indices":[10,11,50,10,51,11,12,13,52,12,53,13,14,15,54,14,55,15,16,17,56,16,57,17,18,19,58,18,59,19,20,21,60,20,61,21,22,23,62,22,63,23,0,5,6,1,3,6,5,1,6,0,24,5,0,7,24,0,4,2,0,2,7,2,1,7,1,8,3,2,8,1,9,4,3,8,9,3,9,25,4,4,25,2,26,27,64,26,65,27,28,29,66,28,67,29,30,31,68,30,69,31,32,33,70,32,71,33,34,35,72,34,73,35,36,37,74,36,75,37,38,39,76,38,77,39,40,41,78,40,79,41,42,43,80,42,81,43,44,45,82,44,83,45,46,47,84,46,85,47,48,49,86,48,87,49],"vertices":[28,0,42,0,18,0,59,0,22,0,69,0,7,0,1,0,31,0,55,0,8,0,40,0,4,0,0,0,19,0,68,0,23,0,58,0,20,0,57,0,3,1,21,0,1,1,19,0,7,1,1,0,5,1,22,0,1,2,27,0,25,2,25,0,2,0,31,0,26,0,29,0,3,3,35,0,27,3,33,0,1,4,39,0,27,4,37,0,29,3,5,0,4,3,3,0,9,0,41,0,21,0,56,0,13,0,46,0,11,0,44,0,17,0,50,0,15,0,48,0,31,2,4,0,6,2,2,0,11,2,9,0,19,2,7,0,13,3,13,0,8,3,11,0,10,1,17,0,18,1,15,0,15,2,12,0,21,2,10,0,17,5,54,0,21,5,52,0,17,3,8,0,23,3,6,0,14,1,17,0,20,1,15,0,19,5,63,0,13,5,61,0,6,4,67,0,29,4,65,0,0,1,18,0,2,1,20,0,4,1,0,0,6,1,23,0,24,2,24,0,2,2,26,0,25,0,28,0,3,0,30,0,26,3,32,0,0,3,34,0,0,4,36,0,24,4,38,0,5,3,2,0,28,3,4,0,10,0,43,0,12,0,45,0,14,0,47,0,16,0,49,0,7,2,3,0,30,2,5,0,18,2,6,0,12,2,8,0,9,3,10,0,10,3,12,0,8,1,14,0,11,1,16,0,20,2,11,0,16,2,13,0,16,5,51,0,22,5,53,0,22,3,7,0,14,3,9,0,23,1,14,0,15,1,16,0,9,5,60,0,12,5,62,0,5,4,64,0,30,4,66,0],"fields":["pos","normal","uvcoord","weight"],"poses":[-1.58175,28.8426,-6.91164,1.58175,28.8426,-6.91164,1.58175,30.4146,-6.91164,-1.58175,30.4146,-6.91164,-4.74526,33.0345,-4.804,-4.74526,28.8426,-4.804,4.74526,28.8426,-4.804,4.74526,33.0345,-4.804,-3.69075,33.0345,-3.75019,-3.69075,33.0345,-2.69637,-3.69075,35.6645,-3.75019,-1.58175,35.6645,-3.75019,-1.58175,35.6645,-2.69637,-3.69075,35.6645,-2.69637,1.58175,35.6645,-3.75019,3.69075,35.6645,-3.75019,3.69075,35.6645,-2.69637,1.58175,35.6645,-2.69637,-1.58175,33.0345,-3.75019,-1.58175,33.0345,-2.69637,3.69075,33.0345,-3.75019,3.69075,33.0345,-2.69637,1.58175,33.0345,-2.69637,1.58175,33.0345,-3.75019,1.58175,28.8426,-4.804,1.58175,30.4146,-4.804,-1.58175,30.4146,-4.804,-1.58175,28.8426,-4.804,-4.74526,33.0345,-1.62814,-4.74526,28.8426,-1.62814,4.74526,28.8426,-1.62814,4.74526,33.0345,-1.62814],"normals":[0.0,1.0,-0.0,0.0,-0.0,-1.0,1.0,0.0,0.0,-1.0,0.0,0.0,0.0,-1.0,0.0,0.0,0.0,1.0],"uvcoords":[0.6953,0.0859,0.9766,0.0859,0.9062,0.4922,0.9062,0.3672,0.9688,0.3672,0.9688,0.4922,0.7031,0.4141,0.7344,0.4141,0.7344,0.3359,0.7031,0.3359,0.6406,0.4141,0.6094,0.4141,0.6094,0.3359,0.6406,0.3359,0.5,0.9453,0.5625,0.9453,0.5625,0.8672,0.5,0.8672,0.6406,0.8047,0.7344,0.8047,0.7344,0.7578,0.6406,0.7578,0.6953,0.2109,0.9766,0.2109,0.5547,0.6641,0.5547,0.6172,0.4922,0.6172,0.4922,0.6641,0.7188,0.8906,0.625,0.8906,0.625,0.9531,0.7188,0.9531,0.5938,0.7578,0.5938,0.8047,0.5312,0.8047,0.5312,0.7578,0.7891,0.3359,0.7891,0.2734,0.8828,0.2734,0.8828,0.3359,0.7266,0.0625,0.7266,0.0469,0.6953,0.0234,0.7734,0.8047,0.8359,0.8047,0.8359,0.7734,0.7734,0.7734,0.7734,0.9375,0.8359,0.9375,0.8359,0.9062,0.7734,0.9062,0.4219,0.7422,0.4219,0.8203,0.3594,0.8203,0.3594,0.7422,0.9766,0.0234,0.9453,0.0469,0.9453,0.0625,0.8828,0.0625,0.7891,0.0625,0.2031,0.8203,0.2031,0.7422,0.2656,0.7422,0.2656,0.8203,0.6953,0.2734,0.6953,0.2426,0.9766,0.2426,0.9766,0.2734,0.7891,0.0469,0.8828,0.0469],"weights":["root",1.0],"colors":[]},{"material":"2022s4/ss_tarot_skin_1","indices":[0,2,1,0,1,3],"vertices":[3,0,3,0,1,0,1,0,2,0,2,0,0,0,0,0],"fields":["pos","normal","uvcoord","weight"],"poses":[4.74526,33.0345,-1.62814,4.74526,28.8426,-1.62814,-4.74526,28.8426,-1.62814,-4.74526,33.0345,-1.62814],"normals":[0.0,0.0,1.0],"uvcoords":[0.4531,0.8281,0.4531,0.9531,0.1719,0.9531,0.1719,0.8281],"weights":["root",1.0],"colors":[]}],"version":"0.1.0"}