{"mesh":[{"material":"2022s4/xy_tarot_armor","indices":[0,1,12,0,13,1,2,3,14,2,15,3,4,5,16,4,17,5,6,7,18,6,19,7,8,9,20,8,21,9,10,11,22,10,23,11],"vertices":[3,0,3,0,1,0,1,0,5,1,7,0,1,1,1,0,7,2,5,0,5,2,9,0,6,3,4,0,2,3,2,0,4,4,13,0,2,4,11,0,3,5,17,0,5,5,15,0,0,0,0,0,2,0,2,0,4,1,6,0,0,1,0,0,4,2,8,0,6,2,4,0,3,3,3,0,7,3,5,0,7,4,10,0,1,4,12,0,6,5,14,0,0,5,16,0],"fields":["pos","normal","uvcoord","weight"],"poses":[-0.399824,4.28967,-2.49766,-0.399824,-0.378769,-2.49766,4.27466,-0.378769,-2.49766,4.27466,4.28967,-2.49766,-0.399824,-0.378768,2.47917,-0.399824,4.28967,2.47917,4.27466,4.28967,2.47917,4.27466,-0.378768,2.47917],"normals":[0.0,-0.0,-1.0,-1.0,0.0,0.0,0.0,-0.0,1.0,1.0,-0.0,-0.0,0.0,-1.0,0.0,0.0,1.0,-0.0],"uvcoords":[0.1562,0.1875,0.1562,0.3125,0.2812,0.3125,0.2812,0.1875,0.4062,0.1875,0.4062,0.3125,0.0312,0.3125,0.0312,0.1875,0.5312,0.3125,0.5312,0.1875,0.4688,0.6719,0.4688,0.7969,0.3438,0.7969,0.3438,0.6719,0.4062,0.0625,0.4062,0.0312,0.3906,0.0312,0.3906,0.0625],"weights":["Bone008",1.0],"colors":[]}],"version":"0.1.0"}