{
  "animation": {
    "fields": [
      "time",
      "attr"
    ],
    "times": [
      0,
      0.033333,
      0.066666,
      0.1,
      0.133333,
      0.166666,
      0.2,
      0.233333,
      0.266666,
      0.3,
      0.333333,
      0.366666,
      0.4,
      0.433333,
      0.466666,
      0.5,
      0.533333
    ],
    "poses": [
      -0.035444,
      -0.044855,
      -1.36331,
      -0.035444,
      -0.044855,
      -1.24235,
      -0.035444,
      -0.044855,
      -1.12138,
      -0.035444,
      -0.044855,
      -1.27786,
      -0.035444,
      -0.044855,
      -1.43434,
      -0.035444,
      -0.044855,
      -1.59082,
      -0.035444,
      -0.044855,
      -1.74731,
      -0.035444,
      -0.044855,
      -1.55531,
      -1.24175,
      -4.28264,
      -1.40346,
      0.407575,
      -1.82697,
      0.806095,
      0.421484,
      -1.82697,
      -0.735786,
      0.435391,
      -1.82697,
      -2.27766,
      0.551757,
      -1.82697,
      -2.13033,
      0.668122,
      -1.82697,
      -1.98299,
      0.784488,
      -1.82697,
      -1.83565,
      0.900843,
      -1.82697,
      -1.68831,
      0.84174,
      -1.82697,
      -1.59239,
      0.782638,
      -1.82697,
      -1.49647,
      0.752393,
      -1.82697,
      -0.884636,
      0.722158,
      -1.82697,
      -0.272805,
      0.546482,
      -1.82697,
      0.329693,
      0.370797,
      -1.82697,
      0.932192,
      0.379994,
      -1.82697,
      0.900668,
      0.389181,
      -1.82697,
      0.869142,
      0.398379,
      -1.82697,
      0.837619,
      0.407576,
      -1.82697,
      0.806095,
      0.77557,
      1.84594,
      -0.968183,
      0.755,
      1.84594,
      -0.535126,
      0.734441,
      1.84593,
      -0.102066,
      0.589887,
      1.84593,
      0.323039,
      0.445343,
      1.84593,
      0.748144,
      0.430936,
      1.84593,
      0.756072,
      0.416509,
      1.84593,
      0.763999,
      0.402102,
      1.84593,
      0.771927,
      0.387694,
      1.84593,
      0.779855,
      0.535772,
      1.84594,
      -0.390052,
      0.68386,
      1.84594,
      -1.55996,
      0.778696,
      1.84594,
      -1.35694,
      0.873532,
      1.84594,
      -1.15392,
      0.968359,
      1.84594,
      -0.950915,
      1.06319,
      1.84594,
      -0.747896,
      0.919372,
      1.84594,
      -0.858042,
      0.775569,
      1.84594,
      -0.968184,
      5.56719,
      0.001381,
      0.053802,
      5.56719,
      0.00138,
      0.0538,
      5.51111,
      3.73474,
      0.331665,
      5.51111,
      3.73474,
      0.331664,
      1.29503,
      -0.000004,
      8.34465e-7,
      1.29503,
      -0.000002,
      0.000001,
      5.43109,
      -3.79866,
      0.331664,
      5.43109,
      -3.79866,
      0.331663,
      1.21199,
      0,
      -0.000003,
      1.21199,
      -4.76837e-7,
      -0.000001,
      2.44652,
      -0.00056,
      -3.29683,
      2.44652,
      -0.00056,
      -3.29684,
      -0.962694,
      -4.23816,
      -1.58743,
      -1.09357,
      -4.16338,
      -1.64938,
      -1.24072,
      -4.08857,
      -1.68912,
      -1.25541,
      -4.18564,
      -1.5414,
      -1.20248,
      -4.37963,
      -1.27985,
      -1.141,
      -4.47659,
      -1.17458,
      -1.31735,
      -4.35756,
      -1.18694,
      -1.49916,
      -4.23842,
      -1.16058,
      -1.54731,
      -4.16355,
      -1.2731,
      -1.57689,
      -4.08867,
      -1.40106,
      -1.40522,
      -4.1857,
      -1.41853,
      -1.09167,
      -4.37954,
      -1.35827,
      -0.959739,
      -4.47641,
      -1.28613,
      -0.97837,
      -4.35733,
      -1.43245,
      -0.962689,
      -4.23816,
      -1.58743,
      -0.506072,
      3.72967,
      -0.114452
    ],
    "quats": [
      -0.000319,
      -0.1327,
      -0.002317,
      0.991153,
      -0.00034,
      -0.141611,
      -0.002314,
      0.989919,
      -0.000273,
      -0.113059,
      -0.002322,
      0.993585,
      -0.000227,
      -0.093374,
      -0.002327,
      0.995628,
      0.429438,
      -0.001918,
      0.903085,
      0.004032,
      -0.204573,
      0.000911,
      0.978841,
      0.004369,
      -0.000206,
      -0.084414,
      -0.002328,
      0.996427,
      0.204505,
      -0.067011,
      0.928018,
      0.304087,
      0.108198,
      -0.035453,
      0.944104,
      0.309358,
      0.059552,
      -0.019513,
      0.948416,
      0.310771,
      0.010747,
      -0.003521,
      0.950223,
      0.311364,
      -0.038083,
      0.012478,
      0.94952,
      0.311133,
      -0.086815,
      0.028447,
      0.94631,
      0.310081,
      -0.135317,
      0.044339,
      0.9406,
      0.30821,
      0.011706,
      0.431456,
      -0.024465,
      0.901726,
      0.012195,
      0.449467,
      -0.024225,
      0.892884,
      0.012678,
      0.467297,
      -0.023975,
      0.883683,
      0.013157,
      0.484939,
      -0.023716,
      0.874127,
      0.01363,
      0.502386,
      -0.023447,
      0.864217,
      0.014098,
      0.519629,
      -0.023169,
      0.85396,
      -0.223446,
      -0.078277,
      0.916931,
      -0.321218,
      -0.111073,
      -0.038911,
      0.937205,
      -0.328321,
      -0.054172,
      -0.018977,
      0.942208,
      -0.330073,
      0.002926,
      0.001025,
      0.943759,
      -0.330617,
      0.116883,
      0.040946,
      0.936498,
      -0.328072,
      0.173323,
      0.060718,
      0.927712,
      -0.324995,
      0.81739,
      -0.159555,
      -0.195689,
      0.517803,
      0.515757,
      -0.515758,
      -0.483728,
      -0.483729,
      -0.515757,
      0.515757,
      0.483729,
      0.483729,
      0.445144,
      -0.001988,
      0.895447,
      0.003998,
      0.460715,
      -0.002058,
      0.887536,
      0.003963,
      0.299885,
      -0.00134,
      0.953964,
      0.004259,
      0.129973,
      -0.000581,
      0.991507,
      0.004426,
      -0.043872,
      0.000194,
      0.999027,
      0.004459,
      -0.21639,
      0.000964,
      0.976296,
      0.004358,
      -0.183214,
      0.000816,
      0.983062,
      0.004388,
      -0.149828,
      0.000667,
      0.988701,
      0.004413,
      -0.08806,
      0.000391,
      0.996105,
      0.004446,
      -0.025952,
      0.000114,
      0.999653,
      0.004462,
      0.036257,
      -0.000163,
      0.999332,
      0.004461,
      0.098325,
      -0.00044,
      0.995144,
      0.004442,
      0.21853,
      -0.000977,
      0.975819,
      0.004356,
      0.335495,
      -0.001499,
      0.942031,
      0.004206,
      0.382962,
      -0.001711,
      0.923753,
      0.004124,
      -0.116224,
      0.000517,
      0.993212,
      0.004433,
      -0.026944,
      0.000118,
      0.999626,
      0.004462,
      0.062551,
      -0.00028,
      0.998031,
      0.004455,
      0.151545,
      -0.000678,
      0.98844,
      0.004413,
      0.236163,
      -0.001055,
      0.971703,
      0.004338,
      0.319023,
      -0.001425,
      0.947736,
      0.004231,
      0.378161,
      -0.001689,
      0.925728,
      0.004133,
      0.435793,
      -0.001947,
      0.900035,
      0.004018,
      0.371827,
      -0.001661,
      0.928291,
      0.004144,
      0.306043,
      -0.001367,
      0.952006,
      0.00425,
      0.163009,
      -0.000729,
      0.986614,
      0.004404,
      0.016444,
      -0.000075,
      0.999854,
      0.004463,
      -0.130476,
      0.00058,
      0.991441,
      0.004425,
      -0.27457,
      0.001224,
      0.961556,
      0.004292,
      -0.239727,
      0.001068,
      0.970829,
      0.004333,
      -0.000227,
      -0.093375,
      -0.002327,
      0.995628,
      -0.000273,
      -0.11306,
      -0.002322,
      0.993585,
      0.156558,
      -0.0513,
      0.937299,
      0.307128,
      -0.183462,
      0.060115,
      0.932406,
      0.305525,
      0.156558,
      -0.0513,
      0.937299,
      0.307129,
      0.011212,
      0.413271,
      -0.024695,
      0.910203,
      0.014561,
