{"animation":{"fields":["time","attr"],"times":[0.0,0.433333,0.666666,0.9,1.33333],"poses":[-0.035444,-0.331665,0.009454,1.83983,-1.82697,-3.61278,1.87262,1.84594,-3.61277,5.51112,3.73473,0.331665,5.43109,-3.79865,0.331664,1.21199,-1e-06,0.0,4.45332,1.55073,-0.02815,-0.035444,-0.331665,-0.084337,1.73973,-1.82697,-3.61803,1.77253,1.84594,-3.61801,1.29503,-1e-06,-3.1982e-07,1.29503,-1e-06,-2.98023e-07,2.44447,0.0,5.18444e-07,2.44447,4.76837e-07,5.36442e-07,2.28445,0.0,-0.0,2.28445,-4.76837e-07,0.0,2.44655,-0.00056,-3.29684,0.461877,-3.25589,-1.77408],"quats":[-0.73727,0.00329,0.675583,0.003014,0.521333,-0.521333,-0.477714,-0.477714,-0.725367,0.003237,0.688347,0.003071,-0.000111,-0.043619,-0.002334,0.999045,-0.0,-0.0,0.950284,0.311383,2.4479712e-07,2.3186462e-07,-0.027121,0.999632,-0.0,-1.2225362e-07,-0.251553,0.967843,0.0,-0.0,0.943764,-0.330619,-0.0,-0.0,-0.002027,0.999997,-0.0,-0.0,0.200113,0.979772,8e-06,-5e-06,0.535957,0.844244,0.512917,-0.512917,-0.48674,-0.48674,-9.1e-05,-0.034899,-0.002335,0.999388,-0.000131,-0.052335,-0.002333,0.998626,-0.0,-0.0,0.958109,0.286401,2.4880651e-07,2.2755701e-07,-0.044563,0.999006,2.4071335e-07,2.3610161e-07,-0.009671,0.999953,-0.0,-1.2138324e-07,-0.268405,0.963305,-0.0,-1.2308683e-07,-0.234623,0.972086,0.0,-0.0,0.952095,-0.3058,0.0,-0.0,0.015425,0.999881,-0.0,-0.0,-0.019479,0.99981,-0.0,-0.0,0.217182,0.976131,-0.0,-0.0,0.182983,0.983115,-0.010573,0.025658,0.536368,0.843527,-0.002937,0.013042,0.535815,0.844229],"scales":[],"length":1.333333,"tracks":{"Bone001":{"pos":[0,0,2,7,4,0],"quat":[0,1,2,11,4,1]},"Bone004":{"pos":[0,1,2,8,4,1],"quat":[0,0,2,2,4,0]},"Bone005":{"pos":[0,2,2,9,4,2],"quat":[0,0,2,2,4,0]},"Bone006":{"quat":[0,3,1,12,3,13,4,3]},"Bone007":{"pos":[0,3,4,3],"quat":[0,4,2,14,4,4]},"Bone008":{"pos":[0,10,4,11],"quat":[0,5,1,15,3,16,4,5]},"Bone009":{"pos":[0,12,4,13],"quat":[0,6,1,17,3,18,4,6]},"Bone010":{"pos":[0,4,4,4],"quat":[0,7,2,19,4,7]},"Bone011":{"pos":[0,5,4,5],"quat":[0,8,1,20,3,21,4,8]},"Bone012":{"pos":[0,14,4,15],"quat":[0,9,1,22,3,23,4,9]},"Bone013":{"pos":[0,16]},"Bone015":{"pos":[0,17]},"Bone016":{"pos":[0,6,4,6],"quat":[0,10,1,24,3,25,4,10]}}},"version":"0.1.0"}