{"animation":{"fields":["time","attr"],"times":[0.0,0.033333,0.066666,0.1,0.133333,0.166666,0.2,0.233333,0.266666,0.3,0.333333,0.366666,0.4,0.433333,0.466666,0.5,0.533333,0.566666,0.6,0.633333,0.666666],"poses":[-0.035444,-0.331665,-1.88519,-0.035444,-0.331665,-1.69622,-0.035444,-0.331665,-1.73469,-0.035444,-0.331665,-1.7988,-0.035444,-0.331665,-1.91015,-0.035444,-0.331665,-2.0215,-0.035444,-0.331665,-2.07211,0.471741,-1.87178,0.446723,0.504536,1.88864,-0.804723,5.43109,-3.79865,0.331664,2.28445,0.0,-0.0,2.44655,-0.00056,-3.29684,2.31904,-0.000987,-3.29684,2.51596,-6.7e-05,-3.29684,2.82988,0.010367,0.331665,2.96042,0.013827,0.331665,2.7241,0.006736,0.331665,4.45331,1.55073,-0.028149,-0.035444,-0.331665,-1.80556,-0.035444,-0.331665,-1.73117,-0.035444,-0.331665,-2.00195,-0.035444,-0.331665,-1.885,-0.035444,-0.331665,-1.80809,-0.035444,-0.331665,-1.73118,-0.035444,-0.331665,-1.9981,0.548914,-1.88122,0.415905,0.718694,-1.89067,0.348106,0.888475,-1.90011,0.280307,0.852931,-1.90955,0.065087,0.817386,-1.919,-0.150132,0.691431,-1.92844,-0.257743,0.565477,-1.93788,-0.365353,0.439522,-1.94733,-0.472963,0.484915,-1.95677,-0.688183,0.530308,-1.96621,-0.903403,0.514125,-1.95677,-0.753522,0.497942,-1.94733,-0.603642,0.481758,-1.93788,-0.453761,0.287417,-1.92844,-0.22894,0.093075,-1.919,-0.004119,0.100075,-1.90955,0.076059,0.107076,-1.90011,0.156238,0.114076,-1.89067,0.236417,0.337616,-1.88122,0.367858,0.529802,1.89735,-0.776309,0.585388,1.90605,-0.713798,0.640973,1.91476,-0.651287,0.392271,1.92347,-0.452854,0.143567,1.93217,-0.254421,0.128538,1.94088,-0.155205,0.113508,1.94959,-0.055988,0.098478,1.95829,0.043227,0.301507,1.967,0.24166,0.504536,1.97571,0.440093,0.573624,1.967,0.307804,0.642712,1.95829,0.175516,0.711801,1.94959,0.043227,0.722747,1.94088,-0.146621,0.733694,1.93217,-0.33647,0.626487,1.92347,-0.419746,0.519281,1.91476,-0.503021,0.412074,1.90605,-0.586296,0.469862,1.89735,-0.722813,1.29503,-1e-06,-3.1982e-07,1.29503,-9.53674e-07,-2.38419e-07,2.44447,0.0,5.18444e-07,2.44447,-9.53674e-07,3.57628e-07,1.21199,-1e-06,0.0,1.212,-9.53674e-07,-0.0,2.40405,-0.000639,-3.29684,2.36155,-0.000813,-3.29684,2.35842,-0.000803,-3.29684,2.39781,-0.000619,-3.29684,2.43719,-0.000435,-3.29684,2.47657,-0.000251,-3.29684,2.47657,-0.000281,-3.29684,2.43719,-0.000524,-3.29684,2.39781,-0.000752,-3.29684,2.35842,-0.000921,-3.29684,2.35842,-0.000892,-3.29684,2.39781,-0.000663,-3.29684,2.43719,-0.000391,-3.29684,2.47657,-0.000163,-3.29684,2.48126,-0.000252,-3.29684],"quats":[-0.517145,0.482245,0.517145,0.482245,0.219382,-0.000981,0.975628,0.004356,-0.241239,0.001075,0.970455,0.004332,0.034852,-8.1e-05,-0.002335,0.999389,0.216837,-0.11033,0.864482,0.439862,-0.002684,0.000602,-0.011181,0.999933,-0.006207,0.02407,-0.220402,0.975092,-0.336397,-0.179857,0.815185,-0.435843,0.00136,-0.009344,-0.049967,0.998706,-0.0028,-0.022486,0.10849,0.993839,6e-06,-2.1053665e-07,0.004497,0.999989,-0.000111,0.026176,0.004495,0.999647,0.000123,-0.026176,0.004496,0.999647,-0.011028,0.046436,0.509702,0.859025,-0.508016,0.490811,0.524123,0.475728,-0.49726,0.501019,0.529309,0.470684,-0.485584,0.512168,0.533317,0.466329,-0.473665,0.523526,0.53682,0.461937,-0.462154,0.534335,0.540547,0.456845,0.466731,-0.531464,-0.528962,-0.468941,0.471029,-0.52831,-0.517332,-0.481026,0.475046,-0.524873,-0.505663,-0.493094,-0.478784,0.521153,0.493964,0.505137,-0.48224,0.517149,0.48224,0.517149,-0.495953,0.502983,0.477938,0.522122,-0.509538,0.488687,0.473336,0.52679,-0.522986,0.474269,0.468433,0.531153,-0.536289,0.459738,0.463228,0.535213,-0.549437,0.445104,0.45772,0.538973,-0.544131,0.452901,0.469913,0.527239,-0.538831,0.459986,0.482464,0.515074,-0.532907,0.466838,0.494897,0.503138,-0.525827,0.474034,0.506664,0.492024,0.244376,0.00121,0.969667,-0.004809,0.298651,0.008675,0.95392,-0.027714,0.351555,0.021649,0.934146,-0.05753,0.180203,0.017363,0.978941,-0.094333,0.004107,0.00052,0.992009,-0.126097,-0.049151,-0.004946,0.993763,-0.099965,-0.102516,-0.007609,0.991974,-0.073615,-0.155722,-0.007465,0.986639,-0.047291,-0.174158,-0.003784,0.984478,-0.021382,-0.192436,0.000857,0.981299,0.00438,-0.155172,-0.002482,0.987758,-0.015793,-0.117646,-0.00429,0.992387,-0.036177,-0.079958,-0.004555,0.995175,-0.056676,-0.04221,-0.003273,0.996116,-0.077195,-0.004504,-0.000443,0.995211,-0.097635,0.047689,0.003536,0.996117,-0.073916,0.1071,0.005043,0.993134,-0.046784,0.162637,0.00353,0.986447,-0.021422,0.2035,0.000587,0.97907,-0.002837,-0.224122,0.002297,0.974507,0.009995,-0.180054,0.004511,0.983337,0.024648,-0.120096,0.005407,0.991741,0.044672,-0.055858,0.003704,0.996241,0.066101,0.000668,-5.8e-05,0.996396,0.084817,0.045015,-0.003104,0.996616,0.068704,0.089359,-0.004718,0.994603,0.052501,0.133578,-0.004899,0.99036,0.036309,0.17755,-0.003651,0.983897,0.020227,0.221155,-0.000989,0.975228,0.004354,0.224831,-0.006894,0.973915,0.029857,0.228344,-0.012992,0.971922,0.055294,0.231685,-0.019278,0.96925,0.080645,0.112683,-0.013321,0.987612,0.108383,-0.00741,-0.000943,0.990824,0.134947,-0.064357,0.005487,0.992424,0.104511,-0.121472,0.007927,0.990106,0.069784,-0.178349,0.006774,0.983234,0.037359,-0.217787,0.003023,0.975897,0.013555,0.012643,-0.043948,-0.027877,0.998564,-0.000465,-0.008705,-0.045952,0.998905,-0.020131,0.043972,-0.018849,0.998651,-0.03496,0.008794,-0.00203,0.999347,-0.012978,-0.043892,0.023204,0.998682,0.000295,-0.008712,0.041282,0.999109,0.020207,0.043876,0.014188,0.998731,0.203032,-0.097822,0.877867,0.422559,0.163043,-0.074436,0.895648,0.40705,0.106794,-0.046396,0.913044,0.390885,0.045175,-0.019208,0.926655,0.372692,-0.01009,0.002454,0.935757,0.35249,-0.070321,0.027194,0.925179,0.371965,-0.129141,0.05446,0.910294,0.389512,-0.18622,0.084077,0.891251,0.404875,-0.241247,0.115847,0.86822,0.417818,-0.293925,0.149554,0.8414,0.428118,-0.234544,0.112345,0.870115,0.418647,-0.172438,0.07726,0.894102,0.40605,-0.108006,0.044585,0.913112,0.390605,-0.041671,0.014576,0.926936,0.372611,0.026126,-0.012542,0.935404,0.35239,0.072675,-0.031308,0.924841,0.37203,0.124557,-0.054682,0.910726,0.389965,0.171889,-0.078801,0.893948,0.406325,0.20547,-0.099091,0.877286,0.422291,-0.002675,-0.003061,-0.036683,0.999318,-0.002588,-0.010171,-0.086643,0.996184,-0.001744,-0.01247,-0.10184,0.994721,0.001642,-0.013987,-0.105194,0.994351,0.003542,-0.013657,-0.095325,0.995346,0.007251,-0.013273,-0.047553,0.998754,0.008344,-0.01387,-0.013374,0.999779,0.007143,-0.015467,0.035523,0.999223,0.005653,-0.015959,0.041767,0.998983,0.004109,-0.016195,0.021083,0.999638,0.000856,-0.007456,0.000955,0.999971,-0.002292,0.003087,-0.040269,0.999181,-0.003527,0.006213,-0.053125,0.998562,-0.00628,0.010613,-0.060189,0.99811,-0.00762,0.012374,-0.056346,0.998305,-0.008461,0.012819,-0.026595,0.999528,-0.008068,0.012495,-0.002382,0.999886,-0.005827,0.010696,0.028173,0.999528,-0.00437,0.008104,0.025385,0.999635,-0.005607,0.017951,-0.230276,0.972943,-0.004232,0.002546,-0.273438,0.961876,-0.003049,-0.005285,-0.299145,0.954188,0.000436,-0.017167,-0.337057,0.941327,0.002375,-0.020462,-0.344059,0.938721,0.006228,-0.024007,-0.327554,0.944506,0.007927,-0.025384,-0.300341,0.95346,0.00919,-0.027912,-0.22738,0.973362,0.008896,-0.029757,-0.194271,0.980456,0.007701,-0.033608,-0.15999,0.986516,0.005646,-0.025042,-0.16363,0.986187,0.001399,-0.006312,-0.193366,0.981105,-0.000657,0.001753,-0.214275,0.976771,-0.004376,0.013621,-0.250511,0.968007,-0.005975,0.01784,-0.262407,0.964773,-0.007919,0.022979,-0.272716,0.961787,-0.008192,0.024421,-0.267912,0.963098,-0.007803,0.027272,-0.242158,0.969821,-0.007313,0.028117,-0.228445,0.973123,-0.31537,-0.159858,0.834428,-0.422747,-0.253203,-0.121663,0.865471,-0.414783,-0.164166,-0.074933,0.89614,-0.405422,-0.06534,-0.028879,0.917645,-0.390926,0.023805,0.008167,0.928169,-0.371306,0.066211,0.027108,0.917693,-0.390793,0.10763,0.047853,0.90484,-0.409133,0.147916,0.070321,0.889683,-0.426191,0.186929,0.094419,0.872306,-0.44184,0.224533,0.120047,0.852805,-0.455957,0.177609,0.089416,0.8743,-0.442785,0.128881,0.060638,0.892701,-0.427546,0.078571,0.033872,0.907872,-0.410423,0.026908,0.009261,