{"mesh":[{"indices":[1,2,0,5,1,0,5,0,3,3,0,6,2,7,0,1,4,2,4,1,8,2,11,7,4,8,12,3,6,13,9,10,14,9,15,10],"material":"2021s2/cs_spaceskinB_0_2","vertices":[4,5,0,0,0,1,6,0,5,0,4,0,7,6,1,1,6,0,5,0,1,2,7,0,2,3,3,0,2,3,10,0,3,4,9,0,9,8,2,0,0,1,0,0,11,0,11,0,10,0,8,0,8,7,2,0,1,2,1,0,3,4,3,0],"fields":["pos","normal","uvcoord","weight"],"poses":[-4.60313,29.921,-4.60313,-4.60313,23.392,-4.60313,4.60313,29.921,-6e-06,-4.60313,29.921,-5e-06,4.60312,29.921,-4.60313,1.53437,29.921,-2.30157,-1.53438,29.921,-2.30157,4.60312,23.392,-4.60313,4.60313,23.392,-5e-06,-4.60313,23.392,-4e-06,-1.53438,29.921,-6e-06,1.53438,29.921,-6e-06],"normals":[0.0,1.0,-0.0,-0.5774,0.5774,-0.5774,-0.7071,-0.0,-0.7071,0.7071,0.7071,-0.0,-0.7071,0.7071,-0.0,0.5774,0.5774,-0.5774,0.7071,-0.0,-0.7071,1.0,-0.0,-0.0,-1.0,0.0,-0.0],"uvcoords":[0.3125,0.375,0.3125,0.75,0.0625,0.75,0.0625,0.375,0.5,0.25,0.6875,0.25,0.875,0.375,0.875,0.75,0.6875,0.125,0.875,0.125,0.3125,0.125,0.5,0.125],"weights":["Bone002",1.0,"root",1.0],"colors":[]}],"version":"0.1.0"}