{"mesh":[{"indices":[0,25,1,2,1,7,0,1,3,1,2,13,1,13,3,0,39,25,14,0,15,16,0,4,14,4,0,0,3,15,3,40,26,3,26,15,41,4,14,4,42,8,16,4,8,27,16,8,43,27,8,13,2,44,2,7,9,9,45,2,10,7,28,7,10,9,10,46,9,10,28,47,11,29,5,5,29,48,17,11,5,17,5,30,30,5,49,18,11,17,18,19,11,20,19,18,20,31,19,50,31,20,51,32,33,33,32,52,12,34,6,6,34,53,21,12,6,21,6,22,22,6,23,24,12,21,24,35,12,54,35,24,22,23,36,36,23,55,56,37,38,38,37,57],"material":"2021s2/cs_spaceskinA_0_2","vertices":[16,8,16,0,15,7,13,0,21,14,25,0,37,1,38,0,28,15,28,0,22,7,3,1,24,7,1,2,5,2,19,0,18,9,21,0,20,10,24,0,17,13,20,0,23,8,1,1,25,8,3,2,31,1,31,0,27,1,27,0,26,1,26,0,0,0,34,0,9,6,6,1,8,5,7,1,7,0,2,1,10,4,8,1,14,6,7,2,13,3,8,2,11,12,2,2,12,5,6,2,5,2,14,0,35,1,36,0,6,11,22,0,0,0,18,0,7,0,0,1,2,3,11,1,1,2,9,1,2,3,0,1,8,5,2,1,3,0,4,2,3,0,12,2,4,4,10,2,13,3,5,2,12,5,1,2,0,0,15,0,36,1,37,0,29,1,29,0,32,9,32,0,19,9,23,0,30,1,30,0,33,10,33,0,34,10,35,3,6,11,17,0,1,2,4,1,1,2,12,1,2,3,10,1,9,6,1,1,10,4,5,1,11,12,0,2,4,4,11,2,3,0,9,2,14,6,2,2,4,4,0,2],"fields":["pos","normal","uvcoord","weight"],"poses":[-3.87802,29.9353,3.79424,-1.90101,31.657,8.44833,-1.90101,21.2016,8.44833,1.90094,31.657,8.44985,1.90094,21.2016,8.44985,3.87795,29.9353,3.79424,-3.87802,22.1793,3.79424,-6.65344,31.657,8.44833,-6.65344,21.2016,3.6959,-1.90101,21.2016,3.6959,-6.65344,21.2016,8.44833,6.65337,31.657,8.44984,1.90094,21.2016,3.69742,6.65337,21.2016,8.44985,6.65337,21.2016,3.69742,3.87795,29.9353,-3.96173,-3.87802,29.9353,-3.96173,3.87795,22.1793,3.79424,-3.87802,25.0878,1.85525,-3.87802,22.1793,1.85525,3.87795,25.0878,1.85525,3.87795,26.0573,-3.96173,-1.90101,31.657,3.69589,-6.65344,31.657,3.69589,6.65337,31.657,3.69742,1.90094,31.657,3.69742,-1.93903,27.0268,-3.96173,-2.90853,27.0268,-3.96173,-3.87802,26.0573,-3.96173,-2.90853,26.0573,-3.96173,2.90845,26.0573,-3.96173,2.90845,27.0268,-3.96173,-3.87802,25.0878,-3.96173,3.87795,25.0878,-3.96173,3.87795,22.1793,1.85525,-1.93903,26.0573,-3.96173,1.93895,26.0573,-3.96173,1.93895,27.0268,-3.96173],"normals":[-0.5774,0.5774,0.5774,-0.0,-0.0,-1.0,0.5774,0.5774,0.5774,0.5774,-0.5774,0.5774,-0.5774,-0.5774,0.5774,-0.5774,-0.5774,-0.5774,0.5774,-0.5774,-0.5774,0.5774,0.5774,-0.5774,-0.5774,0.5774,-0.5774,-1.0,0.0,0.0,1.0,-0.0,-0.0,-0.7071,-0.0,0.7071,0.5774,0.5774,0.5773,0.7071,-0.0,0.7071,0.8944,-0.0,-0.4472,-0.8944,0.0,-0.4472],"uvcoords":[0.3125,0.5,0.3125,0.6562,0.4688,0.6562,0.1562,0.6562,0.1562,0.5,0.4688,0.5,0.1562,1.0,0.3125,1.0,0.4688,1.0,0.625,0.6562,0.625,1.0,0.0,1.0,-0.0,0.6562,0.5,0.25,0.5,0.0,0.25,0.0,0.25,0.25,1.0,0.5,1.0,0.25,0.75,0.25,0.75,0.5,0.0625,0.4062,-0.0,0.5,0.0625,0.5,0.6875,0.4062,0.5,0.375,0.3125,0.3438,0.2812,0.3438,0.25,0.375,0.2812,0.375,0.4688,0.375,0.4688,0.3438,0.25,0.4062,0.5,0.4062,-0.0,0.25,0.6875,0.5,0.3125,0.375,0.4375,0.375,0.4375,0.3438],"weights":["Bone002",1.0,"Bone007",1.0,"Bone008",1.0,"root",1.0],"colors":[]}],"version":"0.1.0"}