{"mesh":[{"indices":[2,6,10,2,3,6,11,0,2,2,0,3,1,12,3,0,1,3,7,4,0,7,0,13,5,1,0,5,0,4,8,14,1,8,1,5,9,5,4,9,4,15],"material":"2021s2/cs_spaceskinB_0_4_1","vertices":[7,0,7,0,5,0,5,0,3,0,3,0,2,0,2,0,8,0,8,0,10,0,10,0,1,0,1,0,9,0,9,0,12,0,12,0,14,0,14,0,0,0,0,0,15,0,15,0,4,0,4,0,6,0,6,0,11,0,11,0,13,0,13,0],"fields":["pos","normal","uvcoord","weight"],"poses":[-0.996403,13.8813,-2.14917,0.996402,13.8813,-2.14917,0.996402,14.8652,-2.14917,-0.996403,14.8652,-2.14917,1.99281,14.8652,-2.14917,1.99281,16.8329,-2.14917,-3.98561,16.8329,-2.14917,-1.99281,16.8329,-2.14917,-2.98921,21.7522,-2.14917,-3.98561,21.7522,-2.14917,2.98921,21.7522,-2.14917,3.98561,16.8329,-2.14917,3.98561,21.7522,-2.14917,-2.98921,22.736,-2.14917,2.98921,22.736,-2.14917,-1.99281,14.8652,-2.14917],"normals":[-0.0,-0.0,-1.0],"uvcoords":[0.4375,0.75,0.3125,0.75,0.3125,0.6875,0.4375,0.6875,0.25,0.6875,0.25,0.5625,0.625,0.5625,0.5,0.5625,0.5625,0.25,0.625,0.25,0.1875,0.25,0.125,0.5625,0.125,0.25,0.5625,0.1875,0.1875,0.1875,0.5,0.6875],"weights":["root",1.0],"colors":[]}],"version":"0.1.0"}