{"mesh":[{"material":"2021s3/yx_electro_armorB/yx_electro_armorB","indices":[0,1,20,0,21,1,2,3,22,2,23,3,4,5,24,4,25,5,6,7,26,6,27,7,8,9,28,8,29,9,10,11,30,10,31,11,12,13,32,12,33,13,14,15,34,14,35,15,16,17,36,16,37,17,18,19,38,18,39,19],"vertices":[3,4,7,0,1,4,5,0,0,0,3,0,4,0,1,0,2,1,11,0,6,1,9,0,1,2,13,0,5,2,2,0,3,3,0,0,7,3,15,0,1,5,5,0,3,5,7,0,4,1,1,0,0,1,3,0,6,0,9,0,2,0,11,0,5,3,2,0,1,3,13,0,7,2,15,0,3,2,0,0,0,4,4,0,2,4,6,0,3,0,0,0,5,0,2,0,1,1,8,0,7,1,10,0,0,2,3,0,6,2,12,0,2,3,14,0,4,3,1,0,0,5,4,0,2,5,6,0,3,1,0,0,5,1,2,0,1,0,8,0,7,0,10,0,0,3,3,0,6,3,12,0,2,2,14,0,4,2,1,0],"fields":["pos","normal","uvcoord","weight"],"poses":[-4.19253,-0.175912,-2.2993,-4.19253,-0.175912,2.2993,0.374755,-0.175912,2.2993,0.374754,-0.175912,-2.2993,0.374754,7.0008,-2.2993,-4.19253,7.0008,-2.2993,-4.19253,7.0008,2.2993,0.374755,7.0008,2.2993],"normals":[-0.0,-0.0,-1.0,0.0,0.0,1.0,-1.0,0.0,0.0,1.0,-0.0,-0.0,0.0,-1.0,0.0,0.0,1.0,-0.0],"uvcoords":[0.1875,0.5781,0.1875,0.4688,0.125,0.4688,0.125,0.5781,0.4688,0.6406,0.4688,0.5781,0.5312,0.5781,0.5312,0.6406,0.2344,0.1562,0.2344,0.0469,0.2969,0.0469,0.2969,0.1562,0.0625,0.4688,0.0625,0.5781,0.25,0.5781,0.25,0.4688],"weights":["Bone006",1.0],"colors":[]}],"version":"0.1.0"}