{"mesh":[{"material":"2021s3/yx_electro_armorB/yx_electro_armorB","indices":[0,1,10,0,11,1,2,3,12,2,13,3,4,5,14,4,15,5,6,7,16,6,17,7,8,9,18,8,19,9],"vertices":[5,0,3,0,0,0,1,0,7,1,5,0,2,1,7,0,6,2,9,0,1,2,2,0,4,3,0,0,3,3,4,0,0,4,13,0,2,4,11,0,4,0,0,0,1,0,2,0,6,1,6,0,3,1,4,0,5,2,3,0,2,2,8,0,7,3,5,0,0,3,1,0,3,4,10,0,1,4,12,0],"fields":["pos","normal","uvcoord","weight"],"poses":[0.329977,10.1,-2.24178,-4.14775,10.1,-2.24178,-4.14775,10.1,2.24178,0.329977,10.1,2.24178,0.329976,9.0008,-2.24178,-4.14775,9.0008,-2.24178,-4.14775,9.0008,2.24178,0.329977,9.0008,2.24178],"normals":[-0.0,-0.0,-1.0,0.0,0.0,1.0,-1.0,0.0,0.0,1.0,-0.0,-0.0,0.0,1.0,-0.0],"uvcoords":[0.5312,0.9531,0.5312,0.9375,0.4688,0.9375,0.4688,0.9531,0.5938,0.9375,0.5938,0.9531,0.6562,0.9531,0.6562,0.9375,0.4062,0.9375,0.4062,0.9531,0.6719,0.5469,0.6094,0.5469,0.6094,0.6094,0.6719,0.6094],"weights":["Bone000",1.0],"colors":[]}],"version":"0.1.0"}