{"mesh":[{"material":"2021s3/yx_electro_armorB/yx_electro_armorB","indices":[0,1,32,0,33,1,2,3,34,2,35,3,4,5,36,4,37,5,6,7,38,6,39,7,8,9,40,8,41,9,10,11,42,10,43,11,12,13,44,12,45,13,14,15,46,14,47,15,16,17,48,16,49,17,18,19,50,18,51,19,20,21,52,20,53,21,22,23,54,22,55,23,24,25,56,24,57,25,26,27,58,26,59,27,28,29,60,28,61,29,30,31,62,30,63,31],"vertices":[7,4,1,0,5,4,5,0,1,5,2,0,9,5,5,0,8,0,7,0,4,0,0,0,0,1,8,0,6,1,22,0,9,2,24,0,7,2,1,0,1,3,6,0,5,3,2,0,11,4,4,0,3,4,25,0,15,5,30,0,13,5,28,0,12,0,10,0,2,0,3,0,14,1,12,0,10,1,32,0,13,2,34,0,11,2,4,0,15,3,9,0,3,3,11,0,17,0,16,0,1,0,14,0,3,1,36,0,19,1,18,0,18,2,17,0,16,2,15,0,2,3,13,0,0,3,38,0,4,4,0,0,6,4,19,0,8,5,0,0,0,5,20,0,1,0,6,0,7,0,1,0,9,1,21,0,5,1,2,0,8,2,7,0,6,2,23,0,0,3,8,0,4,3,0,0,2,4,3,0,10,4,26,0,12,5,27,0,14,5,29,0,15,0,9,0,11,0,4,0,13,1,31,0,3,1,11,0,12,2,10,0,10,2,33,0,14,3,12,0,2,3,3,0,2,0,13,0,16,0,15,0,18,1,17,0,0,1,35,0,17,2,16,0,19,2,18,0,3,3,37,0,1,3,14,0],"fields":["pos","normal","uvcoord","weight"],"poses":[-3.73418,21.6218,2.31568,-3.73419,21.6218,-2.31535,-3.73419,17.6449,-2.31535,-3.73418,17.6449,2.31568,-3.73419,22.6218,-2.31535,-3.73418,22.6218,2.31568,-8.48698,22.6218,2.31568,-8.48698,22.6218,-2.31535,-8.48698,21.6218,-2.31535,-8.48698,21.6218,2.31568,-8.48698,17.6449,2.31568,-8.48698,17.6449,-2.31535,-8.48698,12.5627,-2.31535,-8.48698,12.5627,2.31568,-3.73418,12.5627,2.31568,-3.73419,12.5627,-2.31535,-7.29878,21.6218,-2.31535,-7.29878,17.6449,-2.31535,-7.29878,17.6449,2.31568,-7.29878,21.6218,2.31568],"normals":[-0.0,-0.0,-1.0,0.0,0.0,1.0,-1.0,0.0,0.0,1.0,-0.0,-0.0,0.0,1.0,-0.0,0.0,-1.0,0.0],"uvcoords":[0.1562,0.9531,0.0938,0.9531,0.2188,0.9531,0.8438,0.1094,0.7812,0.1094,0.1562,0.8906,0.1562,0.9688,0.0938,0.9688,0.2188,0.9688,0.8438,0.1875,0.7812,0.1875,0.9062,0.1094,0.9062,0.1875,0.1094,0.3434,0.1094,0.2812,0.1562,0.2812,0.1562,0.3434,0.2188,0.3434,0.2188,0.2812,0.0938,0.8906,0.2188,0.8906,0.2812,0.9688,0.2812,0.9531,0.0312,0.9531,0.0312,0.9688,0.8438,0.0469,0.7812,0.0469,0.6094,0.6094,0.6094,0.5469,0.6719,0.5469,0.6719,0.6094,0.9688,0.1875,0.9688,0.1094,0.7188,0.1094,0.7188,0.1875,0.2656,0.2812,0.2656,0.3434,0.0469,0.3434,0.0469,0.2812],"weights":["Bone004",1.0],"colors":[]}],"version":"0.1.0"}