{"frameeffect": {"layer": 1, "scale": [0.55, 0.55, 1.0], "shuffle": false, "depth_test": true, "frame_color": [[1, 1, 1, 0.3666666666666667], [1, 1, 1, 0.3533333333333334], [1, 1, 1, 0.3666666666666667], [1, 1, 1, 0.3733333333333333], [1, 1, 1, 0.38], [1, 1, 1, 0.3733333333333333], [1, 1, 1, 0.3666666666666667], [1, 1, 1, 0.38], [1, 1, 1, 0.42000000000000004], [1, 1, 1, 0.4], [1, 1, 1, 0.41333333333333333], [1, 1, 1, 0.4066666666666666], [1, 1, 1, 0.41333333333333333], [1, 1, 1, 0.42000000000000004], [1, 1, 1, 0.41333333333333333], [1, 1, 1, 0.3666666666666667]], "texture": "textures/sfxs/2022s2/cs_sun_skinA_strong_tflg", "delay": 0.0, "fade_distance": 0.0, "lerp_scale": true, "tex_repeat_num": [1, 1], "fps": 13, "first_person_enable": false, "face_camera": false, "rot_speed": [0, 0, 0], "cylinder_enable": false, "loop": true, "blend_mode": 2}}