{
  "frameeffect": {
    "blend_mode": 1,
    "cylinder_enable": false,
    "delay": 0,
    "depth_test": true,
    "face_camera": false,
    "fade_distance": 0,
    "first_person_enable": false,
    "fps": 20,
    "frame_color": [
      [
        1,
        0,
        0,
        0
      ],
      [
        1,
        0,
        0,
        0.3733333333333333
      ],
      [
        1,
        0,
        0,
        0.8266666666666667
      ],
      [
        1,
        0,
        0,
        0.5933333333333333
      ],
      [
        1,
        0,
        0,
        0.33999999999999997
      ],
      [
        1,
        0,
        0,
        0.21333333333333337
      ],
      [
        1,
        0,
        0,
        0.10666666666666669
      ],
      [
        1,
        0,
        0,
        0
      ],
      [
        1,
        0,
        0,
        0
      ]
    ],
    "layer": 1,
    "lerp_scale": true,
    "loop": false,
    "rot_speed": [
      0,
      0,
      0
    ],
    "scale": [
      1.06,
      1.06,
      1.06
    ],
    "shuffle": false,
    "tex_repeat_num": [
      1,
      1
    ],
    "texture": "textures/sfxs/2022s2/ss_astral_weapon_diglow"
  }
}
