{
  "skeleton": [
    {
      "name": "root",
      "parent": "root",
      "initpos": [
        0,
        0,
        0
      ],
      "initquaternion": [
        0.707106,
        0,
        0,
        0.707106
      ],
      "initscale": [
        1,
        0.999999,
        0.999999
      ],
      "offmtx": [
        [
          1,
          0,
          0,
          0
        ],
        [
          0,
          1,
          0,
          0
        ],
        [
          0,
          0,
          1,
          0
        ]
      ],
      "boundingbox": [
        [
          0,
          0,
          0
        ],
        [
          0,
          0,
          0
        ]
      ]
    },
    {
      "name": "Bone001",
      "parent": "root",
      "initpos": [
        6.187564,
        -9.880969855657895e-7,
        -24.105913
      ],
      "initquaternion": [
        0.500001,
        0.499998,
        0.500001,
        -0.499998
      ],
      "initscale": [
        1,
        1,
        1
      ],
      "offmtx": [
        [
          0,
          -0.999999,
          0,
          24.105905
        ],
        [
          0.999999,
          0,
          -0.000004,
          -6.187565
        ],
        [
          0.000004,
          0,
          0.999999,
          -0.000026
        ]
      ],
      "boundingbox": [
        [
          -0.009557,
          -2.096691,
          -2.135928
        ],
        [
          13.240626,
          2.175202,
          2.135952
        ]
      ]
    }
  ],
  "boundingbox": [
    [
      4.090883,
      10.865283,
      -2.135935
    ],
    [
      8.362758,
      24.115468,
      2.135939
    ]
  ]
}
