{
  "skeleton": [
    {
      "name": "root",
      "parent": "root",
      "initpos": [
        0,
        0,
        0
      ],
      "initquaternion": [
        0.707106,
        0,
        0,
        0.707106
      ],
      "initscale": [
        1,
        0.999999,
        0.999999
      ],
      "offmtx": [
        [
          1,
          0,
          0,
          0
        ],
        [
          0,
          1,
          0,
          0
        ],
        [
          0,
          0,
          1,
          0
        ]
      ],
      "boundingbox": [
        [
          0,
          0,
          0
        ],
        [
          0,
          0,
          0
        ]
      ]
    },
    {
      "name": "Bone002",
      "parent": "root",
      "initpos": [
        -6.097999,
        -0.000001,
        -24.105911
      ],
      "initquaternion": [
        0.500001,
        0.499998,
        0.500001,
        -0.499998
      ],
      "initscale": [
        1,
        1,
        1
      ],
      "offmtx": [
        [
          0,
          -0.999999,
          0,
          24.105905
        ],
        [
          0.999999,
          0,
          -0.000004,
          6.097996
        ],
        [
          0.000004,
          0,
          0.999999,
          0.000027
        ]
      ],
      "boundingbox": [
        [
          -1.582584,
          -2.502012,
          -2.599993
        ],
        [
          11.105909,
          2.72938,
          2.500013
        ]
      ]
    },
    {
      "name": "Bone020",
      "parent": "Bone002",
      "initpos": [
        8.203672,
        -2.29615,
        1.101835
      ],
      "initquaternion": [
        0.504829,
        0.495123,
        0.504827,
        -0.495125
      ],
      "initscale": [
        0.999999,
        0.999999,
        0.999999
      ],
      "offmtx": [
        [
          0.000008,
          0,
          0.999999,
          -1.101776
        ],
        [
          -0.020228,
          -0.999795,
          1.6465935459564207e-7,
          15.729173
        ],
        [
          0.999795,
          -0.020228,
          -0.000008,
          8.71412
        ]
      ],
      "boundingbox": [
        [
          -0.001843,
          -0.447977,
          -0.01482
        ],
        [
          2.348156,
          0.452259,
          0.024152
        ]
      ]
    },
    {
      "name": "Bone021",
      "parent": "Bone002",
      "initpos": [
        9.045621,
        -2.29615,
        1.101834
      ],
      "initquaternion": [
        0.504829,
        0.495123,
        0.504827,
        -0.495125
      ],
      "initscale": [
        0.999999,
        0.999999,
        0.999999
      ],
      "offmtx": [
        [
          0.000008,
          0,
          0.999999,
          -1.101775
        ],
        [
          -0.020228,
          -0.999795,
          1.6465935459564207e-7,
          14.887396
        ],
        [
          0.999795,
          -0.020228,
          -0.000008,
          8.697089
        ]
      ],
      "boundingbox": [
        [
          -0.001842,
          -0.440239,
          0.000739
        ],
        [
          1.598157,
          0.459995,
          0.039706
        ]
      ]
    },
    {
      "name": "Bone022",
      "parent": "Bone002",
      "initpos": [
        9.755632,
        -2.29615,
        1.101834
      ],
      "initquaternion": [
        0.504829,
        0.495123,
        0.504827,
        -0.495125
      ],
      "initscale": [
        0.999999,
        0.999999,
        0.999999
      ],
      "offmtx": [
        [
          0.000008,
          0,
          0.999999,
          -1.101775
        ],
        [
          -0.020228,
          -0.999795,
          1.6465935459564207e-7,
          14.177531
        ],
        [
          0.999795,
          -0.020228,
          -0.000008,
          8.682726
        ]
      ],
      "boundingbox": [
        [
          -0.001842,
          -0.250674,
          0.023563
        ],
        [
          1.098157,
          0.249643,
          0.054434
        ]
      ]
    },
    {
      "name": "Bone024",
      "parent": "Bone002",
      "initpos": [
        9.045623,
        -2.296141,
        -1.088124
      ],
      "initquaternion": [
        -0.499959,
        0.50004,
        0.499957,
        0.500042
      ],
      "initscale": [
        1,
        0.999999,
        0.999999
      ],
      "offmtx": [
        [
          0.000003,
          0,
          -0.999999,
          -1.088086
        ],
        [
          -4.333572007908515e-7,
          0.999999,
          0,
          -15.060287
        ],
        [
          1,
          4.3335717236914206e-7,
          0.000003,
          8.394143
        ]
      ],
      "boundingbox": [
        [
          0.011883,
          -0.460284,
          0.009644
        ],
        [
          1.611883,
          0.439715,
          0.030402
        ]
      ]
    },
    {
      "name": "Bone023",
      "parent": "Bone002",
      "initpos": [
        8.203674,
        -2.296141,
        -1.088122
      ],
      "initquaternion": [
        -0.499959,
        0.50004,
        0.499957,
        0.500042
      ],
      "initscale": [
        1,
        0.999999,
        0.999999
      ],
      "offmtx": [
        [
          0.000003,
          0,
          -0.999999,
          -1.088084
        ],
        [
          -4.333572007908515e-7,
          0.999999,
          0,
          -15.902236
        ],
        [
          1,
          4.3335717236914206e-7,
          0.000003,
          8.394143
        ]
      ],
      "boundingbox": [
        [
          0.011885,
          -0.452234,
          -0.005751
        ],
        [
          2.361885,
          0.447765,
          0.015008
        ]
      ]
    },
    {
      "name": "Bone025",
      "parent": "Bone002",
      "initpos": [
        9.755634,
        -2.29614,
        -1.088009
      ],
      "initquaternion": [
        -0.499959,
        0.50004,
        0.499957,
        0.500042
      ],
      "initscale": [
        1,
        0.999999,
        0.999999
      ],
      "offmtx": [
        [
          0.000003,
          0,
          -0.999999,
          -1.087971
        ],
        [
          -4.333572007908515e-7,
          0.999999,
          0,
          -14.350276
        ],
        [
          1,
          4.3335717236914206e-7,
          0.000003,
          8.394142
        ]
      ],
      "boundingbox": [
        [
          0.011998,
          -0.250273,
          0.028625
        ],
        [
          1.111998,
          0.249726,
          0.049382
        ]
      ]
    }
  ],
  "boundingbox": [
    [
      -8.6,
      12.999998,
      -3.45
    ],
    [
      -3.368629,
      25.688493,
      3.449998
    ]
  ]
}
