{"skeleton":[{"name":"root","parent":"root","initpos":[0.0,0.0,-0.0],"initquaternion":[0.707066,0.007503,-0.007503,0.707066],"initscale":[0.999999,0.999999,0.999999],"offmtx":[[1.0,0.0,0.0,0.0],[0.0,1.0,0.0,0.0],[0.0,0.0,1.0,0.0]],"boundingbox":[[0.0,0.0,0.0],[0.0,0.0,0.0]]},{"name":"Bone001","parent":"root","initpos":[0.62908,-0.068391,-0.0],"initquaternion":[-0.0,-0.0,0.999984,-0.005599],"initscale":[0.999999,0.999999,1.0],"offmtx":[[-0.999949,0.0,0.010023,0.628275],[-0.010023,0.0,-0.999949,-0.075431],[-0.0,-0.999999,0.0,0.0]],"boundingbox":[[0.62788,-0.07562,-0.0],[0.62867,-0.075243,0.0]]}],"boundingbox":[[-0.000393,-0.0,-0.000184],[0.000393,0.0,0.000184]]}