{"skeleton":[{"name":"root","parent":"root","initpos":[0.0,0.0,-0.0],"initquaternion":[0.707106,0.0,0.0,0.707106],"initscale":[1.0,0.999999,0.999999],"offmtx":[[1.0,0.0,0.0,0.0],[-0.0,0.0,0.999999,0.0],[-0.0,-0.999999,0.0,0.0]],"boundingbox":[[-3.25,-3.467233,-33.199996],[3.25,3.250003,-25.689998]]}],"boundingbox":[[-3.25,25.689996,-3.467237],[3.25,33.199996,3.249998]]}