{
  "skeleton": [
    {
      "name": "root",
      "parent": "root",
      "initpos": [
        0,
        0,
        0
      ],
      "initquaternion": [
        0.707106,
        0,
        0,
        0.707106
      ],
      "initscale": [
        1,
        0.999999,
        0.999999
      ],
      "offmtx": [
        [
          1,
          0,
          0,
          0
        ],
        [
          0,
          0,
          0.999999,
          0
        ],
        [
          0,
          -0.999999,
          0,
          0
        ]
      ],
      "boundingbox": [
        [
          -4.219516,
          -2.475275,
          -24.012702
        ],
        [
          4.219515,
          2.524724,
          -10.011827
        ]
      ]
    }
  ],
  "boundingbox": [
    [
      -4.219516,
      10.011827,
      -2.475277
    ],
    [
      4.219515,
      24.012701,
      2.524722
    ]
  ]
}
