{
  "skeleton": [
    {
      "name": "root",
      "parent": "root",
      "initpos": [
        0,
        0,
        0
      ],
      "initquaternion": [
        0.707106,
        0,
        0,
        0.707106
      ],
      "initscale": [
        1,
        0.999999,
        0.999999
      ],
      "offmtx": [
        [
          1,
          0,
          0,
          0
        ],
        [
          0,
          0,
          0.999999,
          0
        ],
        [
          0,
          -0.999999,
          0,
          0
        ]
      ],
      "boundingbox": [
        [
          2.976593,
          -2.50902,
          -27.587701
        ],
        [
          8.121926,
          4.409716,
          -10.159005
        ]
      ]
    }
  ],
  "boundingbox": [
    [
      2.976593,
      10.159005,
      -2.509023
    ],
    [
      8.121926,
      27.587699,
      4.409712
    ]
  ]
}
