{"skeleton":[{"name":"root","parent":"root","initpos":[0.0,0.0,-0.0],"initquaternion":[0.707106,0.0,0.0,0.707106],"initscale":[1.0,0.999999,0.999999],"offmtx":[[1.0,0.0,-0.0,0.0],[0.0,0.0,0.999999,0.0],[0.0,-0.999999,0.0,0.0]],"boundingbox":[[-3.768020064853772e-07,-1.678311,-12.047555],[4.219515,2.321688,-3.047555]]}],"boundingbox":[[-2.384185791015625e-07,3.047555,-1.678313],[4.219515,12.047554,2.321687]]}