{"skeleton":[{"name":"root","parent":"root","initpos":[0.0,0.0,-0.0],"initquaternion":[0.707106,0.0,0.0,0.707106],"initscale":[1.0,0.999999,0.999999],"offmtx":[[1.0,0.0,0.0,0.0],[0.0,1.0,0.0,0.0],[0.0,0.0,1.0,0.0]],"boundingbox":[[0.0,0.0,0.0],[0.0,0.0,0.0]]},{"name":"Bone001","parent":"root","initpos":[0.011244,-1e-06,-30.06738],"initquaternion":[-0.498322,0.501672,0.501678,0.498315],"initscale":[1.0,0.999999,0.999999],"offmtx":[[-0.006712,0.999977,-0.0,-30.066627],[-0.999977,-0.006712,-1.3e-05,0.213072],[-1.3e-05,0.0,0.999999,1e-06]],"boundingbox":[[-0.255411,-7.0138,-4.076149],[5.647161,6.987834,4.646069]]},{"name":"Bone009","parent":"Bone001","initpos":[-0.112564,0.012045,-3.46167],"initquaternion":[6e-06,-0.0,-0.003356,0.999994],"initscale":[0.999999,0.999999,1.0],"offmtx":[[1.629822463655728e-07,0.999999,0.0,-29.954738],[-1.0,1.6298223215471808e-07,0.0,-4e-06],[0.0,-0.0,0.999999,3.461671]],"boundingbox":[[-0.687559,-4.377986,-0.788325],[2.94136,4.377986,0.711674]]}],"boundingbox":[[-7.000975,29.267177,-4.250001],[7.000975,35.675662,4.645995]]}