{
  "skeleton": [
    {
      "name": "root",
      "parent": "root",
      "initpos": [
        0,
        0,
        0
      ],
      "initquaternion": [
        0.707106,
        0,
        0,
        0.707106
      ],
      "initscale": [
        1,
        0.999999,
        0.999999
      ],
      "offmtx": [
        [
          1,
          0,
          0,
          0
        ],
        [
          0,
          0,
          0.999999,
          0
        ],
        [
          0,
          -0.999999,
          0,
          0
        ]
      ],
      "boundingbox": [
        [
          -4.219516,
          -1.678312,
          -12.047555
        ],
        [
          1.0308203002296068e-7,
          2.321688,
          -3.047555
        ]
      ]
    }
  ],
  "boundingbox": [
    [
      -4.219516,
      3.047555,
      -1.678313
    ],
    [
      2.384185791015625e-7,
      12.047554,
      2.321686
    ]
  ]
}
