{"skeleton":[{"name":"root","parent":"root","initpos":[-0.415821,0.0,0.222281],"initquaternion":[0.004576,0.707091,-0.707091,0.004576],"initscale":[0.999999,0.999999,0.999999],"offmtx":[[1.0,0.0,0.0,0.0],[0.0,1.0,0.0,0.0],[0.0,0.0,1.0,0.0]],"boundingbox":[[0.0,0.0,0.0],[0.0,0.0,0.0]]},{"name":"Bone002","parent":"root","initpos":[-0.41164,0.325648,5.32551],"initquaternion":[0.004576,0.706768,-0.004576,0.707415],"initscale":[1.0,0.999999,0.999999],"offmtx":[[-0.0,0.999999,-0.000916,5.325417],[-1.5099573147381307e-07,-0.000916,-0.999999,-0.102891],[-1.0,-0.0,1.5099580252808664e-07,0.0]],"boundingbox":[[-0.023911,-7.19227,-0.942245],[15.310323,6.979555,0.942245]]}],"boundingbox":[[-0.942245,-5.348183,-7.085917],[0.942245,9.984909,7.085912]]}