{
  "skeleton": [
    {
      "name": "root",
      "parent": "root",
      "initpos": [
        -9.501359,
        0,
        0
      ],
      "initquaternion": [
        -1.1920930376163597e-7,
        0,
        0,
        1
      ],
      "initscale": [
        1,
        0.999999,
        0.999999
      ],
      "offmtx": [
        [
          1,
          0,
          0,
          0
        ],
        [
          0,
          1,
          0,
          0
        ],
        [
          0,
          0,
          1,
          0
        ]
      ],
      "boundingbox": [
        [
          0,
          0,
          0
        ],
        [
          0,
          0,
          0
        ]
      ]
    },
    {
      "name": "Bone001",
      "parent": "root",
      "initpos": [
        -0.001859,
        0,
        0
      ],
      "initquaternion": [
        -0.707106,
        1.6858736273661634e-7,
        1.685874195800352e-7,
        0.707106
      ],
      "initscale": [
        1,
        1,
        1
      ],
      "offmtx": [
        [
          4.973880436409672e-7,
          0,
          -0.999999,
          8.808449
        ],
        [
          4.887620548288396e-7,
          -0.999999,
          0,
          2.672600771802536e-7
        ],
        [
          -1,
          -4.887619979854207e-7,
          -4.973879867975484e-7,
          -0.496301
        ]
      ],
      "boundingbox": [
        [
          -0.030004,
          -1.767975,
          -0.996307
        ],
        [
          17.646905,
          1.767976,
          0.003883
        ]
      ]
    }
  ],
  "boundingbox": [
    [
      -0.50018,
      -1.767976,
      -8.838456
    ],
    [
      0.500001,
      1.767974,
      8.838454
    ]
  ]
}
