{
  "skeleton": [
    {
      "name": "root",
      "parent": "root",
      "initpos": [
        2.000902,
        -0.046068,
        4.2115425458177924e-7
      ],
      "initquaternion": [
        -1.194139684912443e-7,
        0,
        0.005801,
        0.999983
      ],
      "initscale": [
        0.999999,
        0.999999,
        0.999999
      ],
      "offmtx": [
        [
          1,
          0,
          0,
          0
        ],
        [
          0,
          1,
          0,
          0
        ],
        [
          0,
          0,
          1,
          0
        ]
      ],
      "boundingbox": [
        [
          0,
          0,
          0
        ],
        [
          0,
          0,
          0
        ]
      ]
    },
    {
      "name": "Bone003",
      "parent": "root",
      "initpos": [
        -1.818474,
        30.338205,
        -0.000003
      ],
      "initquaternion": [
        -0.000001,
        -0.000001,
        0.694094,
        0.719883
      ],
      "initscale": [
        1,
        1,
        1
      ],
      "offmtx": [
        [
          0.024868,
          0.99969,
          -1.6104031885788572e-7,
          -30.255407
        ],
        [
          -0.99969,
          0.024868,
          -0.000003,
          -0.922134
        ],
        [
          -0.000003,
          2.4809617116261506e-7,
          0.999999,
          4.76837158203125e-7
        ]
      ],
      "boundingbox": [
        [
          -6.903815,
          -5.329344,
          -5.179657
        ],
        [
          7.848005,
          4.87115,
          5.002349
        ]
      ]
    }
  ],
  "boundingbox": [
    [
      -5.006671,
      23.359457,
      -5.179665
    ],
    [
      5.006671,
      38.094364,
      5.002319
    ]
  ]
}
