{
  "skeleton": [
    {
      "name": "root",
      "parent": "root",
      "initpos": [
        0,
        0,
        0
      ],
      "initquaternion": [
        0.707106,
        0,
        0,
        0.707106
      ],
      "initscale": [
        1,
        0.999999,
        0.999999
      ],
      "offmtx": [
        [
          1,
          0,
          0,
          0
        ],
        [
          0,
          1,
          0,
          0
        ],
        [
          0,
          0,
          1,
          0
        ]
      ],
      "boundingbox": [
        [
          0,
          0,
          0
        ],
        [
          0,
          0,
          0
        ]
      ]
    },
    {
      "name": "Bone001",
      "parent": "root",
      "initpos": [
        0,
        0,
        0
      ],
      "initquaternion": [
        -0.492626,
        0.507266,
        0.492626,
        0.507266
      ],
      "initscale": [
        1,
        0.999999,
        0.999999
      ],
      "offmtx": [
        [
          0.000005,
          0.999999,
          1.6663459234678157e-7,
          0
        ],
        [
          -1,
          0.000005,
          1.5896874572263187e-7,
          0
        ],
        [
          1.5896790728220367e-7,
          -1.6663540236550034e-7,
          0.999999,
          0
        ]
      ],
      "boundingbox": [
        [
          -5.402864,
          -0.733545,
          -0.730838
        ],
        [
          9.336105,
          0.728142,
          0.730837
        ]
      ]
    },
    {
      "name": "Bone002",
      "parent": "Bone001",
      "initpos": [
        8.255105,
        -0.000001,
        0
      ],
      "initquaternion": [
        0,
        -0.707106,
        0,
        0.707106
      ],
      "initscale": [
        0.999999,
        1,
        0.999999
      ],
      "offmtx": [
        [
          2.0409450485203706e-7,
          0,
          0.999999,
          -0.000001
        ],
        [
          -1,
          0.000004,
          2.0409449064118235e-7,
          0.000002
        ],
        [
          -0.000004,
          -0.999999,
          0,
          8.255105
        ]
      ],
      "boundingbox": [
        [
          -0.609722,
          -1.604753,
          -1.570865
        ],
        [
          6.871527,
          1.542329,
          1.579071
        ]
      ]
    }
  ],
  "boundingbox": [
    [
      -1.542278,
      -5.402861,
      -0.730838
    ],
    [
      1.604804,
      9.825963,
      6.871526
    ]
  ]
}
