{"skeleton":[{"name":"root","parent":"root","initpos":[2.000902,-0.046068,4.2115425458177924e-07],"initquaternion":[-1.194139684912443e-07,-0.0,0.005801,0.999983],"initscale":[0.999999,0.999999,0.999999],"offmtx":[[1.0,0.0,0.0,0.0],[0.0,1.0,0.0,0.0],[0.0,0.0,1.0,0.0]],"boundingbox":[[0.0,0.0,0.0],[0.0,0.0,0.0]]},{"name":"Bone001","parent":"root","initpos":[-4.310408,4.02992,4.768372718899627e-07],"initquaternion":[6e-06,-6e-06,-0.713634,0.700518],"initscale":[0.999999,0.999999,1.0],"offmtx":[[-0.006944,-0.999975,0.0,3.917112],[0.999976,-0.006944,1.7e-05,2.383235],[-1.7e-05,1.9409931439895445e-07,0.999999,-4.1e-05]],"boundingbox":[[-0.025323,-1.847592,-2.323371],[4.006185,2.730855,2.227406]]}],"boundingbox":[[-4.203524,-0.059881,-2.323324],[0.347174,3.940118,2.227374]]}