{
  "skeleton": [
    {
      "name": "root",
      "parent": "root",
      "initpos": [
        2.000902,
        -0.046068,
        4.2115425458177924e-7
      ],
      "initquaternion": [
        -1.194139684912443e-7,
        0,
        0.005801,
        0.999983
      ],
      "initscale": [
        0.999999,
        0.999999,
        0.999999
      ],
      "offmtx": [
        [
          1,
          0,
          0,
          0
        ],
        [
          0,
          1,
          0,
          0
        ],
        [
          0,
          0,
          1,
          0
        ]
      ],
      "boundingbox": [
        [
          0,
          0,
          0
        ],
        [
          0,
          0,
          0
        ]
      ]
    },
    {
      "name": "Bone005",
      "parent": "root",
      "initpos": [
        0.138763,
        -0.016144,
        -4.3585896492004395e-7
      ],
      "initquaternion": [
        0.000001,
        0.000001,
        0.699391,
        0.714738
      ],
      "initscale": [
        1,
        1,
        1
      ],
      "offmtx": [
        [
          0.0101,
          0.999948,
          -1.6216260689816409e-7,
          0.038985
        ],
        [
          -0.999948,
          0.0101,
          0.000002,
          2.140347
        ],
        [
          0.000002,
          1.34012296371111e-7,
          0.999999,
          -0.000005
        ]
      ],
      "boundingbox": [
        [
          -0.024651,
          -2.070971,
          -2.339514
        ],
        [
          4.021435,
          2.552272,
          2.243565
        ]
      ]
    }
  ],
  "boundingbox": [
    [
      -0.372141,
      -0.059881,
      -2.339507
    ],
    [
      4.210923,
      3.940118,
      2.243558
    ]
  ]
}
