{"skeleton":[{"name":"root","parent":"root","initpos":[2.000902,-0.046068,4.2115425458177924e-07],"initquaternion":[-1.194139684912443e-07,-0.0,0.005801,0.999983],"initscale":[0.999999,0.999999,0.999999],"offmtx":[[1.0,0.0,0.0,0.0],[0.0,1.0,0.0,0.0],[0.0,0.0,1.0,0.0]],"boundingbox":[[0.0,0.0,0.0],[0.0,0.0,0.0]]},{"name":"Bone004","parent":"root","initpos":[-1.886718,23.985084,-3e-06],"initquaternion":[1e-06,1e-06,0.70078,0.713376],"initscale":[1.0,1.0,1.0],"offmtx":[[0.00621,0.99998,-1.6245223832811462e-07,-23.914028],[-0.99998,0.00621,4e-06,-0.31251],[4e-06,1.3329412240636884e-07,0.999999,5e-06]],"boundingbox":[[-11.925584,-4.604603,-4.191865],[1.946853,4.221569,4.324359]]}],"boundingbox":[[-4.373692,12.015838,-4.191854],[4.366786,25.834257,4.324326]]}