{"skeleton":[{"name":"root","parent":"root","initpos":[-9.501361,0.0,-0.0],"initquaternion":[-1.1920928955078125e-07,0.0,-0.0,1.0],"initscale":[1.0,0.999999,0.999999],"offmtx":[[1.0,0.0,0.0,0.0],[0.0,1.0,0.0,0.0],[0.0,0.0,1.0,0.0]],"boundingbox":[[0.0,0.0,0.0],[0.0,0.0,0.0]]},{"name":"Bone001","parent":"root","initpos":[-0.001859,0.0,0.0],"initquaternion":[-0.707106,1.6858736273661634e-07,1.685874195800352e-07,0.707106],"initscale":[1.0,1.0,1.0],"offmtx":[[5.039016173213895e-07,0.0,-0.999999,9.028376],[-4.013392356227996e-07,0.999999,-0.0,0.0],[1.0,4.013392072010902e-07,5.039015604779706e-07,-4e-06]],"boundingbox":[[0.189922,-1.767976,-0.500189],[17.866832,1.767975,0.5]]}],"boundingbox":[[-0.50018,-1.767976,-8.838456],[0.500001,1.767974,8.838454]]}