{
  "skeleton": [
    {
      "name": "root",
      "parent": "root",
      "initpos": [
        0,
        5.703,
        0
      ],
      "initquaternion": [
        0.707106,
        0,
        0,
        0.707106
      ],
      "initscale": [
        1,
        0.999999,
        0.999999
      ],
      "offmtx": [
        [
          1,
          0,
          0,
          0
        ],
        [
          0,
          1,
          0,
          0
        ],
        [
          0,
          0,
          1,
          0
        ]
      ],
      "boundingbox": [
        [
          0,
          0,
          0
        ],
        [
          0,
          0,
          0
        ]
      ]
    },
    {
      "name": "Bone001",
      "parent": "root",
      "initpos": [
        0,
        0,
        0
      ],
      "initquaternion": [
        0.707106,
        1.376787679419067e-7,
        -0.707106,
        1.3767878215276141e-7
      ],
      "initscale": [
        1,
        0.999999,
        0.999999
      ],
      "offmtx": [
        [
          3.1391647326017846e-7,
          0.999999,
          0,
          -5.702642
        ],
        [
          3.8941436741879443e-7,
          0,
          -0.999999,
          -2.4586915969848633e-7
        ],
        [
          -1,
          3.1391644483846903e-7,
          -3.89414338997085e-7,
          -0.000001
        ]
      ],
      "boundingbox": [
        [
          -5.540556,
          -0.5,
          -0.402657
        ],
        [
          7.459443,
          0.5,
          0.500002
        ]
      ]
    },
    {
      "name": "Bone002",
      "parent": "Bone001",
      "initpos": [
        8.080343,
        -1.0283555695878022e-7,
        -0.000008
      ],
      "initquaternion": [
        0,
        0,
        0.707106,
        0.707106
      ],
      "initscale": [
        0.999999,
        0.999999,
        1
      ],
      "offmtx": [
        [
          5.659505291077949e-7,
          0,
          -0.999999,
          -1.4528632164001465e-7
        ],
        [
          3.1391647326017846e-7,
          -0.999999,
          0,
          13.782985
        ],
        [
          -1,
          -3.1391644483846903e-7,
          -5.65950472264376e-7,
          0.00001
        ]
      ],
      "boundingbox": [
        [
          -5,
          -4.879098,
          -0.444196
        ],
        [
          4.999999,
          5.120901,
          1.555808
        ]
      ]
    }
  ],
  "boundingbox": [
    [
      -1.5558,
      0.162085,
      -5.000001
    ],
    [
      0.4442,
      18.662084,
      4.999998
    ]
  ]
}
