{
  "skeleton": [
    {
      "name": "root",
      "parent": "root",
      "initpos": [
        0,
        0,
        0
      ],
      "initquaternion": [
        0,
        0,
        0,
        1
      ],
      "initscale": [
        1,
        0.999999,
        0.999999
      ],
      "offmtx": [
        [
          1,
          0,
          0,
          0
        ],
        [
          0,
          1,
          0,
          0
        ],
        [
          0,
          0,
          1,
          0
        ]
      ],
      "boundingbox": [
        [
          0,
          0,
          0
        ],
        [
          0,
          0,
          0
        ]
      ]
    },
    {
      "name": "Bone001",
      "parent": "root",
      "initpos": [
        0,
        3,
        -0.299999
      ],
      "initquaternion": [
        0.5,
        0.5,
        0.499999,
        0.499999
      ],
      "initscale": [
        1,
        1,
        1
      ],
      "offmtx": [
        [
          1.9955338359523012e-7,
          0.999999,
          0,
          -2.999999
        ],
        [
          3.377662096681888e-7,
          0,
          0.999999,
          0.3
        ],
        [
          1,
          -1.9955341201693955e-7,
          -3.377661812464794e-7,
          4.991888999938965e-7
        ]
      ],
      "boundingbox": [
        [
          -0.752166,
          -1.602662,
          -2.032475
        ],
        [
          3.991694,
          1.567127,
          2.032476
        ]
      ]
    },
    {
      "name": "Bone004",
      "parent": "Bone001",
      "initpos": [
        3.994961,
        0.017646,
        2.483797
      ],
      "initquaternion": [
        0,
        0,
        1,
        3.1391647326017846e-7
      ],
      "initscale": [
        0.999999,
        0.999999,
        1
      ],
      "offmtx": [
        [
          5.223804464549175e-7,
          -0.999999,
          0,
          6.99496
        ],
        [
          -4.25189170982776e-7,
          0,
          -1,
          -0.282354
        ],
        [
          1,
          5.223803896114987e-7,
          -4.2518905729593826e-7,
          -2.483802
        ]
      ],
      "boundingbox": [
        [
          -0.003162,
          -0.648775,
          -0.506954
        ],
        [
          3.995329,
          0.600345,
          0.867082
        ]
      ]
    },
    {
      "name": "Bone003",
      "parent": "Bone001",
      "initpos": [
        3.994959,
        0.017645,
        -2.395745
      ],
      "initquaternion": [
        0,
        0,
        1,
        3.1391647326017846e-7
      ],
      "initscale": [
        0.999999,
        0.999999,
        1
      ],
      "offmtx": [
        [
          5.223804464549175e-7,
          -0.999999,
          0,
          6.994962
        ],
        [
          -4.25189170982776e-7,
          0,
          -1,
          -0.282355
        ],
        [
          1,
          5.223803896114987e-7,
          -4.2518905729593826e-7,
          2.39574
        ]
      ],
      "boundingbox": [
        [
          -0.003164,
          -0.648774,
          -0.955137
        ],
        [
          3.995329,
          0.600347,
          0.418899
        ]
      ]
    },
    {
      "name": "Bone007",
      "parent": "Bone001",
      "initpos": [
        1.497126,
        1.506005,
        0.103816
      ],
      "initquaternion": [
        1.6858736273661634e-7,
        1.0677012340920555e-7,
        0.707106,
        0.707106
      ],
      "initscale": [
        0.999999,
        0.999999,
        1
      ],
      "offmtx": [
        [
          4.727395435111248e-7,
          0,
          1,
          -1.206005
        ],
        [
          1.9470722634196136e-7,
          -0.999999,
          0,
          4.497126
        ],
        [
          1,
          1.9470721213110664e-7,
          -4.727393445591588e-7,
          -0.103817
        ]
      ],
      "boundingbox": [
        [
          0.030572,
          -1.497339,
          -2.104635
        ],
        [
          5.030576,
          1.498808,
          1.894784
        ]
      ]
    },
    {
      "name": "Bone002",
      "parent": "Bone001",
      "initpos": [
        4.030356,
        0.511363,
        0.103816
      ],
      "initquaternion": [
        0,
        0,
        0,
        1
      ],
      "initscale": [
        0.999999,
        0.999999,
        1
      ],
      "offmtx": [
        [
          2.8549607122840825e-7,
          0.999999,
          0,
          -7.030357
        ],
        [
          -0.000016,
          0,
          1,
          -0.211361
        ],
        [
          1,
          -2.854960428066988e-7,
          0.000016,
          -0.103818
        ]
      ],
      "boundingbox": [
        [
          -0.422406,
          -3.112546,
          -4.355818
        ],
        [
          8.956868,
          3.157534,
          4.140738
        ]
      ]
    },
    {
      "name": "Bone018",
      "parent": "Bone002",
      "initpos": [
        0.557277,
        0.814094,
        -3.119797
      ],
      "initquaternion": [
        -0.130125,
        0.686738,
        0.695728,
        0.165589
      ],
      "initscale": [
        0.999999,
        0.999999,
        1
      ],
      "offmtx": [
        [
          -0.408498,
          -0.911295,
          0.051679,
          5.629555
        ],
        [
          0.912472,
          -0.409134,
          -0.001926,
          5.858352
        ],
        [
          0.022899,
          0.046369,
          0.998661,
          -1.306803
        ]
      ],
      "boundingbox": [
        [
          -0.149132,
          -1.349879,
          -0.301162
        ],
        [
          1.971375,
          1.036793,
          1.410955
        ]
      ]
    },
    {
      "name": "Bone020",
      "parent": "Bone018",
      "initpos": [
        1.621433,
        4.76837158203125e-7,
        0
      ],
      "initquaternion": [
        0.00984,
        -0.082619,
        0.02872,
        0.996118
      ],
      "initscale": [
        1,
        1,
        0.999999
      ],
      "offmtx": [
        [
          -0.347739,
          -0.912436,
          0.215723,
          4.056634
        ],
        [
          0.935167,
          -0.354067,
          0.009875,
          5.592278
        ],
        [
          0.06737,
          0.205171,
          0.976404,
          -2.08882
        ]
      ],
      "boundingbox": [
        [
          -0.176856,
          -1.460011,
          -0.253542
        ],
        [
          1.840507,
          1.062558,
          1.468659
        ]
      ]
    },
    {
      "name": "Bone021",
      "parent": "Bone020",
      "initpos": [
        1.578363,
        0,
        -2.384185791015625e-7
      ],
      "initquaternion": [
        -0.009464,
        -0.103084,
        -0.083838,
        0.991087
      ],
      "initscale": [
        0.999999,
        0.999999,
        0.999999
      ],
      "offmtx": [
        [
          -0.475172,
          -0.779819,
          0.407544,
          1.042198
        ],
        [
          0.863287,
          -0.502741,
          0.044565,
          5.932426
        ],
        [
          0.170136,
          0.373004,
          0.912097,
          -2.344938
        ]
      ],
      "boundingbox": [
        [
          -0.205627,
          -1.611561,
          -0.279115
        ],
        [
          2.205082,
          1.601325,
          1.549988
        ]
      ]
    },
    {
      "name": "Bone022",
      "parent": "Bone021",
      "initpos": [
        1.671057,
        -9.5367431640625e-7,
        -2.384185791015625e-7
      ],
      "initquaternion": [
        -0.050919,
        -0.124745,
        -0.032368,
        0.990352
      ],
      "initscale": [
        1,
        1,
        1
      ],