{"frameeffect": {"blend_mode": 2, "cylinder_enable": false, "delay": 0.0, "delay_in_loop": false, "depth_test": true, "face_camera": false, "fade_distance": 0.0, "first_person_enable": false, "fps": 16, "frame_color": [[1, 1, 1, 0.45999999999999996], [1, 1, 1, 0.48], [1, 1, 1, 0.45999999999999996], [1, 1, 1, 0.45333333333333337], [1, 1, 1, 0.42000000000000004], [1, 1, 1, 0.44666666666666666], [1, 1, 1, 0.4666666666666667], [1, 1, 1, 0.4733333333333334], [1, 1, 1, 0.5], [1, 1, 1, 0.5333333333333333], [1, 1, 1, 0.5], [1, 1, 1, 0.44666666666666666], [1, 1, 1, 0.44666666666666666], [1, 1, 1, 0.4933333333333333], [1, 1, 1, 0.45999999999999996], [1, 1, 1, 0.4933333333333333], [1, 1, 1, 0.45999999999999996]], "layer": 1, "lerp_scale": true, "loop": true, "point_filtering": false, "rot_speed": [0.0, 0.0, 0.0], "scale": [0.6, -0.5, 0.6], "shuffle": false, "sub_layer": 0, "tex_repeat_num": [1, 1], "texture": "textures/sfxs/2024s2/cs_story_weapon_sf_ganzi"}}