{"frameeffect": {"blend_mode": 1, "cylinder_enable": false, "delay": 0.1, "delay_in_loop": false, "depth_test": true, "face_camera": false, "fade_distance": 0.0, "first_person_enable": false, "fps": 16, "frame_color": [[1, 1, 1, 0.4066666666666666], [1, 1, 1, 0.43333333333333335], [1, 1, 1, 0.43333333333333335], [1, 1, 1, 0.43333333333333335], [1, 1, 1, 0.43999999999999995], [1, 1, 1, 0.4066666666666666], [1, 1, 1, 0.4], [1, 1, 1, 0.42000000000000004], [1, 1, 1, 0.4], [1, 1, 1, 0.3933333333333333], [1, 1, 1, 0.3466666666666667], [1, 1, 1, 0.2666666666666667], [1, 1, 1, 0.20666666666666667], [1, 1, 1, 0.1266666666666667], [1, 1, 1, 0.07333333333333336], [1, 1, 1, 0.026666666666666616], [1, 1, 1, 1]], "layer": 1, "lerp_scale": true, "loop": false, "point_filtering": true, "rot_speed": [0.0, 0.0, 15.0], "scale": [1.0, 1.0, 1.0], "shuffle": false, "sub_layer": 0, "tex_repeat_num": [1, 1], "texture": "textures/sfxs/2024s2/cs_story_weapon_style2_attack_01s"}}