{
  "frameeffect": {
    "blend_mode": 2,
    "cylinder_enable": false,
    "delay": 0.1,
    "delay_in_loop": false,
    "depth_test": true,
    "face_camera": false,
    "fade_distance": 0,
    "first_person_enable": false,
    "fps": 20,
    "frame_color": [
      [
        1,
        1,
        1,
        0.040000000000000036
      ],
      [
        1,
        1,
        1,
        0.2733333333333333
      ],
      [
        1,
        1,
        1,
        0.43999999999999995
      ],
      [
        1,
        1,
        1,
        0.6066666666666667
      ],
      [
        1,
        1,
        1,
        0.7133333333333334
      ],
      [
        1,
        1,
        1,
        0.7733333333333333
      ],
      [
        1,
        1,
        1,
        0.7933333333333333
      ],
      [
        1,
        1,
        1,
        0.7466666666666666
      ],
      [
        1,
        1,
        1,
        0.6799999999999999
      ],
      [
        1,
        1,
        1,
        0.5666666666666667
      ],
      [
        0.792156862745098,
        0.7725490196078432,
        1,
        0.48
      ],
      [
        0.792156862745098,
        0.7725490196078432,
        1,
        0.8
      ],
      [
        0.792156862745098,
        0.7725490196078432,
        1,
        0.8
      ],
      [
        0.792156862745098,
        0.7725490196078432,
        1,
        0.7933333333333333
      ],
      [
        0.792156862745098,
        0.7725490196078432,
        1,
        0.7866666666666666
      ],
      [
        0.792156862745098,
        0.7725490196078432,
        1,
        0
      ],
      [
        1,
        1,
        1,
        0.00666666666666671
      ]
    ],
    "layer": 1,
    "lerp_scale": true,
    "loop": false,
    "point_filtering": false,
    "rot_speed": [
      0,
      0,
      0
    ],
    "scale": [
      0.45,
      -0.45,
      0.45
    ],
    "shuffle": false,
    "sub_layer": 0,
    "tex_repeat_num": [
      1,
      1
    ],
    "texture": "textures/sfxs/2024s2/cs_story_weapon_hit_bd1"
  }
}
