{
  "frameeffect": {
    "blend_mode": 2,
    "cylinder_enable": false,
    "delay": 0,
    "delay_in_loop": false,
    "depth_test": false,
    "face_camera": true,
    "fade_distance": 0,
    "first_person_enable": false,
    "fps": 20,
    "frame_color": [
      [
        1,
        1,
        1,
        0
      ],
      [
        1,
        1,
        1,
        1
      ],
      [
        1,
        1,
        1,
        1
      ],
      [
        1,
        1,
        1,
        1
      ],
      [
        1,
        1,
        1,
        1
      ],
      [
        1,
        1,
        1,
        1
      ],
      [
        1,
        1,
        1,
        1
      ],
      [
        1,
        1,
        1,
        0.9733333333333334
      ],
      [
        0.8274509803921568,
        0.6549019607843137,
        1,
        0.88
      ],
      [
        0.8274509803921568,
        0.6549019607843137,
        1,
        0.7666666666666666
      ],
      [
        0.8274509803921568,
        0.6549019607843137,
        1,
        0.6533333333333333
      ],
      [
        0.8274509803921568,
        0.6549019607843137,
        1,
        0.5466666666666666
      ],
      [
        0.8274509803921568,
        0.6549019607843137,
        1,
        0.43333333333333335
      ],
      [
        1,
        1,
        1,
        0.31333333333333335
      ],
      [
        1,
        1,
        1,
        0.17333333333333334
      ],
      [
        1,
        1,
        1,
        0
      ],
      [
        1,
        1,
        1,
        0
      ]
    ],
    "layer": 1,
    "lerp_scale": true,
    "loop": false,
    "point_filtering": false,
    "rot_speed": [
      0,
      0,
      0
    ],
    "scale": [
      0.6,
      0.6,
      0.6
    ],
    "shuffle": false,
    "sub_layer": 0,
    "tex_repeat_num": [
      1,
      1
    ],
    "texture": "textures/sfxs/2024s2/cs_story_weapon_sl_lizi02"
  }
}
