{"frameeffect": {"blend_mode": 2, "cylinder_enable": false, "delay": 6.8, "delay_in_loop": false, "depth_test": true, "face_camera": true, "fade_distance": 0.0, "first_person_enable": false, "fps": 30, "frame_color": [[1, 1, 1, 1], [1, 1, 1, 1], [1, 1, 1, 1], [0.6509803921568628, 0.6509803921568628, 1.0, 1], [0.7058823529411765, 0.5568627450980392, 1.0, 1], [0.788235294117647, 0.49019607843137253, 1.0, 1.0], [0.8196078431372549, 0.45098039215686275, 1.0, 1], [0.807843137254902, 0.3137254901960784, 1.0, 1.0], [0.7764705882352941, 0.20784313725490197, 1.0, 1.0], [0.8901960784313725, 0.058823529411764705, 1.0, 1], [0.9686274509803922, 0.0, 1.0, 1]], "layer": 0, "lerp_scale": true, "loop": false, "point_filtering": true, "rot_speed": [0, 0, 0], "scale": [0.8, 0.8, 0.8], "shuffle": false, "sub_layer": 0, "tex_repeat_num": [1, 1], "texture": "textures/sfxs/2024s2/ip_conan_s2skina_chuchang_bd"}}