{"frameeffect": {"blend_mode": 2, "cylinder_enable": true, "cylinder_frac_num": 4, "cylinder_height": 1.2, "cylinder_radius_down": 0.6, "cylinder_radius_up": 0.15, "delay": 0.0, "delay_in_loop": false, "depth_test": true, "face_camera": false, "fade_distance": 0.0, "first_person_enable": false, "fps": 16, "frame_color": [[1, 1, 1, 0.43333333333333335], [1, 1, 1, 0.43999999999999995], [1, 1, 1, 0.43999999999999995], [1, 1, 1, 0.43999999999999995], [1, 1, 1, 0.43333333333333335], [1, 1, 1, 0.43999999999999995], [1, 1, 1, 0.44666666666666666], [1, 1, 1, 0.43999999999999995], [1, 1, 1, 0.43999999999999995], [1, 1, 1, 0.43999999999999995], [1, 1, 1, 0.43999999999999995], [1, 1, 1, 0.43999999999999995], [1, 1, 1, 0.43999999999999995], [1, 1, 1, 0.43999999999999995], [1, 1, 1, 0.43999999999999995], [1, 1, 1, 0.43333333333333335], [1, 1, 1, 0.43333333333333335]], "layer": 1, "lerp_scale": true, "loop": true, "point_filtering": true, "rot_speed": [0.0, 0.0, 0.0], "scale": [0.46, 0.46, 0.46], "shuffle": false, "sub_layer": 0, "tex_repeat_num": [1, 1], "texture": "textures/sfxs/2024s2/ss_story_horse_deng"}}