{
  "skeleton": [
    {
      "name": "root",
      "parent": "root",
      "initpos": [
        0,
        0,
        0
      ],
      "initquaternion": [
        0.707106,
        0,
        0,
        0.707106
      ],
      "initscale": [
        1,
        0.999999,
        0.999999
      ],
      "offmtx": [
        [
          1,
          0,
          0,
          0
        ],
        [
          0,
          1,
          0,
          0
        ],
        [
          0,
          0,
          1,
          0
        ]
      ],
      "boundingbox": [
        [
          0,
          0,
          0
        ],
        [
          0,
          0,
          0
        ]
      ]
    },
    {
      "name": "box",
      "parent": "root",
      "initpos": [
        -0.064433,
        2.596950139377441e-7,
        -3.439366
      ],
      "initquaternion": [
        -0.500879,
        0.499119,
        0.49911,
        0.500887
      ],
      "initscale": [
        0.999999,
        0.999999,
        0.999999
      ],
      "offmtx": [
        [
          0.003537,
          0.999993,
          0,
          -3.439116
        ],
        [
          -0.999993,
          0.003537,
          0.000025,
          -0.076598
        ],
        [
          0.000025,
          0,
          0.999999,
          0.000001
        ]
      ],
      "boundingbox": [
        [
          -4.15162,
          -201.514739,
          -124.788597
        ],
        [
          110.17205,
          201.760864,
          124.788612
        ]
      ]
    }
  ],
  "boundingbox": [
    [
      -201.436264,
      -0.000007,
      -124.783515
    ],
    [
      201.436264,
      112.899368,
      124.783508
    ]
  ]
}
