{
  "skeleton": [
    {
      "name": "root",
      "parent": "root",
      "initpos": [
        0,
        0,
        0
      ],
      "initquaternion": [
        0.707106,
        0,
        0,
        0.707106
      ],
      "initscale": [
        1,
        0.999999,
        0.999999
      ],
      "offmtx": [
        [
          1,
          0,
          0,
          0
        ],
        [
          0,
          1,
          0,
          0
        ],
        [
          0,
          0,
          1,
          0
        ]
      ],
      "boundingbox": [
        [
          0,
          0,
          0
        ],
        [
          0,
          0,
          0
        ]
      ]
    },
    {
      "name": "Bone001",
      "parent": "root",
      "initpos": [
        -0.018343,
        0,
        -12.00365
      ],
      "initquaternion": [
        0.5,
        -0.499999,
        -0.5,
        -0.499999
      ],
      "initscale": [
        1,
        1,
        1
      ],
      "offmtx": [
        [
          1,
          0,
          0,
          0
        ],
        [
          0,
          1,
          0,
          0
        ],
        [
          0,
          0,
          1,
          0
        ]
      ],
      "boundingbox": [
        [
          0,
          0,
          0
        ],
        [
          0,
          0,
          0
        ]
      ]
    },
    {
      "name": "Bone002",
      "parent": "Bone001",
      "initpos": [
        3.982318,
        5.662441253662109e-7,
        0
      ],
      "initquaternion": [
        0,
        0,
        0,
        1
      ],
      "initscale": [
        1,
        1,
        1
      ],
      "offmtx": [
        [
          1,
          0,
          0,
          0
        ],
        [
          0,
          1,
          0,
          0
        ],
        [
          0,
          0,
          1,
          0
        ]
      ],
      "boundingbox": [
        [
          0,
          0,
          0
        ],
        [
          0,
          0,
          0
        ]
      ]
    },
    {
      "name": "Bone057",
      "parent": "Bone002",
      "initpos": [
        7.846599,
        -0.018347,
        2.805894
      ],
      "initquaternion": [
        -0.078142,
        0.702776,
        -0.702775,
        -0.078142
      ],
      "initscale": [
        0.999999,
        0.999999,
        0.999999
      ],
      "offmtx": [
        [
          0,
          -0.975575,
          0.219666,
          22.634101
        ],
        [
          0,
          -0.219665,
          -0.975575,
          7.972567
        ],
        [
          0.999999,
          0,
          0,
          -1.5022733634850738e-7
        ]
      ],
      "boundingbox": [
        [
          -1.225986,
          -3.147021,
          -6.659773
        ],
        [
          7.515322,
          0.775469,
          6.077216
        ]
      ]
    },
    {
      "name": "Bone058",
      "parent": "Bone057",
      "initpos": [
        6.245151,
        0.021743,
        2.749
      ],
      "initquaternion": [
        0.686107,
        -0.274211,
        -0.0518,
        0.671849
      ],
      "initscale": [
        0.999999,
        0.999999,
        0.999999
      ],
      "offmtx": [
        [
          0.297376,
          -0.725684,
          0.620443,
          9.473758
        ],
        [
          0.950329,
          0.287508,
          -0.119213,
          -7.215957
        ],
        [
          -0.091871,
          0.625077,
          0.775137,
          -14.055181
        ]
      ],
      "boundingbox": [
        [
          -0.347923,
          -2.765822,
          -0.248977
        ],
        [
          3.664405,
          3.246566,
          0.523017
        ]
      ]
    },
    {
      "name": "Bone059",
      "parent": "Bone058",
      "initpos": [
        3.574564,
        -9.5367431640625e-7,
        -0.000002
      ],
      "initquaternion": [
        -3.127308048078703e-7,
        0,
        -0.006287,
        0.99998
      ],
      "initscale": [
        0.999999,
        0.999999,
        1
      ],
      "offmtx": [
        [
          0.285402,
          -0.729242,
          0.621893,
          5.989468
        ],
        [
          0.953994,
          0.27836,
          -0.111402,
          -7.141196
        ],
        [
          -0.09187,
          0.625077,
          0.775137,
          -14.055185
        ]
      ],
      "boundingbox": [
        [
          0.001489,
          -2.631869,
          -0.150082
        ],
        [
          6.037936,
          2.390793,
          0.783977
        ]
      ]
    },
    {
      "name": "Bone060",
      "parent": "Bone057",
      "initpos": [
        6.245157,
        0.021743,
        -2.749214
      ],
      "initquaternion": [
        0.671849,
        -0.0518,
        -0.274211,
        0.686107
      ],
      "initscale": [
        0.999999,
        0.999999,
        0.999999
      ],
      "offmtx": [
        [
          -0.297376,
          -0.725684,
          0.620443,
          9.473692
        ],
        [
          0.95033,
          -0.287508,
          0.119213,
          7.216158
        ],
        [
          0.091871,
          0.625077,
          0.775137,
          -14.055162
        ]
      ],
      "boundingbox": [
        [
          -0.485314,
          -3.199782,
          -0.358183
        ],
        [
          3.593875,
          2.854169,
          0.529113
        ]
      ]
    },
    {
      "name": "Bone061",
      "parent": "Bone060",
      "initpos": [
        3.574564,
        9.5367431640625e-7,
        0
      ],
      "initquaternion": [
        3.1273083322957973e-7,
        0,
        0.006287,
        0.99998
      ],
      "initscale": [
        0.999999,
        0.999999,
        1
      ],
      "offmtx": [
        [
          -0.285402,
          -0.729242,
          0.621893,
          5.989402
        ],
        [
          0.953994,
          -0.27836,
          0.111403,
          7.141398
        ],
        [
          0.09187,
          0.625077,
          0.775137,
          -14.055164
        ]
      ],
      "boundingbox": [
        [
          -0.078347,
          -2.380707,
          -0.3509
        ],
        [
          5.962595,
          2.651187,
          0.407857
        ]
      ]
    },
    {
      "name": "Bone068",
      "parent": "Bone001",
      "initpos": [
        2.84129,
        -0.018342,
        2.984931
      ],
      "initquaternion": [
        -0.052591,
        0.705148,
        -0.705147,
        -0.052592
      ],
      "initscale": [
        1,
        1,
        0.999999
      ],
      "offmtx": [
        [
          0,
          -0.988936,
          0.14834,
          14.237915
        ],
        [
          -1.435111869341199e-7,
          -0.14834,
          -0.988936,
          5.154013
        ],
        [
          0.999999,
          0,
          -1.4096158906795608e-7,
          7.386163929368195e-7
        ]
      ],
      "boundingbox": [
        [
          0.009418,
          -0.26322,
          -0.604827
        ],
        [
          5.671191,
          0.326995,
          0.645179
        ]
      ]
    },
    {
      "name": "Bone069",
      "parent": "Bone068",
      "initpos": [
        5.606293,
        -0.000003,
        0
      ],
      "initquaternion": [
        0,
        0,
        -0.168081,
        0.985773
      ],
      "initscale": [
        1,
        1,
        1
      ],
      "offmtx": [
        [
          0,
          -0.883901,
          0.467672,
          6.435971
        ],
        [
          -2.035731938576646e-7,
          -0.467672,
          -0.883901,
          7.72315
        ],
        [
          0.999999,
          0,
          -2.165914452234574e-7,
          9.381064955960028e-7
        ]
      ],