{
  "skeleton": [
    {
      "name": "root",
      "parent": "root",
      "initpos": [
        0,
        0,
        0
      ],
      "initquaternion": [
        -1.1920928955078125e-7,
        0,
        0,
        1
      ],
      "initscale": [
        1,
        0.999999,
        0.999999
      ],
      "offmtx": [
        [
          1,
          0,
          0,
          0
        ],
        [
          0,
          1,
          0,
          0
        ],
        [
          0,
          0,
          1,
          0
        ]
      ],
      "boundingbox": [
        [
          0,
          0,
          0
        ],
        [
          0,
          0,
          0
        ]
      ]
    },
    {
      "name": "leftleg",
      "parent": "root",
      "initpos": [
        1.980921,
        11.822204,
        -0.021637
      ],
      "initquaternion": [
        -0.499985,
        0.500173,
        -0.499827,
        0.500013
      ],
      "initscale": [
        0.999999,
        0.999999,
        1
      ],
      "offmtx": [
        [
          1,
          0,
          0,
          0
        ],
        [
          0,
          1,
          0,
          0
        ],
        [
          0,
          0,
          1,
          0
        ]
      ],
      "boundingbox": [
        [
          0,
          0,
          0
        ],
        [
          0,
          0,
          0
        ]
      ]
    },
    {
      "name": "leftleg002",
      "parent": "leftleg",
      "initpos": [
        11.67451,
        -0.024729,
        0.019739
      ],
      "initquaternion": [
        0,
        0.707106,
        -0.707106,
        -0.000187
      ],
      "initscale": [
        0.999999,
        0.999999,
        0.999999
      ],
      "offmtx": [
        [
          0.000265,
          0.999999,
          0.000091,
          -0.148212
        ],
        [
          -0.999999,
          0.000265,
          0.000226,
          2.000618
        ],
        [
          0.000226,
          -0.000091,
          0.999999,
          0.000626
        ]
      ],
      "boundingbox": [
        [
          -0.530754,
          -2.549123,
          -4.167196
        ],
        [
          5.893098,
          2.401435,
          2.451657
        ]
      ]
    },
    {
      "name": "leftleg003",
      "parent": "leftleg",
      "initpos": [
        4.419384,
        0.979938,
        0.183711
      ],
      "initquaternion": [
        0.7072,
        0.707013,
        -0.000093,
        -0.000093
      ],
      "initscale": [
        0.999999,
        0.999999,
        0.999999
      ],
      "offmtx": [
        [
          -0.000225,
          0.000092,
          -0.999999,
          -1.003379
        ],
        [
          -0.000265,
          -0.999999,
          -0.000092,
          7.40365
        ],
        [
          -0.999999,
          0.000265,
          0.000225,
          2.162667
        ]
      ],
      "boundingbox": [
        [
          1.005476,
          -1.4571,
          -1.615931
        ],
        [
          1.017315,
          1.413696,
          1.884269
        ]
      ]
    }
  ],
  "boundingbox": [
    [
      -0.4,
      -0.382906,
      -4.168237
    ],
    [
      4.55,
      8.859998,
      2.45
    ]
  ]
}
