{"skeleton":[{"name":"root","parent":"root","initpos":[0.0,0.0,-0.0],"initquaternion":[0.707106,0.0,0.0,0.707106],"initscale":[1.0,0.999999,0.999999],"offmtx":[[1.0,0.0,0.0,0.0],[0.0,1.0,0.0,0.0],[0.0,0.0,1.0,0.0]],"boundingbox":[[0.0,0.0,0.0],[0.0,0.0,0.0]]},{"name":"Bone001","parent":"root","initpos":[0.053157,-0.0,-2.259405],"initquaternion":[-0.499998,-0.500001,-0.499998,0.500001],"initscale":[0.999999,0.999999,0.999999],"offmtx":[[0.0,-0.999999,0.0,2.259405],[1.0,0.0,6e-06,-0.053157],[-6e-06,-0.0,0.999999,4.5763667344544956e-07]],"boundingbox":[[-0.620805,-2.315841,-0.788486],[7.678425,2.141781,0.790487]]},{"name":"Bone002","parent":"root","initpos":[-0.051157,-1.3675828824943892e-07,-3.128664],"initquaternion":[0.5,-0.499999,-0.5,-0.499999],"initscale":[1.0,1.0,1.0],"offmtx":[[3.1391647326017846e-07,0.999999,0.0,-3.128664],[-1.0,3.1391644483846903e-07,-2.2252515918808058e-07,-0.051158],[-2.225251733989353e-07,0.0,0.999999,1.2537424254333018e-07]],"boundingbox":[[-8.142806,-1.848573,-6.487173],[18.500171,1.814004,6.479442]]}],"boundingbox":[[-2.262679,-5.41902,-6.487173],[2.194932,21.628835,6.479441]]}