{
  "skeleton": [
    {
      "name": "root",
      "parent": "root",
      "initpos": [
        0,
        0,
        0
      ],
      "initquaternion": [
        -1.1920928955078125e-7,
        0,
        0,
        1
      ],
      "initscale": [
        1,
        0.999999,
        0.999999
      ],
      "offmtx": [
        [
          1,
          0,
          0,
          0
        ],
        [
          0,
          1,
          0,
          0
        ],
        [
          0,
          0,
          1,
          0
        ]
      ],
      "boundingbox": [
        [
          0,
          0,
          0
        ],
        [
          0,
          0,
          0
        ]
      ]
    },
    {
      "name": "body",
      "parent": "root",
      "initpos": [
        0.023774,
        11.98265,
        0.277781
      ],
      "initquaternion": [
        9.497071005171165e-7,
        9.497069299868599e-7,
        0.707106,
        0.707106
      ],
      "initscale": [
        1,
        1,
        1
      ],
      "offmtx": [
        [
          1,
          0,
          0,
          0
        ],
        [
          0,
          1,
          0,
          0
        ],
        [
          0,
          0,
          1,
          0
        ]
      ],
      "boundingbox": [
        [
          0,
          0,
          0
        ],
        [
          0,
          0,
          0
        ]
      ]
    },
    {
      "name": "body007",
      "parent": "body",
      "initpos": [
        6.201829,
        0.023779,
        1.989974
      ],
      "initquaternion": [
        -0.707108,
        0,
        0,
        0.707105
      ],
      "initscale": [
        1,
        1,
        1
      ],
      "offmtx": [
        [
          2.629799382702913e-7,
          0.999999,
          0,
          -18.18448
        ],
        [
          0.000001,
          0,
          -0.999999,
          2.267755
        ],
        [
          -0.999999,
          2.6297988142687245e-7,
          -0.000001,
          -0.000004
        ]
      ],
      "boundingbox": [
        [
          0.050517,
          -0.842246,
          -2.881918
        ],
        [
          5.800518,
          1.177755,
          2.881915
        ]
      ]
    },
    {
      "name": "body008",
      "parent": "body007",
      "initpos": [
        1.204969,
        -1.348056,
        0
      ],
      "initquaternion": [
        0,
        0,
        0,
        1
      ],
      "initscale": [
        1,
        1,
        1
      ],
      "offmtx": [
        [
          3.6043451245859615e-7,
          0.999999,
          0,
          -19.38945
        ],
        [
          0.000001,
          0,
          -0.999999,
          3.61581
        ],
        [
          -0.999999,
          3.6043442719346785e-7,
          -0.000001,
          -0.000006
        ]
      ],
      "boundingbox": [
        [
          0.045546,
          -0.804192,
          -3.164756
        ],
        [
          6.324927,
          1.20581,
          3.16475
        ]
      ]
    },
    {
      "name": "body009",
      "parent": "body008",
      "initpos": [
        1.76741,
        -1.09518,
        0
      ],
      "initquaternion": [
        0,
        0,
        0,
        1
      ],
      "initscale": [
        1,
        1,
        1
      ],
      "offmtx": [
        [
          4.7036007799761137e-7,
          0.999999,
          0,
          -21.156862
        ],
        [
          0.000001,
          0,
          -0.999999,
          4.71099
        ],
        [
          -0.999999,
          4.703600211541925e-7,
          -0.000001,
          -0.00001
        ]
      ],
      "boundingbox": [
        [
          0.078135,
          -0.499012,
          -3.539022
        ],
        [
          6.389621,
          0.610991,
          3.539013
        ]
      ]
    },
    {
      "name": "body006",
      "parent": "body",
      "initpos": [
        11.843303,
        4.167436,
        -1.820743
      ],
      "initquaternion": [
        0.045721,
        -0.527366,
        0.195325,
        0.825616
      ],
      "initscale": [
        0.999999,
        0.999999,
        0.999999
      ],
      "offmtx": [
        [
          -0.2743,
          0.367464,
          0.888666,
          -8.520647
        ],
        [
          -0.919515,
          -0.370751,
          -0.130516,
          4.821951
        ],
        [
          0.281514,
          -0.852943,
          0.439587,
          22.166959
        ]
      ],
      "boundingbox": [
        [
          1.074707,
          -2.49304,
          -2.400361
        ],
        [
          13.263535,
          1.84546,
          2.126358
        ]
      ]
    },
    {
      "name": "body001",
      "parent": "body",
      "initpos": [
        12.651845,
        -4.174205,
        -2.598371
      ],
      "initquaternion": [
        -0.013136,
        -0.388523,
        -0.200984,
        0.899156
      ],
      "initscale": [
        0.999999,
        0.999999,
        0.999999
      ],
      "offmtx": [
        [
          0.351226,
          0.617309,
          0.703966,
          -15.047928
        ],
        [
          -0.918865,
          0.371639,
          0.132553,
          -4.990183
        ],
        [
          -0.179795,
          -0.693406,
          0.697754,
          19.455707
        ]
      ],
      "boundingbox": [
        [
          -0.685903,
          -2.134652,
          -1.312026
        ],
        [
          5.98912,
          2.429923,
          2.894993
        ]
      ]
    },
    {
      "name": "body002",
      "parent": "body001",
      "initpos": [
        5.948835,
        0.000001,
        -0.000003
      ],
      "initquaternion": [
        0,
        0,
        0.002014,
        0.999997
      ],
      "initscale": [
        1,
        1,
        1
      ],
      "offmtx": [
        [
          0.347521,
          0.618802,
          0.704494,
          -21.016698
        ],
        [
          -0.920273,
          0.369149,
          0.129716,
          -4.905551
        ],
        [
          -0.179795,
          -0.693406,
          0.697754,
          19.455711
        ]
      ],
      "boundingbox": [
        [
          -0.057885,
          -1.835166,
          -1.092725
        ],
        [
          7.713374,
          2.03391,
          2.320134
        ]
      ]
    },
    {
      "name": "body003",
      "parent": "body",
      "initpos": [
        12.651851,
        4.121646,
        -2.5984
      ],
      "initquaternion": [
        0.013133,
        -0.388522,
        0.200985,
        0.899156
      ],
      "initscale": [
        0.999999,
        0.999999,
        0.999999
      ],
      "offmtx": [
        [
          -0.351227,
          0.61731,
          0.703965,
          -15.012785
        ],
        [
          -0.918865,
          -0.37164,
          -0.132553,
          5.082158
        ],
        [
          0.179795,
          -0.693405,
          0.697754,
          19.437705
        ]
      ],
      "boundingbox": [
        [
          -0.650752,
          -2.33796,
          -1.330017
        ],
        [
          6.024273,
          2.226612,
          2.877006
        ]
      ]
    },
    {
      "name": "body004",
      "parent": "body003",
      "initpos": [
        5.948836,
        0,
        -0.000003
      ],
      "initquaternion": [
        -2.2396713461603213e-7,
        -2.2306676328298636e-7,
        -0.002014,
        0.999997
      ],
      "initscale": [
        0.999999,
        0.999999,
        1
      ],
      "offmtx": [
        [
          -0.347522,
          0.618801,
          0.704494,
          -20.981914
        ],
        [
          -0.920272,
          -0.369149,
          -0.129716,
          4.997668
        ],
        [
          0.179795,
          -0.693406,
          0.697754,
          19.437721
        ]
      ],