{"skeleton":[{"name":"root","parent":"root","initpos":[0.0,0.0,-0.0],"initquaternion":[0.707106,0.0,0.0,0.707106],"initscale":[1.0,0.999999,0.999999],"offmtx":[[1.0,0.0,0.0,0.0],[0.0,1.0,0.0,0.0],[0.0,0.0,1.0,0.0]],"boundingbox":[[0.0,0.0,0.0],[0.0,0.0,0.0]]},{"name":"Bone003","parent":"root","initpos":[0.064407,-6.556811058544554e-07,-24.106071],"initquaternion":[-0.502831,0.497152,0.497152,0.502831],"initscale":[1.0,0.999999,0.999999],"offmtx":[[1.0,0.0,0.0,0.0],[0.0,1.0,0.0,0.0],[0.0,0.0,1.0,0.0]],"boundingbox":[[0.0,0.0,0.0],[0.0,0.0,0.0]]},{"name":"Bone070","parent":"Bone003","initpos":[7.965572,0.252843,0.0],"initquaternion":[-2e-06,-0.0,0.005678,0.999983],"initscale":[1.0,1.0,1.0],"offmtx":[[1.6292067073209182e-07,0.999999,0.0,-32.074001],[-0.999999,1.6292067073209182e-07,-4e-06,-0.097963],[-4e-06,0.0,1.0,-4.87473869270616e-07]],"boundingbox":[[-0.080666,-4.427456,-2.817746],[8.760104,4.231495,7.260747]]}],"boundingbox":[[-4.329475,31.993335,-2.817744],[4.329476,40.834106,7.260746]]}