{
  "skeleton": [
    {
      "name": "root",
      "parent": "root",
      "initpos": [
        0,
        0,
        0
      ],
      "initquaternion": [
        0.707106,
        0,
        0,
        0.707106
      ],
      "initscale": [
        1,
        0.999999,
        0.999999
      ],
      "offmtx": [
        [
          1,
          0,
          0,
          0
        ],
        [
          0,
          1,
          0,
          0
        ],
        [
          0,
          0,
          1,
          0
        ]
      ],
      "boundingbox": [
        [
          0,
          0,
          0
        ],
        [
          0,
          0,
          0
        ]
      ]
    },
    {
      "name": "Bone001",
      "parent": "root",
      "initpos": [
        -0.070846,
        -5.364088337955764e-7,
        -12.197314
      ],
      "initquaternion": [
        -0.499999,
        0.5,
        0.499999,
        0.5
      ],
      "initscale": [
        1,
        0.999999,
        0.999999
      ],
      "offmtx": [
        [
          1,
          0,
          0,
          0
        ],
        [
          0,
          1,
          0,
          0
        ],
        [
          0,
          0,
          1,
          0
        ]
      ],
      "boundingbox": [
        [
          0,
          0,
          0
        ],
        [
          0,
          0,
          0
        ]
      ]
    },
    {
      "name": "Bone018",
      "parent": "Bone001",
      "initpos": [
        8.153342,
        -0.070852,
        -1.147741
      ],
      "initquaternion": [
        0.502244,
        0.497745,
        -0.502242,
        0.497747
      ],
      "initscale": [
        1,
        0.999999,
        0.999999
      ],
      "offmtx": [
        [
          0.000002,
          0,
          -0.999999,
          -1.14774
        ],
        [
          0.008994,
          0.999959,
          0,
          -20.349832
        ],
        [
          0.999959,
          -0.008994,
          0.000002,
          0.183039
        ]
      ],
      "boundingbox": [
        [
          0.007248,
          -3.711699,
          -6.196043
        ],
        [
          2.762961,
          4.317762,
          6.153255
        ]
      ]
    }
  ],
  "boundingbox": [
    [
      -6.1749,
      16.644298,
      -3.910701
    ],
    [
      6.1749,
      24.636796,
      -1.155
    ]
  ]
}
