{"skeleton":[{"name":"rightarm","parent":"rightarm","initpos":[0.0,0.0,-0.0],"initquaternion":[-2.5288105121035187e-07,3.1469829764319e-07,-0.707106,0.707106],"initscale":[0.999999,1.0,0.999999],"offmtx":[[2.792011457586341e-07,-0.999999,0.0,24.066169],[1.0,2.7920111733692465e-07,-4.888780722467345e-07,6.095187],[4.888781290901534e-07,0.0,0.999999,-0.274219]],"boundingbox":[[-3.073877,-2.644805,-2.72422],[6.196168,1.095195,2.19949]]}],"boundingbox":[[-8.739999,17.869998,-2.45],[-5.0,27.140043,2.47371]]}