{
  "skeleton": [
    {
      "name": "rightleg",
      "parent": "rightleg",
      "initpos": [
        0,
        0,
        0
      ],
      "initquaternion": [
        0.500122,
        -0.499877,
        -0.499877,
        0.500122
      ],
      "initscale": [
        0.999999,
        0.999999,
        1
      ],
      "offmtx": [
        [
          0.000487,
          -0.999999,
          1.2639677038350783e-7,
          11.823165
        ],
        [
          -0.000002,
          1.2521985581770423e-7,
          0.999999,
          0.021633
        ],
        [
          -0.999999,
          -0.000487,
          -0.000002,
          -1.96926
        ]
      ],
      "boundingbox": [
        [
          6.075852,
          -2.075115,
          -1.970844
        ],
        [
          11.980322,
          2.22346,
          2.224322
        ]
      ]
    }
  ],
  "boundingbox": [
    [
      -4.1935,
      -0.157882,
      -2.096749
    ],
    [
      -2.384185791015625e-7,
      5.745267,
      2.201816
    ]
  ]
}
