{
  "skeleton": [
    {
      "name": "root",
      "parent": "root",
      "initpos": [
        0,
        0,
        0
      ],
      "initquaternion": [
        0.707106,
        0,
        0,
        0.707106
      ],
      "initscale": [
        1,
        0.999999,
        0.999999
      ],
      "offmtx": [
        [
          1,
          0,
          0,
          0
        ],
        [
          0,
          1,
          0,
          0
        ],
        [
          0,
          0,
          1,
          0
        ]
      ],
      "boundingbox": [
        [
          0,
          0,
          0
        ],
        [
          0,
          0,
          0
        ]
      ]
    },
    {
      "name": "Bone003",
      "parent": "root",
      "initpos": [
        -6.182648,
        -0.000001,
        -24.434545
      ],
      "initquaternion": [
        0.5,
        0.499999,
        0.5,
        -0.499999
      ],
      "initscale": [
        1,
        0.999999,
        0.999999
      ],
      "offmtx": [
        [
          1,
          0,
          0,
          0
        ],
        [
          0,
          1,
          0,
          0
        ],
        [
          0,
          0,
          1,
          0
        ]
      ],
      "boundingbox": [
        [
          0,
          0,
          0
        ],
        [
          0,
          0,
          0
        ]
      ]
    },
    {
      "name": "Bone009",
      "parent": "Bone003",
      "initpos": [
        14.774572,
        -0.465967,
        0
      ],
      "initquaternion": [
        0,
        -7.589671895402716e-7,
        1,
        -1.9470715528768778e-7
      ],
      "initscale": [
        0.999999,
        0.999999,
        1
      ],
      "offmtx": [
        [
          4.108198083940806e-7,
          0.999999,
          0,
          -9.65997
        ],
        [
          -1,
          4.108197799723712e-7,
          -2.2665599885840493e-7,
          -6.64862
        ],
        [
          -2.2665601306925964e-7,
          0,
          0.999999,
          -0.000001
        ]
      ],
      "boundingbox": [
        [
          -0.166475,
          -2.819315,
          -4.405196
        ],
        [
          11.148123,
          4.919087,
          4.405802
        ]
      ]
    },
    {
      "name": "Bone016",
      "parent": "Bone003",
      "initpos": [
        0.758533,
        0.199267,
        0.000006
      ],
      "initquaternion": [
        -3.168452451518533e-7,
        1.1530804755466306e-7,
        0.906291,
        -0.422654
      ],
      "initscale": [
        1,
        1,
        1
      ],
      "offmtx": [
        [
          -0.766095,
          0.642727,
          5.126121322973631e-7,
          -19.801054
        ],
        [
          -0.642727,
          -0.766095,
          0.000001,
          14.292398
        ],
        [
          0.000001,
          5.375079581426689e-7,
          0.999999,
          -0.00001
        ]
      ],
      "boundingbox": [
        [
          -2.857225,
          -3.205985,
          -4.194506
        ],
        [
          15.588814,
          4.57337,
          4.222598
        ]
      ]
    },
    {
      "name": "Bone024",
      "parent": "Bone016",
      "initpos": [
        4.533563,
        1.486758,
        -0.000009
      ],
      "initquaternion": [
        -5.365828883441282e-7,
        5.002124794373231e-7,
        0.561754,
        0.827304
      ],
      "initscale": [
        0.999999,
        0.999999,
        1
      ],
      "offmtx": [
        [
          -0.879989,
          -0.474993,
          0,
          2.92646
        ],
        [
          0.474993,
          -0.879989,
          -3.848681160434353e-7,
          27.342166
        ],
        [
          1.4888682642322237e-7,
          -3.5699059708349523e-7,
          0.999999,
          0.000011
        ]
      ],
      "boundingbox": [
        [
          -0.126612,
          -3.422431,
          -3.881595
        ],
        [
          9.641278,
          3.413011,
          3.909603
        ]
      ]
    }
  ],
  "boundingbox": [
    [
      -20.1151,
      9.493498,
      -4.4052
    ],
    [
      -3.829299,
      34.296997,
      4.405798
    ]
  ]
}
