{
  "skeleton": [
    {
      "name": "root",
      "parent": "root",
      "initpos": [
        0,
        0,
        0
      ],
      "initquaternion": [
        0.707106,
        0,
        0,
        0.707106
      ],
      "initscale": [
        1,
        0.999999,
        0.999999
      ],
      "offmtx": [
        [
          1,
          0,
          0,
          0
        ],
        [
          0,
          1,
          0,
          0
        ],
        [
          0,
          0,
          1,
          0
        ]
      ],
      "boundingbox": [
        [
          0,
          0,
          0
        ],
        [
          0,
          0,
          0
        ]
      ]
    },
    {
      "name": "Bone002",
      "parent": "root",
      "initpos": [
        6.155189,
        -0.000001,
        -24.434543
      ],
      "initquaternion": [
        0.5,
        0.499999,
        0.5,
        -0.499999
      ],
      "initscale": [
        1,
        0.999999,
        0.999999
      ],
      "offmtx": [
        [
          1,
          0,
          0,
          0
        ],
        [
          0,
          1,
          0,
          0
        ],
        [
          0,
          0,
          1,
          0
        ]
      ],
      "boundingbox": [
        [
          0,
          0,
          0
        ],
        [
          0,
          0,
          0
        ]
      ]
    },
    {
      "name": "Bone010",
      "parent": "Bone002",
      "initpos": [
        14.774571,
        0.801982,
        0.000001
      ],
      "initquaternion": [
        0,
        -6.397579568329093e-7,
        1,
        0
      ],
      "initscale": [
        0.999999,
        0.999999,
        1
      ],
      "offmtx": [
        [
          1.1535207278257076e-7,
          0.999999,
          0,
          -9.659973
        ],
        [
          -1,
          1.153520656771434e-7,
          -1.6332592167600524e-7,
          6.957172
        ],
        [
          -1.6332593588685995e-7,
          0,
          0.999999,
          0.000001
        ]
      ],
      "boundingbox": [
        [
          -0.135243,
          -3.085726,
          -4.044098
        ],
        [
          8.048226,
          3.822274,
          4.0441
        ]
      ]
    },
    {
      "name": "Bone012",
      "parent": "Bone002",
      "initpos": [
        -0.895952,
        -0.932027,
        0
      ],
      "initquaternion": [
        4.799690032086801e-7,
        -2.974805681787984e-7,
        0.548074,
        0.836429
      ],
      "initscale": [
        1,
        1,
        1
      ],
      "offmtx": [
        [
          0.916851,
          -0.399227,
          0,
          5.323775
        ],
        [
          0.399227,
          0.916851,
          0,
          -25.309541
        ],
        [
          0,
          0,
          0.999999,
          8.156662829605921e-7
        ]
      ],
      "boundingbox": [
        [
          0.014114,
          -5.333328,
          -4.771232
        ],
        [
          8.931512,
          4.757538,
          4.995654
        ]
      ]
    }
  ],
  "boundingbox": [
    [
      3.1349,
      9.524728,
      -4.771235
    ],
    [
      14.2791,
      28.704536,
      4.99565
    ]
  ]
}
