{"skeleton":[{"name":"root","parent":"root","initpos":[0.0,0.0,-0.0],"initquaternion":[0.707106,0.0,0.0,0.707106],"initscale":[1.0,0.999999,0.999999],"offmtx":[[1.0,0.0,0.0,0.0],[0.0,1.0,0.0,0.0],[0.0,0.0,1.0,0.0]],"boundingbox":[[0.0,0.0,0.0],[0.0,0.0,0.0]]},{"name":"Bone003","parent":"root","initpos":[-6.182648,-1e-06,-24.434545],"initquaternion":[0.5,0.499999,0.5,-0.499999],"initscale":[1.0,0.999999,0.999999],"offmtx":[[1.0,0.0,0.0,0.0],[0.0,1.0,0.0,0.0],[0.0,0.0,1.0,0.0]],"boundingbox":[[0.0,0.0,0.0],[0.0,0.0,0.0]]},{"name":"Bone009","parent":"Bone003","initpos":[14.774572,-0.465967,0.0],"initquaternion":[0.0,-7.589671895402716e-07,1.0,-1.9470715528768778e-07],"initscale":[0.999999,0.999999,1.0],"offmtx":[[4.108198083940806e-07,0.999999,0.0,-9.65997],[-1.0,4.108197799723712e-07,-2.2665599885840493e-07,-6.64862],[-2.2665601306925964e-07,0.0,0.999999,-1e-06]],"boundingbox":[[-0.135244,-3.513715,-4.044096],[8.048224,3.394285,4.044101]]},{"name":"Bone016","parent":"Bone003","initpos":[-0.388603,1.161674,5e-06],"initquaternion":[3.301405513411737e-07,0.0,-0.548672,0.836037],"initscale":[0.999999,0.999999,1.0],"offmtx":[[-0.91742,-0.397917,7.076804422467831e-07,5.271227],[0.397917,-0.91742,-2.1212683520843711e-07,24.771213],[7.336500402743695e-07,0.0,0.999999,-1e-06]],"boundingbox":[[-0.003823,-5.299292,-4.771237],[8.914176,4.7978,4.995648]]}],"boundingbox":[[-14.2791,9.524728,-4.771235],[-3.1349,28.704536,4.99565]]}