{"skeleton":[{"name":"root","parent":"root","initpos":[0.0,0.0,-0.0],"initquaternion":[0.707106,0.0,0.0,0.707106],"initscale":[1.0,0.999999,0.999999],"offmtx":[[1.0,0.0,0.0,0.0],[0.0,1.0,0.0,0.0],[0.0,0.0,1.0,0.0]],"boundingbox":[[0.0,0.0,0.0],[0.0,0.0,0.0]]},{"name":"Bone004","parent":"root","initpos":[-2.069648,-1.6e-05,-12.192132],"initquaternion":[0.500238,0.49975,0.500238,-0.499772],"initscale":[1.0,1.0,1.0],"offmtx":[[1.0,0.0,0.0,0.0],[0.0,1.0,0.0,0.0],[0.0,0.0,1.0,0.0]],"boundingbox":[[0.0,0.0,0.0],[0.0,0.0,0.0]]},{"name":"Bone011","parent":"Bone004","initpos":[7.944464,-0.089727,-1e-06],"initquaternion":[0.0,0.0,0.0,1.0],"initscale":[1.0,1.0,1.0],"offmtx":[[-0.0,-0.999999,-3.1e-05,4.247665],[0.999999,-0.0,1e-06,2.159375],[-1e-06,-3.1e-05,0.999999,0.000397]],"boundingbox":[[0.788799,-2.04761,-2.351753],[4.236373,2.174432,2.441998]]}],"boundingbox":[[-4.206982,0.011226,-2.352045],[0.015052,3.458933,2.441599]]}