{
  "skeleton": [
    {
      "name": "root",
      "parent": "root",
      "initpos": [
        0,
        0,
        0
      ],
      "initquaternion": [
        0.707106,
        0,
        0,
        0.707106
      ],
      "initscale": [
        1,
        0.999999,
        0.999999
      ],
      "offmtx": [
        [
          1,
          0,
          0,
          0
        ],
        [
          0,
          1,
          0,
          0
        ],
        [
          0,
          0,
          1,
          0
        ]
      ],
      "boundingbox": [
        [
          0,
          0,
          0
        ],
        [
          0,
          0,
          0
        ]
      ]
    },
    {
      "name": "Bone004",
      "parent": "root",
      "initpos": [
        -2.069648,
        -0.000016,
        -12.192132
      ],
      "initquaternion": [
        0.500238,
        0.49975,
        0.500238,
        -0.499772
      ],
      "initscale": [
        1,
        1,
        1
      ],
      "offmtx": [
        [
          1,
          0,
          0,
          0
        ],
        [
          0,
          1,
          0,
          0
        ],
        [
          0,
          0,
          1,
          0
        ]
      ],
      "boundingbox": [
        [
          0,
          0,
          0
        ],
        [
          0,
          0,
          0
        ]
      ]
    },
    {
      "name": "Bone011",
      "parent": "Bone004",
      "initpos": [
        7.944464,
        -0.089727,
        -0.000001
      ],
      "initquaternion": [
        0,
        0,
        0,
        1
      ],
      "initscale": [
        1,
        1,
        1
      ],
      "offmtx": [
        [
          0,
          -0.999999,
          -0.000031,
          4.247665
        ],
        [
          0.999999,
          0,
          0.000001,
          2.159375
        ],
        [
          -0.000001,
          -0.000031,
          0.999999,
          0.000397
        ]
      ],
      "boundingbox": [
        [
          0.788799,
          -2.04761,
          -2.351753
        ],
        [
          4.236373,
          2.174432,
          2.441998
        ]
      ]
    }
  ],
  "boundingbox": [
    [
      -4.206982,
      0.011226,
      -2.352045
    ],
    [
      0.015052,
      3.458933,
      2.441599
    ]
  ]
}
