{
  "skeleton": [
    {
      "name": "root",
      "parent": "root",
      "initpos": [
        0,
        0,
        0
      ],
      "initquaternion": [
        0.707106,
        0,
        0,
        0.707106
      ],
      "initscale": [
        1,
        0.999999,
        0.999999
      ],
      "offmtx": [
        [
          1,
          0,
          0,
          0
        ],
        [
          0,
          1,
          0,
          0
        ],
        [
          0,
          0,
          1,
          0
        ]
      ],
      "boundingbox": [
        [
          0,
          0,
          0
        ],
        [
          0,
          0,
          0
        ]
      ]
    },
    {
      "name": "Bone004",
      "parent": "root",
      "initpos": [
        -2.069648,
        -5.354780228117306e-7,
        -12.19214
      ],
      "initquaternion": [
        0.5,
        0.499999,
        0.5,
        -0.499999
      ],
      "initscale": [
        1,
        0.999999,
        0.999999
      ],
      "offmtx": [
        [
          1,
          0,
          0,
          0
        ],
        [
          0,
          1,
          0,
          0
        ],
        [
          0,
          0,
          1,
          0
        ]
      ],
      "boundingbox": [
        [
          0,
          0,
          0
        ],
        [
          0,
          0,
          0
        ]
      ]
    },
    {
      "name": "Bone007",
      "parent": "Bone004",
      "initpos": [
        12.289786,
        -0.309054,
        0.000002
      ],
      "initquaternion": [
        0,
        2.3841863594498136e-7,
        1,
        -1.9470721213110664e-7
      ],
      "initscale": [
        0.999999,
        0.999999,
        1
      ],
      "offmtx": [
        [
          3.691576466735569e-7,
          0.999999,
          0,
          0.097646
        ],
        [
          -1,
          3.6915761825184745e-7,
          0.000001,
          -2.378703
        ],
        [
          0.000001,
          0,
          0.999999,
          0.000004
        ]
      ],
      "boundingbox": [
        [
          0.026945,
          -2.610907,
          -4.5757
        ],
        [
          9.684045,
          3.997602,
          2.449204
        ]
      ]
    }
  ],
  "boundingbox": [
    [
      -6.376299,
      -0.0707,
      -4.575699
    ],
    [
      0.232199,
      9.586399,
      2.449199
    ]
  ]
}
