{
  "skeleton": [
    {
      "name": "root",
      "parent": "root",
      "initpos": [
        0,
        0,
        0
      ],
      "initquaternion": [
        0.707106,
        0,
        0,
        0.707106
      ],
      "initscale": [
        1,
        0.999999,
        0.999999
      ],
      "offmtx": [
        [
          1,
          0,
          0,
          0
        ],
        [
          0,
          1,
          0,
          0
        ],
        [
          0,
          0,
          1,
          0
        ]
      ],
      "boundingbox": [
        [
          0,
          0,
          0
        ],
        [
          0,
          0,
          0
        ]
      ]
    },
    {
      "name": "Bone002",
      "parent": "root",
      "initpos": [
        6.155189,
        -0.000001,
        -24.434543
      ],
      "initquaternion": [
        0.5,
        0.499999,
        0.5,
        -0.499999
      ],
      "initscale": [
        1,
        0.999999,
        0.999999
      ],
      "offmtx": [
        [
          1,
          0,
          0,
          0
        ],
        [
          0,
          1,
          0,
          0
        ],
        [
          0,
          0,
          1,
          0
        ]
      ],
      "boundingbox": [
        [
          0,
          0,
          0
        ],
        [
          0,
          0,
          0
        ]
      ]
    },
    {
      "name": "Bone010",
      "parent": "Bone002",
      "initpos": [
        14.774571,
        0.801982,
        0.000001
      ],
      "initquaternion": [
        0,
        -6.397579568329093e-7,
        1,
        0
      ],
      "initscale": [
        0.999999,
        0.999999,
        1
      ],
      "offmtx": [
        [
          1.1535207278257076e-7,
          0.999999,
          0,
          -9.659973
        ],
        [
          -1,
          1.153520656771434e-7,
          -1.6332592167600524e-7,
          6.957172
        ],
        [
          -1.6332593588685995e-7,
          0,
          0.999999,
          0.000001
        ]
      ],
      "boundingbox": [
        [
          -0.166473,
          -4.610527,
          -4.405198
        ],
        [
          11.148126,
          3.127874,
          4.4058
        ]
      ]
    },
    {
      "name": "Bone012",
      "parent": "Bone002",
      "initpos": [
        -0.895952,
        -0.932027,
        0
      ],
      "initquaternion": [
        5.588445901594241e-7,
        0,
        0.836574,
        0.547853
      ],
      "initscale": [
        0.999999,
        0.999999,
        1
      ],
      "offmtx": [
        [
          0.91664,
          0.399713,
          0,
          -14.912696
        ],
        [
          -0.399713,
          0.91664,
          9.228010071637982e-7,
          -21.131187
        ],
        [
          3.683672673560068e-7,
          -8.460896196993417e-7,
          0.999999,
          0.000019
        ]
      ],
      "boundingbox": [
        [
          -2.101121,
          -6.248606,
          -4.194496
        ],
        [
          14.99351,
          3.671,
          4.222605
        ]
      ]
    },
    {
      "name": "Bone025",
      "parent": "Bone012",
      "initpos": [
        5.270963,
        -1.520235,
        0.000001
      ],
      "initquaternion": [
        -3.9918745642353315e-7,
        -1.370774214137782e-7,
        -0.486344,
        0.873767
      ],
      "initscale": [
        0.999999,
        1,
        1
      ],
      "offmtx": [
        [
          0.82273,
          -0.568431,
          -1.5617860071870382e-7,
          6.031886
        ],
        [
          0.568431,
          0.822729,
          0,
          -27.487905
        ],
        [
          1.7257394802072668e-7,
          0,
          0.999999,
          -0.000001
        ]
      ],
      "boundingbox": [
        [
          -0.116677,
          -3.832402,
          -3.881597
        ],
        [
          9.4379,
          3.179994,
          3.909601
        ]
      ]
    }
  ],
  "boundingbox": [
    [
      3.829299,
      9.493498,
      -4.4052
    ],
    [
      20.1151,
      34.296997,
      4.405798
    ]
  ]
}
