{
  "skeleton": [
    {
      "name": "leftarm",
      "parent": "leftarm",
      "initpos": [
        0,
        0,
        0
      ],
      "initquaternion": [
        0,
        1.4611090648486424e-7,
        -0.707106,
        0.707107
      ],
      "initscale": [
        0.999999,
        0.999999,
        0.999999
      ],
      "offmtx": [
        [
          6.563153078786854e-7,
          -0.999999,
          0,
          24.063751
        ],
        [
          1,
          6.563152510352666e-7,
          0,
          -6.256972
        ],
        [
          0,
          0,
          0.999999,
          -0.274481
        ]
      ],
      "boundingbox": [
        [
          0.863756,
          -0.856959,
          -2.624481
        ],
        [
          12.189057,
          1.943042,
          2.075519
        ]
      ]
    }
  ],
  "boundingbox": [
    [
      5.399999,
      11.874699,
      -2.350002
    ],
    [
      8.199999,
      23.199998,
      2.349998
    ]
  ]
}
