{
  "skeleton": [
    {
      "name": "root",
      "parent": "root",
      "initpos": [
        0,
        0,
        0
      ],
      "initquaternion": [
        0.707106,
        0,
        0,
        0.707106
      ],
      "initscale": [
        1,
        0.999999,
        0.999999
      ],
      "offmtx": [
        [
          1,
          0,
          0,
          0
        ],
        [
          0,
          1,
          0,
          0
        ],
        [
          0,
          0,
          1,
          0
        ]
      ],
      "boundingbox": [
        [
          0,
          0,
          0
        ],
        [
          0,
          0,
          0
        ]
      ]
    },
    {
      "name": "Bone001",
      "parent": "root",
      "initpos": [
        -0.070846,
        -5.364088337955764e-7,
        -12.197314
      ],
      "initquaternion": [
        -0.499999,
        0.5,
        0.499999,
        0.5
      ],
      "initscale": [
        1,
        0.999999,
        0.999999
      ],
      "offmtx": [
        [
          1,
          0,
          0,
          0
        ],
        [
          0,
          1,
          0,
          0
        ],
        [
          0,
          0,
          1,
          0
        ]
      ],
      "boundingbox": [
        [
          0,
          0,
          0
        ],
        [
          0,
          0,
          0
        ]
      ]
    },
    {
      "name": "Bone055",
      "parent": "Bone001",
      "initpos": [
        6.416228,
        -0.007943,
        5.833976
      ],
      "initquaternion": [
        4.416652643612906e-7,
        0.997366,
        -0.000001,
        -0.072519
      ],
      "initscale": [
        0.999999,
        1,
        0.999999
      ],
      "offmtx": [
        [
          -3.734522238119098e-7,
          -0.989481,
          0.144657,
          17.573829
        ],
        [
          -1,
          4.5836915774088993e-7,
          5.536905405278958e-7,
          -0.062896
        ],
        [
          -6.141734729681048e-7,
          -0.144657,
          -0.989481,
          8.465209
        ]
      ],
      "boundingbox": [
        [
          -0.202093,
          -4.190109,
          -0.071145
        ],
        [
          3.888033,
          4.064336,
          0.986968
        ]
      ]
    },
    {
      "name": "Bone056",
      "parent": "Bone055",
      "initpos": [
        3.760025,
        0,
        0
      ],
      "initquaternion": [
        2.3841776908284373e-7,
        0,
        0.002573,
        0.999996
      ],
      "initscale": [
        1,
        1,
        1
      ],
      "offmtx": [
        [
          -0.005147,
          -0.989468,
          0.144655,
          13.813299
        ],
        [
          -0.999986,
          0.005093,
          -0.000744,
          -0.133998
        ],
        [
          -1.459266059100628e-7,
          -0.144657,
          -0.989481,
          8.465209
        ]
      ],
      "boundingbox": [
        [
          -0.070898,
          -3.199421,
          -0.668505
        ],
        [
          3.715137,
          3.057969,
          0.658093
        ]
      ]
    },
    {
      "name": "Bone057",
      "parent": "Bone055",
      "initpos": [
        1.204395,
        -0.131007,
        0
      ],
      "initquaternion": [
        0,
        -5.205484967518714e-7,
        1,
        -1.9470718370939721e-7
      ],
      "initscale": [
        0.999999,
        0.999999,
        1
      ],
      "offmtx": [
        [
          6.754438572897925e-7,
          0.989481,
          -0.144657,
          -16.36943
        ],
        [
          1,
          -6.065814659450552e-7,
          5.201407589083828e-7,
          -0.068114
        ],
        [
          4.2692300894486834e-7,
          -0.144657,
          -0.989481,
          8.465209
        ]
      ],
      "boundingbox": [
        [
          -0.186459,
          -2.189444,
          -0.592468
        ],
        [
          4.68191,
          2.053197,
          0.485218
        ]
      ]
    },
    {
      "name": "Bone058",
      "parent": "Bone057",
      "initpos": [
        1.206817,
        0.482727,
        0
      ],
      "initquaternion": [
        0,
        -2.4383197683164326e-7,
        0.533064,
        0.846074
      ],
      "initscale": [
        1,
        1,
        1
      ],
      "offmtx": [
        [
          0.902025,
          0.427142,
          -0.062446,
          -8.084253
        ],
        [
          0.431683,
          -0.892537,
          0.130485,
          15.616425
        ],
        [
          0,
          -0.144658,
          -0.989481,
          8.465215
        ]
      ],
      "boundingbox": [
        [
          -0.120823,
          -1.33272,
          -0.393481
        ],
        [
          6.169473,
          1.151746,
          0.894542
        ]
      ]
    },
    {
      "name": "Bone059",
      "parent": "Bone058",
      "initpos": [
        2.429613,
        1.073544,
        0.000001
      ],
      "initquaternion": [
        0,
        -1.6169514083230752e-7,
        0.676586,
        0.736363
      ],
      "initscale": [
        0.999999,
        0.999999,
        1
      ],
      "offmtx": [
        [
          0.506328,
          -0.85327,
          0.124744,
          13.602882
        ],
        [
          -0.86234,
          -0.501002,
          0.073244,
          11.704624
        ],
        [
          -1.6018742599044344e-7,
          -0.144657,
          -0.989481,
          8.465209
        ]
      ],
      "boundingbox": [
        [
          -0.069896,
          -0.933015,
          0.277057
        ],
        [
          5.211658,
          1.793748,
          0.93076
        ]
      ]
    },
    {
      "name": "Bone060",
      "parent": "Bone058",
      "initpos": [
        3.119307,
        0.377888,
        9.5367431640625e-7
      ],
      "initquaternion": [
        0,
        -2.2489348339149728e-7,
        0.514299,
        0.85761
      ],
      "initscale": [
        1,
        1,
        1
      ],
      "offmtx": [
        [
          0.805651,
          -0.586159,
          0.085693,
          8.165687
        ],
        [
          -0.59239,
          -0.797176,
          0.116544,
          17.060312
        ],
        [
          -3.501772880554199e-7,
          -0.144658,
          -0.989481,
          8.465215
        ]
      ],
      "boundingbox": [
        [
          -0.184439,
          -1.608106,
          0.247257
        ],
        [
          5.199001,
          1.77327,
          0.856965
        ]
      ]
    },
    {
      "name": "Bone061",
      "parent": "Bone057",
      "initpos": [
        0.56318,
        -0.040227,
        0
      ],
      "initquaternion": [
        0.000002,
        0,
        0.003703,
        0.999993
      ],
      "initscale": [
        1,
        1,
        1
      ],
      "offmtx": [
        [
          0.007407,
          0.989454,
          -0.144653,
          -16.932353
        ],
        [
          0.999972,
          -0.007329,
          0.001067,
          0.097559
        ],
        [
          -0.000003,
          -0.144657,
          -0.989481,
          8.465209
        ]
      ],
      "boundingbox": [
        [
          0.586451,
          -2.525472,
          -0.622658
        ],
        [
          5.548025,
          2.424238,
          0.014444
        ]
      ]
    },
    {
      "name": "Bone062",
      "parent": "Bone057",
      "initpos": [
        1.086137,
        -0.60341,
        -0.000001
      ],
      "initquaternion": [
        3.3461353154962126e-7,
        0,
        -0.539162,
        0.842201
      ],
      "initscale": [
        0.999999,
        0.999999,
        1
      ],