{
  "skeleton": [
    {
      "name": "root",
      "parent": "root",
      "initpos": [
        0,
        0,
        0
      ],
      "initquaternion": [
        -1.1920928955078125e-7,
        0,
        0,
        1
      ],
      "initscale": [
        1,
        0.999999,
        0.999999
      ],
      "offmtx": [
        [
          1,
          0,
          0,
          0
        ],
        [
          0,
          1,
          0,
          0
        ],
        [
          0,
          0,
          1,
          0
        ]
      ],
      "boundingbox": [
        [
          0,
          0,
          0
        ],
        [
          0,
          0,
          0
        ]
      ]
    },
    {
      "name": "head",
      "parent": "root",
      "initpos": [
        0,
        0,
        0
      ],
      "initquaternion": [
        5.057621024207037e-7,
        4.4394479914444673e-7,
        0.707106,
        0.707106
      ],
      "initscale": [
        1,
        1,
        1
      ],
      "offmtx": [
        [
          2.5394109570697765e-7,
          0.999999,
          0,
          -24.085277
        ],
        [
          -1,
          2.539410672852682e-7,
          0.000001,
          0.094613
        ],
        [
          0.000001,
          0,
          0.999999,
          -0.27778
        ]
      ],
      "boundingbox": [
        [
          3.600989,
          -5.184048,
          -4.805619
        ],
        [
          7.925358,
          5.37328,
          -0.292616
        ]
      ]
    },
    {
      "name": "head_029",
      "parent": "head",
      "initpos": [
        7.434741,
        3.442611,
        -4.309373
      ],
      "initquaternion": [
        0.004228,
        -0.510229,
        -0.007126,
        0.859998
      ],
      "initscale": [
        1,
        0.999999,
        0.999999
      ],
      "offmtx": [
        [
          0.016573,
          0.479229,
          0.877532,
          -11.511984
        ],
        [
          -0.999862,
          0.007942,
          0.014545,
          -3.539252
        ],
        [
          7.520426947849046e-7,
          -0.877653,
          0.479295,
          29.595973
        ]
      ],
      "boundingbox": [
        [
          -0.194006,
          -0.596057,
          -1.037698
        ],
        [
          7.64443,
          1.259599,
          0.023463
        ]
      ]
    },
    {
      "name": "head_028",
      "parent": "head",
      "initpos": [
        7.43474,
        -3.253824,
        -4.309361
      ],
      "initquaternion": [
        -0.004229,
        -0.51023,
        0.007127,
        0.859998
      ],
      "initscale": [
        0.999999,
        0.999999,
        0.999999
      ],
      "offmtx": [
        [
          -0.016573,
          0.479229,
          0.877533,
          -11.511975
        ],
        [
          -0.999862,
          -0.007942,
          -0.014545,
          3.539697
        ],
        [
          -5.792828687845031e-7,
          -0.877653,
          0.479295,
          29.595989
        ]
      ],
      "boundingbox": [
        [
          -0.193998,
          -1.259162,
          -0.941835
        ],
        [
          7.644439,
          0.596494,
          0.023467
        ]
      ]
    }
  ],
  "boundingbox": [
    [
      -5.278664,
      27.686265,
      -4.52784
    ],
    [
      5.278663,
      35.480579,
      2.577814
    ]
  ]
}
