{
  "skeleton": [
    {
      "name": "root",
      "parent": "root",
      "initpos": [
        0,
        0,
        0
      ],
      "initquaternion": [
        0.707106,
        0,
        0,
        0.707106
      ],
      "initscale": [
        1,
        0.999999,
        0.999999
      ],
      "offmtx": [
        [
          0.999999,
          0,
          0,
          0
        ],
        [
          0,
          0,
          1,
          0
        ],
        [
          0,
          -0.999999,
          0,
          0
        ]
      ],
      "boundingbox": [
        [
          -6.481843,
          -2.249993,
          -12.855108
        ],
        [
          -0.325198,
          2.240005,
          -5.147693
        ]
      ]
    }
  ],
  "boundingbox": [
    [
      -6.481843,
      5.147693,
      -2.249993
    ],
    [
      -0.325198,
      12.855107,
      2.240005
    ]
  ]
}
