{"skeleton":[{"name":"root","parent":"root","initpos":[0.0,0.0,-0.0],"initquaternion":[0.707106,0.0,0.0,0.707106],"initscale":[1.0,0.999999,0.999999],"offmtx":[[1.0,0.0,0.0,0.0],[0.0,1.0,0.0,0.0],[0.0,0.0,1.0,0.0]],"boundingbox":[[0.0,0.0,0.0],[0.0,0.0,0.0]]},{"name":"Bone005","parent":"root","initpos":[1.979015,-5.373634053285059e-07,-12.19214],"initquaternion":[0.5,0.499999,0.5,-0.499999],"initscale":[1.0,0.999999,0.999999],"offmtx":[[1.0,0.0,0.0,0.0],[0.0,1.0,0.0,0.0],[0.0,0.0,1.0,0.0]],"boundingbox":[[0.0,0.0,0.0],[0.0,0.0,0.0]]},{"name":"Bone008","parent":"Bone005","initpos":[12.289785,0.382245,3e-06],"initquaternion":[0.0,2.3841863594498136e-07,1.0,-1.9470721213110664e-07],"initscale":[0.999999,0.999999,1.0],"offmtx":[[3.691576466735569e-07,0.999999,0.0,0.097643],[-1.0,3.6915761825184745e-07,1e-06,2.36126],[1e-06,-0.0,0.999999,-4e-06]],"boundingbox":[[-0.109356,-3.60244,-3.759803],[9.029145,2.650865,2.449204]]}],"boundingbox":[[-0.2896,-0.207,-3.759799],[5.963699,8.931499,2.449199]]}