{
  "skeleton": [
    {
      "name": "root",
      "parent": "root",
      "initpos": [
        0,
        0,
        0
      ],
      "initquaternion": [
        0.707106,
        0,
        0,
        0.707106
      ],
      "initscale": [
        1,
        0.999999,
        0.999999
      ],
      "offmtx": [
        [
          1,
          0,
          0,
          0
        ],
        [
          0,
          1,
          0,
          0
        ],
        [
          0,
          0,
          1,
          0
        ]
      ],
      "boundingbox": [
        [
          0,
          0,
          0
        ],
        [
          0,
          0,
          0
        ]
      ]
    },
    {
      "name": "Bone005",
      "parent": "root",
      "initpos": [
        1.979015,
        -5.373634053285059e-7,
        -12.19214
      ],
      "initquaternion": [
        0.5,
        0.499999,
        0.5,
        -0.499999
      ],
      "initscale": [
        1,
        0.999999,
        0.999999
      ],
      "offmtx": [
        [
          1,
          0,
          0,
          0
        ],
        [
          0,
          1,
          0,
          0
        ],
        [
          0,
          0,
          1,
          0
        ]
      ],
      "boundingbox": [
        [
          0,
          0,
          0
        ],
        [
          0,
          0,
          0
        ]
      ]
    },
    {
      "name": "Bone008",
      "parent": "Bone005",
      "initpos": [
        12.289785,
        0.382245,
        0.000003
      ],
      "initquaternion": [
        0,
        2.3841863594498136e-7,
        1,
        -1.9470721213110664e-7
      ],
      "initscale": [
        0.999999,
        0.999999,
        1
      ],
      "offmtx": [
        [
          3.691576466735569e-7,
          0.999999,
          0,
          0.097643
        ],
        [
          -1,
          3.6915761825184745e-7,
          0.000001,
          2.36126
        ],
        [
          0.000001,
          0,
          0.999999,
          -0.000004
        ]
      ],
      "boundingbox": [
        [
          0.026944,
          -4.015032,
          -4.575699
        ],
        [
          9.684044,
          2.520556,
          2.449204
        ]
      ]
    }
  ],
  "boundingbox": [
    [
      -0.159299,
      -0.0707,
      -4.575699
    ],
    [
      6.376299,
      9.586399,
      2.449199
    ]
  ]
}
