{"skeleton":[{"name":"root","parent":"root","initpos":[0.0,0.0,-0.0],"initquaternion":[0.707106,0.0,0.0,0.707106],"initscale":[1.0,0.999999,0.999999],"offmtx":[[1.0,0.0,0.0,0.0],[-0.0,0.0,0.999999,0.0],[0.0,-0.999999,0.0,0.0]],"boundingbox":[[-4.699894,-2.944089,-23.31096],[4.699894,-1.857743,-17.899997]]}],"boundingbox":[[-4.699894,17.899997,-2.944092],[4.699894,23.31096,-1.857746]]}