{
  "skeleton": [
    {
      "name": "root",
      "parent": "root",
      "initpos": [
        0,
        0,
        0
      ],
      "initquaternion": [
        0,
        0,
        0,
        1
      ],
      "initscale": [
        1,
        1,
        1
      ],
      "offmtx": [
        [
          1,
          0,
          0,
          0
        ],
        [
          0,
          1,
          0,
          0
        ],
        [
          0,
          0,
          1,
          0
        ]
      ],
      "boundingbox": [
        [
          -5.526825,
          -2.7364,
          -26.22953
        ],
        [
          5.335217,
          5.443699,
          -16.513399
        ]
      ]
    }
  ],
  "boundingbox": [
    [
      -5.526825,
      -2.7364,
      -26.22953
    ],
    [
      5.335217,
      5.443699,
      -16.513399
    ]
  ]
}
