{"skeleton":[{"name":"root","parent":"root","initpos":[0.0,0.0,-0.0],"initquaternion":[0.707106,0.0,0.0,0.707106],"initscale":[1.0,0.999999,0.999999],"offmtx":[[1.0,0.0,0.0,0.0],[0.0,0.0,0.999999,0.0],[0.0,-0.999999,0.0,0.0]],"boundingbox":[[-4.0,-0.919992,-38.129467],[4.599999,2.400007,-32.999996]]}],"boundingbox":[[-4.0,32.999996,-0.919997],[4.599999,38.129467,2.400002]]}