{"skeleton":[{"name":"root","parent":"root","initpos":[0.0,0.0,-0.0],"initquaternion":[0.707106,0.0,0.0,0.707106],"initscale":[1.0,0.999999,0.999999],"offmtx":[[1.0,0.0,0.0,0.0],[-0.0,1.1920927533992653e-07,0.999999,0.0],[-0.0,-0.999999,1.1920927533992653e-07,0.0]],"boundingbox":[[-5.013289,1.490002,-19.004037],[8.0967,7.490004,-11.504036]]}],"boundingbox":[[-5.013289,11.504038,1.489999],[8.0967,19.004037,7.489999]]}