{"skeleton":[{"name":"Bone001","parent":"Bone001","initpos":[-0.0,-3.30533,0.066799],"initquaternion":[0.5,0.5,-0.499999,-0.499999],"initscale":[0.999999,0.999999,0.999999],"offmtx":[[3.1391647326017846e-07,0.999999,0.0,3.30533],[5.642578457809577e-07,-0.0,-0.999999,0.066799],[-1.0,3.1391644483846903e-07,-5.642577889375389e-07,1e-06]],"boundingbox":[[-4.877746,-4.515609,-1.531761],[16.828653,2.748367,1.531766]]},{"name":"Bone004","parent":"Bone001","initpos":[-2.017251,0.012516,-0.0],"initquaternion":[-0.0,-4.0133926404450904e-07,1.0,-3.139165301035973e-07],"initscale":[0.999999,0.999999,1.0],"offmtx":[[1.849008128829155e-07,-0.999999,0.0,-5.322582],[2.3842079599489807e-07,0.0,0.999999,-0.054282],[-1.0,-1.8490079867206077e-07,2.3842076757318864e-07,-9.929211728376686e-07]],"boundingbox":[[1.186821,-0.44727,-1.033662],[1.972795,0.338701,1.033657]]},{"name":"Bone003","parent":"Bone001","initpos":[11.300415,4e-06,-0.0],"initquaternion":[0.50519,0.512462,-0.494752,0.487221],"initscale":[0.999999,1.0,1.0],"offmtx":[[0.999253,-0.014796,-0.035674,0.120681],[0.014805,0.99989,-4e-06,-7.994207],[0.03567,-0.000523,0.999363,-0.062567]],"boundingbox":[[-1.869309,-6.444168,-0.648207],[1.875775,0.436955,1.7042]]},{"name":"Bone002","parent":"Bone001","initpos":[11.613348,1.703759,9.5367431640625e-07],"initquaternion":[1.3922714003911096e-07,-2.536915530981787e-07,0.723472,0.690353],"initscale":[0.999999,0.999999,1.0],"offmtx":[[0.0,-0.046823,-0.998903,-1.24615],[1.4843884343918035e-07,-0.998903,0.046823,8.375554],[-1.0,-1.4883377730257052e-07,-0.0,1e-06]],"boundingbox":[[0.239171,-5.270833,-0.314389],[4.181892,5.293794,0.314388]]}],"boundingbox":[[-1.846151,-8.183076,-5.736066],[1.846152,13.523321,4.582406]]}