{
  "skeleton": [
    {
      "name": "root",
      "parent": "root",
      "initpos": [
        0,
        0,
        0
      ],
      "initquaternion": [
        0,
        0,
        0,
        1
      ],
      "initscale": [
        1,
        1,
        1
      ],
      "offmtx": [
        [
          1,
          0,
          0,
          0
        ],
        [
          0,
          1,
          0,
          0
        ],
        [
          0,
          0,
          1,
          0
        ]
      ],
      "boundingbox": [
        [
          -13.320835,
          -3.018273,
          -25.15212
        ],
        [
          -2.660524,
          9.902442,
          -1.014295
        ]
      ]
    }
  ],
  "boundingbox": [
    [
      -13.320835,
      -3.018273,
      -25.15212
    ],
    [
      -2.660524,
      9.902442,
      -1.014295
    ]
  ]
}
