{
  "skeleton": [
    {
      "name": "root",
      "parent": "root",
      "initpos": [
        0,
        0,
        0
      ],
      "initquaternion": [
        0,
        0,
        0,
        1
      ],
      "initscale": [
        1,
        1,
        1
      ],
      "offmtx": [
        [
          1,
          0,
          0,
          0
        ],
        [
          0,
          1,
          0,
          0
        ],
        [
          0,
          0,
          1,
          0
        ]
      ],
      "boundingbox": [
        [
          -0.25,
          -2.437874,
          -13.670121
        ],
        [
          9.785097,
          5.043983,
          -2.791712
        ]
      ]
    }
  ],
  "boundingbox": [
    [
      -0.25,
      -2.437874,
      -13.670121
    ],
    [
      9.785097,
      5.043983,
      -2.791712
    ]
  ]
}
