{
  "skeleton": [
    {
      "name": "root",
      "parent": "root",
      "initpos": [
        0,
        0,
        0
      ],
      "initquaternion": [
        0.707106,
        0,
        0,
        0.707106
      ],
      "initscale": [
        1,
        0.999999,
        0.999999
      ],
      "offmtx": [
        [
          1,
          0,
          0,
          0
        ],
        [
          0,
          0,
          0.999999,
          0
        ],
        [
          0,
          -0.999999,
          0,
          0
        ]
      ],
      "boundingbox": [
        [
          -7.307332,
          5.23586,
          -27.077236
        ],
        [
          5.787326,
          6.86458,
          -24.496109
        ]
      ]
    },
    {
      "name": "Bone009",
      "parent": "root",
      "initpos": [
        -1.2031377139010146e-7,
        2.752457,
        -23.968992
      ],
      "initquaternion": [
        -0.028814,
        -0.706519,
        0.028815,
        0.706519
      ],
      "initscale": [
        1,
        0.999999,
        0.999999
      ],
      "offmtx": [
        [
          -1.0322562360443044e-7,
          -0.996678,
          0.081434,
          23.665237
        ],
        [
          -0.000001,
          0.081434,
          0.996678,
          -4.695218
        ],
        [
          -1,
          0,
          -0.000001,
          0.000003
        ]
      ],
      "boundingbox": [
        [
          -0.047945,
          -1.518755,
          -4.349459
        ],
        [
          4.987988,
          1.597035,
          4.349452
        ]
      ]
    },
    {
      "name": "Bone010",
      "parent": "Bone009",
      "initpos": [
        4.78362,
        -4.76837158203125e-7,
        -3.922705218428746e-7
      ],
      "initquaternion": [
        -3.134740893528942e-7,
        0,
        0.009777,
        0.999952
      ],
      "initscale": [
        1,
        1,
        1
      ],
      "offmtx": [
        [
          -2.1509904968297633e-7,
          -0.994895,
          0.100907,
          18.786195
        ],
        [
          -6.213652454789553e-7,
          0.100907,
          0.994895,
          -5.063522
        ],
        [
          -1,
          1.5130068220514659e-7,
          -6.398987011380086e-7,
          -0.000001
        ]
      ],
      "boundingbox": [
        [
          -0.152496,
          -1.55861,
          -5.382244
        ],
        [
          7.711238,
          1.707962,
          5.30553
        ]
      ]
    },
    {
      "name": "Bone011",
      "parent": "Bone010",
      "initpos": [
        7.677699,
        9.5367431640625e-7,
        -0.000001
      ],
      "initquaternion": [
        0,
        0,
        0.071673,
        0.997428
      ],
      "initscale": [
        0.999999,
        0.999999,
        1
      ],
      "offmtx": [
        [
          -3.017306369201833e-7,
          -0.970246,
          0.242118,
          10.270393
        ],
        [
          -5.105007403471973e-7,
          0.242118,
          0.970246,
          -6.59977
        ],
        [
          -1,
          1.6915117839744198e-7,
          -5.683662607225415e-7,
          -1.9271013229626988e-7
        ]
      ],
      "boundingbox": [
        [
          -0.775201,
          -2.33138,
          -5.940111
        ],
        [
          7.70029,
          1.740058,
          5.786691
        ]
      ]
    },
    {
      "name": "Bone015",
      "parent": "root",
      "initpos": [
        -0.482081,
        4.281177,
        -24.569667
      ],
      "initquaternion": [
        -0.055122,
        -0.711677,
        0.056195,
        0.698082
      ],
      "initscale": [
        0.999999,
        0.999999,
        0.999999
      ],
      "offmtx": [
        [
          -0.019283,
          -0.987423,
          0.156916,
          23.579586
        ],
        [
          9.392388164997101e-7,
          0.156945,
          0.987607,
          -8.084227
        ],
        [
          -0.999814,
          0.019045,
          -0.003025,
          -0.93697
        ]
      ],
      "boundingbox": [
        [
          0.062515,
          -0.302734,
          -0.585567
        ],
        [
          5.491709,
          0.344813,
          0.552602
        ]
      ]
    },
    {
      "name": "Bone016",
      "parent": "Bone015",
      "initpos": [
        5.388389,
        0,
        5.960464477539062e-7
      ],
      "initquaternion": [
        2.8134226681686414e-7,
        -1.676179408605094e-7,
        -0.016399,
        0.999865
      ],
      "initscale": [
        1,
        1,
        1
      ],
      "offmtx": [
        [
          -0.019273,
          -0.992039,
          0.124443,
          18.446533
        ],
        [
          -0.000632,
          0.124478,
          0.992222,
          -7.483291
        ],
        [
          -0.999814,
          0.019045,
          -0.003026,
          -0.936973
        ]
      ],
      "boundingbox": [
        [
          0.089321,
          -0.29962,
          -0.548879
        ],
        [
          5.889083,
          0.239222,
          0.591858
        ]
      ]
    },
    {
      "name": "Bone017",
      "parent": "Bone016",
      "initpos": [
        5.799854,
        0,
        -5.364418029785156e-7
      ],
      "initquaternion": [
        0,
        0,
        0.148247,
        0.98895
      ],
      "initscale": [
        0.999999,
        0.999999,
        1
      ],
      "offmtx": [
        [
          -0.018612,
          -0.911935,
          0.40991,
          9.896566
        ],
        [
          0.005047,
          0.40989,
          0.91212,
          -10.862603
        ],
        [
          -0.999814,
          0.019045,
          -0.003026,
          -0.936972
        ]
      ],
      "boundingbox": [
        [
          0.030567,
          -0.347654,
          -0.51134
        ],
        [
          1.952628,
          0.210543,
          0.603498
        ]
      ]
    },
    {
      "name": "Bone012",
      "parent": "root",
      "initpos": [
        -2.0999975447466568e-7,
        4.804233,
        -24.728971
      ],
      "initquaternion": [
        -0.064259,
        -0.642188,
        0.053072,
        0.762003
      ],
      "initscale": [
        0.999999,
        0.999999,
        1
      ],
      "offmtx": [
        [
          0.169555,
          -0.971877,
          0.163415,
          23.248447
        ],
        [
          0.001649,
          0.166096,
          0.986108,
          -8.844891
        ],
        [
          -0.985519,
          -0.16693,
          0.029766,
          3.985014
        ]
      ],
      "boundingbox": [
        [
          0.10944,
          -0.429695,
          -0.796887
        ],
        [
          5.851398,
          0.333588,
          0.539059
        ]
      ]
    },
    {
      "name": "Bone013",
      "parent": "Bone012",
      "initpos": [
        5.698865,
        -0.000001,
        2.384185791015625e-7
      ],
      "initquaternion": [
        0.00008,
        -0.005453,
        0.014089,
        0.999885
      ],
      "initscale": [
        0.999999,
        0.999999,
        0.999999
      ],
      "offmtx": [
        [
          0.158774,
          -0.968574,
          0.191449,
          17.335828
        ],
        [
          -0.003135,
          0.193414,
          0.981111,
          -9.335844
        ],
        [
          -0.987309,
          -0.156375,
          0.027672,
          3.796204
        ]
      ],
      "boundingbox": [
        [
          0.12351,
          -0.299197,
          -0.668996
        ],
        [
          7.535624,
          0.329602,
          0.624944
        ]
      ]
    },
    {
      "name": "Bone014",
      "parent": "Bone013",
      "initpos": [
        7.459592,
        9.5367431640625e-7,
        -4.76837158203125e-7
      ],