{"skeleton":[{"name":"root","parent":"root","initpos":[0.0,0.0,-0.0],"initquaternion":[0.707106,0.0,0.0,0.707106],"initscale":[1.0,0.999999,0.999999],"offmtx":[[1.0,0.0,0.0,0.0],[0.0,1.0,0.0,0.0],[0.0,0.0,1.0,0.0]],"boundingbox":[[0.0,0.0,0.0],[0.0,0.0,0.0]]},{"name":"steve_body","parent":"root","initpos":[0.023772,0.277779,-11.98265],"initquaternion":[-0.499999,0.5,0.499999,0.5],"initscale":[1.0,1.0,1.0],"offmtx":[[1.0,0.0,0.0,0.0],[0.0,1.0,0.0,0.0],[0.0,0.0,1.0,0.0]],"boundingbox":[[0.0,0.0,0.0],[0.0,0.0,0.0]]},{"name":"steve_leftarm","parent":"steve_body","initpos":[12.081102,-6.233181,-0.003282],"initquaternion":[1.7881436065181333e-07,1e-06,1.0,3.13916245886503e-07],"initscale":[0.999999,0.999999,1.0],"offmtx":[[1.0,0.0,0.0,0.0],[0.0,1.0,0.0,0.0],[0.0,0.0,1.0,0.0]],"boundingbox":[[0.0,0.0,0.0],[0.0,0.0,0.0]]},{"name":"Bone001","parent":"steve_leftarm","initpos":[10.061202,-0.115812,-0.274483],"initquaternion":[0.0,-0.0,0.707106,0.707106],"initscale":[1.0,1.0,1.0],"offmtx":[[1.0,-1.6173390804397059e-07,2.3911758262329386e-07,-6.141131],[1.6173397909824416e-07,0.999999,-2.2367341045992362e-07,-14.002551],[-2.3911758262329386e-07,2.2367346730334248e-07,0.999999,-1e-06]],"boundingbox":[[-2.672966,-3.178341,-2.458159],[4.12354,1.556106,2.490734]]}],"boundingbox":[[3.468165,10.824208,-2.458162],[10.264674,15.558654,2.490732]]}