{
  "skeleton": [
    {
      "name": "root",
      "parent": "root",
      "initpos": [
        0,
        0,
        0
      ],
      "initquaternion": [
        0.707106,
        0,
        0,
        0.707106
      ],
      "initscale": [
        1,
        0.999999,
        0.999999
      ],
      "offmtx": [
        [
          1,
          0,
          0,
          0
        ],
        [
          0,
          0,
          0.999999,
          0
        ],
        [
          0,
          -0.999999,
          0,
          0.000001
        ]
      ],
      "boundingbox": [
        [
          -4.607431,
          -4.921618,
          -10.64561
        ],
        [
          4.607431,
          5.834585,
          -0.103336
        ]
      ]
    }
  ],
  "boundingbox": [
    [
      -4.607431,
      0.103336,
      -4.921623
    ],
    [
      4.607431,
      10.64561,
      5.83458
    ]
  ]
}
