{
  "skeleton": [
    {
      "name": "root",
      "parent": "root",
      "initpos": [
        0,
        0,
        0
      ],
      "initquaternion": [
        0.707106,
        0,
        0,
        0.707106
      ],
      "initscale": [
        1,
        0.999999,
        0.999999
      ],
      "offmtx": [
        [
          1,
          0,
          0,
          0
        ],
        [
          0,
          1,
          0,
          0
        ],
        [
          0,
          0,
          1,
          0
        ]
      ],
      "boundingbox": [
        [
          0,
          0,
          0
        ],
        [
          0,
          0,
          0
        ]
      ]
    },
    {
      "name": "steve_body",
      "parent": "root",
      "initpos": [
        0.023775,
        0.27778,
        -11.98265
      ],
      "initquaternion": [
        -0.499999,
        0.5,
        0.499999,
        0.5
      ],
      "initscale": [
        1,
        0.999999,
        0.999999
      ],
      "offmtx": [
        [
          1,
          0,
          0,
          0
        ],
        [
          0,
          1,
          0,
          0
        ],
        [
          0,
          0,
          1,
          0
        ]
      ],
      "boundingbox": [
        [
          0,
          0,
          0
        ],
        [
          0,
          0,
          0
        ]
      ]
    },
    {
      "name": "steve_leftarm",
      "parent": "steve_body",
      "initpos": [
        12.081102,
        -6.233184,
        -0.003276
      ],
      "initquaternion": [
        0,
        0.000001,
        1,
        1.9470719792025193e-7
      ],
      "initscale": [
        0.999999,
        0.999999,
        1
      ],
      "offmtx": [
        [
          1,
          0,
          0,
          0
        ],
        [
          0,
          1,
          0,
          0
        ],
        [
          0,
          0,
          1,
          0
        ]
      ],
      "boundingbox": [
        [
          0,
          0,
          0
        ],
        [
          0,
          0,
          0
        ]
      ]
    },
    {
      "name": "Bone001",
      "parent": "steve_leftarm",
      "initpos": [
        10.148258,
        -0.348649,
        -0.274484
      ],
      "initquaternion": [
        -1.418120803009515e-7,
        -3.6394948210727307e-7,
        0.707106,
        0.707106
      ],
      "initscale": [
        0.999999,
        0.999999,
        1
      ],
      "offmtx": [
        [
          1,
          1.4025768280134798e-7,
          0,
          -5.908307
        ],
        [
          -1.4025768280134798e-7,
          0.999999,
          -2.8327798418104067e-7,
          -13.915497
        ],
        [
          0,
          2.832780410244595e-7,
          0.999999,
          -0.000003
        ]
      ],
      "boundingbox": [
        [
          -2.440139,
          -3.09129,
          -2.458159
        ],
        [
          4.477384,
          1.643157,
          2.490734
        ]
      ]
    }
  ],
  "boundingbox": [
    [
      3.468165,
      10.824208,
      -2.458162
    ],
    [
      10.385689,
      15.558654,
      2.490732
    ]
  ]
}
