{"skeleton":[{"name":"root","parent":"root","initpos":[0.0,0.0,-0.0],"initquaternion":[0.0,0.0,0.0,1.0],"initscale":[1.0,1.0,1.0],"offmtx":[[1.0,0.0,-0.0,0.0],[-0.0,1.0,-0.0,0.0],[0.0,0.0,1.0,0.0]],"boundingbox":[[4.099999,-2.632738,-24.258275],[8.409999,2.748931,-20.014152]]}],"boundingbox":[[4.099999,-2.632738,-24.258275],[8.409999,2.748931,-20.014152]]}