{"skeleton":[{"name":"root","parent":"root","initpos":[-6.74786,0.0,-0.0],"initquaternion":[0.707106,0.0,0.0,0.707106],"initscale":[1.0,0.999999,0.999999],"offmtx":[[1.0,0.0,0.0,0.0],[0.0,1.0,0.0,0.0],[0.0,0.0,1.0,0.0]],"boundingbox":[[0.0,0.0,0.0],[0.0,0.0,0.0]]},{"name":"Bone001","parent":"root","initpos":[-0.001859,0.0,0.0],"initquaternion":[-0.707106,1.6858737694747106e-07,1.6858739115832577e-07,0.707106],"initscale":[1.0,0.999999,0.999999],"offmtx":[[1.0,4.769536303683708e-07,0.0,6.749719],[-4.769535735249519e-07,1.0,0.0,-3e-06],[-0.0,-0.0,1.0,-0.0]],"boundingbox":[[2.878548,-0.303258,-0.303252],[10.763135,0.303251,0.303254]]},{"name":"Bone002","parent":"Bone001","initpos":[11.419782,-5e-06,0.010447],"initquaternion":[0.707107,-1.6858744800174463e-07,-1.685873201040522e-07,0.707106],"initscale":[1.0,1.0,1.0],"offmtx":[[1.0,0.0,0.0,-4.670063],[-0.0,-7.152557941481064e-07,1.0,-0.010447],[0.0,-1.0,-7.152557373046875e-07,0.0]],"boundingbox":[[-1.3421,-1.693561,-0.396424],[2.027213,1.670201,0.396423]]},{"name":"Bone003","parent":"Bone001","initpos":[1.61044,-7.72997793774266e-07,0.010447],"initquaternion":[0.707107,-1.6858744800174463e-07,-1.685873201040522e-07,0.707106],"initscale":[1.0,1.0,1.0],"offmtx":[[1.0,0.0,0.0,5.139279],[-0.0,-7.152557941481064e-07,1.0,-0.010447],[0.0,-1.0,-7.152557373046875e-07,0.0]],"boundingbox":[[-1.557997,-1.691097,-0.396423],[1.805766,1.672666,0.396425]]}],"boundingbox":[[-6.697276,-0.396424,-1.683114],[6.697276,0.396424,1.683114]]}