{
  "skeleton": [
    {
      "name": "root",
      "parent": "root",
      "initpos": [
        0,
        0,
        0
      ],
      "initquaternion": [
        -1.1920928955078125e-7,
        0,
        0,
        1
      ],
      "initscale": [
        1,
        0.999999,
        0.999999
      ],
      "offmtx": [
        [
          1,
          0,
          0,
          0
        ],
        [
          0,
          1,
          0,
          0
        ],
        [
          0,
          0,
          1,
          0
        ]
      ],
      "boundingbox": [
        [
          0,
          0,
          0
        ],
        [
          0,
          0,
          0
        ]
      ]
    },
    {
      "name": "steve_body",
      "parent": "root",
      "initpos": [
        0.023774,
        11.98265,
        0.277781
      ],
      "initquaternion": [
        0.000001,
        0.000001,
        0.707106,
        0.707106
      ],
      "initscale": [
        1,
        1,
        1
      ],
      "offmtx": [
        [
          0,
          0.999999,
          0,
          -11.98265
        ],
        [
          -0.999999,
          0,
          0.000003,
          0.023771
        ],
        [
          0.000003,
          0,
          0.999999,
          -0.277779
        ]
      ],
      "boundingbox": [
        [
          0.017348,
          -3.976234,
          -2.277791
        ],
        [
          12.017347,
          4.023778,
          1.722235
        ]
      ]
    },
    {
      "name": "steve_head",
      "parent": "steve_body",
      "initpos": [
        12.102628,
        -0.070847,
        0.000003
      ],
      "initquaternion": [
        0,
        0,
        0,
        1
      ],
      "initscale": [
        1,
        1,
        1
      ],
      "offmtx": [
        [
          0,
          0.999999,
          0,
          -24.085279
        ],
        [
          -0.999999,
          0,
          0.000001,
          0.094617
        ],
        [
          0.000001,
          0,
          1,
          -0.27778
        ]
      ],
      "boundingbox": [
        [
          -0.085281,
          -3.905386,
          -4.277783
        ],
        [
          7.914719,
          4.094626,
          3.722228
        ]
      ]
    },
    {
      "name": "steve_leftarm",
      "parent": "steve_body",
      "initpos": [
        12.081104,
        -6.233184,
        -0.003276
      ],
      "initquaternion": [
        0,
        0.000001,
        1,
        1.9470719792025193e-7
      ],
      "initscale": [
        0.999999,
        0.999999,
        1
      ],
      "offmtx": [
        [
          1.0862193988714353e-7,
          -0.999999,
          0,
          24.063755
        ],
        [
          0.999999,
          1.0862193988714353e-7,
          0,
          -6.256959
        ],
        [
          0,
          0,
          0.999999,
          -0.274481
        ]
      ],
      "boundingbox": [
        [
          0.063756,
          -2.256958,
          -2.274479
        ],
        [
          12.063755,
          1.743042,
          1.72552
        ]
      ]
    },
    {
      "name": "steve_leftleg",
      "parent": "steve_body",
      "initpos": [
        -0.160445,
        -1.957148,
        -0.299412
      ],
      "initquaternion": [
        -0.000132,
        -0.707105,
        0.707107,
        -0.000132
      ],
      "initscale": [
        0.999999,
        0.999999,
        1
      ],
      "offmtx": [
        [
          0.000264,
          -0.999999,
          -0.000264,
          11.821672
        ],
        [
          -0.000001,
          0.000264,
          -0.999999,
          -0.024766
        ],
        [
          0.999999,
          0.000264,
          -0.000001,
          -1.98405
        ]
      ],
      "boundingbox": [
        [
          -0.178879,
          -2.024771,
          -2.084053
        ],
        [
          11.823234,
          1.978407,
          1.919128
        ]
      ]
    },
    {
      "name": "steve_rightarm",
      "parent": "steve_body",
      "initpos": [
        12.083517,
        6.118966,
        -0.003576
      ],
      "initquaternion": [
        0,
        0.000001,
        1,
        1.9470719792025193e-7
      ],
      "initscale": [
        0.999999,
        0.999999,
        1
      ],
      "offmtx": [
        [
          0,
          -0.999999,
          0,
          24.066167
        ],
        [
          0.999999,
          0,
          0,
          6.095191
        ],
        [
          0,
          0,
          0.999999,
          -0.274222
        ]
      ],
      "boundingbox": [
        [
          0.066167,
          -1.904806,
          -2.274221
        ],
        [
          12.066167,
          2.095194,
          1.725778
        ]
      ]
    },
    {
      "name": "steve_rightleg",
      "parent": "steve_body",
      "initpos": [
        -0.160446,
        1.9988,
        -0.299426
      ],
      "initquaternion": [
        0.000172,
        0.707107,
        0.707105,
        0.000172
      ],
      "initscale": [
        0.999999,
        0.999999,
        0.999999
      ],
      "offmtx": [
        [
          0,
          -1,
          0.000374,
          11.822214
        ],
        [
          -2.634519091770926e-7,
          0.000374,
          1,
          0.017212
        ],
        [
          -0.999999,
          0,
          -2.634864131323411e-7,
          -1.97503
        ]
      ],
      "boundingbox": [
        [
          -0.178534,
          -1.982786,
          -2.075031
        ],
        [
          11.822963,
          2.021707,
          1.92497
        ]
      ]
    }
  ],
  "boundingbox": [
    [
      -7.999998,
      4.76837158203125e-7,
      -4
    ],
    [
      7.999998,
      31.999996,
      3.999999
    ]
  ]
}
