{"skeleton":[{"name":"root","parent":"root","initpos":[0.0,0.0,-0.0],"initquaternion":[0.707106,0.0,0.0,0.707106],"initscale":[1.0,0.999999,0.999999],"offmtx":[[1.0,1.74845538936097e-07,0.0,0.0],[-0.0,0.0,0.999999,0.0],[1.7484555314695172e-07,-0.999999,0.0,0.0]],"boundingbox":[[-0.471124,-2.147888,-8.957782],[0.647354,2.136602,5.919968]]},{"name":"Bone001","parent":"root","initpos":[0.028506,0.000172,6.985149],"initquaternion":[0.5,0.499999,0.5,-0.499999],"initscale":[1.0,1.0,1.0],"offmtx":[[0.0,-0.999999,0.0,-6.985149],[1.0,0.0,-1.6292051441268995e-07,-0.028507],[1.6292052862354467e-07,0.0,0.999999,-0.000172]],"boundingbox":[[0.013629,-0.715804,-1.10437],[2.906968,0.714025,1.080356]]},{"name":"Bone003","parent":"root","initpos":[-0.7944,-3.046751544388826e-07,-6.970154],"initquaternion":[-0.707106,-0.0,-0.0,0.707106],"initscale":[1.0,0.999999,0.999999],"offmtx":[[1.0,0.0,0.0,0.794401],[-0.0,0.999999,-2.821299176503089e-07,-6.970154],[-0.0,2.821299176503089e-07,0.999999,-1e-06]],"boundingbox":[[0.14462,-0.765092,-0.743771],[1.444828,0.658001,0.707114]]},{"name":"Bone002","parent":"root","initpos":[1e-06,-0.031719,-8.925523],"initquaternion":[0.707106,1.376787679419067e-07,-0.707106,1.3767878215276141e-07],"initscale":[1.0,0.999999,0.999999],"offmtx":[[0.0,0.999999,0.0,-8.925523],[0.0,-0.0,-0.999999,-0.031719],[-1.0,0.0,-0.0,-3.9153357533905364e-07]],"boundingbox":[[0.032256,-2.148501,-1.449807],[6.632283,2.028624,1.31234]]}],"boundingbox":[[-1.312339,-9.892117,-2.147889],[1.449807,15.557806,2.136601]]}