{
  "skeleton": [
    {
      "name": "root",
      "parent": "root",
      "initpos": [
        0,
        0,
        0
      ],
      "initquaternion": [
        0.707106,
        0,
        0,
        0.707106
      ],
      "initscale": [
        1,
        0.999999,
        0.999999
      ],
      "offmtx": [
        [
          1,
          0,
          0,
          0
        ],
        [
          0,
          0,
          0.999999,
          0
        ],
        [
          0,
          -0.999999,
          0,
          0
        ]
      ],
      "boundingbox": [
        [
          -6.643873,
          -2.799996,
          -34.867187
        ],
        [
          6.643873,
          10.454225,
          -16.497894
        ]
      ]
    }
  ],
  "boundingbox": [
    [
      -6.643873,
      16.497894,
      -2.800001
    ],
    [
      6.643873,
      34.867187,
      10.454222
    ]
  ]
}
