{
  "skeleton": [
    {
      "name": "root",
      "parent": "root",
      "initpos": [
        0,
        0,
        0
      ],
      "initquaternion": [
        0.707106,
        0,
        0,
        0.707106
      ],
      "initscale": [
        1,
        0.999999,
        0.999999
      ],
      "offmtx": [
        [
          1,
          0,
          0,
          0
        ],
        [
          0,
          0,
          0.999999,
          0
        ],
        [
          0,
          -0.999999,
          0,
          0
        ]
      ],
      "boundingbox": [
        [
          -3.0749,
          -3.318323,
          -34.732063
        ],
        [
          3.074899,
          3.100002,
          -31.746805
        ]
      ]
    }
  ],
  "boundingbox": [
    [
      -3.0749,
      31.746803,
      -3.318328
    ],
    [
      3.074899,
      34.732063,
      3.099997
    ]
  ]
}
