{
  "skeleton": [
    {
      "name": "root",
      "parent": "root",
      "initpos": [
        -6.74786,
        0,
        0
      ],
      "initquaternion": [
        0.707106,
        0,
        0,
        0.707106
      ],
      "initscale": [
        1,
        0.999999,
        0.999999
      ],
      "offmtx": [
        [
          1,
          0,
          0,
          0
        ],
        [
          0,
          1,
          0,
          0
        ],
        [
          0,
          0,
          1,
          0
        ]
      ],
      "boundingbox": [
        [
          0,
          0,
          0
        ],
        [
          0,
          0,
          0
        ]
      ]
    },
    {
      "name": "Bone001",
      "parent": "root",
      "initpos": [
        -0.001859,
        0,
        0
      ],
      "initquaternion": [
        -0.707106,
        1.6858737694747106e-7,
        1.6858739115832577e-7,
        0.707106
      ],
      "initscale": [
        1,
        0.999999,
        0.999999
      ],
      "offmtx": [
        [
          1,
          4.769535735249519e-7,
          0,
          0.001859
        ],
        [
          -4.769535735249519e-7,
          1,
          0,
          0
        ],
        [
          0,
          0,
          1,
          0
        ]
      ],
      "boundingbox": [
        [
          3.015963,
          -0.273901,
          -0.402822
        ],
        [
          10.515317,
          0.273899,
          0.394062
        ]
      ]
    },
    {
      "name": "Bone002",
      "parent": "Bone001",
      "initpos": [
        11.419782,
        -0.000005,
        0.010447
      ],
      "initquaternion": [
        0.707107,
        -1.6858744800174463e-7,
        -1.685873201040522e-7,
        0.707106
      ],
      "initscale": [
        1,
        1,
        1
      ],
      "offmtx": [
        [
          1,
          0,
          0,
          -11.417922
        ],
        [
          0,
          -4.76837158203125e-7,
          1,
          -0.010447
        ],
        [
          0,
          -1,
          -4.76837158203125e-7,
          0
        ]
      ],
      "boundingbox": [
        [
          -1.33384,
          -1.700126,
          -0.396648
        ],
        [
          2.037374,
          1.665534,
          0.396647
        ]
      ]
    },
    {
      "name": "Bone003",
      "parent": "Bone001",
      "initpos": [
        1.61044,
        -7.72997793774266e-7,
        0.010447
      ],
      "initquaternion": [
        0.707107,
        -1.6858744800174463e-7,
        -1.685873201040522e-7,
        0.707106
      ],
      "initscale": [
        1,
        1,
        1
      ],
      "offmtx": [
        [
          1,
          0,
          0,
          -1.60858
        ],
        [
          0,
          -4.76837158203125e-7,
          1,
          -0.010447
        ],
        [
          0,
          -1,
          -4.76837158203125e-7,
          0
        ]
      ],
      "boundingbox": [
        [
          -1.555398,
          -1.697661,
          -0.396649
        ],
        [
          1.810265,
          1.668002,
          0.396646
        ]
      ]
    }
  ],
  "boundingbox": [
    [
      0.053183,
      -0.396647,
      -1.689678
    ],
    [
      13.455297,
      0.396649,
      1.67845
    ]
  ]
}
