{
  "skeleton": [
    {
      "name": "root",
      "parent": "root",
      "initpos": [
        0,
        0,
        0
      ],
      "initquaternion": [
        0.707106,
        0,
        0,
        0.707106
      ],
      "initscale": [
        1,
        0.999999,
        0.999999
      ],
      "offmtx": [
        [
          1,
          0,
          0,
          0
        ],
        [
          0,
          0,
          0.999999,
          0
        ],
        [
          0,
          -0.999999,
          0,
          0
        ]
      ],
      "boundingbox": [
        [
          -10.467137,
          -3.23244,
          -7.815608
        ],
        [
          10.467135,
          3.919068,
          9.299569
        ]
      ]
    }
  ],
  "boundingbox": [
    [
      -10.467137,
      -9.299569,
      -3.232439
    ],
    [
      10.467135,
      7.815608,
      3.919067
    ]
  ]
}
