{"skeleton":[{"name":"root","parent":"root","initpos":[-6.74786,0.0,-0.0],"initquaternion":[0.707106,0.0,0.0,0.707106],"initscale":[1.0,0.999999,0.999999],"offmtx":[[1.0,0.0,0.0,0.0],[0.0,1.0,0.0,0.0],[0.0,0.0,1.0,0.0]],"boundingbox":[[0.0,0.0,0.0],[0.0,0.0,0.0]]},{"name":"Bone001","parent":"root","initpos":[-0.001859,0.0,0.0],"initquaternion":[-0.707106,1.6858737694747106e-07,1.6858739115832577e-07,0.707106],"initscale":[1.0,0.999999,0.999999],"offmtx":[[1.0,4.769535735249519e-07,0.0,6.749719],[-4.769535735249519e-07,1.0,0.0,-3e-06],[-0.0,-0.0,1.0,0.0]],"boundingbox":[[2.609173,-0.249972,-0.277855],[11.655405,0.250559,0.270401]]},{"name":"Bone002","parent":"Bone001","initpos":[11.419782,-5e-06,0.010447],"initquaternion":[0.707107,-1.6858744800174463e-07,-1.685873201040522e-07,0.707106],"initscale":[1.0,1.0,1.0],"offmtx":[[1.0,0.0,0.0,-4.670063],[-0.0,-7.152556804612686e-07,1.0,-0.010447],[0.0,-1.0,-7.152556804612686e-07,0.0]],"boundingbox":[[-0.613568,-1.353419,-0.341337],[1.934016,1.332524,0.34075]]},{"name":"Bone003","parent":"Bone001","initpos":[1.61044,-7.72997793774266e-07,0.010447],"initquaternion":[0.707107,-1.6858744800174463e-07,-1.685873201040522e-07,0.707106],"initscale":[1.0,1.0,1.0],"offmtx":[[1.0,0.0,0.0,5.139279],[-0.0,-7.152556804612686e-07,1.0,-0.010447],[0.0,-1.0,-7.152556804612686e-07,0.0]],"boundingbox":[[-1.4648,-1.26745,-1.251081],[1.232685,1.234712,1.25108]]}],"boundingbox":[[-6.604079,-1.251079,-1.342971],[6.604079,1.251081,1.342972]]}