{
  "skeleton": [
    {
      "name": "root",
      "parent": "root",
      "initpos": [
        0,
        0,
        0
      ],
      "initquaternion": [
        0.707106,
        0,
        0,
        0.707106
      ],
      "initscale": [
        1,
        0.999999,
        0.999999
      ],
      "offmtx": [
        [
          1,
          0,
          0,
          0
        ],
        [
          0,
          0,
          0.999999,
          0
        ],
        [
          0,
          -0.999999,
          0,
          0
        ]
      ],
      "boundingbox": [
        [
          -3.499998,
          -3.458707,
          -15.233196
        ],
        [
          3.500001,
          4.311297,
          5.435592
        ]
      ]
    }
  ],
  "boundingbox": [
    [
      -3.499998,
      -5.435592,
      -3.458708
    ],
    [
      3.500001,
      15.233196,
      4.311295
    ]
  ]
}
