{"skeleton":[{"name":"root","parent":"root","initpos":[0.0,0.0,-0.0],"initquaternion":[0.707106,0.0,0.0,0.707106],"initscale":[1.0,0.999999,0.999999],"offmtx":[[1.0,0.0,0.0,0.0],[0.0,1.0,0.0,0.0],[0.0,0.0,1.0,0.0]],"boundingbox":[[0.0,0.0,0.0],[0.0,0.0,0.0]]},{"name":"Bone001","parent":"root","initpos":[-0.0,-0.38655,-0.019262],"initquaternion":[0.499999,0.5,0.5,0.499999],"initscale":[1.0,0.999999,0.999999],"offmtx":[[2.8306163812885643e-07,0.0,0.999999,0.38655],[-0.0,-0.999999,0.0,0.019262],[1.0,-0.0,-2.83061609707147e-07,-1.0915189108118284e-07]],"boundingbox":[[0.195146,-11.917371,-0.851209],[8.703932,11.955899,0.851209]]},{"name":"Bone002","parent":"Bone001","initpos":[6.11031,0.002726,9.83944801191683e-07],"initquaternion":[0.0,0.0,0.0,1.0],"initscale":[1.0,1.0,1.0],"offmtx":[[1.0,0.0,0.0,0.0],[0.0,1.0,0.0,0.0],[0.0,0.0,1.0,0.0]],"boundingbox":[[0.0,0.0,0.0],[0.0,0.0,0.0]]},{"name":"Bind","parent":"Bone002","initpos":[0.625289,0.006715,0.0],"initquaternion":[0.707106,-1.376787679419067e-07,0.707106,1.3767878215276141e-07],"initscale":[1.0,0.999999,0.999999],"offmtx":[[1.0,1.252834067599906e-07,1.275915053611243e-07,0.0],[-1.2528337833828118e-07,0.999999,-2.2153302836613875e-07,-0.009819],[-1.2759154799368844e-07,2.2153302836613875e-07,0.999999,-6.34905]],"boundingbox":[[-0.034857,-0.009821,0.04919],[0.034859,-0.009821,0.339226]]}],"boundingbox":[[-0.851209,-11.936635,-0.191403],[0.851209,11.936635,8.317382]]}