{
  "skeleton": [
    {
      "name": "root",
      "parent": "root",
      "initpos": [
        0,
        0,
        0
      ],
      "initquaternion": [
        0.707106,
        0,
        0,
        0.707106
      ],
      "initscale": [
        1,
        0.999999,
        0.999999
      ],
      "offmtx": [
        [
          1,
          0,
          0,
          0
        ],
        [
          0,
          1,
          0,
          0
        ],
        [
          0,
          0,
          1,
          0
        ]
      ],
      "boundingbox": [
        [
          0,
          0,
          0
        ],
        [
          0,
          0,
          0
        ]
      ]
    },
    {
      "name": "bone000",
      "parent": "root",
      "initpos": [
        0,
        1.883033,
        -9.069264
      ],
      "initquaternion": [
        0.000002,
        0.707106,
        -0.000002,
        0.707106
      ],
      "initscale": [
        1,
        1,
        1
      ],
      "offmtx": [
        [
          1.9470718370939721e-7,
          0.999999,
          0,
          -9.069264
        ],
        [
          0.000007,
          0,
          0.999999,
          -1.883033
        ],
        [
          1,
          -1.947071694985425e-7,
          -0.000007,
          0.000015
        ]
      ],
      "boundingbox": [
        [
          -6.060616,
          -7.511705,
          -10.500027
        ],
        [
          9.946475,
          9.652893,
          10.500025
        ]
      ]
    },
    {
      "name": "bone001",
      "parent": "bone000",
      "initpos": [
        -5.05122,
        6.110179,
        -3.451294
      ],
      "initquaternion": [
        0,
        -0.000002,
        1,
        3.139166722121445e-7
      ],
      "initscale": [
        0.999999,
        0.999999,
        1
      ],
      "offmtx": [
        [
          6.293514047683857e-7,
          -0.999999,
          0,
          4.018046
        ],
        [
          -0.000011,
          0,
          -0.999999,
          7.993197
        ],
        [
          1,
          6.293513479249668e-7,
          -0.000011,
          3.451341
        ]
      ],
      "boundingbox": [
        [
          0.002376,
          -1.498911,
          -1.502401
        ],
        [
          4.002387,
          1.501123,
          1.497642
        ]
      ]
    },
    {
      "name": "bone002",
      "parent": "bone000",
      "initpos": [
        7.013705,
        9.400473,
        3.997932
      ],
      "initquaternion": [
        -0.000001,
        0.000003,
        0.865918,
        0.500184
      ],
      "initscale": [
        0.999999,
        0.999999,
        1
      ],
      "offmtx": [
        [
          -1.0357283741768697e-7,
          -0.499631,
          0.866238,
          -1.73863
        ],
        [
          -1.0058868582518699e-7,
          -0.866238,
          -0.499631,
          19.569265
        ],
        [
          1,
          -1.38881944167224e-7,
          0,
          -3.997999
        ]
      ],
      "boundingbox": [
        [
          0.002018,
          -0.500958,
          -1.497953
        ],
        [
          2.002443,
          0.499899,
          1.502051
        ]
      ]
    },
    {
      "name": "bone003",
      "parent": "bone002",
      "initpos": [
        2.003748,
        -0.000001,
        -4.76837158203125e-7
      ],
      "initquaternion": [
        0,
        0,
        0,
        1
      ],
      "initscale": [
        1,
        1,
        1
      ],
      "offmtx": [
        [
          -1.9099562109659018e-7,
          -0.499631,
          0.866238,
          -3.74238
        ],
        [
          2.2525267695527873e-7,
          -0.866238,
          -0.499631,
          19.569267
        ],
        [
          1,
          0,
          2.779908641059592e-7,
          -3.998005
        ]
      ],
      "boundingbox": [
        [
          -0.00173,
          -0.500105,
          -1.497951
        ],
        [
          1.998695,
          0.500756,
          1.502053
        ]
      ]
    },
    {
      "name": "bone004",
      "parent": "bone003",
      "initpos": [
        1.99941,
        0,
        -2.384185791015625e-7
      ],
      "initquaternion": [
        0,
        0,
        0,
        1
      ],
      "initscale": [
        1,
        1,
        1
      ],
      "offmtx": [
        [
          -1.9099562109659018e-7,
          -0.499631,
          0.866238,
          -5.741791
        ],
        [
          8.446823471786047e-7,
          -0.866238,
          -0.499631,
          19.569263
        ],
        [
          1,
          6.362687372529763e-7,
          5.874769613001263e-7,
          -3.998017
        ]
      ],
      "boundingbox": [
        [
          -0.001141,
          -0.499255,
          -1.997944
        ],
        [
          3.999284,
          0.502457,
          2.00206
        ]
      ]
    },
    {
      "name": "bone005",
      "parent": "bone000",
      "initpos": [
        7.013709,
        9.400418,
        -3.998078
      ],
      "initquaternion": [
        -0.000001,
        0.000003,
        0.865918,
        0.500184
      ],
      "initscale": [
        0.999999,
        0.999999,
        1
      ],
      "offmtx": [
        [
          -1.0357283741768697e-7,
          -0.499631,
          0.866238,
          -1.738631
        ],
        [
          -1.0058868582518699e-7,
          -0.866238,
          -0.499631,
          19.569269
        ],
        [
          1,
          -1.38881944167224e-7,
          0,
          3.998012
        ]
      ],
      "boundingbox": [
        [
          0.002017,
          -0.500954,
          -1.502009
        ],
        [
          2.002445,
          0.499904,
          1.497994
        ]
      ]
    },
    {
      "name": "bone006",
      "parent": "bone005",
      "initpos": [
        2.003748,
        -0.000001,
        -4.76837158203125e-7
      ],
      "initquaternion": [
        0,
        0,
        0,
        1
      ],
      "initscale": [
        1,
        1,
        1
      ],
      "offmtx": [
        [
          -1.9099562109659018e-7,
          -0.499631,
          0.866238,
          -3.742382
        ],
        [
          2.2525267695527873e-7,
          -0.866238,
          -0.499631,
          19.569271
        ],
        [
          1,
          0,
          2.779908641059592e-7,
          3.998005
        ]
      ],
      "boundingbox": [
        [
          -0.001729,
          -0.500103,
          -1.502011
        ],
        [
          1.998695,
          0.500757,
          1.497991
        ]
      ]
    },
    {
      "name": "bone007",
      "parent": "bone006",
      "initpos": [
        1.999412,
        0,
        -2.384185791015625e-7
      ],
      "initquaternion": [
        0,
        0,
        0,
        1
      ],
      "initscale": [
        1,
        1,
        1
      ],
      "offmtx": [
        [
          -1.9099562109659018e-7,
          -0.499631,
          0.866238,
          -5.741794
        ],
        [
          8.446823471786047e-7,
          -0.866238,
          -0.499631,
          19.569274
        ],
        [
          1,
          6.362687372529763e-7,
          5.874769613001263e-7,
          3.997993
        ]
      ],
      "boundingbox": [
        [
          -0.001143,
          -0.499248,
          -2.002015
        ],
        [
          3.999282,
          0.502461,
          1.997988
        ]
      ]
    },
    {
      "name": "bone008",
      "parent": "bone000",
      "initpos": [
        1.563303,
        -7.387949,
        0.000052
      ],
      "initquaternion": [
        -0.000002,
        -0.000002,
        -0.707107,
        0.707106
      ],
      "initscale": [
        1,
        1,
        1
      ],