{
  "skeleton": [
    {
      "name": "root",
      "parent": "root",
      "initpos": [
        0,
        0,
        0
      ],
      "initquaternion": [
        0,
        0,
        -0.006729,
        0.999977
      ],
      "initscale": [
        0.999999,
        0.999999,
        0.999999
      ],
      "offmtx": [
        [
          0.999909,
          -0.013457,
          0,
          0
        ],
        [
          0.013457,
          0.999909,
          0,
          -4.7683712978141557e-7
        ],
        [
          0,
          0,
          0.999999,
          0
        ]
      ],
      "boundingbox": [
        [
          -0.973918,
          -5.120333,
          -5.474353
        ],
        [
          0.81335,
          10.541458,
          3.009268
        ]
      ]
    }
  ],
  "boundingbox": [
    [
      -0.864524,
      -5.109161,
      -5.474354
    ],
    [
      0.837592,
      10.531143,
      3.009266
    ]
  ]
}
