{
  "is_global": true,
  "animation": {
    "fields": [
      "time",
      "attr"
    ],
    "times": [
      0,
      0.033333,
      0.066666,
      0.1,
      0.133333,
      0.166666,
      0.2,
      1,
      1.03333,
      1.06667,
      1.1,
      1.13333,
      1.16667,
      1.2,
      1.23333,
      1.26667,
      1.3,
      1.33333,
      1.36667,
      1.4,
      1.43333,
      1.46667,
      1.5,
      1.53333,
      1.56667,
      1.6,
      1.63333,
      1.66667,
      1.7,
      1.73333,
      1.76667,
      1.8,
      1.83333,
      1.86667,
      1.9,
      1.93333,
      1.96667,
      2
    ],
    "poses": [
      -0.730223,
      -1.37082,
      -2.5209,
      -0.730228,
      -1.37084,
      -2.5209,
      -1.05716,
      -0.797,
      -4.45555,
      -1.05709,
      -0.79697,
      -4.45552,
      -0.730199,
      1.37119,
      -2.52042,
      -0.7301,
      1.37114,
      -2.5204,
      -0.730091,
      1.37113,
      -2.52042,
      -0.730136,
      1.37115,
      -2.52044,
      -0.730127,
      1.37115,
      -2.52042,
      -1.05738,
      0.797477,
      -4.45526,
      -1.05741,
      0.797518,
      -4.45526,
      -1.05751,
      0.797529,
      -4.45528,
      -1.05742,
      0.79753,
      -4.45527,
      -1.05746,
      0.797525,
      -4.45526
    ],
    "quats": [
      0.072807,
      -0.578829,
      0.655714,
      0.479264,
      -0.089774,
      -0.66037,
      0.687585,
      0.288232,
      -0.242982,
      0.208301,
      -0.097359,
      0.942386,
      -0.123314,
      0.359496,
      -0.045096,
      0.923862,
      -0.276238,
      -0.067238,
      0.006983,
      0.958708,
      0.066215,
      0.471386,
      0.080065,
      0.875785,
      -0.090888,
      0.658924,
      0.689085,
      -0.287607,
      0.122564,
      0.362365,
      0.046181,
      0.922787,
      0.276041,
      -0.064026,
      -0.00615,
      0.958991,
      0.5,
      -0.5,
      -0.5,
      -0.499999,
      0.328877,
      -0.673078,
      0.442026,
      0.493374,
      0.300097,
      -0.72586,
      0.328674,
      0.524443,
      0.290203,
      -0.73333,
      0.223669,
      0.572695,
      0.284169,
      -0.743663,
      0.176531,
      0.578834,
      0.227648,
      -0.779813,
      0.297652,
      0.501468,
      0.117088,
      -0.69168,
      0.541958,
      0.462761,
      0.067881,
      -0.583921,
      0.657623,
      0.471126,
      0.054243,
      -0.596781,
      0.662559,
      0.449359,
      0.033237,
      -0.613398,
      0.669208,
      0.418088,
      0.006295,
      -0.630061,
      0.676183,
      0.381784,
      -0.024451,
      -0.644118,
      0.682186,
      0.34516,
      -0.055782,
      -0.654291,
      0.686287,
      0.31273,
      -0.083333,
      -0.660527,
      0.688209,
      0.288316,
      -0.101879,
      -0.663439,
      0.688451,
      0.274776,
      -0.105832,
      -0.663531,
      0.688013,
      0.274159,
      -0.053803,
      -0.699492,
      0.675801,
      0.226071,
      -0.011624,
      -0.735191,
      0.656942,
      0.16669,
      0.036346,
      -0.766607,
      0.631407,
      0.11098,
      0.089576,
      -0.792936,
      0.599711,
      0.05978,
      0.147424,
      -0.813442,
      0.562481,
      0.013857,
      0.1403,
      -0.81113,
      0.567606,
      0.01438,
      0.133176,
      -0.808717,
      0.572726,
      0.014995,
      0.126054,
      -0.806204,
      0.577839,
      0.015701,
      0.118935,
      -0.80359,
      0.582944,
      0.016501,
      0.11182,
      -0.800876,
      0.588039,
      0.017393,
      -0.225618,
      0.28424,
      0.036472,
      0.931113,
      -0.227541,
      0.293495,
      0.03405,
      0.92786,
      -0.229307,
      0.302734,
      0.031749,
      0.924533,
      -0.229399,
      0.309318,
      0.021721,
      0.922619,
      -0.230964,
      0.285097,
      -0.015876,
      0.930119,
      -0.2379,
      0.235463,
      -0.069679,
      0.939736,
      -0.240608,
      0.211092,
      -0.096064,
      0.942506,
      -0.233999,
      0.218899,
      -0.092511,
      0.942745,
      -0.223939,
      0.230894,
      -0.087248,
      0.942829,
      -0.211225,
      0.246249,
      -0.080852,
      0.942447,
      -0.196664,
      0.264116,
      -0.073885,
      0.941332,
      -0.181061,
      0.283619,
      -0.066855,
      0.939312,
      -0.1652,
      0.30385,
      -0.060188,
      0.936354,
      -0.14983,
      0.323875,
      -0.054212,
      0.932586,
      -0.135653,
      0.342742,
      -0.049143,
      0.928283,
      -0.164819,
      0.278902,
      -0.029302,
      0.945616,
      -0.201494,
      0.195006,
      -0.015649,
      0.959753,
      -0.232664,
      0.108704,
      -0.004717,
      0.966451,
      -0.257741,
      0.020953,
      0.002975,
      0.965982,
      -0.276238,
      -0.067238,
      0.006982,
      0.958708,
      0.006401,
      0.153057,
      -0.06904,
      0.985781,
      -0.017731,
      0.150903,
      -0.056113,
      0.986795,
      -0.041834,
      0.148221,
      -0.043307,
      0.987119,
      -0.056088,
      0.145596,
      -0.015155,
      0.987636,
      -0.011677,
      0.228557,
      0.045862,
      0.972379,
      0.048735,
      0.388502,
      0.082943,
      0.916412,
      0.065051,
      0.46773,
      0.080067,
      0.877829,
      0.06162,
      0.457489,
      0.079867,
      0.883474,
      0.055841,
      0.441732,
      0.078979,
      0.891917,
      0.047564,
      0.421556,
      0.076832,
      0.902288,
      0.036718,
      0.398138,
      0.072936,
      0.913683,
      0.023436,
      0.372736,
      0.067011,
      0.925217,
      0.008117,
      0.346667,
      0.059073,
      0.93609,
      -0.008535,
      0.321248,
      0.049472,
      0.945663,
      -0.025529,
      0.297735,
      0.038886,
      0.953514,
      -0.041644,
      0.277274,
      0.028269,
      0.959471,
      -0.053208,
      0.183909,
      0.021379,
      0.981269,
      -0.065974,
      0.089106,
      0.011457,
      0.993768,
      -0.079582,
      -0.006189,
      -0.001318,
      0.996808,
      -0.093647,
      -0.101037,
      -0.016712,
      0.990324,
      -0.10777,
      -0.194513,
      -0.034441,
      0.974352,
      -0.105451,
      -0.192892,
      -0.034175,
      0.974938,
      -0.103129,
      -0.19127,
      -0.033918,
      0.975515,
      -0.100802,
      -0.189647,
      -0.033669,
      0.976083,
      -0.098472,
      -0.188024,
      -0.033428,
      0.976643,
      -0.096137,
      -0.1864,
      -0.033195,
      0.977195,
      -0.0938,
      -0.184776,
      -0.032971,
      0.977738,
      -0.091458,
      -0.183151,
      -0.032755,
      0.978273,
      -0.089113,
      -0.181525,
      -0.032548,
      0.978799,
      -0.086763,
      -0.1799,
      -0.032349,
      0.979316,
      -0.084412,
      -0.178273,
      -0.032159,
      0.979825,
      -0.082056,
      -0.176647,
      -0.031977,
      0.980326,
      -0.079696,
      -0.17502,
      -0.031803,
      0.980818,
      -0.077333,
      -0.173393,
      -0.031637,
      0.981301,
      -0.074966,
      -0.171765,
      -0.03148,
      0.981776,
      -0.072597,
      -0.170137,
      -0.031332,
      0.982242,
      -0.346024,
      -0.645682,
      -0.481395,
      0.481269,
      -0.333764,
      -0.698114,
      -0.38076,
      0.506219,
      -0.303007,
      -0.739831,
      -0.242904,
      0.549392,
      -0.277529,
      -0.756424,
      -0.175133,
      0.565798,
      -0.251054,
      -0.719087,
      -0.289747,
      0.579596,
      -0.195454,
      -0.61913,
      -0.493285,
      0.578917,
      -0.157853,
      -0.55399,
      -0.593732,
      0.561835,
      -0.157853,
      -0.553989,
      -0.593732,
      0.561835,
      -0.14858,
      -0.560016,
      -0.596703,
      0.555202,
      -0.12384,
      -0.575721,
      -0.604297,
      0.536686,
      -0.088468,
      -0.597335,
      -0.614202,
      0.508054,
      0.04745,
