{
  "is_global": true,
  "animation": {
    "fields": [
      "time",
      "attr"
    ],
    "times": [
      0,
      0.033333,
      0.066666,
      0.1,
      0.133333,
      0.166666,
      0.2,
      0.233333,
      0.266666,
      0.3,
      0.333333,
      0.366666,
      0.4,
      0.433333,
      0.466666,
      0.5,
      0.533333,
      0.566666,
      0.6,
      0.633333,
      0.666666,
      0.7,
      0.733333,
      0.766666,
      0.8,
      0.833333,
      0.866666,
      0.9,
      0.933333,
      0.966666,
      1
    ],
    "poses": [
      10.1241,
      4.5332,
      3.91488,
      -0.730228,
      -1.37084,
      -2.5209,
      -1.05709,
      -0.796971,
      -4.45552,
      10.1241,
      -4.5328,
      3.91488,
      -0.730127,
      1.37115,
      -2.52042,
      -1.05746,
      0.797525,
      -4.45526,
      10.1245,
      4.5331,
      3.90518,
      10.1256,
      4.53283,
      3.87988,
      10.1272,
      4.5324,
      3.84518,
      10.1292,
      4.53187,
      3.80728,
      10.1315,
      4.53125,
      3.77228,
      10.1339,
      4.53058,
      3.74618,
      10.1363,
      4.52991,
      3.73528,
      10.1407,
      4.52863,
      3.74738,
      10.1401,
      4.52882,
      3.75188,
      10.1426,
      4.52809,
      3.76308,
      10.1441,
      4.52762,
      3.78398,
      10.1454,
      4.52725,
      3.80908,
      10.1463,
      4.52698,
      3.83728,
      10.1468,
      4.52682,
      3.86768,
      10.147,
      4.52676,
      3.89938,
      10.1468,
      4.52682,
      3.93118,
      10.1463,
      4.52698,
      3.96228,
      10.1454,
      4.52725,
      3.99158,
      10.1441,
      4.52762,
      4.01798,
      10.1426,
      4.52809,
      4.04068,
      10.1407,
      4.52863,
      4.05848,
      10.1386,
      4.52925,
      4.07048,
      10.1363,
      4.52991,
      4.07568,
      10.1339,
      4.53058,
      4.06778,
      10.1315,
      4.53125,
      4.04518,
      10.1292,
      4.53187,
      4.01368,
      10.1272,
      4.5324,
      3.97918,
      10.1256,
      4.53283,
      3.94738,
      10.1245,
      4.5331,
      3.92398,
      -1.05722,
      -0.797005,
      -4.4555,
      -1.05719,
      -0.797,
      -4.45552,
      -1.05709,
      -0.796975,
      -4.45552,
      -1.05703,
      -0.796968,
      -4.45554,
      -1.05715,
      -0.796988,
      -4.45552,
      10.1339,
      -4.53319,
      3.91372,
      10.1594,
      -4.53427,
      3.91047,
      10.1944,
      -4.53591,
      3.90545,
      10.2327,
      -4.53794,
      3.89899,
      10.2684,
      -4.54021,
      3.89142,
      10.2953,
      -4.5426,
      3.88306,
      10.3072,
      -4.54496,
      3.87424,
      10.2975,
      -4.54926,
      3.85654,
      10.2951,
      -4.54862,
      3.85861,
      10.2831,
      -4.55106,
      3.8483,
      10.2635,
      -4.55257,
      3.84088,
      10.2397,
      -4.55376,
      3.83458,
      10.2124,
      -4.55463,
      3.82971,
      10.1826,
      -4.55517,
      3.82657,
      10.1512,
      -4.55535,
      3.82545,
      10.1191,
      -4.55517,
      3.82657,
      10.0874,
      -4.55463,
      3.82971,
      10.0572,
      -4.55376,
      3.83458,
      10.0295,
      -4.55257,
      3.84088,
      10.0056,
      -4.55106,
      3.8483,
      9.9864,
      -4.54926,
      3.85654,
      9.9731,
      -4.54721,
      3.8653,
      9.9668,
      -4.54496,
      3.87424,
      9.9738,
      -4.5426,
      3.88306,
      9.9955,
      -4.54021,
      3.89142,
      10.0263,
      -4.53794,
      3.89899,
      10.0604,
      -4.53591,
      3.90545,
      10.0919,
      -4.53427,
      3.91047,
      10.115,
      -4.53319,
      3.91372,
      -0.73022,
      1.37118,
      -2.5204,
      -0.730239,
      1.37118,
      -2.5204,
      -0.730171,
      1.37116,
      -2.52041,
      -0.730205,
      1.37118,
      -2.52041,
      -0.730272,
      1.37119,
      -2.5204,
      -0.73022,
      1.37117,
      -2.5204,
      -1.05745,
      0.797515,
      -4.45527,
      -1.05734,
      0.79749,
      -4.45528,
      -1.05742,
      0.797509,
      -4.45527
    ],