{"is_global":true,"animation":{"fields":["time","attr"],"times":[0.0,0.033333,0.066666,0.1,0.133333,0.166666,0.2,0.233333,0.266666,0.3,0.333333,0.366666],"poses":[-2.15716,0.183688,-2.50208,-1.15716,0.183687,4.49792,0.031362,0.626236,-0.905145,-5.15716,1e-06,-0.002083,-5.36796,1e-06,-0.002083,-5.94598,1e-06,-0.002083,-6.80961,1e-06,-0.002083,-7.87724,1e-06,-0.002083,-9.06727,1e-06,-0.002083,-10.2981,1e-06,-0.002083,-11.4881,1e-06,-0.002083,-12.5558,2e-06,-0.002083,-13.4194,2e-06,-0.002083,-13.9974,2e-06,-0.002083,-14.2082,2e-06,-0.002083,-5.15716,3e-06,-4.25608,-5.27935,3e-06,-4.25608,-5.61437,3e-06,-4.25608,-6.11494,3e-06,-4.25608,-6.73375,3e-06,-4.25608,-7.4235,3e-06,-4.25608,-8.13691,3e-06,-4.25608,-8.82667,3e-06,-4.25608,-9.44548,3e-06,-4.25608,-9.94605,3e-06,-4.25608,-10.2811,3e-06,-4.25608,-10.4033,3e-06,-4.25608,-5.15716,2e-06,-2.84178,-5.30835,2e-06,-2.84178,-5.72292,2e-06,-2.84178,-6.34233,2e-06,-2.84178,-7.10807,2e-06,-2.84178,-7.96159,2e-06,-2.84178,-8.84437,2e-06,-2.84178,-9.6979,2e-06,-2.84178,-10.4636,2e-06,-2.84178,-11.083,3e-06,-2.84178,-11.4976,2e-06,-2.84178,-11.6488,2e-06,-2.84178,-5.15716,2e-06,-1.42758,-5.33775,2e-06,-1.42758,-5.83292,2e-06,-1.42758,-6.57276,2e-06,-1.42758,-7.48737,2e-06,-1.42758,-8.50685,2e-06,-1.42758,-9.56127,2e-06,-1.42758,-10.5807,2e-06,-1.42758,-11.4953,2e-06,-1.42758,-12.2352,2e-06,-1.42758,-12.7304,2e-06,-1.42758,-12.9109,2e-06,-1.42758,-5.15716,1e-06,1.40082,-5.33584,1e-06,1.40082,-5.82578,1e-06,1.40082,-6.55781,1e-06,1.40082,-7.46275,1e-06,1.40082,-8.47145,1e-06,1.40082,-9.51473,1e-06,1.40082,-10.5234,1e-06,1.40082,-11.4284,1e-06,1.40082,-12.1604,1e-06,1.40082,-12.6503,1e-06,1.40082,-12.829,1e-06,1.40082,-5.15716,6.85453e-07,2.81502,-5.30564,6.85453e-07,2.81502,-5.71276,7.15256e-07,2.81502,-6.32104,7.15256e-07,2.81502,-7.07302,7.45058e-07,2.81502,-7.91121,7.7486e-07,2.81502,-8.77814,8.04663e-07,2.81502,-9.61633,8.34465e-07,2.81502,-10.3683,8.64267e-07,2.81502,-10.9766,8.9407e-07,2.81502,-11.3837,8.64267e-07,2.81502,-11.5322,8.9407e-07,2.81502,-5.15716,2.08616e-07,4.22922,-5.27796,2.08616e-07,4.22922,-5.60919,2.08616e-07,4.22922,-6.10408,2.38419e-07,4.22922,-6.71587,2.38419e-07,4.22922,-7.39781,2.68221e-07,4.22922,-8.10313,2.98023e-07,4.22922,-8.78507,2.98023e-07,4.22922,-9.39687,3.27825e-07,4.22922,-9.89176,3.27825e-07,4.22922,-10.223,3.57628e-07,4.22922,-10.3438,3.57628e-07,4.22922,-5.15716,-3.27825e-07,5.64342,-5.24558,-3.27825e-07,5.64342,-5.48802,-3.27825e-07,5.64342,-5.85025,-2.98023e-07,5.64342,-6.29805,-3.27825e-07,5.64342,-6.7972,-2.98023e-07,5.64342,-7.31345,-2.68221e-07,5.64342,-7.81259,-2.38419e-07,5.64342,-8.2604,-2.38419e-07,5.64342,-8.62263,-2.08616e-07,5.64342,-8.86507,-2.38419e-07,5.64342,-8.95349,-2.38419e-07,5.64342,-5.15716,0.18369,-7.08448,-5.22018,0.18369,-7.08448,-5.393,0.18369,-7.08448,-5.6512,0.18369,-7.08448,-5.97039,0.18369,-7.08448,-6.32618,0.18369,-7.08448,-6.69417,0.18369,-7.08448,-7.04996,0.18369,-7.08448,-7.36916,0.18369,-7.08448,-7.62736,0.18369,-7.08448,-7.80018,0.18369,-7.08448,-7.8632,0.18369,-7.08448,-5.15716,0.18369,-8.49868,-5.18915,0.18369,-8.49868,-5.27688,0.18369,-8.49868,-5.40795,0.18369,-8.49868,-5.56999,0.18369,-8.49868,-5.75061,0.18369,-8.49868,-5.93741,0.18369,-8.49868,-6.11803,0.18369,-8.49868,-6.28006,0.18369,-8.49868,-6.41114,0.18369,-8.49868,-6.49886,0.18369,-8.49868,-6.53086,0.18369,-8.49868,-5.15716,0.183686,7.05772,-5.21657,0.183686,7.05772,-5.37947,0.183686,7.05772,-5.62287,0.183686,7.05772,-5.92376,0.183686,7.05772,-6.25914,0.183686,7.05772,-6.60603,0.183686,7.05772,-6.94141,0.183686,7.05772,-7.2423,0.183686,7.05772,-7.4857,0.183686,7.05772,-7.6486,0.183686,7.05772,-7.70801,0.183686,7.05772,-5.15716,0.183686,8.49792,-5.18689,0.183686,8.49792,-5.2684,0.183686,8.49792,-5.39019,0.183686,8.49792,-5.54075,0.183686,8.49792,-5.70857,0.183686,8.49792,-5.88215,0.183686,8.49792,-6.04997,0.183686,8.49792,-6.20053,0.183686,8.49792,-6.32233,0.183686,8.49792,-6.40384,0.183686,8.49792,-6.43357,0.183686,8.49792,-5.15716,0.18369,-5.67028,-5.25025,0.18369,-5.67028,-5.50549,0.18369,-5.67028,-5.88684,0.18369,-5.67028,-6.35829,0.18369,-5.67028,-6.88378,0.18369,-5.67028,-7.42729,0.18369,-5.67028,-7.95279,0.18369,-5.67028,-8.42423,0.18369,-5.67028,-8.80559,0.18369,-5.67028,-9.06083,0.18369,-5.67028,-9.15391,0.18369,-5.67028],"quats":[0.004263,0.707093,0.707094,-0.004263,1.6858743e-07,0.707106,0.707106,-2.3040459e-07,3.3717481e-07,0.707106,0.707106,-0.0,-0.0,0.707106,0.707106,-0.0,1.3767874e-07,0.707106,0.707106,1.3767878e-07,1.9499757e-07,0.707106,0.707107,-2.5681459e-07,1.9106383e-07,0.707106,0.707106,0.0,-7.0525812e-07,0.707106,0.707106,6.4344067e-07,1.4219141e-07,0.707106,0.707107,-2.0400849e-07,3.1077874e-07,0.707106,0.707107,-0.0,-0.707106,1.6858743e-07,1.6858735e-07,0.707107,-0.707093,0.004222,0.004222,0.707094,-0.70693,0.015797,0.015797,0.70693,-0.706332,0.033082,0.033082,0.706332,-0.705009,0.054422,0.054422,0.705009,-0.702774,0.07815,0.07815,0.702775,-0.699623,0.102597,0.102597,0.699624,-0.695769,0.126116,0.126116,0.695769,-0.691637,0.147094,0.147094,0.691638,-0.687833,0.163966,0.163966,0.687833,-0.685056,0.175205,0.175205,0.685057,-0.683998,0.179292,0.179292,0.683998,-0.707106,-0.0,0.0,0.707107,-0.707091,-0.004614,-0.004614,0.707091,-0.706895,-0.017266,-0.017266,0.706896,-0.706181,-0.036157,-0.036157,0.706181,-0.704601,-0.059474,-0.059474,0.704601,-0.701932,-0.085386,-0.085386,0.701932,-0.698169,-0.112065,-0.112065,0.69817,-0.693568,-0.137705,-0.137705,0.693568,-0.688639,-0.160549,-0.160549,0.688638,-0.6841,-0.178901,-0.178901,0.684101,-0.68079,-0.191114,-0.191114,0.68079,-0.679528,-0.195553,-0.195553,0.679528],"scales":[],"length":0.366666,"tracks":{"Bind":{"pos":[0,2]},"Bone_02":{"pos":[0,3,1,4,2,5,3,6,4,7,5,8,6,9,7,10,8,11,9,12,10,13,11,14],"quat":[0,0,11,0]},"Bone_03":{"pos":[0,15,1,16,2,17,3,18,4,19,5,20,6,21,7,22,8,23,9,24,10,25,11,26],"quat":[0,0,11,0]},"Bone_04":{"pos":[0,27,1,28,2,29,3,30,4,31,5,32,6,33,7,34,8,35,9,36,10,37,11,38],"quat":[0,0,11,0]},"Bone_05":{"pos":[0,39,1,40,2,41,3,42,4,43,5,44,6,45,7,46,8,47,9,48,10,49,11,50],"quat":[0,0,11,0]},"Bone_06":{"pos":[0,51,1,52,2,53,3,54,4,55,5,56,6,57,7,58,8,59,9,60,10,61,11,62],"quat":[0,0,11,0]},"Bone_07":{"pos":[0,63,1,64,2,65,3,66,4,67,5,68,6,69,7,70,8,71,9,72,10,73,11,74],"quat":[0,0,11,0]},"Bone_08":{"pos":[0,75,1,76,2,77,3,78,4,79,5,80,6,81,7,82,8,83,9,84,10,85,11,86],"quat":[0,0,11,0]},"Bone_09":{"pos":[0,87,1,88,2,89,3,90,4,91,5,92,6,93,7,94,8,95,9,96,10,97,11,98],"quat":[0,0,11,0]},"Bone_10":{"pos":[0,99,1,100,2,101,3,102,4,103,5,104,6,105,7,106,8,107,9,108,10,109,11,110],"quat":[0,1,11,2]},"Bone_11":{"pos":[0,111,1,112,2,113,3,114,4,115,5,116,6,117,7,118,8,119,9,120,10,121,11,122],"quat":[0,3,11,4]},"Bone_12":{"quat":[0,5]},"Bone_13":{"pos":[0,123,1,124,2,125,3,126,4,127,5,128,6,129,7,130,8,131,9,132,10,133,11,134],"quat":[0,3,11,6]},"Bone_14":{"pos":[0,135,1,136,2,137,3,138,4,139,5,140,6,141,7,142,8,143,9,144,10,145,11,146],"quat":[0,1,11,2]},"Bone_15":{"quat":[0,7]},"Bone_16":{"pos":[0,147,1,148,2,149,3,150,4,151,5,152,6,153,7,154,8,155,9,156,10,157,11,158],"quat":[0,8,11,9]},"Bone_17":{"pos":[0,0,11,0],"quat":[0,10,1,11,2,12,3,13,4,14,5,15,6,16,7,17,8,18,9,19,10,20,11,21]},"Bone_18":{"pos":[0,1,11,1],"quat":[0,22,1,23,2,24,3,25,4,26,5,27,6,28,7,29,8,30,9,31,10,32,11,33]}}},"version":"0.1.0"}