{
  "is_global": true,
  "animation": {
    "fields": [
      "time",
      "attr"
    ],
    "times": [
      0,
      0.033333,
      0.066666,
      0.1,
      0.133333,
      0.166666,
      0.2,
      0.233333,
      0.266666,
      0.3,
      0.333333,
      0.366666,
      0.4,
      0.433333,
      0.466666,
      0.5,
      0.533333,
      0.566666,
      0.6,
      0.633333,
      0.666666,
      0.7,
      0.733333,
      0.766666,
      0.8,
      0.833333,
      0.866666,
      0.9,
      0.933333,
      0.966666,
      1,
      1.03333,
      1.06667,
      1.1,
      1.13333,
      1.16667,
      1.2,
      1.23333,
      1.26667,
      1.3,
      1.33333,
      1.36667,
      1.4,
      1.43333,
      1.46667,
      1.5,
      1.53333,
      1.56667,
      1.6,
      1.63333,
      1.66667,
      1.7,
      1.73333,
      1.76667,
      1.8,
      1.83333,
      1.86667,
      1.9,
      1.93333,
      1.96667,
      2
    ],
    "poses": [
      3.7275,
      -0.000224,
      -0.000553,
      3.7275,
      -0.000829,
      -0.002098,
      3.7275,
      -0.0017,
      -0.004479,
      3.7275,
      -0.00271,
      -0.007533,
      3.7275,
      -0.003734,
      -0.011099,
      3.7275,
      -0.004663,
      -0.015012,
      3.7275,
      -0.005415,
      -0.019107,
      3.7275,
      -0.006211,
      -0.027221,
      3.7275,
      -0.006255,
      -0.030942,
      3.7275,
      -0.006116,
      -0.034256,
      3.7275,
      -0.005865,
      -0.037038,
      3.7275,
      -0.005585,
      -0.039169,
      3.7275,
      -0.005365,
      -0.040535,
      3.7275,
      -0.000001,
      -0.000004,
      3.7275,
      -0.005933,
      -0.026227,
      3.7275,
      -0.00528,
      -0.041017,
      3.7275,
      -0.005936,
      -0.02323,
      6,
      -3.4,
      -2.5,
      6,
      -3.4,
      2.5
    ],
    "quats": [
      0.70695,
      -0.001453,
      -0.000186,
      0.707261,
      0.706906,
      -0.001848,
      -0.000226,
      0.707304,
      0.707106,
      0,
      0,
      0.707106,
      0.706992,
      -0.001076,
      -0.000143,
      0.70722,
      0.706771,
      -0.002996,
      -0.000311,
      0.707435,
      0.706732,
      -0.00332,
      -0.000326,
      0.707473,
      0.706698,
      -0.003595,
      -0.000335,
      0.707505,
      0.70686,
      -0.002247,
      -0.000261,
      0.707349,
      0.707085,
      -0.000204,
      -0.000029,
      0.707127,
      0.707101,
      -0.000053,
      -0.000008,
      0.707112,
      0.000001,
      0.000001,
      -0.707105,
      0.707107,
      -0.707107,
      0.707105,
      -0.000001,
      -0.000001
    ],
    "scales": [
      0.999999,
      0.999999,
      1,
      0.999999,
      0.50142,
      1,
      1,
      0.00284,
      1,
      1,
      0.261363,
      1,
      0.999999,
      0.741477,
      1
    ],
    "length": 2,
    "tracks": {
      "bone03": {
        "pos": [
          0,
          13,
          1,
          0,
          2,
          1,
          3,
          2,
          4,
          3,
          5,
          4,
          6,
          5,
          7,
          6,
          8,
          7,
          9,
          14,
          10,
          8,
          11,
          9,
          12,
          10,
          13,
          11,
          14,
          12,
          15,
          15,
          16,
          12,
          17,
          11,
          18,
          10,
          19,
          9,
          20,
          8,
          21,
          7,
          22,
          16,
          23,
          6,
          24,
          5,
          25,
          4,
          26,
          3,
          27,
          2,
          28,
          1,
          29,
          0,
          30,
          13,
          31,
          0,
          32,
          1,
          33,
          2,
          34,
          3,
          35,
          4,
          36,
          5,
          37,
          6,
          38,
          7,
          39,
          14,
          40,
          8,
          41,
          9,
          42,
          10,
          43,
          11,
          44,
          12,
          45,
          15,
          46,
          12,
          47,
          11,
          48,
          10,
          49,
          9,
          50,
          8,
          51,
          7,
          52,
          16,
          53,
          6,
          54,
          5,
          55,
          4,
          56,
          3,
          57,
          2,
          58,
          1,
          59,
          0,
          60,
          13
        ],
        "quat": [
          0,
          2,
          5,
          3,
          6,
          0,
          7,
          1,
          10,
          4,
          11,
          5,
          12,
          6,
          22,
          7,
          23,
          1,
          24,
          0,
          28,
          8,
          29,
          9,
          30,
          2,
          35,
          3,
          36,
          0,
          37,
          1,
          40,
          4,
          41,
          5,
          42,
          6,
          52,
          7,
          53,
          1,
          54,
          0,
          58,
          8,
          59,
          9,
          60,
          2
        ]
      },
      "bone17": {
        "pos": [
          0,
          17,
          60,
          17
        ],
        "quat": [
          0,
          10,
          60,
          10
        ],
        "scale": [
          0,
          0,
          26,
          0,
          27,
          1,
          28,
          2,
          29,
          3,
          30,
          4,
          31,
          0,
          32,
          0,
          60,
          0
        ]
      },
      "bone18": {
        "pos": [
          0,
          18,
          60,
          18
        ],
        "quat": [
          0,
          11,
          60,
          11
        ],
        "scale": [
          0,
          0,
          26,
          0,
          27,
          1,
          28,
          2,
          29,
          3,
          30,
          4,
          31,
          0,
          32,
          0,
          60,
          0
        ]
      }
    }
  },
  "version": "0.1.0"
}
