{
  "animation": {
    "fields": [
      "time",
      "attr"
    ],
    "times": [
      0,
      0.033333,
      0.066666,
      0.1,
      0.133333,
      0.166666,
      0.2,
      0.233333,
      0.266666,
      0.3,
      0.333333,
      0.366666,
      0.4,
      0.433333,
      0.466666,
      0.5,
      0.533333,
      0.566666,
      0.6,
      0.633333,
      0.666666,
      0.7,
      0.733333,
      0.766666,
      0.8,
      0.833333,
      0.866666,
      0.9,
      0.933333,
      0.966666,
      1,
      1.03333,
      1.06667,
      1.1,
      1.13333,
      1.16667,
      1.2,
      1.23333,
      1.26667,
      1.3,
      1.33333,
      1.36667,
      1.4
    ],
    "poses": [
      6,
      -3.4,
      -2.50001,
      6,
      -3.4,
      -2.5,
      6,
      -3.39999,
      2.5,
      6,
      -3.4,
      2.5
    ],
    "quats": [
      0.000001,
      0.000001,
      -0.707105,
      0.707107,
      0.707106,
      0,
      0,
      0.707106,
      0.717647,
      0.001717,
      -0.003879,
      0.696393,
      0.743971,
      0.007626,
      -0.012825,
      0.668044,
      0.777869,
      0.018649,
      -0.022146,
      0.627758,
      0.811698,
      0.033398,
      -0.027817,
      0.582457,
      0.839288,
      0.04802,
      -0.028622,
      0.540805,
      0.84475,
      0.048951,
      -0.027,
      0.532232,
      0.850125,
      0.049826,
      -0.025348,
      0.523604,
      0.855412,
      0.050646,
      -0.023667,
      0.514922,
      0.810555,
      0.031271,
      -0.029344,
      0.584089,
      0.760225,
      0.015621,
      -0.025414,
      0.648974,
      0.704878,
      0.007482,
      -0.015625,
      0.709116,
      0.699858,
      0.00591,
      -0.016474,
      0.714066,
      0.694801,
      0.004337,
      -0.017322,
      0.718979,
      0.68971,
      0.002765,
      -0.018169,
      0.723852,
      0.688481,
      0.002387,
      -0.018371,
      0.725016,
      0.687251,
      0.002009,
      -0.018575,
      0.726178,
      0.68602,
      0.001632,
      -0.018778,
      0.727338,
      0.684785,
      0.001254,
      -0.018981,
      0.728496,
      0.683549,
      0.000876,
      -0.019184,
      0.729651,
      0.682312,
      0.000499,
      -0.019386,
      0.730803,
      0.681071,
      0.000122,
      -0.019589,
      0.731954,
      0.679829,
      -0.000255,
      -0.019792,
      0.733103,
      0.678584,
      -0.000632,
      -0.019994,
      0.734249,
      0.677338,
      -0.00101,
      -0.020197,
      0.735393,
      0.676089,
      -0.001388,
      -0.0204,
      0.736535,
      0.674839,
      -0.001766,
      -0.020602,
      0.737674,
      0.673586,
      -0.002143,
      -0.020805,
      0.738812,
      0.672331,
      -0.00252,
      -0.021007,
      0.739947,
      0.671075,
      -0.002898,
      -0.021209,
      0.741079,
      0.675017,
      0.009286,
      -0.032059,
      0.737046,
      0.678836,
      0.022908,
      -0.041191,
      0.732775,
      0.682528,
      0.037774,
      -0.048465,
      0.728271,
      0.686092,
      0.053678,
      -0.053756,
      0.723537,
      0.689526,
      0.070405,
      -0.056961,
      0.718576,
      0.692477,
      0.06077,
      -0.048953,
      0.717206,
      0.695645,
      0.049721,
      -0.039861,
      0.715552,
      0.698741,
      0.038065,
      -0.03037,
      0.713715,
      0.701533,
      0.026629,
      -0.02115,
      0.711825,
      0.703861,
      0.016254,
      -0.012859,
      0.710035,
      0.705612,
      0.007789,
      -0.006142,
      0.708528,
      0.706707,
      0.002087,
      -0.001642,
      0.707501,
      0.707107,
      0,
      0,
      0.707106,
      -0.707107,
      0.707105,
      -0.000001,
      -5.7941674e-7,
      -0.707107,
      0.707105,
      -0.000001,
      -6.8824318e-7
    ],
    "scales": [
      0.999999,
      0.999999,
      1,
      0.999999,
      0.74419,
      1,
      0.999999,
      0.269114,
      0.999999,
      0.999999,
      0.013303,
      1,
      1,
      0.999999,
      0.999999,
      1,
      0.999999,
      0.999998,
      0.999999,
      0.999999,
      0.999999,
      0.999999,
      0.167475,
      0.999999,
      1,
      0.506651,
      0.999999,
      1,
      0.845828,
      0.999999,
      0.999999,
      0.167475,
      1,
      0.999999,
      0.506651,
      1,
      0.999999,
      0.845828,
      1
    ],
    "length": 1.4,
    "tracks": {
      "bone03": {
        "quat": [
          0,
          1,
          1,
          2,
          2,
          3,
          3,
          4,
          4,
          5,
          5,
          6,
          6,
          7,
          7,
          8,
          8,
          9,
          9,
          10,
          10,
          11,
          11,
          12,
          12,
          13,
          13,
          14,
          14,
          15,
          15,
          16,
          16,
          17,
          17,
          18,
          18,
          19,
          19,
          20,
          20,
          21,
          21,
          22,
          22,
          23,
          23,
          24,
          24,
          25,
          25,
          26,
          26,
          27,
          27,
          28,
          28,
          29,
          29,
          30,
          30,
          31,
          31,
          32,
          32,
          33,
          33,
          34,
          34,
          35,
          35,
          36,
          36,
          37,
          37,
          38,
          38,
          39,
          39,
          40,
          40,
          41,
          41,
          42,
          42,
          43
        ],
        "scale": [
          0,
          4,
          42,
          5
        ]
      },
      "bone17": {
        "pos": [
          0,
          0,
          42,
          1
        ],
        "quat": [
          0,
          0,
          42,
          0
        ],
        "scale": [
          0,
          0,
          18,
          6,
          19,
          1,
          20,
          2,
          21,
          3,
          22,
          7,
          23,
          8,
          24,
          9,
          25,
          0,
          26,
          0,
          42,
          0
        ]
      },
      "bone18": {
        "pos": [
          0,
          2,
          42,
          3
        ],
        "quat": [
          0,
          44,
          42,
          45
        ],
        "scale": [
          0,
          0,
          18,
          0,
          19,
          1,
          20,
          2,
          21,
          3,
          22,
          10,
          23,
          11,
          24,
          12,
          25,
          0,
          26,
          0,
          42,
          0
        ]
      }
    }
  },
  "version": "0.1.0"
}
