{"animation":{"fields":["time","attr"],"times":[0.0,0.033333,0.066666,0.1,0.133333,0.166666,0.2,0.233333,0.266666,0.3,0.333333,0.366666,0.4,0.433333,0.466666,0.5,0.533333,0.566666,0.6,0.633333,0.666666,0.7,0.733333,0.766666,0.8,0.833333,0.866666,0.9,0.933333,0.966666,1.0,1.03333,1.06667,1.1,1.13333,1.16667,1.2,1.23333,1.26667,1.3,1.33333,1.36667,1.4,1.43333,1.46667,1.5,1.53333,1.56667,1.6,1.63333,1.66667,1.7,1.73333,1.76667,1.8,1.83333,1.86667,1.9,1.93333,1.96667,2.0,2.03333,2.06667,2.1,2.13333,2.16667,2.2,2.23333,2.26667,2.3,2.33333,2.36667,2.4,2.43333,2.46667,2.5,2.53333,2.56667,2.6,2.63333,2.66667,2.7,2.73333,2.76667,2.8,2.83333,2.86667,2.9,3.33333],"poses":[6.0,-3.4,-2.5,6.0,-3.39999,2.5,6.00002,-3.4,2.5,6.00011,-3.4,2.5,5.99998,-3.40001,2.5,6.0,-3.40001,2.5],"quats":[0.707106,-0.0,0.0,0.707106,1e-06,1e-06,-0.707105,0.707107,-0.707107,0.707105,-1e-06,-1e-06,0.697855,3.3e-05,0.002439,0.716234,0.673572,-0.001346,0.007338,0.739083,0.639554,-0.006276,0.010415,0.768649,0.602165,-0.014579,0.008299,0.798194,0.569058,-0.023274,0.000702,0.821967,0.567216,-0.018154,-0.008551,0.823324,0.563483,-0.014287,-0.016572,0.825837,0.556928,-0.012297,-0.022465,0.830165,0.620693,0.012097,-0.015216,0.783812,0.677641,0.029151,-0.013928,0.734682,0.729462,0.035553,-0.01613,0.682905,0.727537,0.030972,-0.0094,0.685303,0.72506,0.024832,-0.001746,0.688234,0.722483,0.017588,0.006355,0.691134,0.716583,0.00853,0.013759,0.697313,0.712956,-0.00042,0.020983,0.700893,0.712646,-0.008629,0.027849,0.700917,0.714739,-0.015575,0.034085,0.698385,0.718315,-0.020796,0.039366,0.694291,0.722468,-0.023875,0.043316,0.689632,0.726314,-0.024437,0.045529,0.685417,0.729579,-0.023187,0.046601,0.681911,0.732583,-0.021146,0.047398,0.678695,0.735343,-0.018434,0.047895,0.675748,0.737879,-0.015187,0.048058,0.673047,0.740207,-0.011545,0.047852,0.670573,0.742345,-0.007652,0.047251,0.668305,0.744309,-0.003651,0.046241,0.666222,0.746113,0.000326,0.044836,0.664306,0.742308,-0.008145,0.053813,0.667844,0.738249,-0.018338,0.060747,0.671536,0.733983,-0.030156,0.065579,0.67532,0.729541,-0.043458,0.068282,0.679129,0.724938,-0.058057,0.068871,0.682898,0.724022,-0.046863,0.058107,0.685725,0.722689,-0.034665,0.046446,0.688738,0.721045,-0.022223,0.034711,0.69166,0.719243,-0.010306,0.023707,0.694276,0.717474,0.000305,0.014218,0.696439,0.715968,0.008804,0.007007,0.698041,0.714199,0.012312,0.00226,0.69983,0.712094,0.008652,-4.1e-05,0.70203,0.710227,0.000347,-0.001474,0.70397,0.708925,-0.009325,-0.003882,0.70521,0.708715,-0.018828,-0.006992,0.705207,0.709911,-0.026352,-0.009959,0.703727,0.712696,-0.029922,-0.011458,0.700739,0.715149,-0.03085,-0.011639,0.698193,0.715668,-0.031758,-0.011618,0.697621,0.714915,-0.032566,-0.011346,0.69836,0.713545,-0.033197,-0.010766,0.699739,0.712215,-0.033582,-0.009827,0.701088,0.711587,-0.03366,-0.008473,0.701739,0.711541,-0.033471,-0.006719,0.701813,0.711515,-0.033105,-0.004646,0.701874,0.711505,-0.032592,-0.002313,0.70192,0.71151,-0.031956,0.000221,0.701948,0.711528,-0.03122,0.0029,0.701957,0.711556,-0.030413,0.005664,0.701947,0.711594,-0.029561,0.008459,0.701917,0.711639,-0.028696,0.011231,0.701868,0.71169,-0.027851,0.013927,0.701802,0.711746,-0.027059,0.016502,0.70172,0.711805,-0.026356,0.018906,0.701627,0.711866,-0.025778,0.021098,0.701524,0.711926,-0.025364,0.023032,0.701417,0.711985,-0.025148,0.024664,0.70131,0.711902,-0.024673,0.024964,0.7014,0.71158,-0.023456,0.023294,0.701826,0.711072,-0.021452,0.020227,0.7025,0.71043,-0.018645,0.016344,0.703329,0.709709,-0.015131,0.012194,0.704226,0.708965,-0.011155,0.008243,0.705106,0.708262,-0.007117,0.004848,0.705896,0.707669,-0.00353,0.002247,0.706531,0.707259,-0.000968,0.00059,0.706952],"scales":[0.999999,0.999999,1.0,1.0,0.999999,0.999999,0.999999,0.845873,1.0,0.999999,0.013596,0.999999,0.999999,0.36081,1.0,0.999999,0.652785,1.0,0.999999,0.897413,1.0,0.999999,0.506797,1.0,0.999999,0.167722,0.999999,0.999999,0.116182,0.999999,0.999999,0.506798,1.0,0.999999,0.167722,1.0,0.999999,0.116182,1.0],"length":3.333333,"tracks":{"bone03":{"quat":[0,0,1,3,2,4,3,5,4,6,5,7,6,8,7,9,8,10,9,11,10,12,11,13,12,14,13,15,14,16,15,17,16,18,17,19,18,20,19,21,20,22,21,23,22,24,23,25,24,26,25,27,26,28,27,29,28,30,29,31,30,32,31,33,32,34,33,35,34,36,35,37,36,38,37,39,38,40,39,41,40,42,41,43,42,44,43,45,44,46,45,47,46,48,47,49,48,50,49,51,50,52,51,53,52,54,53,55,54,56,55,57,56,58,57,59,58,60,59,61,60,62,61,63,62,64,63,65,64,66,65,67,66,68,67,69,68,70,69,71,70,72,71,73,72,74,73,75,74,76,75,77,76,78,88,0],"scale":[0,1,88,1]},"bone17":{"pos":[0,0,88,0],"quat":[0,1,88,1],"scale":[0,0,77,0,78,2,79,7,80,8,81,3,82,9,83,4,84,5,85,6,86,0,87,0,88,0]},"bone18":{"pos":[0,1,72,2,73,3,74,4,88,5],"quat":[0,2,88,2],"scale":[0,0,77,0,78,2,79,10,80,11,81,3,82,12,83,4,84,5,85,6,86,0,87,0,88,0]}}},"version":"0.1.0"}