{"is_global":true,"animation":{"fields":["time","attr"],"times":[0.0,0.033333,0.066666,0.1,0.133333,0.166666,0.2,0.233333,0.266666,0.3,0.333333,0.366666],"poses":[0.031363,0.626236,2.38419e-07,1.35477,-0.010706,0.002084,-4.60273,3e-06,-4.95178,-4.63198,3e-06,-4.95176,-4.71219,3e-06,-4.95169,-4.83204,3e-06,-4.95158,-4.9802,3e-06,-4.95145,-5.14535,4e-06,-4.95131,-5.31616,4e-06,-4.95116,-5.48131,4e-06,-4.95101,-5.62947,4e-06,-4.95088,-5.74932,4e-06,-4.95078,-5.82953,4e-06,-4.95071,-5.85879,4e-06,-4.95068,-4.60256,2e-06,-3.53752,-4.66063,3e-06,-3.53749,-4.81985,3e-06,-3.5374,-5.05775,3e-06,-3.53727,-5.35185,3e-06,-3.53711,-5.67966,3e-06,-3.53693,-6.01871,3e-06,-3.53674,-6.34653,4e-06,-3.53656,-6.64062,4e-06,-3.5364,-6.87852,4e-06,-3.53627,-7.03775,4e-06,-3.53619,-7.09582,4e-06,-3.53615,-4.60043,2e-06,-2.12325,-4.68605,2e-06,-2.12321,-4.92082,2e-06,-2.12311,-5.27158,2e-06,-2.12296,-5.70521,3e-06,-2.12278,-6.18855,3e-06,-2.12257,-6.68846,3e-06,-2.12235,-7.17181,3e-06,-2.12215,-7.60543,4e-06,-2.12196,-7.9562,4e-06,-2.12181,-8.19097,4e-06,-2.12171,-8.27659,4e-06,-2.12167,-4.60691,1e-06,-0.708983,-4.72301,1e-06,-0.708941,-5.04134,2e-06,-0.708828,-5.51697,2e-06,-0.708659,-6.10495,2e-06,-0.70845,-6.76035,2e-06,-0.708217,-7.43821,3e-06,-0.707976,-8.09361,3e-06,-0.707743,-8.68159,3e-06,-0.707534,-9.15722,4e-06,-0.707365,-9.47555,4e-06,-0.707252,-9.59165,4e-06,-0.70721,-4.60372,1e-06,0.705283,-4.71024,1e-06,0.70532,-5.00232,1e-06,0.70542,-5.43872,1e-06,0.705571,-5.9782,2e-06,0.705757,-6.57954,2e-06,0.705964,-7.2015,2e-06,0.706178,-7.80283,2e-06,0.706385,-8.34232,3e-06,0.706571,-8.77872,3e-06,0.706722,-9.07079,3e-06,0.706822,-9.17732,3e-06,0.706859,-4.60483,8.74512e-07,2.11955,-4.68634,9.17586e-07,2.11958,-4.90984,1e-06,2.11967,-5.24377,1e-06,2.1198,-5.65659,1e-06,2.11996,-6.11674,1e-06,2.12014,-6.59266,1e-06,2.12032,-7.05281,2e-06,2.1205,-7.46563,2e-06,2.12066,-7.79956,2e-06,2.12079,-8.02307,2e-06,2.12088,-8.10458,2e-06,2.12091,-4.60075,3.51807e-07,3.53382,-4.65876,3.86266e-07,3.53384,-4.8178,4.81494e-07,3.53391,-5.05542,6.23753e-07,3.53402,-5.34918,7.99773e-07,3.53415,-5.67662,9.95584e-07,3.53429,-6.01529,1e-06,3.53444,-6.34272,1e-06,3.53459,-6.63648,1e-06,3.53472,-6.87411,1e-06,3.53482,-7.03315,1e-06,3.53489,-7.09115,1e-06,3.53492,-4.59992,-1.70898e-07,4.94808,-4.62812,-1.44588e-07,4.9481,-4.70544,-0.0,4.94816,-4.82097,0.0,4.94824,-4.96378,1.66241e-07,4.94834,-5.12298,3.13856e-07,4.94846,-5.28763,4.66593e-07,4.94857,-5.44682,6.14207e-07,4.94869,-5.58964,7.46222e-07,4.94879,-5.70517,8.53324e-07,4.94887,-5.78249,9.24803e-07,4.94893,-5.81069,9.51113e-07,4.94895],"quats":[0.004263,0.707093,0.707094,-0.004263],"scales":[],"length":0.366666,"tracks":{"Bind":{"pos":[0,0]},"Bone002":{"pos":[0,1]},"Bone007":{"pos":[0,2,1,3,2,4,3,5,4,6,5,7,6,8,7,9,8,10,9,11,10,12,11,13],"quat":[0,0,11,0]},"Bone008":{"pos":[0,14,1,15,2,16,3,17,4,18,5,19,6,20,7,21,8,22,9,23,10,24,11,25],"quat":[0,0,11,0]},"Bone009":{"pos":[0,26,1,27,2,28,3,29,4,30,5,31,6,32,7,33,8,34,9,35,10,36,11,37],"quat":[0,0,11,0]},"Bone010":{"pos":[0,38,1,39,2,40,3,41,4,42,5,43,6,44,7,45,8,46,9,47,10,48,11,49],"quat":[0,0,11,0]},"Bone011":{"pos":[0,50,1,51,2,52,3,53,4,54,5,55,6,56,7,57,8,58,9,59,10,60,11,61],"quat":[0,0,11,0]},"Bone012":{"pos":[0,62,1,63,2,64,3,65,4,66,5,67,6,68,7,69,8,70,9,71,10,72,11,73],"quat":[0,0,11,0]},"Bone013":{"pos":[0,74,1,75,2,76,3,77,4,78,5,79,6,80,7,81,8,82,9,83,10,84,11,85],"quat":[0,0,11,0]},"Bone014":{"pos":[0,86,1,87,2,88,3,89,4,90,5,91,6,92,7,93,8,94,9,95,10,96,11,97],"quat":[0,0,11,0]}}},"version":"0.1.0"}