{"mesh":[{"material":"2024s1/cs_conan_s1skina02","indices":[[3,2,1],[3,1,0]],"vertices":[{"pos":[-0.0005,-0.0,-0.0005],"normal":[0.0,0.999999,-0.0],"uvcoord":[0.0,1.0],"weight":[["bottom",1.0]]},{"pos":[0.0005,-0.0,-0.0005],"normal":[0.0,0.999999,-0.0],"uvcoord":[1.0,1.0],"weight":[["bottom",1.0]]},{"pos":[0.0005,0.0,0.0005],"normal":[0.0,0.999999,-0.0],"uvcoord":[1.0,0.0],"weight":[["bottom",1.0]]},{"pos":[-0.0005,0.0,0.0005],"normal":[0.0,0.999999,-0.0],"uvcoord":[0.0,0.0],"weight":[["bottom",1.0]]}]}]}