{"frameeffect": {"blend_mode": 2, "cylinder_enable": false, "delay": 0.0, "delay_in_loop": false, "depth_test": true, "face_camera": true, "fade_distance": 0.0, "first_person_enable": false, "fps": 20, "frame_color": [[1, 1, 1, 0.6866666666666666], [1, 1, 1, 0.7066666666666667], [1, 1, 1, 0.7], [1, 1, 1, 0.6866666666666666], [1, 1, 1, 0.6733333333333333], [1, 1, 1, 0.6466666666666667], [1, 1, 1, 0.6266666666666667], [1, 1, 1, 0.6], [1, 1, 1, 0.56], [1, 1, 1, 0.5133333333333333], [1, 1, 1, 0.4733333333333334], [1, 1, 1, 0.44666666666666666], [1, 1, 1, 0.4066666666666666], [1, 1, 1, 0.33999999999999997], [1, 1, 1, 0.2733333333333333], [1, 1, 1, 0.15333333333333332], [1, 1, 1, 0.0]], "layer": 1, "lerp_scale": true, "loop": false, "point_filtering": false, "rot_speed": [0, 0, 0], "scale": [1.5, 1.5, 1.0], "shuffle": false, "sub_layer": 0, "tex_repeat_num": [1, 1], "texture": "textures/sfxs/2023s3/cs_atlan_skin_chuchang08"}}