{
  "frameeffect": {
    "blend_mode": 1,
    "cylinder_enable": true,
    "cylinder_frac_num": 4,
    "cylinder_height": 0.9,
    "cylinder_radius_down": 0.06,
    "cylinder_radius_up": 0.06,
    "delay": 0,
    "delay_in_loop": false,
    "depth_test": true,
    "face_camera": false,
    "fade_distance": 0,
    "first_person_enable": false,
    "fps": 15,
    "frame_color": [
      [
        1,
        1,
        1,
        0.42000000000000004
      ],
      [
        1,
        1,
        1,
        0.4666666666666667
      ],
      [
        1,
        1,
        1,
        0.5066666666666666
      ],
      [
        1,
        1,
        1,
        0.5266666666666666
      ],
      [
        1,
        1,
        1,
        0.5333333333333333
      ],
      [
        1,
        1,
        1,
        0.54
      ],
      [
        1,
        1,
        1,
        0.52
      ],
      [
        1,
        1,
        1,
        0.5266666666666666
      ],
      [
        1,
        1,
        1,
        0.56
      ],
      [
        1,
        1,
        1,
        0.5866666666666667
      ],
      [
        1,
        1,
        1,
        0.6066666666666667
      ],
      [
        1,
        1,
        1,
        0.6
      ],
      [
        1,
        1,
        1,
        0.5533333333333333
      ],
      [
        1,
        1,
        1,
        0.5133333333333333
      ],
      [
        1,
        1,
        1,
        0.4666666666666667
      ],
      [
        1,
        1,
        1,
        0.44666666666666666
      ],
      [
        1,
        1,
        1,
        0.42000000000000004
      ]
    ],
    "layer": 1,
    "lerp_scale": true,
    "loop": true,
    "point_filtering": false,
    "rot_speed": [
      0,
      0,
      0
    ],
    "scale": [
      1,
      1,
      1
    ],
    "shuffle": false,
    "sub_layer": 1,
    "tex_repeat_num": [
      1,
      1
    ],
    "texture": "textures/sfxs/2023s3/cs_elem_weapon_style2_07"
  }
}
