{
  "frameeffect": {
    "blend_mode": 1,
    "cylinder_enable": false,
    "delay": 0,
    "delay_in_loop": false,
    "depth_test": true,
    "face_camera": false,
    "fade_distance": 0,
    "first_person_enable": false,
    "fps": 15,
    "frame_color": [
      [
        1,
        1,
        1,
        0.7133333333333334
      ],
      [
        1,
        1,
        1,
        0.6733333333333333
      ],
      [
        1,
        1,
        1,
        0.6866666666666666
      ],
      [
        1,
        1,
        1,
        0.6799999999999999
      ],
      [
        1,
        1,
        1,
        0.7066666666666667
      ],
      [
        1,
        1,
        1,
        0.7333333333333334
      ],
      [
        1,
        1,
        1,
        0.72
      ],
      [
        1,
        1,
        1,
        0.7066666666666667
      ],
      [
        1,
        1,
        1,
        0.6333333333333333
      ],
      [
        1,
        1,
        1,
        0.6533333333333333
      ],
      [
        1,
        1,
        1,
        0.6666666666666667
      ],
      [
        1,
        1,
        1,
        0.6733333333333333
      ],
      [
        1,
        1,
        1,
        0.6733333333333333
      ],
      [
        1,
        1,
        1,
        0.6666666666666667
      ],
      [
        1,
        1,
        1,
        0.6799999999999999
      ],
      [
        1,
        1,
        1,
        0.6799999999999999
      ],
      [
        1,
        1,
        1,
        0.7133333333333334
      ]
    ],
    "layer": 1,
    "lerp_scale": true,
    "loop": true,
    "point_filtering": true,
    "rot_speed": [
      0,
      0,
      0
    ],
    "scale": [
      0.53,
      0.8,
      1
    ],
    "shuffle": false,
    "sub_layer": 1,
    "tex_repeat_num": [
      1,
      1
    ],
    "texture": "textures/sfxs/2023s3/cs_elem_weapon_style1_02"
  }
}
