{
  "frameeffect": {
    "blend_mode": 2,
    "cylinder_enable": false,
    "delay": 0,
    "delay_in_loop": false,
    "depth_test": true,
    "face_camera": false,
    "fade_distance": 0,
    "first_person_enable": false,
    "fps": 15,
    "frame_color": [
      [
        1,
        1,
        1,
        0.8533333333333333
      ],
      [
        1,
        1,
        1,
        0.8533333333333333
      ],
      [
        1,
        1,
        1,
        0.86
      ],
      [
        1,
        1,
        1,
        0.86
      ],
      [
        1,
        1,
        1,
        0.8533333333333333
      ],
      [
        1,
        1,
        1,
        0.86
      ],
      [
        1,
        1,
        1,
        0.8666666666666667
      ],
      [
        1,
        1,
        1,
        0.8533333333333333
      ],
      [
        1,
        1,
        1,
        0.8266666666666667
      ],
      [
        1,
        1,
        1,
        0.8200000000000001
      ],
      [
        1,
        1,
        1,
        0.8
      ],
      [
        1,
        1,
        1,
        0.8200000000000001
      ],
      [
        1,
        1,
        1,
        0.8733333333333333
      ],
      [
        1,
        1,
        1,
        0.88
      ],
      [
        1,
        1,
        1,
        0.8666666666666667
      ],
      [
        1,
        1,
        1,
        0.8666666666666667
      ],
      [
        1,
        1,
        1,
        0.8533333333333333
      ]
    ],
    "layer": 1,
    "lerp_scale": true,
    "loop": true,
    "point_filtering": true,
    "rot_speed": [
      0,
      0,
      0
    ],
    "scale": [
      0.5,
      0.48,
      0.3
    ],
    "shuffle": false,
    "sub_layer": 3,
    "tex_repeat_num": [
      1,
      1
    ],
    "texture": "textures/sfxs/2023s3/cs_elem_weapon_style1_03"
  }
}
