{
  "frameeffect": {
    "blend_mode": 2,
    "cylinder_enable": false,
    "delay": 0,
    "delay_in_loop": false,
    "depth_test": true,
    "face_camera": false,
    "fade_distance": 0,
    "first_person_enable": false,
    "fps": 24,
    "frame_color": [
      [
        1,
        1,
        1,
        0.8066666666666666
      ],
      [
        1,
        1,
        1,
        0.8333333333333334
      ],
      [
        1,
        1,
        1,
        0.8466666666666667
      ],
      [
        1,
        1,
        1,
        0.8866666666666667
      ],
      [
        1,
        1,
        1,
        0.9066666666666666
      ],
      [
        1,
        1,
        1,
        0.94
      ],
      [
        1,
        1,
        1,
        0.9666666666666667
      ],
      [
        1,
        1,
        1,
        1
      ],
      [
        1,
        1,
        1,
        0.9866666666666667
      ],
      [
        1,
        1,
        1,
        0.9466666666666667
      ],
      [
        1,
        1,
        1,
        0.9266666666666666
      ],
      [
        1,
        1,
        1,
        0.8933333333333333
      ],
      [
        1,
        1,
        1,
        0.8666666666666667
      ],
      [
        1,
        1,
        1,
        0.8266666666666667
      ],
      [
        1,
        1,
        1,
        0.7866666666666666
      ],
      [
        1,
        1,
        1,
        0.76
      ],
      [
        1,
        1,
        1,
        0.8066666666666666
      ]
    ],
    "layer": 1,
    "lerp_scale": true,
    "loop": true,
    "point_filtering": false,
    "rot_speed": [
      0,
      -0.1,
      0
    ],
    "scale": [
      0.36,
      0.39,
      0.36
    ],
    "shuffle": false,
    "sub_layer": 0,
    "tex_repeat_num": [
      1,
      1
    ],
    "texture": "textures/sfxs/2023s3/ss_elem_weapon_guangyun"
  }
}
