{
  "frameeffect": {
    "blend_mode": 2,
    "cylinder_enable": false,
    "delay": 0,
    "delay_in_loop": false,
    "depth_test": true,
    "face_camera": true,
    "fade_distance": 0,
    "first_person_enable": false,
    "fps": 8,
    "frame_color": [
      [
        1,
        1,
        1,
        0.2466666666666667
      ],
      [
        1,
        1,
        1,
        0.28
      ],
      [
        1,
        1,
        1,
        0.31999999999999995
      ],
      [
        1,
        1,
        1,
        0.3533333333333334
      ],
      [
        1,
        1,
        1,
        0.38
      ],
      [
        1,
        1,
        1,
        0.33333333333333337
      ],
      [
        1,
        1,
        1,
        0.29333333333333333
      ],
      [
        1,
        1,
        1,
        0.23333333333333328
      ],
      [
        1,
        1,
        1,
        0.2466666666666667
      ]
    ],
    "layer": 1,
    "lerp_scale": true,
    "loop": true,
    "point_filtering": false,
    "rot_speed": [
      0,
      0,
      0
    ],
    "scale": [
      0.4,
      0.4,
      1
    ],
    "shuffle": false,
    "sub_layer": 0,
    "tex_repeat_num": [
      1,
      1
    ],
    "texture": "textures/sfxs/2023s3/ss_elem_weapon_hit_gy"
  }
}
