{
  "is_global": true,
  "animation": {
    "fields": [
      "time",
      "attr"
    ],
    "times": [
      0,
      0.033333,
      0.066666,
      0.1,
      0.133333,
      0.166666,
      0.2,
      0.233333,
      0.266666,
      0.3,
      0.333333,
      0.366666,
      0.4,
      0.433333,
      0.466666,
      0.5,
      0.533333,
      0.566666,
      0.6,
      0.633333,
      0.666666,
      0.7,
      0.733333,
      0.766666,
      0.8,
      0.833333,
      0.866666
    ],
    "poses": [
      0,
      0,
      0,
      5.92339,
      8.17348,
      3.50219,
      3.93928,
      8.2387,
      -0.483116,
      5.92339,
      8.17353,
      -3.55359,
      16.8334,
      -2.47068,
      -0.009284,
      0,
      0,
      -0.008306,
      0,
      0,
      -0.066448,
      0,
      0,
      -0.224262,
      0,
      -0.23774,
      -0.905649,
      0,
      -0.47548,
      -2.17895,
      0,
      -0.71322,
      -3.56065,
      0,
      -0.95096,
      -4.56724,
      0,
      -1.21202,
      -5.06721,
      0,
      -1.47307,
      -5.30229,
      0,
      -1.73412,
      -5.34891,
      0,
      -1.99518,
      -5.28349,
      0,
      -2.25623,
      -5.18243,
      0,
      -2.46419,
      -5.03678,
      0,
      -2.67216,
      -4.79558,
      0,
      -2.88012,
      -4.47229,
      0,
      -3.08808,
      -4.08038,
      0,
      -3.29604,
      -3.6333,
      0,
      -3.07654,
      -3.07047,
      0,
      -2.85703,
      -2.40313,
      0,
      -2.63753,
      -1.7524,
      0,
      -2.41803,
      -1.23944,
      0,
      -1.93442,
      -0.852167,
      0,
      -1.45082,
      -0.512491,
      0,
      -0.967211,
      -0.242505,
      0,
      -0.483605,
      -0.064309
    ],
    "quats": [
      0.707106,
      0,
      0,
      0.707106,
      -0.707106,
      0,
      0.707106,
      0,
      0.707109,
      -2.3040427e-7,
      1.0677098e-7,
      0.707104,
      0.707104,
      0.001582,
      0.004934,
      0.707089,
      -0.707032,
      -0.010284,
      0.707031,
      0.010283,
      -0.706807,
      -0.020566,
      0.706807,
      0.020565,
      -0.706433,
      -0.030843,
      0.706433,
      0.030843,
      -0.706612,
      -0.026439,
      0.706612,
      0.026439,
      -0.706763,
      -0.022034,
      0.706763,
      0.022034,
      -0.706887,
      -0.017628,
      0.706887,
      0.017628,
      -0.706983,
      -0.013222,
      0.706983,
      0.013222,
      -0.707051,
      -0.008814,
      0.707051,
      0.008814,
      -0.707093,
      -0.004407,
      0.707093,
      0.004407,
      -0.707093,
      0.004407,
      0.707093,
      -0.004407,
      -0.707051,
      0.008814,
      0.707051,
      -0.008815,
      -0.706983,
      0.013222,
      0.706983,
      -0.013222,
      -0.706887,
      0.017628,
      0.706887,
      -0.017628,
      -0.706763,
      0.022034,
      0.706763,
      -0.022034,
      -0.706612,
      0.026439,
      0.706612,
      -0.026439,
      -0.706433,
      0.030843,
      0.706433,
      -0.030843,
      -0.706575,
      0.027418,
      0.706574,
      -0.027418,
      -0.706699,
      0.023992,
      0.706699,
      -0.023992,
      -0.706807,
      0.020565,
      0.706807,
      -0.020566,
      -0.706899,
      0.017138,
      0.706899,
      -0.017139,
      -0.706973,
      0.013711,
      0.706973,
      -0.013711,
      -0.707032,
      0.010284,
      0.707031,
      -0.010284,
      -0.707073,
      0.006856,
      0.707073,
      -0.006856,
      -0.707098,
      0.003428,
      0.707098,
      -0.003428
    ],
    "scales": [
      0.999999,
      0.999999,
      0.999999,
      0.169569,
      0.999999,
      0.999999,
      1.36386,
      0.999999,
      0.999999,
      1,
      0.999999,
      0.999999,
      0.932348,
      1,
      1,
      0.864696,
      1,
      1,
      0.797044,
      1,
      1,
      0.847783,
      0.999999,
      0.96938,
      0.898522,
      0.999999,
      0.938761,
      0.949261,
      1,
      0.908142,
      1,
      1,
      0.877523,
      0.999999,
      0.999999,
      0.889771,
      0.999999,
      0.999999,
      0.902018,
      0.999999,
      0.999999,
      0.914266,
      0.999999,
      0.999999,
      0.926514,
      1,
      0.999999,
      0.938761,
      1,
      1,
      0.951009,
      1,
      1,
      0.963257,
      0.999999,
      0.999999,
      0.975504,
      0.999999,
      0.999999,
      0.987752,
      1,
      1,
      1,
      0.952691,
      1,
      1,
      0.905383,
      0.999999,
      0.999999,
      0.858074,
      1,
      1,
      0.810766,
      1,
      1,
      0.848613,
      1,
      1,
      0.886459,
      1,
      1,
      0.924306,
      0.999999,
      1,
      0.962153,
      0.999999,
      0.999999,
      3.0556,
      1.60952,
      0.999999,
      0.63918,
      1.30675,
      0.999999
    ],
    "length": 0.866666,
    "tracks": {
      "Bind": {
        "pos": [
          0,
          4
        ],
        "quat": [
          0,
          3
        ]
      },
      "Bone001": {
        "pos": [
          0,
          0,
          1,
          5,
          2,
          6,
          3,
          7,
          4,
          8,
          5,
          9,
          6,
          10,
          7,
          11,
          8,
          12,
          9,
          13,
          10,
          14,
          11,
          15,
          12,
          16,
          13,
          17,
          14,
          18,
          15,
          19,
          16,
          20,
          17,
          21,
          18,
          22,
          19,
          23,
          20,
          24,
          21,
          25,
          22,
          26,
          23,
          27,
          24,
          28,
          25,
          29,
          26,
          0
        ],
        "quat": [
          0,
          1,
          1,
          4,
          2,
          5,
          3,
          6,
          4,
          7,
          5,
          8,
          6,
          9,
          7,
          10,
          8,
          11,
          9,
          12,
          10,
          1,
          11,
          13,
          12,
          14,
          13,
          15,
          14,
          16,
          15,
          17,
          16,
          18,
          17,
          19,
          18,
          20,
          19,
          21,
          20,
          22,
          21,
          23,
          22,
          24,
          23,
          25,
          24,
          26,
          25,
          27,
          26,
          1
        ],
        "scale": [
          0,
          0,
          1,
          4,
          2,
          5,
          3,
          6,
          4,
          7,
          5,
          8,
          6,
          9,
          7,
          10,
          8,
          11,
          9,
          12,
          10,
          13,
          11,
          14,
          12,
          15,
          13,
          16,
          14,
          17,
          15,
          18,
          16,
          19,
          17,
          20,
          18,
          21,
          19,
          22,
          20,
          23,
          21,
          24,
          22,
          25,
          23,
          26,
          24,
          27,
          25,
          28,
          26,
          0
        ]
      },
      "Bone002": {
        "pos": [
          0,
          1,
          26,
          1
        ],
        "quat": [
          0,
          0,
          26,
          0
        ],
        "scale": [
          0,
          0,
          2,
          1,
          11,
          2,
          26,
          0
        ]
      },
      "Bone003": {
        "pos": [
          0,
          2,
          26,
          2
        ],
        "quat": [
          0,
          2,
          26,
          2
        ],