{
  "is_global": true,
  "animation": {
    "fields": [
      "time",
      "attr"
    ],
    "times": [
      0,
      0.033333,
      0.066666,
      0.1,
      0.133333,
      0.166666,
      0.2,
      0.233333,
      0.266666,
      0.3,
      0.333333,
      0.366666,
      0.4,
      0.433333,
      0.466666,
      0.5,
      0.533333,
      0.566666,
      0.6,
      0.633333,
      0.666666,
      0.7,
      0.733333,
      0.766666,
      0.8,
      0.833333,
      0.866666,
      0.9,
      0.933333,
      0.966666,
      1,
      1.03333,
      1.06667,
      1.1,
      1.13333,
      1.16667,
      1.2,
      1.23333,
      1.26667,
      1.3,
      1.33333,
      1.36667,
      1.4,
      1.43333,
      1.46667,
      1.5,
      1.53333,
      1.56667,
      1.6,
      1.63333,
      1.66667,
      1.7,
      1.73333,
      1.76667,
      1.8,
      1.83333,
      1.86667,
      1.9,
      1.93333,
      1.96667,
      2
    ],
    "poses": [
      0,
      0,
      0,
      5.92339,
      8.17348,
      3.50219,
      3.93928,
      8.2387,
      -0.483116,
      5.92339,
      8.17353,
      -3.55359,
      16.8334,
      -2.47068,
      -0.009284,
      0,
      0,
      -0.000653,
      0,
      0,
      -0.00523,
      0,
      0,
      -0.017653,
      0,
      0,
      -0.041844,
      0,
      0,
      -0.081728,
      0,
      0,
      -0.141226,
      0,
      0,
      -0.224262,
      0,
      -0.105662,
      -0.370231,
      0,
      -0.211324,
      -0.601786,
      0,
      -0.316986,
      -0.897735,
      0,
      -0.422649,
      -1.23689,
      0,
      -0.528311,
      -1.59806,
      0,
      -0.633973,
      -1.96005,
      0,
      -0.739636,
      -2.30167,
      0,
      -0.845298,
      -2.60174,
      0,
      -0.95096,
      -2.83906,
      0,
      -1.05973,
      -3.02608,
      0,
      -1.16851,
      -3.18997,
      0,
      -1.27728,
      -3.33166,
      0,
      -1.38605,
      -3.45207,
      0,
      -1.49482,
      -3.55211,
      0,
      -1.6036,
      -3.6327,
      0,
      -1.71237,
      -3.69476,
      0,
      -1.82114,
      -3.7392,
      0,
      -1.92991,
      -3.76696,
      0,
      -2.03869,
      -3.77894,
      0,
      -2.14746,
      -3.77606,
      0,
      -2.25623,
      -3.75925,
      0,
      -2.33553,
      -3.72092,
      0,
      -2.41483,
      -3.65549,
      0,
      -2.49414,
      -3.56685,
      0,
      -2.57344,
      -3.45892,
      0,
      -2.65274,
      -3.3356,
      0,
      -2.73204,
      -3.20079,
      0,
      -2.81134,
      -3.05839,
      0,
      -2.89064,
      -2.91232,
      0,
      -2.96994,
      -2.76647,
      0,
      -3.04925,
      -2.62475,
      0,
      -3.12855,
      -2.49106,
      0,
      -3.0496,
      -2.35843,
      0,
      -2.97065,
      -2.2188,
      0,
      -2.89171,
      -2.07449,
      0,
      -2.81276,
      -1.9278,
      0,
      -2.73381,
      -1.78104,
      0,
      -2.65487,
      -1.63652,
      0,
      -2.57592,
      -1.49654,
      0,
      -2.49697,
      -1.36341,
      0,
      -2.41803,
      -1.23944,
      0,
      -2.21652,
      -1.11537,
      0,
      -2.01502,
      -0.982873,
      0,
      -1.81352,
      -0.8456,
      0,
      -1.61202,
      -0.707217,
      0,
      -1.41052,
      -0.571391,
      0,
      -1.20901,
      -0.441785,
      0,
      -1.00751,
      -0.322064,
      0,
      -0.806009,
      -0.215893,
      0,
      -0.604506,
      -0.126937,
      0,
      -0.403004,
      -0.058859,
      0,
      -0.201502,
      -0.015325
    ],
    "quats": [
      0.707106,
      0,
      0,
      0.707106,
      -0.707106,
      0,
      0.707106,
      0,
      0.707109,
      -2.3040427e-7,
      1.0677098e-7,
      0.707104,
      0.707104,
      0.001582,
      0.004934,
      0.707089,
      -0.707093,
      -0.004407,
      0.707093,
      0.004407,
      -0.707051,
      -0.008814,
      0.707051,
      0.008814,
      -0.706983,
      -0.013222,
      0.706983,
      0.013222,
      -0.706887,
      -0.017628,
      0.706887,
      0.017628,
      -0.706763,
      -0.022034,
      0.706763,
      0.022034,
      -0.706612,
      -0.026439,
      0.706612,
      0.026439,
      -0.706433,
      -0.030843,
      0.706433,
      0.030843,
      -0.706515,
      -0.028916,
      0.706515,
      0.028916,
      -0.706591,
      -0.02699,
      0.706591,
      0.02699,
      -0.706662,
      -0.025063,
      0.706662,
      0.025063,
      -0.706728,
      -0.023135,
      0.706728,
      0.023135,
      -0.706788,
      -0.021208,
      0.706788,
      0.021208,
      -0.706843,
      -0.01928,
      0.706843,
      0.01928,
      -0.706893,
      -0.017353,
      0.706893,
      0.017353,
      -0.706938,
      -0.015425,
      0.706938,
      0.015425,
      -0.706977,
      -0.013497,
      0.706977,
      0.013497,
      -0.707012,
      -0.011569,
      0.707012,
      0.011569,
      -0.707041,
      -0.009641,
      0.707041,
      0.009641,
      -0.707064,
      -0.007713,
      0.707064,
      0.007713,
      -0.707083,
      -0.005784,
      0.707083,
      0.005784,
      -0.707096,
      -0.003856,
      0.707096,
      0.003856,
      -0.707104,
      -0.001928,
      0.707104,
      0.001928,
      -0.707104,
      0.001928,
      0.707104,
      -0.001928,
      -0.707096,
      0.003856,
      0.707096,
      -0.003856,
      -0.707083,
      0.005784,
      0.707083,
      -0.005785,
      -0.707064,
      0.007713,
      0.707064,
      -0.007713,
      -0.707041,
      0.009641,
      0.707041,
      -0.009641,
      -0.707012,
      0.011569,
      0.707012,
      -0.011569,
      -0.706977,
      0.013497,
      0.706977,
      -0.013497,
      -0.706938,
      0.015425,
      0.706938,
      -0.015425,
      -0.706893,
      0.017353,
      0.706893,
      -0.017353,
      -0.706843,
      0.01928,
      0.706843,
      -0.01928,
      -0.706788,
      0.021208,
      0.706788,
      -0.021208,
      -0.706728,
      0.023135,
      0.706728,
      -0.023136,
      -0.706662,
      0.025063,
      0.706662,
      -0.025063,
      -0.706591,
      0.02699,
      0.706591,
      -0.02699,
      -0.706515,
      0.028916,
      0.706515,
      -0.028916,
      -0.706433,
      0.030843,
      0.706433,
      -0.030843,
      -0.706496,
      0.029375,
      0.706496,
      -0.029375,
      -0.706555,
      0.027907,
      0.706555,
      -0.027907,
      -0.706612,
      0.026439,
      0.706612,
      -0.026439,
      -0.706665,
      0.024971,
      0.706665,
      -0.024971,
      -0.706716,
      0.023502,
      0.706716,
      -0.023503,
      -0.706763,
      0.022034,
      0.706763,
      -0.022034,
      -0.706807,
      0.020565,
      0.706807,
      -0.020566,
      -0.706848,
      0.019097,
      0.706848,
      -0.019097,
      -0.706887,
      0.017628,
      0.706887,
      -0.017628,
      -0.706922,
      0.016159,
      0.706922,
      -0.016159,
      -0.706954,
      0.01469,
      0.706954,
      -0.014691,
      -0.706983,
      0.013222,
      0.706983,
      -0.013222,
      -0.707009,
      0.011753,
      0.707009,
      -0.011753,
      -0.707032,
      0.010284,
      0.707031,
      -0.010284,
      -0.707051,
      0.008814,
      0.707051,
      -0.008815,
      -0.707068,
      0.007345,
      0.707068,
      -0.007345,
      -0.707082,
      0.005876,
      0.707082,
      -0.005876,
      -0.707093,
      0.004407,
      0.707093,
      -0.004407,
      -0.7071,
      0.002938,
      0.7071,
      -0.002938,
      -0.707105,
      0.001469,
      0.707105,
      -0.001469
    ],