{"is_global":true,"animation":{"fields":["time","attr"],"times":[0.0,0.033333,0.066666,0.1,0.133333,0.166666,0.2,0.233333,0.266666,0.3,0.333333,0.366666,0.4,0.433333,0.466666,0.5,0.533333,0.566666,0.6,0.633333,0.666666,0.7,0.733333,0.766666,0.8,0.833333,0.866666,0.9,0.933333,0.966666,1.0,1.03333,1.06667,1.1,1.13333,1.16667,1.2,1.23333,1.26667,1.3,1.33333,1.36667,1.4,1.43333,1.46667,1.5,1.53333,1.56667,1.6,1.63333,1.66667,1.7,1.73333,1.76667,1.8,1.83333,1.86667,1.9,1.93333,1.96667,2.0,2.03333,2.06667,2.1,2.13333,2.16667,2.2,2.23333,2.26667,2.3,2.33333],"poses":[1.24832,-0.826546,-0.016289,5.51173,-0.806219,-0.024623,4.45073,-0.811277,-3.02529,4.43415,-0.811356,2.99262,1.40291,-0.825808,-3.99294,1.33258,-0.826143,4.02531,-1.57459,-0.840004,-3.03169,-1.66837,-0.840451,3.04061,-2.09038,-0.842463,-0.05415,6.63561,-0.80086,-0.024623,4.96717,-0.808815,-3.82421,4.9975,-0.80867,3.92465,1.40291,-0.825808,-5.02678,1.33258,-0.826143,4.99613,-2.12923,-0.842648,-3.40859,-2.31668,-0.843542,3.36304,-3.61864,-0.84975,-0.05415,-0.0,-2.51226,-0.006104],"quats":[-0.707104,-0.001685,0.001685,0.707104,-2e-06,0.0,-2.3841861e-07,1.0,-0.159206,0.68895,0.689702,0.15592,-0.706317,-0.033408,-0.03004,0.706468,-0.704107,-0.065063,-0.061705,0.704409,-0.700479,-0.096587,-0.093246,0.700931,-0.69544,-0.127916,-0.124599,0.696042,-0.689001,-0.158988,-0.155702,0.689751,-0.681174,-0.18974,-0.186491,0.682071,-0.671975,-0.22011,-0.216904,0.673017,-0.661423,-0.250036,-0.24688,0.662608,-0.64954,-0.279459,-0.276359,0.650864,-0.636348,-0.308319,-0.305282,0.63781,-0.621874,-0.336559,-0.33359,0.623471,-0.606148,-0.36412,-0.361226,0.607877,-0.589202,-0.390948,-0.388135,0.591059,-0.571068,-0.416989,-0.414262,0.57305,-0.551785,-0.44219,-0.439554,0.553887,-0.531391,-0.4665,-0.463962,0.533609,-0.509926,-0.489872,-0.487435,0.512256,-0.487435,-0.512256,-0.509926,0.489872,-0.463962,-0.533609,-0.531391,0.4665,-0.439554,-0.553887,-0.551785,0.44219,-0.414262,-0.57305,-0.571069,0.416989,-0.388135,-0.591059,-0.589202,0.390948,-0.361226,-0.607877,-0.606148,0.36412,-0.33359,-0.623471,-0.621874,0.336559,-0.305282,-0.63781,-0.636348,0.308319,-0.276359,-0.650864,-0.64954,0.279459,-0.24688,-0.662608,-0.661423,0.250036,-0.216904,-0.673017,-0.671975,0.22011,-0.186491,-0.682071,-0.681174,0.18974,-0.155702,-0.689751,-0.689001,0.158988,-0.1246,-0.696042,-0.69544,0.127917,-0.093246,-0.700931,-0.700479,0.096587,-0.061705,-0.704409,-0.704107,0.065063,-0.03004,-0.706468,-0.706317,0.033408,-0.001685,0.707104,0.707104,-0.001685,-0.033408,0.706316,0.706468,0.03004,-0.065063,0.704106,0.704409,0.061705,-0.096587,0.700478,0.700931,0.093246,-0.127916,0.69544,0.696042,0.124599,-0.158989,0.689,0.689751,0.155702,-0.18974,0.681174,0.682071,0.186491,-0.22011,0.671975,0.673017,0.216904,-0.250036,0.661423,0.662608,0.24688,-0.279459,0.649539,0.650865,0.276359,-0.30832,0.636347,0.63781,0.305282,-0.336559,0.621874,0.623472,0.33359,-0.36412,0.606148,0.607877,0.361226,-0.390948,0.589202,0.591059,0.388135,-0.416989,0.571068,0.57305,0.414262,-0.44219,0.551785,0.553887,0.439554,-0.466501,0.531391,0.533609,0.463962,-0.489872,0.509926,0.512256,0.487435,-0.512256,0.487435,0.489872,0.509926,-0.533609,0.463962,0.466501,0.531391,-0.553887,0.439554,0.44219,0.551785,-0.57305,0.414261,0.416989,0.571069,-0.591059,0.388134,0.390948,0.589202,-0.607877,0.361226,0.36412,0.606148,-0.623472,0.33359,0.336559,0.621874,-0.63781,0.305282,0.30832,0.636347,-0.650865,0.27636,0.27946,0.649539,-0.662608,0.24688,0.250037,0.661423,-0.673017,0.216904,0.22011,0.671975,-0.682071,0.186491,0.18974,0.681174,-0.689751,0.155702,0.158988,0.689001,-0.696042,0.1246,0.127917,0.69544,-0.700931,0.093246,0.096587,0.700478,-0.704409,0.061705,0.065063,0.704107,-0.706468,0.03004,0.033407,0.706317,-0.161652,-0.688381,-0.687602,0.164932,0.161652,0.688381,0.687602,-0.164932,0.001685,-0.707108,-0.7071,0.001685,-0.001685,0.707108,0.707101,-0.001685,-0.001685,0.707104,-0.001685,0.707104],"scales":[0.999999,1.0,0.999999,0.999999,0.999999,0.999999,1.00829,1.00829,1.00829,1.01659,1.01659,1.01659,1.02488,1.02488,1.02488,1.03317,1.03317,1.03317,1.04146,1.04146,1.04146,1.04976,1.04976,1.04976,1.05805,1.05805,1.05805,1.06634,1.06634,1.06634,1.07464,1.07464,1.07464,1.08293,1.08293,1.08293,1.09122,1.09122,1.09122,1.09951,1.09951,1.09951,1.10781,1.10781,1.10781,1.1161,1.1161,1.1161,1.12439,1.12439,1.12439,1.13268,1.13268,1.13268,1.14098,1.14098,1.14098,1.14927,1.14927,1.14927,1.15756,1.15756,1.15756,1.16586,1.16586,1.16586,1.17415,1.17415,1.17415,1.18244,1.18244,1.18244,1.19074,1.19074,1.19074,1.19903,1.19903,1.19903,1.20732,1.20732,1.20732,1.21561,1.21561,1.21561,1.22391,1.22391,1.22391,1.2322,1.2322,1.2322,1.24049,1.24049,1.24049,1.24879,1.24879,1.24879,1.25708,1.25708,1.25708,1.26537,1.26537,1.26537,1.27366,1.27366,1.27366,1.28196,1.28196,1.28196,0.997383,0.997383,0.997383,0.994674,0.994674,0.994674,0.99189,0.99189,0.99189,0.98905,0.98905,0.98905,0.986173,0.986173,0.986173,0.983278,0.983278,0.983278,0.980382,0.980382,0.980382,0.977505,0.977505,0.977505,0.974666,0.974666,0.974666,0.971882,0.971882,0.971882,0.969173,0.969173,0.969173,0.966556,0.966556,0.966556,0.964052,0.964052,0.964052,0.961678,0.961678,0.961678,0.959452,0.959452,0.959452,0.957395,0.957395,0.957395,0.955523,0.955523,0.955523,0.953857,0.953857,0.953857,0.952466,0.952466,0.952466,0.951385,0.951385,0.951385,0.950572,0.950573,0.950572,0.949989,0.949989,0.949989,0.949595,0.949596,0.949595,0.949351,0.949351,0.949351,0.949217,0.949217,0.949217,0.949152,0.949152,0.949152,0.949072,0.949072,0.949072,0.948978,0.948978,0.948978,0.948794,0.948794,0.948794,0.94848,0.94848,0.94848,0.947997,0.947997,0.947997,0.947305,0.947305,0.947305,0.946364,0.946364,0.946364,0.945134,0.945134,0.945134,0.942576,0.942576,0.942576,0.937864,0.937864,0.937864,0.931275,0.931275,0.931275,0.92309,0.92309,0.92309,0.913587,0.913587,0.913587,0.903045,0.903045,0.903045,0.891744,0.891744,0.891744,0.879961,0.879961,0.879961,0.867977,0.867977,0.867977,0.856069,0.856069,0.856069,0.844518,0.844518,0.844518,0.833602,0.833602,0.833602,0.823599,0.8236,0.823599,0.81479,0.81479,0.81479,0.807453,0.807453,0.807453,0.801867,0.801867,0.801867,0.79831,0.79831,0.79831,0.797063,0.797063,0.797063,0.798426,0.798426,0.798426,0.80235,0.80235,0.80235,0.808587,0.808587,0.808587,0.81689,0.81689,0.81689,0.82701,0.82701,0.82701,0.838699,0.838699,0.838699,0.851711,0.851711,0.851711,0.865796,0.865796,0.865796,0.880708,0.880708,0.880708,0.896197,0.896197,0.896197,0.912018,0.912018,0.912018,0.92792,0.92792,0.92792,0.943658,0.943658,0.943658,0.958983,0.958983,0.958983,0.973646,0.973646,0.973646,0.987401,0.987401,0.987401,1.29025,1.29025,1.29025],"length":2.333333,"tracks":{"Bone001":{"quat":[0,1,70,1],"scale":[0,0,1,36,2,37,3,38,4,39,5,40,6,41,7,42,8,43,9,44,10,45,11,46,12,47,13,48,14,49,15,50,16,51,17,52,18,53,19,54,20,55,21,56,22,57,23,58,24,59,25,60,26,61,28,62,29,63,30,64,31,65,32,66,33,67,34,68,35,69,36,70,37,71,38,72,39,73,40,74,41,75,42,76,43,77,44,78,45,79,46,80,47,81,48,82,49,83,50,84,51,85,52,86,53,87,54,88,55,89,56,90,57,91,58,92,59,93,60,94,61,95,62,96,63,97,64,98,65,99,66,100,67,101,68,102,69,103,70,0]},"Bone003":{"pos":[0,0,70,0],"quat":[0,0,1,3,2,4,3,5,4,6,5,7,6,8,7,9,8,10,9,11,10,12,11,13,12,14,13,15,14,16,15,17,16,18,17,19,18,20,19,21,20,22,21,23,22,24,23,25,24,26,25,27,26,28,27,29,28,30,29,31,30,32,31,33,32,34,33,35,34,36,35,37,36,38,37,39,38,40,39,41,40,42,41,43,42,44,43,45,44,46,45,47,46,48,47,49,48,50,49,51,50,52,51,53,52,54,53,55,54,56,55,57,56,58,57,59,58,60,59,61,60,62,61,63,62,64,63,65,64,66,65,67,66,68,67,69,68,70,69,71,70,0],"scale":[0,1,1,2,2,3,3,4,4,5,5,6,6,7,7,8,8,9,9,10,10,11,11,12,12,13,13,14,14,15,15,16,16,17,17,18,18,19,19,20,20,21,21,22,22,23,23,24,24,25,25,26,26,27,27,28,28,29,29,30,30,31,31,32,32,33,33,34,34,35,35,104,36,35,37,34,38,33,39,32,40,31,41,30,42,29,43,28,44,27,45,26,46,25,47,24,48,23,49,22,50,21,51,20,52,19,53,18,54,17,55,16,56,15,57,14,58,13,59,12,60,11,61,10,62,9,63,8,64,7,65,6,66,5,67,4,68,3,69,2,70,1]},"Bone004":{"pos":[0,1,35,9,70,1],"quat":[0,0,70,0]},