{
  "is_global": true,
  "animation": {
    "fields": [
      "time",
      "attr"
    ],
    "times": [
      0,
      0.033333,
      0.066666,
      0.1,
      0.133333,
      0.166666,
      0.2,
      0.233333,
      0.266666,
      0.3,
      0.333333,
      0.366666
    ],
    "poses": [
      -1.30799e-7,
      -2.23159,
      -0.000001,
      -6.36396,
      5.65686,
      0,
      -6.39254,
      5.65686,
      0,
      -6.47089,
      5.65686,
      0,
      -6.58796,
      5.65686,
      0,
      -6.73269,
      5.65686,
      0,
      -6.894,
      5.65686,
      0,
      -7.06085,
      5.65686,
      0,
      -7.22217,
      5.65686,
      0,
      -7.36689,
      5.65686,
      -1.04613e-7,
      -7.48396,
      5.65686,
      -1.16825e-7,
      -7.56231,
      5.65686,
      -1.24997e-7,
      -7.59089,
      5.65686,
      -1.27978e-7,
      -6.36396,
      4.24264,
      -4.76837e-7,
      -6.42275,
      4.24264,
      -4.82969e-7,
      -6.58395,
      4.24264,
      -4.99784e-7,
      -6.82481,
      4.24264,
      -5.24907e-7,
      -7.12255,
      4.24264,
      -5.55964e-7,
      -7.45444,
      4.24264,
      -5.90582e-7,
      -7.7977,
      4.24264,
      -6.26387e-7,
      -8.12958,
      4.24264,
      -6.61005e-7,
      -8.42733,
      4.24264,
      -6.92062e-7,
      -8.66818,
      4.24264,
      -7.17185e-7,
      -8.82938,
      4.24264,
      -7.34e-7,
      -8.88817,
      4.24264,
      -7.40132e-7,
      -6.36397,
      2.82843,
      -4.76837e-7,
      -6.45363,
      2.82843,
      -4.8619e-7,
      -6.69947,
      2.82843,
      -5.11834e-7,
      -7.0668,
      2.82843,
      -5.50149e-7,
      -7.52089,
      2.82843,
      -5.97514e-7,
      -8.02705,
      2.82843,
      -6.5031e-7,
      -8.55056,
      2.82843,
      -7.04917e-7,
      -9.05672,
      2.82843,
      -7.57713e-7,
      -9.51081,
      2.82843,
      -8.05079e-7,
      -9.87814,
      2.82843,
      -8.43394e-7,
      -10.124,
      2.82843,
      -8.69037e-7,
      -10.2136,
      2.82843,
      -8.7839e-7,
      -6.36397,
      1.41422,
      -4.76837e-7,
      -6.48198,
      1.41422,
      -4.89147e-7,
      -6.80555,
      1.41422,
      -5.22898e-7,
      -7.28901,
      1.41422,
      -5.73327e-7,
      -7.88667,
      1.41422,
      -6.35668e-7,
      -8.55286,
      1.41422,
      -7.05156e-7,
      -9.24188,
      1.41422,
      -7.77027e-7,
      -9.90807,
      1.41422,
      -8.46516e-7,
      -10.5057,
      1.41422,
      -9.08857e-7,
      -10.9892,
      1.41422,
      -9.59286e-7,
      -11.3128,
      1.41422,
      -9.93037e-7,
      -11.4308,
      1.41422,
      -0.000001,
      -6.36397,
      0.000004,
      -7.58643e-7,
      -6.51162,
      0.000004,
      -7.74045e-7,
      -6.91648,
      0.000004,
      -8.16275e-7,
      -7.52138,
      0.000005,
      -8.79371e-7,
      -8.26918,
      0.000005,
      -9.57372e-7,
      -9.10271,
      0.000005,
      -0.000001,
      -9.96482,
      0.000006,
      -0.000001,
      -10.7984,
      0.000006,
      -0.000001,
      -11.5462,
      0.000006,
      -0.000001,
      -12.1511,
      0.000007,
      -0.000001,
      -12.5559,
      0.000007,
      -0.000001,
      -12.7036,
      0.000007,
      -0.000001,
      -6.36397,
      -1.41421,
      -9.53674e-7,
      -6.48198,
      -1.41421,
      -9.65984e-7,
      -6.80555,
      -1.41421,
      -9.99735e-7,
      -7.28901,
      -1.41421,
      -0.000001,
      -7.88667,
      -1.41421,
      -0.000001,
      -8.55286,
      -1.41421,
      -0.000001,
      -9.24188,
      -1.41421,
      -0.000001,
      -9.90807,
      -1.41421,
      -0.000001,
      -10.5057,
      -1.41421,
      -0.000001,
      -10.9892,
      -1.41421,
      -0.000001,
      -11.3128,
      -1.41421,
      -0.000001,
      -11.4308,
      -1.41421,
      -0.000001,
      -6.36397,
      -2.82842,
      -0.000001,
      -6.45363,
      -2.82842,
      -0.000001,
      -6.69948,
      -2.82842,
      -0.000001,
      -7.0668,
      -2.82842,
      -0.000001,
      -7.5209,
      -2.82842,
      -0.000001,
      -8.02705,
      -2.82842,
      -0.000001,
      -8.55056,
      -2.82842,
      -0.000001,
      -9.05672,
      -2.82842,
      -0.000001,
      -9.51081,
      -2.82842,
      -0.000001,
      -9.87814,
      -2.82842,
      -0.000001,
      -10.124,
      -2.82842,
      -0.000001,
      -10.2136,
      -2.82842,
      -0.000001,
      -6.36397,
      -4.24264,
      -0.000001,
      -6.42276,
      -4.24264,
      -0.000001,
      -6.58396,
      -4.24264,
      -0.000001,
      -6.82481,
      -4.24264,
      -0.000001,
      -7.12256,
      -4.24263,
      -0.000001,
      -7.45444,
      -4.24263,
      -0.000001,
      -7.7977,
      -4.24263,
      -0.000001,
      -8.12958,
      -4.24263,
      -0.000001,
      -8.42733,
      -4.24263,
      -0.000001,
      -8.66818,
      -4.24263,
      -0.000001,
      -8.82938,
      -4.24263,
      -0.000001,
      -8.88817,
      -4.24263,
      -0.000001,
      -6.36397,
      -5.65685,
      -0.000001,
      -6.39254,
      -5.65685,
      -0.000001,
      -6.4709,
      -5.65685,
      -0.000001,
      -6.58797,
      -5.65685,
      -0.000001,
      -6.73269,
      -5.65685,
      -0.000001,
      -6.89401,
      -5.65685,
      -0.000001,
      -7.06085,
      -5.65685,
      -0.000001,
      -7.22217,
      -5.65685,
      -0.000001,
      -7.36689,
      -5.65685,
      -0.000002,
      -7.48396,
      -5.65685,
      -0.000002,
      -7.56232,
      -5.65685,
      -0.000002,
      -7.59089,
      -5.65685,
      -0.000002
    ],
    "quats": [
      0,
      0,
      1,
      0,
      0,
      0,
      1,
      -1.9470721e-7,
      0,
      0,
      1,
      1.9470721e-7,
      0.5,
      -0.5,
      0.5,
      -0.499999,
      0.499999,
      -0.5,
      0.499999,
      -0.5,
      0,
      0,
      1,
      -4.3312576e-7,
      -2.3841861e-7,
      0,
      1,
      0,
      -2.3841855e-7,
      0,
      1,
      -3.1391653e-7
    ],
    "scales": [],
    "length": 0.366666,
    "tracks": {
      "Bone001": {
        "pos": [
          0,
          0,
          11,
          0
        ],
        "quat": [
          0,
          3,
          11,
          4
        ]
      },
      "Bone002": {
        "pos": [
          0,
          1,
          1,
          2,
          2,
          3,
          3,
          4,
          4,
          5,
          5,
          6,
          6,
          7,
          7,
          8,
          8,
          9,
          9,
          10,
          10,
          11,
          11,
          12
        ],
        "quat": [
          0,
          0,
          11,
          1
        ]
      },
      "Bone003": {
        "pos": [
          0,
          13,
          1,
          14,
          2,
          15,
          3,
          16,
          4,
          17,
          5,
          18,
          6,
          19,
          7,
          20,
          8,
          21,
          9,
          22,
          10,
          23,
          11,
          24
        ],
        "quat": [
          0,
          0,
          11,
          5
        ]
      },
      "Bone004": {
        "pos": [
          0,
          25,
          1,
          26,
          2,
          27,
          3,
          28,
          4,
          29,
          5,
          30,
          6,
          31,
          7,
          32,
          8,
          33,
          9,
          34,
          10,
          35,
          11,
          36
        ],
        "quat": [
          0,
          0,
          11,
          1
        ]
      },