{
  "is_global": true,
  "animation": {
    "fields": [
      "time",
      "attr"
    ],
    "times": [
      0,
      0.066666,
      0.1,
      0.166666,
      0.2,
      0.266666,
      0.333333,
      0.4,
      0.433333,
      0.5,
      0.6,
      0.666666
    ],
    "poses": [
      14.1628,
      -3.8113,
      -1.8632,
      -0.000003,
      -1.0063,
      -12.315,
      11.8663,
      3.69384,
      3.01561,
      11.8663,
      3.69384,
      -3.49418,
      1.84249,
      3.92466,
      -3.03451,
      0,
      -4.97653,
      -10.4042,
      0,
      0.198553,
      -11.8356,
      1.84249,
      3.92466,
      2.85625,
      1.84567,
      -4.34805,
      -0.000003,
      14.0792,
      -3.60947,
      -1.86321,
      13.954,
      -3.30673,
      -1.86321,
      -0.000003,
      -1.0063,
      -12.7953,
      -0.000003,
      0.267307,
      -11.8204,
      -0.000003,
      0.183456,
      -13.3483,
      -0.000003,
      -2.1263,
      -20.1372,
      -0.000003,
      -2.82764,
      -21.0095,
      -0.000003,
      -1.68214,
      -14.6017,
      11.3865,
      5.61165,
      5.49061,
      10.7005,
      2.97757,
      6.9597,
      10.2477,
      1.82513,
      6.85764,
      10.6673,
      2.30961,
      5.7527,
      10.964,
      5.41493,
      -6.17556,
      10.8891,
      3.1067,
      -7.31119,
      9.6477,
      2.30773,
      -7.57784,
      10.2229,
      2.66709,
      -6.51911,
      5.68792,
      -0.680154,
      0,
      5.68792,
      -0.680155,
      0,
      0,
      -4.97653,
      -10.2491,
      0,
      -3.70292,
      -11.4232,
      0,
      -3.78288,
      -12.6608,
      0,
      -4.97653,
      -17.3651,
      0,
      -5.02118,
      -17.2857,
      0,
      -5.03348,
      -11.3404,
      0,
      0.198553,
      -12.3159,
      0,
      1.70968,
      -12.144,
      0,
      1.6238,
      -12.7105,
      0,
      -0.230995,
      -19.5082,
      0,
      -0.983484,
      -20.3915,
      0,
      -0.060647,
      -14.038
    ],
    "quats": [
      0,
      0,
      0.715203,
      0.698916,
      4.0669539e-7,
      0,
      0.978372,
      0.206848,
      -8.7611193e-7,
      0,
      -0.134025,
      0.990977,
      -0.295873,
      -0.642229,
      0.295873,
      0.642229,
      0,
      0,
      0.634895,
      0.772597,
      0,
      0,
      0.821942,
      0.569569,
      0,
      0,
      0.896362,
      0.443321,
      0,
      0,
      0.500924,
      0.865491,
      0,
      0,
      0.572925,
      0.819607,
      0,
      0,
      -0.104318,
      0.994543,
      -0.647095,
      0.285073,
      0.647095,
      -0.285073,
      -0.503931,
      0.496037,
      0.503931,
      -0.496037,
      0.501198,
      -0.498798,
      -0.498798,
      0.501198,
      -8.6792903e-7,
      1.407261e-7,
      -0.208924,
      0.977931,
      -8.5281408e-7,
      -2.1403896e-7,
      0.19491,
      0.980821,
      -0.352694,
      -0.612868,
      0.352694,
      0.612867,
      -0.269236,
      -0.653844,
      0.269236,
      0.653843,
      -0.296793,
      -0.641805,
      0.296793,
      0.641804,
      -0.350249,
      -0.614268,
      0.350249,
      0.614267,
      -0.433751,
      -0.558444,
      0.43375,
      0.558443,
      -0.617134,
      -0.345175,
      0.617134,
      0.345173,
      0.105646,
      0.028703,
      0.991986,
      -0.063065,
      0.15087,
      0.063625,
      0.966594,
      -0.197192,
      0.047225,
      -0.156779,
      0.093315,
      0.98208,
      0.070975,
      -0.098705,
      0.406856,
      0.905366,
      -0.102922,
      -0.034185,
      0.993465,
      -0.035576,
      -0.146711,
      -0.069069,
      0.974108,
      -0.157538,
      0.053558,
      0.029835,
      -0.128843,
      0.989767,
      0.032587,
      0.01979,
      0.255231,
      0.966128,
      0,
      0,
      -0.026592,
      0.999646,
      0,
      0,
      0.013371,
      0.99991,
      0,
      0,
      -0.132166,
      0.991227,
      -0.625483,
      0.329803,
      0.625483,
      -0.329803,
      -0.684035,
      0.17915,
      0.684035,
      -0.179151,
      -0.677122,
      0.203727,
      0.677122,
      -0.203727,
      -0.640167,
      0.300308,
      0.640167,
      -0.300309,
      -0.638274,
      0.304312,
      0.638274,
      -0.304312,
      -0.635387,
      0.310294,
      0.635387,
      -0.310294,
      0.46786,
      -0.530194,
      -0.46786,
      0.530194,
      -0.533019,
      0.464639,
      0.533019,
      -0.464639,
      -0.558039,
      0.434271,
      0.558039,
      -0.434271,
      0.46849,
      -0.529637,
      -0.46849,
      0.529638,
      0.431246,
      -0.56038,
      -0.431246,
      0.56038,
      0.452097,
      -0.543698,
      -0.452097,
      0.543698
    ],
    "scales": [],
    "length": 0.666666,
    "tracks": {
      "Bind": {
        "pos": [
          0,
          8
        ],
        "quat": [
          0,
          12
        ]
      },
      "Bone001": {
        "pos": [
          0,
          0,
          4,
          9,
          9,
          10,
          11,
          0
        ],
        "quat": [
          0,
          2,
          4,
          13,
          9,
          14,
          11,
          2
        ]
      },
      "Bone003": {
        "pos": [
          0,
          1,
          2,
          11,
          3,
          12,
          4,
          13,
          5,
          14,
          6,
          15,
          8,
          16,
          11,
          1
        ],
        "quat": [
          0,
          3,
          2,
          15,
          3,
          16,
          4,
          17,
          5,
          18,
          6,
          19,
          8,
          20,
          11,
          3
        ]
      },
      "Bone005": {
        "pos": [
          0,
          2,
          1,
          17,
          2,
          18,
          5,
          19,
          7,
          20,
          11,
          2
        ],
        "quat": [
          0,
          1,
          1,
          21,
          2,
          22,
          5,
          23,
          7,
          24,
          11,
          1
        ]
      },
      "Bone008": {
        "pos": [
          0,
          3,
          1,
          21,
          2,
          22,
          5,
          23,
          7,
          24,
          11,
          3
        ],
        "quat": [
          0,
          1,
          1,
          25,
          2,
          26,
          5,
          27,
          7,
          28,
          11,
          1
        ]
      },
      "Bone009": {
        "pos": [
          0,
          4,
          11,
          4
        ],
        "quat": [
          0,
          0,
          2,
          4,
          4,
          5,
          6,
          6,
          8,
          7,
          9,
          8,
          10,
          0,
          11,
          0
        ]
      },
      "Bone010": {
        "pos": [
          0,
          25,
          11,
          26
        ],
        "quat": [
          0,
          9,
          5,
          29,
          7,
          30,
          9,
          31,
          11,
          9
        ]
      },
      "Bone011": {
        "pos": [
          0,
          5,
          2,
          27,
          3,
          28,
          4,
          29,
          5,
          30,
          6,
          31,
          8,
          32,
          11,
          5
        ],
        "quat": [
          0,
          10,
          2,
          32,
          3,
          33,
          4,
          34,
          5,
          35,
          6,
          36,
          8,
          37,
          11,
          10
        ]
      },
      "Bone012": {
        "pos": [
          0,
          6,
          2,
          33,
          3,
          34,
          4,
          35,
          5,
          36,
          6,
          37,
          8,
          38,
          11,
          6
        ],