{"is_global":true,"animation":{"fields":["time","attr"],"times":[0.0,0.333333,0.666666,1.0,1.33333],"poses":[0.0,-4.97653,-10.4042,-0.0,0.198553,-11.8356,14.1627,-3.8113,-1.8632,-3e-06,-1.0063,-12.315,11.8663,3.69384,3.01561,11.8663,3.69384,-3.49418,1.84249,3.92466,-3.03451,0.0,-4.97653,-10.0066,-0.0,0.198553,-11.4379,1.84249,3.92466,2.85625,1.84567,-4.34805,-3e-06,14.1628,-3.8113,-1.8632,5.68792,-0.680154,-0.0,5.68792,-0.680155,-0.0],"quats":[4.0669539e-07,-0.0,0.978372,0.206848,-0.0,-0.0,0.715203,0.698916,3.8558582e-07,-1.552997e-07,0.92759,0.373599,-0.295873,-0.642229,0.295873,0.642229,-0.0,0.0,-0.104318,0.994543,-0.647095,0.285073,0.647095,-0.285073,-8.7611193e-07,0.0,-0.134025,0.990977,-0.350721,-0.613999,0.350721,0.613998,-0.0,-0.0,0.89227,0.451502,-0.0,-0.0,0.471933,0.881634,-0.0,0.0,-0.017241,0.999851,-0.669479,0.22759,0.669479,-0.22759,-0.503931,0.496037,0.503931,-0.496037,0.501198,-0.498798,-0.498798,0.501198,0.056455,0.066398,0.08332,0.992704],"scales":[],"length":1.333333,"tracks":{"Bind":{"pos":[0,10],"quat":[0,13]},"Bone001":{"pos":[0,11,2,2,4,2],"quat":[0,6,2,14,4,6]},"Bone003":{"pos":[0,3,4,3],"quat":[0,3,1,7,2,3,3,7,4,3]},"Bone005":{"pos":[0,4,4,4],"quat":[0,0,1,2,2,0,3,2,4,0]},"Bone008":{"pos":[0,5,4,5],"quat":[0,0,1,2,2,0,3,2,4,0]},"Bone009":{"pos":[0,6,4,6],"quat":[0,1,1,8,2,1,3,9,4,1]},"Bone010":{"pos":[0,12,4,13],"quat":[0,4,1,10,2,4,3,10,4,4]},"Bone011":{"pos":[0,0,1,7,2,0,3,7,4,0],"quat":[0,5,1,11,2,5,3,11,4,5]},"Bone012":{"pos":[0,1,1,8,2,1,3,8,4,1],"quat":[0,12,4,12]},"Bone013":{"pos":[0,9,4,9],"quat":[0,1,1,9,2,1,3,8,4,1]}}},"version":"0.1.0"}