{
  "animation": {
    "fields": [
      "time",
      "attr"
    ],
    "times": [
      0,
      0.166666,
      0.3,
      0.433333,
      0.466666,
      0.533333,
      0.6
    ],
    "poses": [
      9.15193,
      -0.065682,
      0.371683,
      0.681896,
      2.42184,
      -0.000035,
      0.616702,
      -2.21593,
      0.000033,
      -0.148092,
      0.108304,
      0,
      12.5617,
      -2.15722,
      -1.89449,
      0,
      0,
      -10.2278,
      2.73634,
      -0.096251,
      3.06376,
      9.195,
      -0.061374,
      0.371683,
      9.79664,
      -5.49558,
      -0.000034,
      9.79663,
      -5.49558,
      -0.000033,
      9.18739,
      6.15849,
      0.000038,
      9.18739,
      6.15849,
      0.000039,
      -0.187422,
      2.41622,
      0.307025,
      0.70761,
      2.33586,
      0.407914,
      1.8264,
      2.2354,
      0.534026,
      1.25415,
      2.32862,
      0.266995,
      2.42591,
      -1.7517,
      0.004111,
      0.120132,
      -2.21915,
      0.30586,
      -0.147294,
      -2.22088,
      0.178327,
      0.005504,
      -2.21989,
      0.142668,
      0.311103,
      -2.21791,
      0.071351,
      -1.6469,
      0.098604,
      0,
      -0.609263,
      0.10532,
      0,
      0,
      0,
      -9.91146
    ],
    "quats": [
      -0.707025,
      0.010557,
      0.013926,
      0.706972,
      0.167144,
      -0.385912,
      -0.092385,
      0.902551,
      -0.937233,
      -0.089819,
      -0.335546,
      -0.030548,
      -0.308091,
      -0.00099,
      0.951351,
      -0.003076,
      0.333869,
      0.001087,
      0.942613,
      -0.003053,
      0.000196,
      -0.233445,
      0.00083,
      0.972369,
      0,
      0,
      -0.127749,
      0.991806,
      -0.47805,
      -0.521025,
      -0.518744,
      0.480525,
      -0.70385,
      -0.068304,
      -0.070631,
      0.703519,
      0.15788,
      -0.212956,
      -0.066925,
      0.961896,
      -0.885418,
      -0.093038,
      -0.455009,
      -0.018563,
      -0.002365,
      -6.6715569e-7,
      0.999991,
      -0.003236,
      0.317233,
      0.001033,
      0.948341,
      -0.003071,
      -0.173787,
      -0.000555,
      0.984777,
      -0.003186,
      -0.365032,
      -0.001174,
      0.930989,
      -0.00301,
      0.00142,
      0.000073,
      0.9989,
      -0.046852,
      -0.37945,
      -0.001221,
      0.925206,
      -0.002991,
      -0.047515,
      -0.000146,
      0.998865,
      -0.003232,
      0.006867,
      0.000029,
      0.999971,
      -0.003236,
      0.2651,
      0.000864,
      0.964215,
      -0.003122,
      0.010379,
      -0.233214,
      0.043244,
      0.971407,
      -0.007688,
      -0.233318,
      -0.032012,
      0.971842,
      0,
      0,
      0.072549,
      0.997364,
      -0.59762,
      -0.365011,
      -0.378983,
      0.604968
    ],
    "scales": [],
    "length": 0.6,
    "tracks": {
      "Bone001": {
        "pos": [
          0,
          0,
          2,
          7,
          6,
          0
        ],
        "quat": [
          0,
          0,
          2,
          8,
          6,
          0
        ]
      },
      "Bone002": {
        "pos": [
          0,
          8,
          6,
          9
        ],
        "quat": [
          0,
          1,
          2,
          9,
          6,
          1
        ]
      },
      "Bone003": {
        "pos": [
          0,
          10,
          6,
          11
        ],
        "quat": [
          0,
          2,
          2,
          10,
          6,
          2
        ]
      },
      "Bone004": {
        "pos": [
          0,
          1,
          1,
          12,
          2,
          13,
          4,
          14,
          5,
          15,
          6,
          1
        ],
        "quat": [
          0,
          3,
          1,
          11,
          2,
          12,
          4,
          13,
          5,
          14,
          6,
          3
        ]
      },
      "Bone007": {
        "pos": [
          0,
          2,
          1,
          16,
          2,
          17,
          3,
          18,
          4,
          19,
          5,
          20,
          6,
          2
        ],
        "quat": [
          0,
          4,
          1,
          15,
          2,
          16,
          3,
          17,
          4,
          18,
          5,
          19,
          6,
          4
        ]
      },
      "Bone008": {
        "pos": [
          0,
          3,
          1,
          21,
          4,
          22,
          6,
          3
        ],
        "quat": [
          0,
          5,
          1,
          20,
          4,
          21,
          6,
          5
        ]
      },
      "Bone009": {
        "pos": [
          0,
          4,
          6,
          4
        ],
        "quat": [
          0,
          6,
          2,
          22,
          6,
          6
        ]
      },
      "Bone010": {
        "pos": [
          0,
          5,
          4,
          23,
          6,
          5
        ]
      },
      "Bone011": {
        "pos": [
          0,
          6,
          6,
          6
        ],
        "quat": [
          0,
          7,
          2,
          23,
          6,
          7
        ]
      }
    }
  },
  "version": "0.1.0"
}
