{
  "is_global": true,
  "animation": {
    "fields": [
      "time",
      "attr"
    ],
    "times": [
      0,
      0.166666,
      0.333333,
      0.533333,
      0.666666,
      0.7,
      0.833333,
      0.866666,
      1,
      1.06667,
      1.16667,
      1.23333,
      1.33333,
      1.4,
      1.5,
      1.56667,
      1.66667,
      1.76667,
      1.83333,
      1.86667,
      1.93333,
      2,
      2.1,
      2.16667,
      2.3,
      2.46667,
      2.66667
    ],
    "poses": [
      11.8663,
      3.69384,
      -3.49418,
      14.1628,
      -3.8113,
      -1.8632,
      -0.000003,
      -1.0063,
      -12.315,
      11.8663,
      3.69384,
      3.01561,
      1.84249,
      3.92466,
      -3.03451,
      5.68792,
      -0.680154,
      0,
      0,
      -4.97653,
      -10.4042,
      1.84249,
      3.92466,
      2.85625,
      14.1447,
      -3.74882,
      -1.85999,
      14.1303,
      -3.69883,
      -1.85742,
      14.0974,
      -3.53472,
      -1.94084,
      14.1104,
      -3.59004,
      -1.92531,
      14.1235,
      -3.64535,
      -1.90979,
      11.6374,
      3.41223,
      -3.49418,
      11.5229,
      3.27142,
      -3.49418,
      11.4084,
      3.13062,
      -3.49418,
      11.2939,
      2.98981,
      -3.49418,
      11.1794,
      2.84901,
      -3.49418,
      11.0649,
      2.7082,
      -3.49418,
      0,
      0.198553,
      -11.8356
    ],
    "quats": [
      -0.345538,
      -0.61693,
      0.345538,
      0.61693,
      -0.321439,
      -0.629822,
      0.321439,
      0.629822,
      0,
      0,
      0.978372,
      0.206848,
      0,
      0,
      0.715203,
      0.698915,
      -8.7611193e-7,
      0,
      -0.134025,
      0.990977,
      -0.295873,
      -0.642229,
      0.295873,
      0.642229,
      -0.156592,
      -0.068458,
      0.104789,
      0.979699,
      0,
      0,
      -0.104318,
      0.994543,
      -0.647095,
      0.285073,
      0.647095,
      -0.285073,
      0.013338,
      -0.004304,
      0.039531,
      0.99912,
      0.00361,
      0.149134,
      0.141869,
      0.97858,
      -0.179265,
      0.1927,
      0.26764,
      0.926876,
      -0.035101,
      0.178788,
      -0.19579,
      0.96357,
      -0.06821,
      0.116705,
      0.064116,
      0.988744,
      0,
      0,
      0.910411,
      0.413704,
      0.072469,
      0.195497,
      0.087855,
      0.974068,
      0.15913,
      0.286983,
      0.095351,
      0.939801,
      -0.014103,
      0.099403,
      0.079485,
      0.991767,
      0.105465,
      0.222809,
      0.091067,
      0.964852,
      0,
      0,
      0.745009,
      0.667054,
      0.03287,
      0.048959,
      -0.104034,
      0.992823,
      -0.022832,
      -0.037166,
      -0.104218,
      0.993597,
      -0.669479,
      0.22759,
      0.669479,
      -0.22759,
      0.056787,
      -0.066115,
      0.649088,
      0.755703
    ],
    "scales": [],
    "length": 2.666666,
    "tracks": {
      "Bone001": {
        "pos": [
          0,
          1,
          6,
          8,
          14,
          9,
          18,
          10,
          21,
          11,
          23,
          12,
          26,
          1
        ],
        "quat": [
          0,
          4,
          6,
          9,
          14,
          10,
          18,
          11,
          21,
          12,
          23,
          13,
          26,
          4
        ]
      },
      "Bone003": {
        "pos": [
          0,
          2,
          26,
          2
        ],
        "quat": [
          0,
          5,
          1,
          0,
          2,
          1,
          3,
          0,
          5,
          1,
          7,
          0,
          9,
          1,
          11,
          0,
          13,
          1,
          15,
          0,
          17,
          1,
          20,
          0,
          22,
          1,
          24,
          0,
          25,
          1,
          26,
          5
        ]
      },
      "Bone005": {
        "pos": [
          0,
          3,
          26,
          3
        ],
        "quat": [
          0,
          2,
          12,
          14,
          26,
          2
        ]
      },
      "Bone008": {
        "pos": [
          0,
          0,
          4,
          0,
          8,
          13,
          10,
          14,
          12,
          15,
          14,
          16,
          16,
          17,
          18,
          18,
          26,
          0
        ],
        "quat": [
          0,
          2,
          4,
          2,
          8,
          15,
          10,
          16,
          12,
          17,
          14,
          6,
          16,
          18,
          18,
          6,
          26,
          2
        ]
      },
      "Bone009": {
        "pos": [
          0,
          4,
          26,
          4
        ],
        "quat": [
          0,
          3,
          8,
          19,
          26,
          3
        ]
      },
      "Bone010": {
        "pos": [
          0,
          5,
          26,
          5
        ],
        "quat": [
          0,
          7,
          7,
          20,
          19,
          21,
          26,
          7
        ]
      },
      "Bone011": {
        "pos": [
          0,
          6,
          26,
          6
        ],
        "quat": [
          0,
          8,
          12,
          22,
          26,
          8
        ]
      },
      "Bone012": {
        "pos": [
          0,
          19
        ]
      },
      "Bone013": {
        "pos": [
          0,
          7,
          26,
          7
        ],
        "quat": [
          0,
          3,
          12,
          23,
          26,
          3
        ]
      }
    }
  },
  "version": "0.1.0"
}
