{
  "is_global": true,
  "animation": {
    "fields": [
      "time",
      "attr"
    ],
    "times": [
      0,
      0.5,
      1
    ],
    "poses": [
      19.2474,
      -2.85864,
      -0.343444,
      19.1851,
      -0.107292,
      -2.42296,
      10.9932,
      -4.2445,
      -1.70184,
      11.163,
      4.0747,
      -1.70184,
      -0.107291,
      -8.16703,
      -15,
      19.1851,
      -0.107292,
      1.2516,
      19.2474,
      2.55823,
      -0.343444,
      12.8072,
      -0.107292,
      -7.20802,
      19.2474,
      -3.77959,
      -0.343444,
      19.1851,
      -0.107292,
      -3.32304,
      -0.107291,
      -8.16703,
      -14.0984,
      19.1851,
      -0.107292,
      2.16799,
      19.2474,
      3.50419,
      -0.343444,
      12.8072,
      -0.107292,
      -6.88617
    ],
    "quats": [
      0,
      0,
      0.003875,
      0.999992,
      -0.707062,
      -0.007913,
      -0.007913,
      0.707062,
      0,
      0,
      -0.702377,
      0.711804,
      0,
      0,
      0.70473,
      0.709475,
      0,
      0,
      -0.083294,
      0.996525,
      -0.705061,
      0.05374,
      0.05374,
      0.705061,
      -0.061216,
      0,
      -0.699704,
      0.711804,
      0.061421,
      0,
      0.702048,
      0.709475,
      -0.703682,
      -0.069508,
      -0.069508,
      0.703682,
      0,
      0,
      0.091016,
      0.995849
    ],
    "scales": [],
    "length": 1,
    "tracks": {
      "Bone001": {
        "pos": [
          0,
          0,
          1,
          8,
          2,
          0
        ],
        "quat": [
          0,
          0,
          1,
          4,
          2,
          0
        ]
      },
      "Bone002": {
        "pos": [
          0,
          1,
          1,
          9,
          2,
          1
        ],
        "quat": [
          0,
          1,
          1,
          5,
          2,
          1
        ]
      },
      "Bone003": {
        "pos": [
          0,
          2,
          2,
          2
        ],
        "quat": [
          0,
          2,
          1,
          6,
          2,
          2
        ]
      },
      "Bone004": {
        "pos": [
          0,
          3,
          2,
          3
        ],
        "quat": [
          0,
          3,
          1,
          7,
          2,
          3
        ]
      },
      "Bone005": {
        "pos": [
          0,
          4,
          1,
          10,
          2,
          4
        ]
      },
      "Bone007": {
        "pos": [
          0,
          5,
          1,
          11,
          2,
          5
        ],
        "quat": [
          0,
          1,
          1,
          8,
          2,
          1
        ]
      },
      "Bone008": {
        "pos": [
          0,
          6,
          1,
          12,
          2,
          6
        ],
        "quat": [
          0,
          0,
          1,
          9,
          2,
          0
        ]
      },
      "Bone009": {
        "pos": [
          0,
          7,
          1,
          13,
          2,
          7
        ]
      }
    }
  },
  "version": "0.1.0"
}
