{"is_global":true,"animation":{"fields":["time","attr"],"times":[0.0,0.133333,0.266666,0.4,0.533333],"poses":[5.87082,0.141317,-11.0188,0.0,-15.4995,-14.0,5.87082,0.141312,10.9997,5.87082,0.141311,10.9997,0.0,-15.8123,-15.0823,0.0,-16.7759,-14.5234,0.0,-16.4688,-13.2698],"quats":[-0.0,-0.0,-0.000718,0.999999,-0.923879,0.000663,-0.000274,0.382683,-0.910863,0.000654,0.000296,-0.412706,-1.7484551e-07,0.0,-0.000718,0.999999,-0.500359,-0.499641,0.500359,0.49964,-0.503257,-0.496721,0.503257,0.49672,-0.506138,-0.493785,0.506138,0.493784,-0.509002,-0.490832,0.509002,0.490831],"scales":[],"length":0.533333,"tracks":{"Bone004":{"pos":[0,0,4,0],"quat":[0,0,1,1,2,0,3,2,4,3]},"Bone005":{"pos":[0,2,4,3],"quat":[0,0,1,1,2,0,3,2,4,3]},"Bone006":{"pos":[0,1,1,4,2,5,3,6,4,1],"quat":[0,4,1,5,2,6,3,7,4,4]}}},"version":"0.1.0"}