{
  "is_global": true,
  "animation": {
    "fields": [
      "time",
      "attr"
    ],
    "times": [
      0,
      0.033333,
      0.066666,
      0.1,
      0.133333,
      0.166666,
      0.2,
      0.233333,
      0.266666,
      0.3,
      0.333333,
      0.366666,
      0.4,
      0.433333,
      0.466666,
      0.5,
      0.533333,
      0.566666,
      0.6,
      0.633333,
      0.666666,
      0.7,
      0.733333,
      0.766666,
      0.8,
      0.833333,
      0.866666,
      0.9,
      0.933333,
      0.966666,
      1,
      1.03333,
      1.06667,
      1.1,
      1.13333,
      1.16667,
      1.2,
      1.23333,
      1.26667,
      1.3,
      1.33333,
      1.36667,
      1.4,
      1.43333,
      1.46667,
      1.5,
      1.53333,
      1.56667,
      1.6,
      1.63333,
      1.66667,
      1.7,
      1.73333,
      1.76667,
      1.8,
      1.83333,
      1.86667,
      1.9,
      1.93333,
      1.96667,
      2
    ],
    "poses": [
      19.2474,
      -2.85864,
      -0.343444,
      19.1851,
      -0.107292,
      -2.42296,
      10.9932,
      -4.2445,
      -1.70184,
      11.163,
      4.0747,
      -1.70184,
      -0.107291,
      -8.16703,
      -15,
      -0.107291,
      -8.16703,
      -14.9795,
      -0.107291,
      -8.16703,
      -14.9589,
      -0.107291,
      -8.16703,
      -14.9384,
      -0.107291,
      -8.16703,
      -14.9179,
      -0.107291,
      -8.16703,
      -14.8974,
      -0.107291,
      -8.16703,
      -14.8768,
      -0.107291,
      -8.16703,
      -14.8563,
      -0.107291,
      -8.16703,
      -14.8358,
      -0.107291,
      -8.16703,
      -14.8153,
      -0.107291,
      -8.16703,
      -14.7947,
      -0.107291,
      -8.16703,
      -14.7742,
      -0.107291,
      -8.16703,
      -14.7537,
      -0.107291,
      -8.16703,
      -14.7332,
      -0.107291,
      -8.16703,
      -14.7126,
      -0.107291,
      -8.16703,
      -14.6921,
      -0.107291,
      -8.16703,
      -14.6716,
      -0.107291,
      -8.16703,
      -14.6511,
      -0.107291,
      -8.16703,
      -14.6305,
      -0.107291,
      -8.16703,
      -14.61,
      -0.107291,
      -8.16703,
      -14.5895,
      -0.107291,
      -8.16703,
      -14.569,
      -0.107291,
      -8.16703,
      -14.5484,
      -0.107291,
      -8.16703,
      -14.5279,
      -0.107291,
      -8.16703,
      -14.5074,
      -0.107291,
      -8.16703,
      -14.4868,
      -0.107291,
      -8.16703,
      -14.4663,
      -0.107291,
      -8.16703,
      -14.4458,
      -0.107291,
      -8.16703,
      -14.4253,
      -0.107291,
      -8.16703,
      -14.4047,
      -8.27674,
      0.042444,
      -0.525329,
      19.1851,
      -0.107292,
      1.2516,
      19.2474,
      2.55823,
      -0.343444,
      12.8072,
      -0.107292,
      -7.20802,
      12.8072,
      -0.107292,
      -7.05298,
      19.2474,
      -3.18913,
      -0.343444,
      19.1851,
      -0.107292,
      -2.74688,
      -0.107291,
      -8.16703,
      -14.3842,
      -8.27674,
      0.042444,
      -0.368064,
      19.1851,
      -0.107292,
      1.84763,
      19.2474,
      2.77734,
      -0.343444,
      12.8072,
      -0.107292,
      -6.89794
    ],
    "quats": [
      0,
      0,
      0.707106,
      0.707106,
      0,
      0,
      -0.702377,
      0.711804,
      0,
      0,
      0.70473,
      0.709475,
      -0.000009,
      0.002442,
      0.707042,
      0.707166,
      -0.000019,
      0.004884,
      0.70697,
      0.707225,
      -0.000028,
      0.007326,
      0.70689,
      0.707285,
      -0.000036,
      0.009767,
      0.7068,
      0.707345,
      -0.000044,
      0.012209,
      0.706703,
      0.707404,
      -0.000052,
      0.014651,
      0.706597,
      0.707464,
      -0.00006,
      0.017092,
      0.706483,
      0.707523,
      -0.000067,
      0.019533,
      0.70636,
      0.707582,
      -0.000073,
      0.021974,
      0.706228,
      0.707642,
      -0.000079,
      0.024415,
      0.706089,
      0.707701,
      -0.000085,
      0.026856,
      0.705941,
      0.707761,
      -0.00009,
      0.029296,
      0.705784,
      0.70782,
      -0.000095,
      0.031736,
      0.705619,
      0.707879,
      -0.0001,
      0.034175,
      0.705446,
      0.707939,
      0,
      -0.001645,
      0.707104,
      0.707106,
      0,
      -0.003291,
      0.707099,
      0.707106,
      0,
      -0.004936,
      0.707089,
      0.707106,
      0,
      -0.006581,
      0.707076,
      0.707106,
      0,
      -0.008227,
      0.707058,
      0.707106,
      0,
      -0.009872,
      0.707037,
      0.707106,
      0,
      -0.011518,
      0.707013,
      0.707106,
      0,
      -0.013163,
      0.706984,
      0.707106,
      0,
      -0.014808,
      0.706951,
      0.707106,
      0,
      -0.016453,
      0.706915,
      0.707106,
      0,
      -0.018098,
      0.706875,
      0.707106,
      0,
      -0.019743,
      0.706831,
      0.707106,
      0,
      -0.021388,
      0.706783,
      0.707106,
      0,
      -0.023033,
      0.706731,
      0.707106,
      -0.707062,
      -0.007913,
      -0.007913,
      0.707062,
      0.020453,
      0.078512,
      -0.693708,
      0.715672,
      -0.039028,
      0.096593,
      0.691605,
      0.714722,
      -0.000104,
      0.036614,
      0.705264,
      0.707998,
      0,
      -0.024677,
      0.706676,
      0.707106,
      -0.675572,
      -0.009118,
      -0.006581,
      0.737207,
      -0.70305,
      -0.009374,
      -0.006356,
      0.711049,
      -0.729516,
      -0.009659,
      -0.00616,
      0.683867
    ],
    "scales": [],
    "length": 2,
    "tracks": {
      "Bone001": {
        "pos": [
          0,
          0,
          30,
          39,
          60,
          0
        ]
      },
      "Bone002": {
        "pos": [
          0,
          1,
          30,
          40,
          60,
          1
        ]
      },
      "Bone003": {
        "pos": [
          0,
          2,
          60,
          2
        ],
        "quat": [
          0,
          1,
          30,
          32,
          60,
          1
        ]
      },
      "Bone004": {
        "pos": [
          0,
          3,
          60,
          3
        ],
        "quat": [
          0,
          2,
          30,
          33,
          60,
          2
        ]
      },