{"mesh":[{"material":"2021s3/xy_electro_armorA/ss_electro_armorA","indices":[0,1,12,0,13,1,2,3,14,2,15,3,4,5,16,4,17,5,6,7,18,6,19,7,8,9,20,8,21,9,10,11,22,10,23,11],"vertices":[5,0,5,0,1,0,1,0,3,1,3,0,7,1,7,0,2,2,2,0,0,2,0,0,1,1,1,0,5,1,5,0,7,0,7,0,3,0,3,0,0,3,0,0,2,3,2,0,0,0,0,0,4,0,4,0,6,1,6,0,2,1,2,0,1,2,1,0,3,2,3,0,0,1,0,0,4,1,4,0,6,0,6,0,2,0,2,0,1,3,1,0,3,3,3,0],"fields":["pos","normal","uvcoord","weight"],"poses":[4.43577,8.12345,-2.37164,4.43577,10.2286,-2.37164,4.43577,10.2286,2.37711,4.43577,8.12345,2.37711,0.872529,10.2286,-2.37164,0.872529,8.12345,-2.37164,0.872529,8.12345,2.37711,0.872529,10.2286,2.37711],"normals":[-0.0,-0.0,-1.0,0.0,0.0,1.0,1.0,0.0,0.0,-1.0,0.0,0.0],"uvcoords":[0.1562,0.7969,0.1562,0.7656,0.2188,0.7656,0.2188,0.7969,0.1094,0.7656,0.1094,0.7969,0.2656,0.7969,0.2656,0.7656],"weights":["Bone000",1.0],"colors":[]}],"version":"0.1.0"}