{"mesh":[{"indices":[4,5,62,4,6,5,4,24,6,24,4,25,6,0,5,0,38,5,6,7,0,7,39,0,0,63,38,7,26,39,7,27,26,27,8,26,27,40,8,8,40,41,8,41,64,24,25,28,28,25,42,28,42,65,43,44,66,43,67,44,45,46,68,45,69,46,47,9,70,47,10,9,9,1,11,10,1,9,29,12,10,10,12,1,1,71,30,1,30,11,11,30,48,11,48,72,13,73,12,29,13,12,13,29,49,13,49,74,14,15,75,14,16,15,2,16,14,50,2,14,31,15,16,31,32,15,2,17,16,51,17,2,50,76,2,51,33,17,34,17,33,18,34,33,18,52,34,18,77,53,18,53,52,31,35,32,35,54,32,35,78,54,55,56,79,55,80,56,57,58,81,57,82,58,19,59,83,19,20,59,3,19,21,3,20,19,22,36,20,3,22,20,84,3,37,37,3,21,21,85,60,21,60,37,86,23,22,23,36,22,23,61,36,23,87,61],"material":"2021s4/yx_dragon_armorA","vertices":[32,0,24,0,30,1,22,0,61,1,24,0,57,0,22,0,19,0,7,0,17,0,5,0,18,0,6,0,33,0,25,0,43,0,35,0,21,1,13,0,22,1,14,0,31,1,23,0,24,1,16,0,26,1,18,0,47,1,5,0,45,1,7,0,46,1,6,0,60,1,25,0,71,6,35,0,51,0,13,0,50,0,14,0,59,13,23,0,52,0,16,0,53,10,18,0,38,0,30,0,41,0,33,0,35,0,27,0,39,0,31,0,40,0,32,0,27,1,19,0,28,1,20,0,66,1,30,0,68,4,33,0,62,1,27,0,67,1,31,0,69,4,32,0,55,11,19,0,56,12,20,0,36,0,28,0,34,0,26,0,42,0,34,0,6,0,2,0,0,0,0,0,3,2,9,0,1,2,1,0,7,2,3,0,5,2,11,0,23,1,15,0,2,1,39,0,4,1,37,0,65,1,28,0,63,1,26,0,70,6,34,0,14,7,2,0,8,5,0,0,11,3,1,0,9,3,9,0,15,3,11,0,13,3,3,0,49,0,15,0,10,9,39,0,12,8,37,0,16,0,4,0,37,0,29,0,7,0,3,0,1,0,1,0,0,2,0,0,2,2,8,0,4,2,10,0,6,2,2,0,20,1,12,0,29,1,21,0,3,1,38,0,25,1,17,0,5,1,36,0,44,1,4,0,64,1,29,0,13,7,3,0,11,5,1,0,8,3,0,0,10,3,8,0,12,3,10,0,14,3,2,0,48,0,12,0,58,0,21,0,9,9,38,0,54,0,17,0,15,8,36,0],"fields":["pos","normal","uvcoord","weight"],"poses":[-4.335,24.2057,-2.295,-3.25125,24.2057,-2.295,-3.25125,24.2057,2.295,-4.335,24.2057,2.295,4.335,24.2057,2.295,3.25125,24.2057,2.295,3.25125,24.2057,-2.295,4.335,24.2057,-2.295,-4.335,24.1845,-2.27379,-4.335,24.1845,2.27378,-3.25125,24.1845,2.27378,-3.25125,24.1845,-2.27379,4.335,24.1845,2.27379,4.335,24.1845,-2.27379,3.25125,24.1845,-2.27379,3.25125,24.1845,2.27378,-3.25125,17.8307,-2.295,-2.1675,17.8307,-2.295,-2.1675,19.9557,-2.295,-3.25125,19.9557,-2.295,-2.1675,18.8932,2.295,-2.1675,19.9557,2.295,2.1675,19.9557,2.295,2.1675,18.8932,2.295,2.1675,21.0182,2.295,2.1675,22.0807,2.295,3.25125,22.0807,2.295,4.335,19.9557,2.295,-3.25125,22.0807,2.295,-2.1675,22.0807,2.295,-2.1675,21.0182,2.295,-4.335,19.9557,2.295,2.1675,17.8307,-2.295,2.1675,19.9557,-2.295,3.25125,17.8307,-2.295,3.25125,19.9557,-2.295,-2.1675,16.7682,-2.295,2.1675,16.7682,-2.295,-2.1675,21.0182,-2.295,2.1675,21.0182,-2.295,-3.25125,21.0182,-2.295,-4.335,19.9557,-2.295,3.25125,21.0182,-2.295,4.335,19.9557,-2.295,-3.25125,17.8307,-2.265,-3.25125,19.9557,-2.265,-2.1675,19.9557,-2.265,-2.1675,17.8307,-2.265,-2.1675,18.8932,2.265,2.1675,18.8932,2.265,2.1675,19.9557,2.265,-2.1675,19.9557,2.265,2.1675,21.0182,2.265,3.25125,22.0807,2.265,2.1675,22.0807,2.265,4.335,19.9557,2.265,-3.25125,22.0807,2.265,-2.1675,21.0182,2.265,-2.1675,22.0807,2.265,-4.335,19.9557,2.265,2.1675,19.9557,-2.265,2.1675,17.8307,-2.265,3.25125,19.9557,-2.265,3.25125,17.8307,-2.265,2.1675,16.7682,-2.265,-2.1675,16.7682,-2.265,-2.1675,21.0182,-2.265,2.1675,21.0182,-2.265,-4.335,19.9557,-2.265,-3.25125,21.0182,-2.265,3.25125,21.0182,-2.265,4.335,19.9557,-2.265],"normals":[0.0,-0.0,-1.0,0.0,0.0,1.0,0.0,1.0,-0.0,0.0,-1.0,0.0,-0.0006,0.0012,1.0,-0.0012,0.0024,1.0,0.0006,0.0012,1.0,0.0012,0.0024,1.0,0.0027,0.0028,-1.0,-0.0027,0.0028,-1.0,0.0015,0.0016,-1.0,0.0008,0.0008,-1.0,-0.0015,0.0016,-1.0,-0.0008,0.0008,-1.0],"uvcoords":[0.5156,0.6406,0.5312,0.6406,0.625,0.6406,0.6406,0.6406,0.5312,0.7344,0.5469,0.7344,0.5469,0.7031,0.5312,0.7031,0.5312,0.5781,0.5156,0.5781,0.6406,0.5781,0.625,0.5781,0.8906,0.7344,0.8906,0.7188,0.8281,0.7188,0.8281,0.7344,0.8281,0.7031,0.8281,0.6875,0.8125,0.6875,0.7969,0.7188,0.9062,0.6875,0.8906,0.6875,0.8906,0.7031,0.9219,0.7188,0.6094,0.7344,0.6094,0.7031,0.625,0.7344,0.625,0.7031,0.5469,0.75,0.6094,0.75,0.5469,0.6875,0.6094,0.6875,0.5312,0.6875,0.5156,0.7031,0.625,0.6875,0.6406,0.7031,0.8125,0.6562,0.7969,0.6562,0.9219,0.6562,0.9062,0.6562],"weights":["Bone003",1.0],"colors":[]}],"version":"0.1.0"}