{"mesh":[{"indices":[2,3,22,3,48,22,2,23,3,2,49,23,24,4,50,24,5,4,5,25,4,5,51,25,52,6,0,0,7,26,0,26,53,6,7,0,6,54,7,27,8,9,9,8,28,9,28,55,27,56,8,29,10,57,29,11,10,11,30,10,11,58,30,12,13,31,59,12,31,12,32,13,60,13,32,33,14,15,34,61,15,34,15,14,33,62,14,16,63,1,1,64,35,1,35,17,17,16,1,65,16,17,36,18,66,36,19,18,19,37,18,19,67,37,20,38,68,20,21,38,39,21,20,39,69,21,40,41,70,40,71,41,42,43,72,42,73,43,44,45,74,44,75,45,46,47,76,46,77,47],"material":"2021s4/xyb","vertices":[6,2,8,0,12,18,8,0,7,3,3,0,5,3,1,0,16,4,5,0,5,4,6,0,9,2,9,0,27,2,27,0,17,0,12,0,1,0,11,0,20,0,16,0,0,0,17,0,13,17,1,0,11,15,3,0,29,5,5,0,13,5,6,0,15,20,9,0,38,23,27,0,31,8,12,0,3,8,11,0,33,22,16,0,2,21,17,0,4,3,0,0,6,3,2,0,0,4,7,0,23,4,23,0,26,2,26,0,7,0,14,0,21,0,20,0,4,0,18,0,22,0,21,0,10,14,0,0,12,16,2,0,2,6,7,0,37,12,23,0,39,13,26,0,11,7,14,0,34,10,20,0,10,9,18,0,35,11,21,0,44,0,34,0,1,0,32,0,47,0,38,0,45,0,36,0,51,1,34,0,49,1,32,0,55,1,38,0,53,1,36,0,0,3,29,0,1,3,28,0,8,4,4,0,24,4,24,0,1,2,10,0,25,2,25,0,28,2,30,0,9,0,19,0,18,0,13,0,19,0,15,0,8,0,22,0,2,25,29,0,3,24,28,0,36,12,24,0,14,6,4,0,3,19,10,0,40,13,25,0,41,26,30,0,30,7,13,0,15,10,19,0,32,9,15,0,14,11,22,0,42,0,31,0,43,0,33,0,0,0,35,0,46,0,37,0,48,1,33,0,50,1,31,0,52,1,37,0,54,1,35,0],"fields":["pos","normal","uvcoord","weight"],"poses":[4.59,32.9122,-4.57339,-4.59,32.9122,-4.57339,4.57268,32.8949,-4.55607,-4.57268,32.8949,-4.55607,2.295,32.9122,-4.57339,4.59,32.9122,2.3116,-4.59,32.9122,2.31161,-2.295,32.9122,-4.57339,4.59,28.3223,-4.57339,-4.59,29.4697,-4.57339,2.295,32.8854,-4.55998,-2.295,32.8854,-4.55998,-4.56879,32.891,2.31161,4.56879,32.891,2.3116,4.56879,28.3223,-4.55218,-4.56317,29.4697,-4.55998,4.59,28.3223,-2.27839,-3.4425,31.7647,-4.57339,-2.295,31.7647,-4.57339,2.295,31.7647,-4.57339,3.4425,31.7647,-4.57339,-3.4425,29.4697,-4.57339,3.4425,28.3223,-4.57339,4.59,24.8798,-2.27839,4.59,24.8798,2.3116,-4.59,24.8798,2.31161,-4.59,24.8798,-2.27839,-4.59,28.3223,-2.27839,-4.59,28.3223,-4.57339,4.56,28.3223,-2.27839,-2.295,31.7647,-4.54339,-3.4425,31.7647,-4.54339,2.295,31.7647,-4.5434,3.4425,31.7647,-4.5434,-3.4425,29.4697,-4.54339,3.4425,28.3223,-4.5434,4.56,24.8798,2.3116,4.56,24.8798,-2.27839,-4.56,28.3223,-2.27839,-4.56,24.8798,-2.27839,-4.56,24.8798,2.31161,-4.56,28.3223,-4.57339,-4.59,34.0597,-4.57339,-3.4425,32.9122,-4.57339,-3.4425,34.0597,-4.57339,4.59,34.0597,-4.57339,3.4425,34.0597,-4.57339,3.4425,32.9122,-4.57339,-3.4425,32.9122,-4.55838,-4.59,32.9122,-4.55838,-4.59,34.0597,-4.55838,-3.4425,34.0597,-4.55838,3.4425,34.0597,-4.55838,4.59,34.0597,-4.55838,4.59,32.9122,-4.55838,3.4425,32.9122,-4.55838],"normals":[0.0,-0.0,-1.0,0.0,0.0,1.0,-1.0,0.0,0.0,0.0,1.0,-0.0,1.0,0.0,0.0,-1.0,0.0014,-0.0004,-1.0,0.0021,-0.0014,0.0012,0.0136,0.9999,-0.0061,0.0064,1.0,-0.0012,0.0136,0.9999,-0.0134,-0.0007,0.9999,0.0093,0.0005,1.0,-1.0,0.0008,0.0006,1.0,0.0008,0.0006,0.0017,-1.0,0.0003,-0.0017,-1.0,0.0003,-0.0009,-1.0,0.0005,0.0009,-1.0,0.0005,1.0,0.0017,0.0001,1.0,0.0028,-0.0006,1.0,0.0026,-0.0003,0.0041,0.007,1.0,0.004,0.007,1.0,1.0,0.0015,0.0002,-0.0042,-1.0,-0.0006,0.0042,-1.0,-0.0006,1.0,0.0028,-0.0],"uvcoords":[0.4219,0.1875,0.3906,0.2812,0.5156,0.2812,0.4844,0.1875,0.125,0.2188,0.1562,0.2188,0.2188,0.1562,0.125,0.1562,0.625,0.125,0.7188,0.1719,0.7188,0.125,0.2969,0.3906,0.3125,0.4062,0.3281,0.4062,0.3281,0.3906,0.4375,0.4062,0.4531,0.4062,0.4688,0.3906,0.4375,0.3906,0.2969,0.4375,0.3125,0.4375,0.4531,0.4531,0.4688,0.4531,0.1562,0.2656,0.2188,0.2656,0.625,0.2344,0.6875,0.2344,0.6875,0.1875,0.5156,0.1875,0.3906,0.1875,0.7188,0.1875,0.3594,0.0312,0.3594,0.0469,0.375,0.0469,0.375,0.0312,0.4844,0.0469,0.4844,0.0312,0.4688,0.0312,0.4688,0.0469],"weights":["Bone005",1.0],"colors":[]}],"version":"0.1.0"}