{
  "mesh": [
    {
      "material": "2021s4/xy_dragon_armorA",
      "indices": [
        [
          3,
          1,
          0
        ],
        [
          3,
          2,
          1
        ],
        [
          7,
          5,
          4
        ],
        [
          7,
          6,
          5
        ],
        [
          7,
          13,
          14
        ],
        [
          7,
          14,
          6
        ],
        [
          15,
          14,
          13
        ],
        [
          15,
          13,
          12
        ],
        [
          11,
          9,
          8
        ],
        [
          11,
          10,
          9
        ],
        [
          10,
          11,
          17
        ],
        [
          10,
          17,
          16
        ],
        [
          17,
          19,
          18
        ],
        [
          17,
          18,
          16
        ],
        [
          23,
          21,
          20
        ],
        [
          23,
          22,
          21
        ],
        [
          27,
          25,
          24
        ],
        [
          27,
          26,
          25
        ],
        [
          32,
          33,
          25
        ],
        [
          32,
          25,
          26
        ],
        [
          35,
          33,
          32
        ],
        [
          35,
          34,
          33
        ],
        [
          31,
          29,
          28
        ],
        [
          31,
          30,
          29
        ],
        [
          30,
          36,
          29
        ],
        [
          30,
          37,
          36
        ],
        [
          39,
          38,
          36
        ],
        [
          39,
          36,
          37
        ]
      ],
      "vertices": [
        {
          "pos": [
            -4.25,
            8.601664,
            2.585388
          ],
          "normal": [
            3.351198358814145e-7,
            2.114690005328157e-7,
            0.999999
          ],
          "uvcoord": [
            0.421875,
            0.59375
          ],
          "weight": [
            [
              "Bone006",
              1
            ]
          ]
        },
        {
          "pos": [
            -4.25,
            11.741552,
            2.585387
          ],
          "normal": [
            3.351198358814145e-7,
            2.114690005328157e-7,
            0.999999
          ],
          "uvcoord": [
            0.421875,
            0.546875
          ],
          "weight": [
            [
              "Bone006",
              1
            ]
          ]
        },
        {
          "pos": [
            -2.115672,
            11.741552,
            2.585387
          ],
          "normal": [
            3.351198643031239e-7,
            2.114690005328157e-7,
            0.999999
          ],
          "uvcoord": [
            0.390625,
            0.546875
          ],
          "weight": [
            [
              "Bone006",
              1
            ]
          ]
        },
        {
          "pos": [
            -2.115672,
            8.601664,
            2.585387
          ],
          "normal": [
            3.351198358814145e-7,
            2.114690005328157e-7,
            0.999999
          ],
          "uvcoord": [
            0.390625,
            0.59375
          ],
          "weight": [
            [
              "Bone006",
              1
            ]
          ]
        },
        {
          "pos": [
            -4.25,
            8.601664,
            -2.585386
          ],
          "normal": [
            -1,
            0,
            0
          ],
          "uvcoord": [
            0.109375,
            0.59375
          ],
          "weight": [
            [
              "Bone006",
              1
            ]
          ]
        },
        {
          "pos": [
            -4.25,
            9.642616,
            -2.585386
          ],
          "normal": [
            -1,
            0,
            0
          ],
          "uvcoord": [
            0.109375,
            0.578125
          ],
          "weight": [
            [
              "Bone006",
              1
            ]
          ]
        },
        {
          "pos": [
            -4.25,
            9.642616,
            7.365572969320056e-7
          ],
          "normal": [
            -1,
            0,
            0
          ],
          "uvcoord": [
            0.078125,
            0.578125
          ],
          "weight": [
            [
              "Bone006",
              1
            ]
          ]
        },
        {
          "pos": [
            -4.25,
            8.601664,
            2.585388
          ],
          "normal": [
            -1,
            0,
            0
          ],
          "uvcoord": [
            0.046875,
            0.59375
          ],
          "weight": [
            [
              "Bone006",
              1
            ]
          ]
        },
        {
          "pos": [
            -4.25,
            11.741552,
            -2.585386
          ],
          "normal": [
            -2.2476525884940202e-7,
            0,
            -0.999999
          ],
          "uvcoord": [
            0.109375,
            0.546875
          ],
          "weight": [
            [
              "Bone006",
              1
            ]
          ]
        },
        {
          "pos": [
            -4.25,
            10.683568,
            -2.585386
          ],
          "normal": [
            -2.2476525884940202e-7,
            0,
            -0.999999
          ],
          "uvcoord": [
            0.109375,
            0.5625
          ],
          "weight": [
            [
              "Bone006",
              1
            ]
          ]
        },
        {
          "pos": [
            -3.202093,
            10.683568,
            -2.585386
          ],
          "normal": [
            -1.6779192435478762e-7,
            0,
            -0.999999
          ],
          "uvcoord": [
            0.125,
            0.5625
          ],
          "weight": [
            [
              "Bone006",
              1
            ]
          ]
        },
        {
          "pos": [
            -2.115673,
            11.741552,
            -2.585387
          ],
          "normal": [
            -1.6650217560254532e-7,
            0,
            -0.999999
          ],
          "uvcoord": [
            0.140625,
            0.546875
          ],
          "weight": [
            [
              "Bone006",
              1
            ]
          ]
        },
        {
          "pos": [
            -4.25,
            11.741552,
            -2.585386
          ],
          "normal": [
            -1,
            0,
            0
          ],
          "uvcoord": [
            0.109375,
            0.546875
          ],
          "weight": [
            [
              "Bone006",
              1
            ]
          ]
        },
        {
          "pos": [
            -4.25,
            11.741552,
            2.585387
          ],
          "normal": [
            -1,
            0,
            0
          ],
          "uvcoord": [
            0.046875,
            0.546875
          ],
          "weight": [
            [
              "Bone006",
              1
            ]
          ]
        },
        {
          "pos": [
            -4.25,
            10.683568,
            6.74511738907313e-7
          ],
          "normal": [
            -1,
            0,
            0
          ],
          "uvcoord": [
            0.078125,
            0.5625
          ],
          "weight": [
            [
              "Bone006",
              1
            ]
          ]
        },
        {
          "pos": [
            -4.25,
            10.683568,
            -2.585386
          ],
          "normal": [
            -1,
            0,
            0
          ],