{"mesh":[{"indices":[0,1,12,0,13,1,2,3,14,2,15,3,4,5,16,4,17,5,6,7,18,6,19,7,8,9,20,8,21,9,10,11,22,10,23,11],"material":"2021s4/xy_dragon_armorB","vertices":[9,0,3,0,0,0,1,0,3,1,2,0,10,1,0,0,1,2,7,0,2,2,5,0,5,1,2,0,12,1,0,0,15,0,3,0,6,0,1,0,7,3,6,0,4,3,4,0,8,0,0,0,1,0,2,0,2,1,1,0,11,1,3,0,0,2,4,0,3,2,6,0,4,1,1,0,13,1,3,0,14,0,0,0,7,0,2,0,6,3,5,0,5,3,7,0],"fields":["pos","normal","uvcoord","weight"],"poses":[-4.10797,10.8849,2.36128,-4.10797,12.0301,2.36128,-4.10797,10.8849,-2.42051,-4.10797,12.0301,-2.42051,-4.02722,10.9284,2.3159,-4.02722,12.0518,2.3159,-4.02722,10.9284,-2.37513,-4.02722,12.0518,-2.37513,-1.71707,10.8849,2.36128,-1.71707,12.0301,2.36128,-1.71707,10.8849,-2.42051,-1.71707,12.0301,-2.42051,-1.68171,10.9284,2.3159,-1.68171,12.0518,2.3159,-1.68171,10.9284,-2.37513,-1.68171,12.0518,-2.37513],"normals":[0.0,0.0,1.0,0.0,-0.0,-1.0,-1.0,0.0,0.0,1.0,0.0,0.0],"uvcoords":[0.3438,0.5469,0.3125,0.5469,0.3125,0.5312,0.3438,0.5312,0.375,0.5469,0.4531,0.5469,0.4531,0.5312,0.375,0.5312],"weights":["Bone007",1.0],"colors":[]}],"version":"0.1.0"}