{
  "mesh": [
    {
      "material": "2021s4/xy_dragon_armorA",
      "indices": [
        [
          3,
          1,
          0
        ],
        [
          3,
          2,
          1
        ],
        [
          13,
          2,
          3
        ],
        [
          13,
          12,
          2
        ],
        [
          15,
          12,
          13
        ],
        [
          15,
          13,
          14
        ],
        [
          7,
          5,
          4
        ],
        [
          4,
          5,
          17
        ],
        [
          4,
          17,
          16
        ],
        [
          7,
          6,
          5
        ],
        [
          16,
          17,
          19
        ],
        [
          16,
          19,
          18
        ],
        [
          11,
          9,
          8
        ],
        [
          11,
          10,
          9
        ],
        [
          23,
          21,
          20
        ],
        [
          23,
          22,
          21
        ],
        [
          22,
          32,
          21
        ],
        [
          22,
          33,
          32
        ],
        [
          35,
          34,
          32
        ],
        [
          35,
          32,
          33
        ],
        [
          27,
          25,
          24
        ],
        [
          24,
          37,
          36
        ],
        [
          24,
          36,
          27
        ],
        [
          27,
          26,
          25
        ],
        [
          37,
          38,
          36
        ],
        [
          37,
          39,
          38
        ],
        [
          31,
          29,
          28
        ],
        [
          31,
          30,
          29
        ]
      ],
      "vertices": [
        {
          "pos": [
            4.249999,
            8.601664,
            -2.585388
          ],
          "normal": [
            -2.2480726613594015e-7,
            0,
            -0.999999
          ],
          "uvcoord": [
            0.234375,
            0.59375
          ],
          "weight": [
            [
              "Bone005",
              1
            ]
          ]
        },
        {
          "pos": [
            4.249999,
            9.642616,
            -2.585388
          ],
          "normal": [
            -2.2480726613594015e-7,
            0,
            -0.999999
          ],
          "uvcoord": [
            0.234375,
            0.578125
          ],
          "weight": [
            [
              "Bone005",
              1
            ]
          ]
        },
        {
          "pos": [
            3.185406,
            9.642616,
            -2.585388
          ],
          "normal": [
            -2.252091917398502e-7,
            0,
            -0.999999
          ],
          "uvcoord": [
            0.21875,
            0.578125
          ],
          "weight": [
            [
              "Bone005",
              1
            ]
          ]
        },
        {
          "pos": [
            2.132952,
            8.601664,
            -2.585387
          ],
          "normal": [
            -2.2521295761634974e-7,
            0,
            -0.999999
          ],
          "uvcoord": [
            0.203125,
            0.59375
          ],
          "weight": [
            [
              "Bone005",
              1
            ]
          ]
        },
        {
          "pos": [
            4.250001,
            8.601664,
            2.585385
          ],
          "normal": [
            1,
            0,
            -3.6887092846882297e-7
          ],
          "uvcoord": [
            0.296875,
            0.59375
          ],
          "weight": [
            [
              "Bone005",
              1
            ]
          ]
        },
        {
          "pos": [
            4.25,
            9.642616,
            -0.000001
          ],
          "normal": [
            1,
            0,
            -3.6887090004711354e-7
          ],
          "uvcoord": [
            0.265625,
            0.578125
          ],
          "weight": [
            [
              "Bone005",
              1
            ]
          ]
        },
        {
          "pos": [
            4.249999,
            9.642616,
            -2.585388
          ],
          "normal": [
            1,
            0,
            -3.6887090004711354e-7
          ],
          "uvcoord": [
            0.234375,
            0.578125
          ],
          "weight": [
            [
              "Bone005",
              1
            ]
          ]
        },
        {
          "pos": [
            4.249999,
            8.601664,
            -2.585388
          ],
          "normal": [
            1,
            0,
            -3.6887090004711354e-7
          ],
          "uvcoord": [
            0.234375,
            0.59375
          ],
          "weight": [
            [
              "Bone005",
              1
            ]
          ]
        },
        {
          "pos": [
            4.250001,
            11.741552,
            2.585385
          ],
          "normal": [
            3.3785531172725314e-7,
            1.3553680844324845e-7,
            0.999999
          ],
          "uvcoord": [
            0.296875,
            0.546875
          ],
          "weight": [
            [
              "Bone005",
              1
            ]
          ]
        },
        {
          "pos": [
            4.250001,
            8.601664,
            2.585385
          ],
          "normal": [
            3.3785531172725314e-7,
            1.3553680844324845e-7,
            0.999999
          ],
          "uvcoord": [
            0.296875,
            0.59375
          ],
          "weight": [
            [
              "Bone005",
              1
            ]
          ]
        },
        {
          "pos": [
            2.132953,
            8.601664,
            2.585386
          ],
          "normal": [
            3.3785531172725314e-7,
            1.3553680844324845e-7,
            0.999999
          ],
          "uvcoord": [
            0.328125,
            0.59375
          ],
          "weight": [
            [
              "Bone005",
              1
            ]
          ]
        },
        {
          "pos": [
            2.132954,
            11.741552,
            2.585386
          ],
          "normal": [
            3.378552833055437e-7,
            1.3553680844324845e-7,
            0.999999
          ],
          "uvcoord": [
            0.328125,
            0.546875
          ],
          "weight": [
            [
              "Bone005",
              1
            ]
          ]
        },
        {
          "pos": [
            3.185406,
            10.683568,
            -2.585388
          ],
          "normal": [
            -2.2521059861446702e-7,
            0,
            -0.999999
          ],
          "uvcoord": [
            0.21875,
            0.5625
          ],
          "weight": [
            [
              "Bone005",
              1
            ]
          ]
        },
        {
          "pos": [
            2.132952,
            11.741552,
            -2.585387
          ],
          "normal": [
            -2.252088080467729e-7,
            0,
            -0.999999
          ],
          "uvcoord": [
            0.203125,
            0.546875
          ],
          "weight": [
            [
              "Bone005",
              1
            ]
          ]
        },
        {
          "pos": [
            4.249999,
            11.741552,
            -2.585388
          ],
          "normal": [
            -2.2480726613594015e-7,
            0,
            -0.999999
          ],
          "uvcoord": [
            0.234375,
            0.546875
          ],