{
  "mesh": [
    {
      "indices": [
        0,
        12,
        1,
        1,
        13,
        0,
        2,
        14,
        3,
        2,
        3,
        15,
        4,
        5,
        16,
        4,
        17,
        5,
        6,
        7,
        18,
        6,
        19,
        7,
        8,
        9,
        20,
        8,
        21,
        9,
        10,
        11,
        22,
        10,
        23,
        11
      ],
      "material": "2021s4/yx_dragon_armorA",
      "vertices": [
        8,
        0,
        4,
        0,
        10,
        0,
        1,
        0,
        11,
        1,
        4,
        0,
        12,
        1,
        1,
        0,
        2,
        2,
        8,
        0,
        0,
        2,
        6,
        0,
        15,
        1,
        1,
        0,
        4,
        1,
        3,
        0,
        5,
        3,
        6,
        0,
        6,
        3,
        8,
        0,
        17,
        0,
        0,
        0,
        7,
        0,
        2,
        0,
        0,
        0,
        2,
        0,
        9,
        0,
        0,
        0,
        13,
        1,
        0,
        0,
        3,
        1,
        2,
        0,
        1,
        2,
        5,
        0,
        3,
        2,
        7,
        0,
        14,
        1,
        0,
        0,
        5,
        1,
        2,
        0,
        4,
        3,
        5,
        0,
        7,
        3,
        7,
        0,
        16,
        0,
        1,
        0,
        6,
        0,
        3,
        0,
        1,
        0,
        3,
        0,
        2,
        1,
        3,
        0
      ],
      "fields": [
        "pos",
        "normal",
        "uvcoord",
        "weight"
      ],
      "poses": [
        4.10854,
        11.2723,
        2.33702,
        4.10854,
        13.3586,
        2.33702,
        4.10854,
        13.3586,
        -2.33703,
        4.10854,
        11.2723,
        -2.33703,
        4.18804,
        13.358,
        2.38224,
        4.18804,
        11.2639,
        2.38224,
        4.18804,
        13.358,
        -2.38225,
        4.18804,
        11.2639,
        -2.38225,
        4.10854,
        13.345,
        2.33702,
        3.08141,
        13.348,
        2.33702,
        3.08141,
        11.2723,
        2.33702,
        4.10854,
        13.345,
        -2.33703,
        3.08141,
        11.2723,
        -2.33703,
        3.08141,
        13.348,
        -2.33703,
        3.14103,
        13.358,
        2.38224,
        3.14103,
        11.2639,
        2.38224,
        3.14103,
        11.2639,
        -2.38225,
        3.14103,
        13.358,
        -2.38225
      ],
      "normals": [
        0,
        0,
        -1,
        0,
        0,
        1,
        -1,
        0,
        0,
        1,
        0,
        0
      ],
      "uvcoords": [
        0.1719,
        0.1094,
        0.1719,
        0.1406,
        0.1875,
        0.1406,
        0.1875,
        0.1094,
        0.1875,
        0.0938,
        0.125,
        0.2031,
        0.125,
        0.2344,
        0.0625,
        0.2344,
        0.0625,
        0.2031
      ],
      "weights": [
        "Bone006",
        1
      ],
      "colors": []
    }
  ],
  "version": "0.1.0"
}
