{
  "animation": {
    "fields": [
      "time",
      "attr"
    ],
    "times": [
      0,
      0.3,
      0.433333,
      0.466666,
      0.733333,
      0.833333,
      1,
      1.16667,
      1.3,
      1.53333,
      1.76667,
      2
    ],
    "poses": [
      3.77711,
      0,
      -5.14451e-7,
      0.09186,
      -1.7841,
      -1.77443,
      -0.116889,
      -2.60885e-7,
      -7.4706,
      0.05821,
      -2.26393,
      0.025177,
      0.09186,
      -1.7841,
      1.75689,
      -0.04619,
      -1.78223,
      1.75689,
      0.079629,
      -0.023511,
      -2.22297,
      0.058209,
      2.22623,
      0.025179,
      -0.273642,
      2.23072,
      0.025178,
      0.058209,
      1.75078,
      1.75689,
      -0.063492,
      1.75243,
      1.75689,
      0.079629,
      -0.023513,
      2.20543,
      -0.162131,
      -0.020247,
      2.20543,
      -0.116889,
      -2.60898e-7,
      -7.47087,
      -0.116889,
      -2.90511e-7,
      -8.14834,
      -0.116889,
      -3.73004e-7,
      -10.0356,
      -0.116889,
      -3.64169e-7,
      -9.83344,
      -0.116889,
      -3.14898e-7,
      -8.70627,
      4.68878,
      -0.013606,
      -1.90389e-7,
      4.05135,
      -0.004676,
      -4.024e-7,
      -0.169596,
      -2.26085,
      0.025177,
      -0.429948,
      -2.25733,
      0.025177,
      -0.387481,
      -2.25632,
      0.025176,
      -0.308758,
      -1.77726,
      -1.77443,
      -0.203964,
      -1.7801,
      1.75689,
      -0.026024,
      -0.022084,
      -2.22297,
      -0.146772,
      -0.020453,
      -2.22297,
      -0.41021,
      -0.015519,
      -2.22297,
      0.058209,
      1.75078,
      -1.77443,
      0.058208,
      1.75078,
      -1.77443,
      -0.652901,
      2.23584,
      0.025178,
      -0.20258,
      1.75431,
      1.75689,
      -0.438429,
      -0.016515,
      2.20543
    ],
    "quats": [
      2.3841861e-7,
      0,
      -0.00043,
      0.999999,
      0.495617,
      -0.504344,
      -0.504344,
      -0.495617,
      0.371365,
      -0.928486,
      -0.000002,
      8.0054895e-7,
      -0.274807,
      -0.021376,
      0.961232,
      0.007509,
      -0.007293,
      -0.933551,
      0.027789,
      0.357289,
      -0.32478,
      -0.022622,
      0.945518,
      -0.000257,
      -0.274896,
      -0.02019,
      0.961255,
      0.003357,
      -0.000002,
      -0.000003,
      0.889415,
      0.4571,
      -0.003321,
      -0.95105,
      0.022632,
      0.308187,
      -0.000012,
      -0.936768,
      0.024377,
      0.349099,
      0.492051,
      -0.507947,
      -0.500715,
      -0.499158,
      -0.490458,
      0.50954,
      0.499093,
      0.500723,
      -0.486855,
      0.513105,
      0.495427,
      0.504227,
      -0.499886,
      0.499963,
      0.508687,
      0.491312,
      -0.511679,
      0.487451,
      0.520688,
      0.479017,
      2.3839689e-7,
      0,
      0.013497,
      0.999908,
      2.3838943e-7,
      0,
      -0.015644,
      0.999877,
      -0.103757,
      -0.994602,
      -0.000002,
      -2.7848282e-7,
      0.555102,
      -0.831781,
      -0.000001,
      0.000001,
      0.514438,
      -0.857527,
      -0.000001,
      0.000001,
      0.014445,
      0.011018,
      0.997308,
      0.071029,
      -0.275245,
      0.014675,
      0.953989,
      -0.118021,
      -0.560428,
      -0.020273,
      0.826733,
      -0.044952,
      0.019289,
      -0.999435,
      -0.027471,
      -0.001217,
      0.057272,
      -0.876845,
      -0.056966,
      0.473938,
      0.067338,
      -0.875112,
      -0.101347,
      0.468372,
      0.018642,
      -0.021289,
      0.999567,
      -0.007947,
      -0.356105,
      -0.022617,
      0.934171,
      0.000496,
      -0.53345,
      -0.0218,
      0.845537,
      0.004765,
      -0.043065,
      -0.053759,
      0.993724,
      -0.088134,
      -0.266614,
      -0.069948,
      0.944547,
      0.178476,
      -0.399446,
      -0.029653,
      0.912273,
      0.085559,
      4.5314826e-7,
      -0.000004,
      0.993418,
      -0.114542,
      -0.000002,
      -0.000003,
      0.749404,
      0.662111,
      -0.000002,
      -0.000003,
      0.787632,
      0.616145,
      -0.020627,
      -0.991699,
      0.112982,
      -0.057807,
      -0.106793,
      -0.843625,
      0.132748,
      0.509184,
      -0.086869,
      -0.875653,
      0.144317,
      0.45261,
      0.006575,
      -0.997663,
      0.02451,
      0.063434,
      -0.003936,
      -0.868355,
      0.024057,
      0.495342,
      -0.006609,
      -0.831174,
      0.024501,
      0.555432
    ],
    "scales": [
      0.999999,
      0.999999,
      1,
      0.963055,
      1.03836,
      1.20961,
      1.01731,
      0.9832,
      0.9832,
      0.94451,
      1.06456,
      1.06456,
      0.879796,
      1.13687,
      1.13687,
      0.968349,
      1.03574,
      1.03574
    ],
    "length": 2,
    "tracks": {
      "Bone000": {
        "pos": [
          0,
          2,
          1,
          13,
          2,
          14,
          4,
          15,
          6,
          16,
          8,
          17,
          11,
          2
        ],
        "quat": [
          0,
          1,
          1,
          10,
          2,
          11,
          4,
          12,
          6,
          13,
          8,
          14,
          11,
          1
        ],
        "scale": [
          0,
          0,
          1,
          1,
          2,
          2,
          4,
          3,
          6,
          4,
          8,
          5,
          11,
          0
        ]
      },
      "Bone001": {
        "pos": [
          0,
          0,
          5,
          0,
          7,
          18,
          9,
          19,
          10,
          0,
          11,
          0
        ],
        "quat": [
          0,
          0,
          5,
          0,
          7,
          15,
          9,
          16,
          10,
          0,
          11,
          0
        ]
      },
      "Bone002": {
        "pos": [
          0,
          3,
          3,
          20,
          6,
          21,
          9,
          22,
          11,
          3
        ],
        "quat": [
          0,
          2,
          3,
          17,
          6,
          18,
          9,
          19,
          11,
          2
        ]
      },
      "Bone003": {
        "pos": [
          0,
          1,
          6,
          1,
          9,
          23,
          11,
          1
        ],
        "quat": [
          0,
          3,
          3,
          20,
          6,
          21,
          9,
          22,
          11,
          3
        ]
      },
      "Bone004": {
        "pos": [
          0,
          4,
          3,
          5,
          6,
          24,
          9,
          5,
          11,
          4
        ],
        "quat": [
          0,
          4,
          3,
          23,
          6,
          24,
          9,
          25,
          11,
          4
        ]
      },
      "Bone005": {
        "pos": [
          0,
          6,
          3,
          25,
          6,
          26,
          9,
          27,
          11,
          6
        ],
        "quat": [
          0,
          5,
          3,
          26,
          6,
          27,
          9,
          28,
          11,
          5
        ]
      },
      "Bone006": {
        "pos": [
          0,
          28,
          11,
          29
        ],
        "quat": [
          0,
          6,
          3,
          29,
          6,
          30,
          9,
          31,
          11,
          6
        ]
      },
      "Bone007": {
        "pos": [
          0,
          7,
          3,
          8,
          6,
          30,
          9,
          8,
          11,
          7
        ],
        "quat": [
          0,
          7,
          3,
          32,
          6,
          33,
          9,
          34,
          11,
          7
        ]
      },