{"animation":{"fields":["time","attr"],"times":[0.0,0.066666,0.133333,0.233333,0.366666,0.5,0.833333,0.866666,1.0,1.06667,1.13333,1.23333,1.26667,1.36667,1.5,1.53333,1.83333,2.0],"poses":[3.77711,0.0,-5.14451e-07,-0.116889,-2.60885e-07,-7.4706,0.05821,-2.26393,0.025177,0.09186,-1.7841,1.75689,0.058209,1.75078,1.75689,-0.695595,-2.81962e-07,-7.95277,-1.2743,-3.03039e-07,-8.43495,-2.14236,-3.34653e-07,-9.15821,-2.2414,-3.45343e-07,-9.40277,-2.25555,-3.4687e-07,-9.4377,-0.800519,-2.86394e-07,-8.05417,-0.073001,-2.56156e-07,-7.3624,0.19046,-2.60319e-07,-7.45763,0.817676,-2.85421e-07,-8.03192,2.07211,-3.35627e-07,-9.18048,1.88676,-3.40785e-07,-9.29849,1.57786,-3.49383e-07,-9.49518,0.276523,-2.86686e-07,-8.06085,4.35853,-0.071704,1e-06,3.66448,-0.079874,1e-06,4.17115,-0.014057,-0.0,3.52478,-0.079497,1e-06,3.94378,0.018314,-9.70511e-07,0.09186,-1.7841,-1.77443,0.09186,-1.78409,-1.77443,0.079629,-0.023511,-2.22297,0.07963,-0.023511,-2.22297,0.058209,1.75078,-1.77443,0.058208,1.75078,-1.77443],"quats":[2.3841861e-07,-0.0,-0.00043,0.999999,-2e-06,-3e-06,0.889415,0.4571,-1.2e-05,-0.936768,0.024377,0.349099,0.495617,-0.504344,-0.504344,-0.495617,0.371365,-0.928486,-2e-06,8.0054895e-07,0.118401,-0.992965,-2e-06,2.2477285e-07,-0.274807,-0.021376,0.961232,0.007509,-0.138355,-0.022213,0.990123,0.004461,-0.007293,-0.933551,0.027789,0.357289,-0.000604,-0.991165,0.028725,0.129483,-0.32478,-0.022622,0.945518,-0.000257,-0.034146,-0.021558,0.99916,-0.006859,-0.274896,-0.02019,0.961255,0.003357,-0.129794,-0.020465,0.991329,0.000335,-2.1011012e-07,-4e-06,0.999262,0.03839,-0.003321,-0.95105,0.022632,0.308187,0.001655,-0.99521,0.022814,0.095036,0.007723,-0.99913,0.023121,0.033818,0.464082,-0.533506,-0.533504,-0.46408,0.451889,-0.543873,-0.543871,-0.451886,0.446603,-0.548222,-0.548219,-0.4466,0.453002,-0.542947,-0.542944,-0.452999,0.452943,-0.542995,-0.542993,-0.452941,0.468932,-0.529247,-0.529246,-0.468931,0.489974,-0.509828,-0.509828,-0.489974,-0.506868,0.493035,0.493035,0.506868,-0.524141,0.474631,0.474632,0.524142,-0.52647,0.472046,0.472047,0.526471,-0.528208,0.4701,0.470101,0.52821,-0.531089,0.466842,0.466844,0.531091,-0.533042,0.464611,0.464613,0.533044,2.38281e-07,0.0,0.03397,0.999422,2.3838163e-07,-0.0,-0.017613,0.999844,2.3836124e-07,0.0,0.021927,0.999759,2.3839506e-07,0.0,0.014058,0.999901,2.383355e-07,0.0,0.026406,0.999651,0.427355,-0.904083,-2e-06,9.2843163e-07,-0.275245,0.014675,0.953989,-0.118021,0.051575,-0.918069,-0.062171,0.3881,-0.249595,-0.022531,0.968085,-0.002031,-0.266614,-0.069948,0.944547,0.178476,-0.070041,-0.919738,0.104459,0.371837],"scales":[0.999999,0.999999,1.0,0.944569,1.12885,1.0,0.958117,1.04288,1.10984,0.861088,1.07384,1.0,0.833296,1.14732,0.999999,0.915305,1.13841,1.0,1.04498,0.929014,1.0,1.0,1.0,1.0,0.864664,1.09797,1.0,1.03399,0.8441,0.999999,0.921523,0.983012,1.0,0.867489,1.05562,0.999999,0.972318,1.05791,1.0,1.0722,0.963877,0.999999],"length":2.0,"tracks":{"Bone000":{"pos":[0,1,1,5,2,6,3,7,4,8,5,9,6,10,8,11,9,12,10,13,12,14,13,15,15,16,16,17,17,1],"quat":[0,3,1,18,2,19,3,20,4,21,5,22,6,23,8,24,9,25,10,26,12,27,13,28,15,29,16,30,17,3],"scale":[0,0,1,1,2,2,3,3,4,4,5,5,6,6,8,7,9,8,10,9,12,10,13,11,15,12,16,13,17,0]},"Bone001":{"pos":[0,0,5,0,7,18,9,19,11,20,14,21,16,22,17,0],"quat":[0,0,5,0,7,31,9,32,11,33,14,34,16,35,17,0]},"Bone002":{"pos":[0,2,17,2],"quat":[0,4,5,5,8,36,14,5,17,4]},"Bone003":{"pos":[0,23,17,24],"quat":[0,6,5,7,8,37,14,7,17,6]},"Bone004":{"pos":[0,3,17,3],"quat":[0,8,5,9,8,38,14,9,17,8]},"Bone005":{"pos":[0,25,17,26],"quat":[0,10,5,11,8,39,14,11,17,10]},"Bone006":{"pos":[0,27,17,28],"quat":[0,12,5,13,8,40,14,13,17,12]},"Bone007":{"quat":[0,1,5,14,8,1,14,14,17,1]},"Bone008":{"pos":[0,4,17,4],"quat":[0,15,5,16,8,41,14,16,17,15]},"Bone009":{"quat":[0,2,5,17,8,2,14,17,17,2]}}},"version":"0.1.0"}