{"animation":{"fields":["time","attr"],"times":[0.0,0.033333,0.066666,0.1,0.133333,0.166666,0.2,0.233333,0.266666,0.3,0.333333,0.366666,0.4,0.433333,0.466666,0.5,0.533333,0.566666,0.6,0.633333,0.666666,0.7,0.733333,0.766666,0.8,0.833333,0.866666,0.9,0.933333,0.966666,1.0,1.03333,1.06667,1.1,1.13333,1.16667,1.2,1.23333,1.26667,1.3,1.33333,1.36667,1.4,1.43333,1.46667,1.5,1.53333,1.56667,1.6,1.63333,1.66667,1.7,1.73333,1.76667,1.8,1.83333,1.86667,1.9,1.93333,1.96667,2.0,2.03333,2.06667,2.1,2.13333,2.16667,2.2,2.23333,2.26667,2.3,2.33333,2.36667,2.4,2.43333,2.46667,2.5,2.53333,2.56667,2.6,2.63333,2.66667,2.7,2.73333,2.76667,2.8,2.83333,2.86667,2.9,2.93333,2.96667,3.0,3.03333,3.06667,3.1,3.13333,3.16667,3.2,3.23333,3.26667,3.3,3.33333],"poses":[0.0,4.62432,-4.28643,0.0,4.62266,-4.55638,0.0,4.61959,-5.05771,4.62432,-0.935976,-2.55008,4.62432,-0.935976,2.00151,-0.009514,4.62432,-4.28643,-0.035014,4.62432,-4.28643,-0.071931,4.62432,-4.28643,-0.115699,4.62432,-4.28643,-0.161751,4.62432,-4.28643,-0.205518,4.62432,-4.28643,-0.242436,4.62432,-4.28643,-0.267935,4.62432,-4.28643,-0.27745,4.62432,-4.28643,-0.25491,4.62432,-4.28643,-0.194501,4.62432,-4.28643,-0.107044,4.62432,-4.28643,-0.003358,4.62432,-4.28643,0.105737,4.62432,-4.28643,0.209423,4.62432,-4.28643,0.296879,4.62432,-4.28643,0.357288,4.62432,-4.28643,0.379828,4.62432,-4.28643,0.352826,4.62432,-4.28643,0.279534,4.62432,-4.28643,0.171525,4.62432,-4.28643,0.040372,4.62432,-4.28643,-0.102353,4.62432,-4.28643,-0.245079,4.62432,-4.28643,-0.376233,4.62432,-4.28643,-0.484242,4.62432,-4.28643,-0.557534,4.62432,-4.28643,-0.584536,4.62432,-4.28643,-0.535639,4.62432,-4.28643,-0.406728,4.62432,-4.28643,-0.224474,4.62432,-4.28643,-0.015549,4.62432,-4.28643,0.193375,4.62432,-4.28643,0.375628,4.62432,-4.28643,0.504539,4.62432,-4.28643,0.553437,4.62432,-4.28643,0.529656,4.62432,-4.28643,0.466962,4.62432,-4.28643,0.378326,4.62432,-4.28643,0.276718,4.62432,-4.28643,0.17511,4.62432,-4.28643,0.086474,4.62432,-4.28643,0.02378,4.62432,-4.28643,0.0,4.6241,-4.32214,0.0,4.62351,-4.41783,0.0,4.62165,-4.72063,0.0,4.62059,-4.89346,0.0,4.61874,-5.19626,0.0,4.61815,-5.29195,0.0,4.61793,-5.32766,0.0,4.61796,-5.32239,0.0,4.61806,-5.30717,0.0,4.61821,-5.28292,0.0,4.6184,-5.25053,0.0,4.61865,-5.21091,0.0,4.61893,-5.16497,0.0,4.61925,-5.1136,0.0,4.61995,-4.99821,0.0,4.62033,-4.936,0.0,4.62073,-4.87197,0.0,4.62113,-4.80704,0.0,4.62152,-4.74212,0.0,4.62192,-4.6781,0.0,4.6223,-4.61588,0.0,4.62301,-4.50049,0.0,4.62332,-4.44912,0.0,4.6236,-4.40318,0.0,4.62385,-4.36356,0.0,4.62404,-4.33117,0.0,4.62419,-4.30692,0.0,4.62429,-4.2917,0.0,4.62366,-4.58085,0.0,4.62207,-5.32613,0.0,4.62018,-6.3153,0.0,4.6186,-7.34143,0.0,4.61793,-8.19753,0.0,4.61793,-8.81686,0.0,4.61793,-9.26069,0.0,4.61793,-9.50363,0.0,4.61793,-9.50351,0.0,4.61793,-9.19156,0.0,4.61793,-8.44801,0.0,4.6184,-7.42024,0.0,4.61959,-6.42727,0.0,4.62113,-5.53692,0.0,4.62266,-4.81698,0.0,4.62385,-4.33528,0.0,4.62432,-4.15964,0.0,4.62432,-4.16903,0.0,4.62432,-4.19251,0.0,4.62432,-4.22303,0.0,4.62432,-4.25356,0.0,4.62432,-4.27704,4.62432,-0.935979,-2.55008,4.62432,-0.935973,-2.62153,4.62432,-0.935975,-2.80989,4.62432,-0.935974,-3.07619,4.62432,-0.935972,-3.38145,4.62432,-0.935975,-3.68672,4.62432,-0.935974,-3.95302,4.62432,-0.935973,-4.14138,4.62432,-0.935973,-4.21283,4.62432,-0.957809,-3.6486,4.62432,-0.935976,-0.831393,4.78557,-1.3321,-0.161937,4.94681,-2.21381,-0.016963,4.94681,-3.34825,-0.016963,4.94681,-4.63037,-0.016963,4.94681,-5.79193,-0.016963,4.63787,-6.90929,0.008134,3.8365,-8.11042,0.067985,3.04749,-9.1791,-0.00779,2.65295,-9.90978,-0.327588,2.65707,-10.1278,-0.821601,2.94189,-9.64063,-1.4329,3.29197,-8.55724,-2.09285,3.57072,-7.1552,-2.71412,3.63939,-5.71211,-3.20937,3.62554,-4.54517,-3.55526,3.75702,-3.93524,-3.83197,3.98425,-3.7723,-4.15876,4.26699,-3.75882,-4.60946,4.60721,-3.8366,-5.18384,5.00845,-3.94741,-5.88168,5.47551,-4.03305,-6.70275,6.01429,-4.03529,-7.64684,6.48323,-3.95598,-8.57875,6.7687,-3.82806,-9.3218,6.91974,-3.63992,-9.81348,6.98623,-3.38,-9.99126,6.84887,-3.05503,-9.79025,6.49492,-2.69385,-9.24179,6.04193,-2.31801,-8.42772,5.56583,-1.94906,-7.42993,5.12861,-1.60855,-6.33026,4.7852,-1.31803,-5.21059,4.58548,-1.09905,-4.15276,4.57407,-0.973166,-3.23864,4.62432,-0.935976,-2.16411,4.62432,-0.935977,-2.02191,4.62432,-0.935977,-2.0016,4.62432,-0.935975,-2.0016,4.62455,-0.93601,-2.0552,4.62516,-0.936089,-2.19345,4.62599,-0.936199,-2.38249,4.62689,-0.936316,-2.58846,4.62772,-0.936429,-2.77749,4.62832,-0.936508,-2.91574,4.62803,-0.936469,-2.88866,4.62728,-0.936371,-2.82094,4.62632,-0.936243,-2.73291,4.62536,-0.936116,-2.64488,4.62462,-0.936016,-2.57716,4.62432,-0.935978,-2.55008,4.62432,-0.935979,2.55,4.62432,-0.935976,2.55,4.62432,-0.935975,2.62144,4.62432,-0.935976,2.8098,4.62432,-0.935976,3.0761,4.62432,-0.935974,3.38137,4.62432,-0.935978,3.68664,4.62432,-0.935976,3.95294,4.62432,-0.935977,4.1413,4.62432,-0.935976,4.21274,4.62432,-0.90882,3.7119,4.62432,-0.935977,0.83131,4.63388,-0.950326,0.553051,4.65908,-0.99801,0.343944,4.6947,-1.08598,0.194111,4.73555,-1.22119,0.093674,4.77639,-1.41058,0.032753,4.81202,-1.66111,0.00147,4.83723,-1.97973,-0.010055,4.84679,-2.37338,-0.011702,4.84679,-3.24995,-0.011702,4.84679,-4.57775,-0.011702,4.84679,-5.70441,-0.011702,4.68539,-6.56258,-0.01104,4.23597,-7.48345,0.273137,3.55072,-8.41243,1.00665,2.6818,-9.29493,2.01689,1.68135,-10.0763,3.13128,0.601548,-10.7021,4.17723,-0.505453,-11.1176,4.98213,-1.58749,-11.2682,5.37341,-2.36503,-11.0609,5.58945,-2.67488,-10.5079,5.94889,-2.62622,-9.69176,6.3995,-2.31569,-8.67673,6.88904,-1.83116,-7.51751,7.36529,-1.25369,-6.26519,7.77602,-0.65817,-4.97333,8.069,-0.11281,-3.70645,8.192,0.309087,-2.55697,8.00466,0.776537,-1.83794,7.43732,1.40598,-1.4491,6.61661,2.13577,-1.2147,5.65496,2.90428,-1.07258,4.66479,3.64995,-0.990698,3.75852,4.31116,-0.948692,3.04857,4.62432,-0.935975,2.55,4.62432,-0.935976,2.22536,4.62432,-0.935976,2.05249,4.62486,-0.936301,2.05512,4.62626,-0.937138,2.19336,4.62817,-0.938282,2.38238,4.63025,-0.939527,2.58832,4.63216,-0.940672,2.77734,4.63356,-0.941509,2.91558,4.6341,-0.941834,2.96918,4.63309,-0.941226,2.92559,4.63066,-0.939774,2.82163,4.62777,-0.938042,2.69755,4.62534,-0.936587,2.5936,4.62432,-0.935977,2.55],