{"frameeffect": {"blend_mode": 2, "cylinder_enable": false, "delay": 0.42, "delay_in_loop": false, "depth_test": false, "face_camera": true, "fade_distance": 0.0, "first_person_enable": false, "fps": 40, "frame_color": [[1, 1, 1, 1.0], [1, 1, 1, 1.0], [1, 1, 1, 1.0], [1, 1, 1, 1.0], [1, 1, 1, 1.0], [1, 1, 1, 1.0], [1, 1, 1, 1.0], [1, 1, 1, 1.0], [1, 1, 1, 1.0], [1, 1, 1, 0.8533333333333333], [1, 1, 1, 0.78], [1, 1, 1, 0.6733333333333333], [1, 1, 1, 0.5800000000000001], [1, 1, 1, 0.4666666666666667], [1, 1, 1, 0.2733333333333333], [1, 1, 1, 0.09999999999999998], [1, 1, 1, 0.0]], "layer": 4, "lerp_scale": true, "loop": false, "point_filtering": false, "rot_speed": [0, 0, 0], "scale": [0.8, 0.8, 0.8], "shuffle": false, "sub_layer": 3, "tex_repeat_num": [1, 1], "texture": "textures/sfxs/2023s4/cs_game_skina_bianshen_005"}}