{
  "frameeffect": {
    "blend_mode": 2,
    "cylinder_enable": false,
    "delay": 0,
    "delay_in_loop": false,
    "depth_test": true,
    "face_camera": false,
    "fade_distance": 0,
    "first_person_enable": false,
    "fps": 12,
    "frame_color": [
      [
        1,
        1,
        1,
        0.020000000000000018
      ],
      [
        1,
        1,
        1,
        0
      ],
      [
        1,
        1,
        1,
        0
      ],
      [
        1,
        1,
        1,
        0
      ],
      [
        1,
        1,
        1,
        0
      ],
      [
        1,
        1,
        1,
        0
      ],
      [
        1,
        1,
        1,
        0
      ],
      [
        1,
        1,
        1,
        0
      ],
      [
        1,
        1,
        1,
        0
      ],
      [
        1,
        1,
        1,
        0
      ],
      [
        1,
        1,
        1,
        1
      ],
      [
        1,
        1,
        1,
        0.8
      ],
      [
        1,
        1,
        1,
        0.6133333333333333
      ],
      [
        1,
        1,
        1,
        0.42000000000000004
      ],
      [
        1,
        1,
        1,
        0.21333333333333337
      ],
      [
        1,
        1,
        1,
        0.00666666666666671
      ],
      [
        1,
        1,
        1,
        0.020000000000000018
      ]
    ],
    "layer": 1,
    "lerp_scale": true,
    "loop": true,
    "point_filtering": true,
    "rot_speed": [
      0,
      0,
      0
    ],
    "scale": [
      0.57,
      0.57,
      0.57
    ],
    "shuffle": false,
    "sub_layer": 0,
    "tex_repeat_num": [
      1,
      1
    ],
    "texture": "textures/sfxs/2023s4/cs_scifi_weapon_xl05"
  }
}
