{"frameeffect": {"blend_mode": 2, "cylinder_enable": false, "delay": 0.5, "delay_in_loop": true, "depth_test": true, "face_camera": false, "fade_distance": 0.0, "first_person_enable": false, "fps": 20, "frame_color": [[1, 1, 1, 0.0], [1, 1, 1, 0.21999999999999997], [1, 1, 1, 0.5], [1, 1, 1, 0.74], [1, 1, 1, 0.7266666666666667], [1, 1, 1, 0.76], [1, 1, 1, 0.76], [1, 1, 1, 0.76], [1, 1, 1, 0.7866666666666666], [1, 1, 1, 0.78], [1, 1, 1, 0.4666666666666667], [1, 1, 1, 0.3466666666666667], [1, 1, 1, 0.21999999999999997], [1, 1, 1, 0.07999999999999996], [1, 1, 1, 0.020000000000000018], [1, 1, 1, 0.0], [1, 1, 1, 0.0]], "layer": 1, "lerp_scale": true, "loop": true, "point_filtering": false, "rot_speed": [0, 0, 0], "scale": [0.09, 0.09, 0.09], "shuffle": false, "sub_layer": 0, "tex_repeat_num": [1, 1], "texture": "textures/sfxs/2023s4/ss_future_skin_fk"}}