{"frameeffect": {"blend_mode": 2, "cylinder_enable": false, "delay": 0.0, "delay_in_loop": false, "depth_test": true, "face_camera": false, "fade_distance": 0.0, "first_person_enable": false, "fps": 30, "frame_color": [[0.6313725490196078, 0.984313725490196, 1.0, 1], [0.6313725490196078, 0.984313725490196, 1.0, 1], [0.6313725490196078, 0.984313725490196, 1.0, 1], [0.6313725490196078, 0.984313725490196, 1.0, 1], [0.6313725490196078, 0.984313725490196, 1.0, 0.9933333333333333], [0.6313725490196078, 0.984313725490196, 1.0, 1.0], [0.6313725490196078, 0.984313725490196, 1.0, 1], [0.6313725490196078, 0.984313725490196, 1.0, 1], [0.6313725490196078, 0.984313725490196, 1.0, 1], [0.6313725490196078, 0.984313725490196, 1.0, 1], [0.6313725490196078, 0.984313725490196, 1.0, 1], [0.6313725490196078, 0.984313725490196, 1.0, 1], [0.6313725490196078, 0.984313725490196, 1.0, 1.0], [0.6313725490196078, 0.984313725490196, 1.0, 1], [0.6313725490196078, 0.984313725490196, 1.0, 1], [0.6313725490196078, 0.984313725490196, 1.0, 1], [0.6313725490196078, 0.984313725490196, 1.0, 1]], "layer": 5, "lerp_scale": true, "loop": true, "point_filtering": false, "rot_speed": [0, 0, 0], "scale": [0.45, 0.52, 0.5], "shuffle": false, "sub_layer": 0, "tex_repeat_num": [1, 1], "texture": "textures/sfxs/2023s4/ss_future_skin_gb"}}