{"frameeffect": {"blend_mode": 1, "cylinder_enable": true, "cylinder_frac_num": 4, "cylinder_height": 2.3, "cylinder_radius_down": 1.1, "cylinder_radius_up": 1.1, "delay": 0.0, "delay_in_loop": false, "depth_test": true, "face_camera": false, "fade_distance": 0.0, "first_person_enable": false, "fps": 16, "frame_color": [[1, 1, 1, 0.41333333333333333], [1, 1, 1, 0.42000000000000004], [1, 1, 1, 0.42000000000000004], [1, 1, 1, 0.42666666666666664], [1, 1, 1, 0.41333333333333333], [1, 1, 1, 0.4066666666666666], [1, 1, 1, 0.4], [1, 1, 1, 0.4066666666666666], [1, 1, 1, 0.4066666666666666], [1, 1, 1, 0.41333333333333333], [1, 1, 1, 0.43333333333333335], [1, 1, 1, 0.42666666666666664], [1, 1, 1, 0.42000000000000004], [1, 1, 1, 0.43333333333333335], [1, 1, 1, 0.42000000000000004], [1, 1, 1, 0.42000000000000004], [1, 1, 1, 0.41333333333333333]], "layer": 1, "lerp_scale": true, "loop": true, "point_filtering": true, "rot_speed": [0.0, 0.0, 0.0], "scale": [0.17, 0.17, 0.17], "shuffle": false, "sub_layer": 0, "tex_repeat_num": [1, 1], "texture": "textures/sfxs/2023s4/ss_future_skin_lg01"}}