{"frameeffect": {"blend_mode": 2, "cylinder_enable": false, "delay": 0.37, "delay_in_loop": true, "depth_test": true, "face_camera": false, "fade_distance": 0.0, "first_person_enable": false, "fps": 9, "frame_color": [[1, 1, 1, 0.0], [1, 1, 1, 0.16666666666666663], [1, 1, 1, 0.16666666666666663], [1, 1, 1, 0.17333333333333334], [1, 1, 1, 0.18666666666666665], [1, 1, 1, 0.18666666666666665], [1, 1, 1, 0.17333333333333334], [1, 1, 1, 0.18666666666666665], [1, 1, 1, 0.19333333333333336], [1, 1, 1, 0.17333333333333334], [1, 1, 1, 0.0], [1, 1, 1, 0.0], [1, 1, 1, 0.0], [1, 1, 1, 0.0], [1, 1, 1, 0.0], [1, 1, 1, 0.0], [1, 1, 1, 0.0]], "layer": 1, "lerp_scale": true, "loop": true, "point_filtering": false, "rot_speed": [0, 0, 0], "scale": [0.18, 0.18, 0.18], "shuffle": false, "sub_layer": 0, "tex_repeat_num": [1, 1], "texture": "textures/sfxs/2023s4/ss_future_skin_lgg04"}}