{
  "frameeffect": {
    "blend_mode": 2,
    "cylinder_enable": false,
    "delay": 0,
    "delay_in_loop": false,
    "depth_test": true,
    "face_camera": false,
    "fade_distance": 0,
    "first_person_enable": false,
    "fps": 5,
    "frame_color": [
      [
        1,
        1,
        1,
        0.7533333333333333
      ],
      [
        1,
        1,
        1,
        0.76
      ],
      [
        1,
        1,
        1,
        0.7466666666666666
      ],
      [
        1,
        1,
        1,
        0.7333333333333334
      ],
      [
        1,
        1,
        1,
        0.7266666666666667
      ],
      [
        1,
        1,
        1,
        0.72
      ],
      [
        1,
        1,
        1,
        0.72
      ],
      [
        1,
        1,
        1,
        0.7133333333333334
      ],
      [
        1,
        1,
        1,
        0.6933333333333334
      ],
      [
        1,
        1,
        1,
        0.6933333333333334
      ],
      [
        1,
        1,
        1,
        0.6666666666666667
      ],
      [
        1,
        1,
        1,
        0.6866666666666666
      ],
      [
        1,
        1,
        1,
        0.6933333333333334
      ],
      [
        1,
        1,
        1,
        0.6799999999999999
      ],
      [
        1,
        1,
        1,
        0.7
      ],
      [
        1,
        1,
        1,
        0.74
      ],
      [
        1,
        1,
        1,
        0.7533333333333333
      ]
    ],
    "layer": 1,
    "lerp_scale": true,
    "loop": true,
    "point_filtering": false,
    "rot_speed": [
      0,
      0,
      0
    ],
    "scale": [
      1.6,
      0.75,
      0.88
    ],
    "shuffle": false,
    "sub_layer": 1,
    "tex_repeat_num": [
      1,
      1
    ],
    "texture": "textures/sfxs/2023s4/ss_scifi_weapon_glow05"
  }
}
