{"frameeffect": {"blend_mode": 2, "cylinder_enable": false, "delay": 0.0, "delay_in_loop": false, "depth_test": true, "face_camera": true, "fade_distance": 0.0, "first_person_enable": false, "fps": 15, "frame_color": [[1.0, 1.0, 1.0, 0.5466666666666666], [1.0, 1.0, 1.0, 0.8533333333333333], [1.0, 1.0, 1.0, 0.7466666666666666], [1.0, 1.0, 1.0, 0.92], [1.0, 1.0, 1.0, 1.0], [1.0, 1.0, 1.0, 0.9666666666666667], [1.0, 1.0, 1.0, 0.8866666666666667], [1.0, 1.0, 1.0, 0.6599999999999999], [1.0, 1.0, 1.0, 0.5466666666666666], [1.0, 1.0, 1.0, 0.5466666666666666]], "layer": 1, "lerp_scale": true, "loop": true, "rot_speed": [0, 0, 0], "scale": [0.22, 0.22, 1.0], "shuffle": false, "tex_repeat_num": [1, 1], "texture": "textures/sfxs/2022s4/cs_tarot_weapon_style1_hit_gy"}}