{"frameeffect": {"blend_mode": 2, "cylinder_enable": false, "delay": 0.0, "delay_in_loop": false, "depth_test": true, "face_camera": false, "fade_distance": 0.0, "first_person_enable": false, "fps": 8, "frame_color": [[0.4588235294117647, 0.8823529411764706, 1.0, 1], [0.4588235294117647, 0.8823529411764706, 1.0, 1], [0.4588235294117647, 0.8823529411764706, 1.0, 1], [0.4588235294117647, 0.8823529411764706, 1.0, 1], [0.4588235294117647, 0.8823529411764706, 1.0, 1.0], [0.4588235294117647, 0.8823529411764706, 1.0, 1], [0.4588235294117647, 0.8823529411764706, 1.0, 1], [0.4588235294117647, 0.8823529411764706, 1.0, 1], [0.4588235294117647, 0.8823529411764706, 1.0, 1], [0.4588235294117647, 0.8823529411764706, 1.0, 1], [0.4588235294117647, 0.8823529411764706, 1.0, 1], [0.4588235294117647, 0.8823529411764706, 1.0, 1], [0.4588235294117647, 0.8823529411764706, 1.0, 1], [0.4588235294117647, 0.8823529411764706, 1.0, 1], [0.4588235294117647, 0.8823529411764706, 1.0, 1], [0.4588235294117647, 0.8823529411764706, 1.0, 1], [0.4588235294117647, 0.8823529411764706, 1.0, 1]], "layer": 1, "lerp_scale": true, "loop": true, "rot_speed": [0, 0, 0], "scale": [0.95, 1.0, 1.0], "shuffle": false, "tex_repeat_num": [1, 1], "texture": "textures/sfxs/2022s4/cs_tarot_horse_style1_run_shangyi"}}