{
  "frameeffect": {
    "blend_mode": 2,
    "cylinder_enable": false,
    "delay": 0,
    "delay_in_loop": false,
    "depth_test": true,
    "face_camera": true,
    "fade_distance": 3,
    "first_person_enable": false,
    "fps": 10,
    "frame_color": [
      [
        0.3333333333333333,
        0.4549019607843137,
        1,
        1
      ],
      [
        0.3333333333333333,
        0.4549019607843137,
        1,
        1
      ],
      [
        0.3333333333333333,
        0.4549019607843137,
        1,
        1
      ],
      [
        0.3333333333333333,
        0.4549019607843137,
        1,
        1
      ],
      [
        0.3333333333333333,
        0.4549019607843137,
        1,
        1
      ],
      [
        0.3333333333333333,
        0.4549019607843137,
        1,
        1
      ],
      [
        0.3333333333333333,
        0.4549019607843137,
        1,
        1
      ],
      [
        0.3333333333333333,
        0.4549019607843137,
        1,
        0.9933333333333333
      ],
      [
        0.3333333333333333,
        0.4549019607843137,
        1,
        1
      ]
    ],
    "layer": 1,
    "lerp_scale": true,
    "loop": true,
    "rot_speed": [
      0,
      0,
      0
    ],
    "scale": [
      0.43,
      0.43,
      0.3
    ],
    "shuffle": false,
    "tex_repeat_num": [
      1,
      1
    ],
    "texture": "textures/sfxs/2022s4/ss_tarot_weapon_gy"
  }
}
