{
  "skeleton": [
    {
      "name": "root",
      "parent": "root",
      "initpos": [
        0,
        0,
        0
      ],
      "initquaternion": [
        0.707106,
        0,
        0,
        0.707106
      ],
      "initscale": [
        1,
        0.999999,
        0.999999
      ],
      "offmtx": [
        [
          1,
          0,
          0,
          0
        ],
        [
          0,
          1,
          0,
          0
        ],
        [
          0,
          0,
          1,
          0
        ]
      ],
      "boundingbox": [
        [
          0,
          0,
          0
        ],
        [
          0,
          0,
          0
        ]
      ]
    },
    {
      "name": "bone009",
      "parent": "root",
      "initpos": [
        2.576999,
        -9.4942100758999e-7,
        0
      ],
      "initquaternion": [
        -0.499999,
        0.5,
        0.499999,
        0.5
      ],
      "initscale": [
        1,
        1,
        1
      ],
      "offmtx": [
        [
          3.1391647326017846e-7,
          0.999999,
          0,
          -8.089626817309181e-7
        ],
        [
          -1,
          3.1391644483846903e-7,
          0.000003,
          2.576999
        ],
        [
          0.000003,
          0,
          0.999999,
          -0.000008
        ]
      ],
      "boundingbox": [
        [
          -0.058781,
          -2.026015,
          -2.173593
        ],
        [
          4.161497,
          2.757593,
          2.88577
        ]
      ]
    }
  ],
  "boundingbox": [
    [
      -0.180583,
      -0.05878,
      -2.173585
    ],
    [
      4.603007,
      4.161496,
      2.885762
    ]
  ]
}
