{
  "skeleton": [
    {
      "name": "root",
      "parent": "root",
      "initpos": [
        0,
        0,
        0
      ],
      "initquaternion": [
        0.707106,
        0,
        0,
        0.707106
      ],
      "initscale": [
        1,
        0.999999,
        0.999999
      ],
      "offmtx": [
        [
          1,
          0,
          0,
          0
        ],
        [
          0,
          1,
          0,
          0
        ],
        [
          0,
          0,
          1,
          0
        ]
      ],
      "boundingbox": [
        [
          0,
          0,
          0
        ],
        [
          0,
          0,
          0
        ]
      ]
    },
    {
      "name": "bone008",
      "parent": "root",
      "initpos": [
        -2.576579,
        -9.4942100758999e-7,
        0
      ],
      "initquaternion": [
        -0.499999,
        0.5,
        0.499999,
        0.5
      ],
      "initscale": [
        1,
        1,
        1
      ],
      "offmtx": [
        [
          3.1391647326017846e-7,
          0.999999,
          0,
          8.08830804999161e-7
        ],
        [
          -1,
          3.1391644483846903e-7,
          0.000003,
          -2.57658
        ],
        [
          0.000003,
          0,
          0.999999,
          0.00001
        ]
      ],
      "boundingbox": [
        [
          -0.058781,
          -2.775943,
          -2.173589
        ],
        [
          4.161498,
          2.007667,
          2.885756
        ]
      ]
    }
  ],
  "boundingbox": [
    [
      -4.584236,
      -0.05878,
      -2.173585
    ],
    [
      0.199355,
      4.161496,
      2.885762
    ]
  ]
}
