{
  "skeleton": [
    {
      "name": "root",
      "parent": "root",
      "initpos": [
        0,
        0,
        0
      ],
      "initquaternion": [
        0.707106,
        0,
        0,
        0.707106
      ],
      "initscale": [
        1,
        0.999999,
        0.999999
      ],
      "offmtx": [
        [
          1,
          0,
          0,
          0
        ],
        [
          0,
          1,
          0,
          0
        ],
        [
          0,
          0,
          1,
          0
        ]
      ],
      "boundingbox": [
        [
          0,
          0,
          0
        ],
        [
          0,
          0,
          0
        ]
      ]
    },
    {
      "name": "Bone002",
      "parent": "root",
      "initpos": [
        0,
        0.04963,
        -0.062554
      ],
      "initquaternion": [
        0.000735,
        0.707106,
        0.000735,
        0.707106
      ],
      "initscale": [
        0.999999,
        0.999999,
        0.999999
      ],
      "offmtx": [
        [
          0,
          0.999997,
          0.002079,
          -0.062657
        ],
        [
          2.3841822383019462e-7,
          -0.002079,
          0.999997,
          -0.0495
        ],
        [
          1,
          0,
          -2.3841843699301535e-7,
          0
        ]
      ],
      "boundingbox": [
        [
          -7.911452,
          -3.266241,
          -0.543059
        ],
        [
          20.874147,
          2.309464,
          0.694023
        ]
      ]
    },
    {
      "name": "Bone001",
      "parent": "Bone002",
      "initpos": [
        2.195923,
        -0.046214,
        0
      ],
      "initquaternion": [
        0,
        0,
        0.000563,
        0.999999
      ],
      "initscale": [
        0.999999,
        0.999999,
        1
      ],
      "offmtx": [
        [
          0,
          0.999994,
          0.003205,
          -2.258583
        ],
        [
          2.3841775487198902e-7,
          -0.003205,
          0.999994,
          -0.000742
        ],
        [
          1,
          0,
          -2.3841818119763047e-7,
          0
        ]
      ],
      "boundingbox": [
        [
          -0.014874,
          -1.403569,
          -0.612293
        ],
        [
          2.388378,
          0.485816,
          0.740864
        ]
      ]
    }
  ],
  "boundingbox": [
    [
      -0.612293,
      -7.847487,
      -3.206819
    ],
    [
      0.740864,
      20.937799,
      2.362949
    ]
  ]
}
