{
  "skeleton": [
    {
      "name": "root",
      "parent": "root",
      "initpos": [
        -13.991601,
        0,
        0
      ],
      "initquaternion": [
        0.707106,
        0,
        0,
        0.707106
      ],
      "initscale": [
        1,
        0.999999,
        0.999999
      ],
      "offmtx": [
        [
          1,
          0,
          0,
          0
        ],
        [
          0,
          1,
          0,
          0
        ],
        [
          0,
          0,
          1,
          0
        ]
      ],
      "boundingbox": [
        [
          0,
          0,
          0
        ],
        [
          0,
          0,
          0
        ]
      ]
    },
    {
      "name": "Bone001",
      "parent": "root",
      "initpos": [
        0,
        0,
        0
      ],
      "initquaternion": [
        7.152552825573366e-7,
        -0.001064,
        0,
        0.999999
      ],
      "initscale": [
        1,
        1,
        1
      ],
      "offmtx": [
        [
          0.999997,
          -0.002129,
          0,
          13.99157
        ],
        [
          0,
          -0.000001,
          0.999999,
          0
        ],
        [
          -0.002129,
          -0.999997,
          -0.000001,
          -0.029797
        ]
      ],
      "boundingbox": [
        [
          5.041658,
          -1.211097,
          -0.729107
        ],
        [
          22.44761,
          2.157505,
          0.492976
        ]
      ]
    }
  ],
  "boundingbox": [
    [
      -8.948898,
      -0.507304,
      -1.211096
    ],
    [
      8.455401,
      0.683695,
      2.157505
    ]
  ]
}
