{
  "skeleton": [
    {
      "name": "Bone001",
      "parent": "Bone001",
      "initpos": [
        0,
        2.111248,
        0.003385
      ],
      "initquaternion": [
        -0.5,
        0.5,
        -0.499999,
        0.499999
      ],
      "initscale": [
        0.999999,
        0.999999,
        0.999999
      ],
      "offmtx": [
        [
          0,
          -0.999999,
          0,
          2.111248
        ],
        [
          -0.000001,
          0,
          -0.999999,
          0.003385
        ],
        [
          1,
          0,
          -0.000001,
          0
        ]
      ],
      "boundingbox": [
        [
          -1.320216,
          -2.13289,
          -1.352562
        ],
        [
          9.958736,
          3.305504,
          1.355758
        ]
      ]
    },
    {
      "name": "Bone003",
      "parent": "Bone001",
      "initpos": [
        -0.416343,
        -0.058926,
        0
      ],
      "initquaternion": [
        0,
        -2.2245271225074248e-7,
        0.999929,
        0.011902
      ],
      "initscale": [
        1,
        1,
        1
      ],
      "offmtx": [
        [
          0,
          0.999716,
          -0.023802,
          -2.525393
        ],
        [
          0.000001,
          0.023802,
          0.999716,
          -0.122458
        ],
        [
          1,
          0,
          -0.000001,
          0
        ]
      ],
      "boundingbox": [
        [
          -0.292107,
          -0.961862,
          -0.674305
        ],
        [
          2.131289,
          0.941109,
          0.678853
        ]
      ]
    },
    {
      "name": "Bone002",
      "parent": "Bone001",
      "initpos": [
        -2.776139,
        0.054239,
        0
      ],
      "initquaternion": [
        0,
        -1.628440031709033e-7,
        0.999998,
        -0.001748
      ],
      "initscale": [
        0.999999,
        0.999999,
        1
      ],
      "offmtx": [
        [
          0,
          0.999993,
          0.003497,
          -4.887181
        ],
        [
          0.000001,
          -0.003497,
          0.999993,
          0.067947
        ],
        [
          1,
          0,
          -0.000001,
          4.545300100744498e-7
        ]
      ],
      "boundingbox": [
        [
          -3.460616,
          -2.667353,
          -0.866518
        ],
        [
          16.050598,
          3.563684,
          0.904876
        ]
      ]
    }
  ],
  "boundingbox": [
    [
      -1.352559,
      -7.847487,
      -3.302118
    ],
    [
      1.355758,
      20.937799,
      3.506516
    ]
  ]
}
