{"skeleton":[{"name":"root","parent":"root","initpos":[0.0,0.0,-0.0],"initquaternion":[0.707106,0.0,0.0,0.707106],"initscale":[1.0,0.999999,0.999999],"offmtx":[[1.0,0.0,0.0,0.0],[0.0,1.0,0.0,0.0],[0.0,0.0,1.0,0.0]],"boundingbox":[[0.0,0.0,0.0],[0.0,0.0,0.0]]},{"name":"Bone074","parent":"root","initpos":[-6.189862,0.127388,-14.30867],"initquaternion":[0.5,-0.499999,-0.5,-0.499999],"initscale":[1.0,1.0,1.0],"offmtx":[[2.269200649607228e-07,0.999999,0.0,-14.308669],[-1.0,2.269200507498681e-07,-2.682209014892578e-07,-6.189865],[-2.6822092991096724e-07,0.0,0.999999,-0.127387]],"boundingbox":[[-0.153313,-2.44149,-2.382189],[2.965861,2.058517,2.123488]]}],"boundingbox":[[-8.248374,14.155355,-2.254805],[-3.748374,17.274532,2.250871]]}