{
  "skeleton": [
    {
      "name": "root",
      "parent": "root",
      "initpos": [
        0,
        0,
        0
      ],
      "initquaternion": [
        0.707106,
        0,
        0,
        0.707106
      ],
      "initscale": [
        1,
        0.999999,
        0.999999
      ],
      "offmtx": [
        [
          1,
          0,
          0,
          0
        ],
        [
          0,
          1,
          0,
          0
        ],
        [
          0,
          0,
          1,
          0
        ]
      ],
      "boundingbox": [
        [
          0,
          0,
          0
        ],
        [
          0,
          0,
          0
        ]
      ]
    },
    {
      "name": "Bone054",
      "parent": "root",
      "initpos": [
        -20.217271,
        11.557545,
        -9.011186
      ],
      "initquaternion": [
        -0.5,
        0.5,
        0.499999,
        0.5
      ],
      "initscale": [
        1,
        1,
        1
      ],
      "offmtx": [
        [
          3.5932509945268976e-7,
          0.999999,
          0,
          -9.011179
        ],
        [
          -1,
          3.593250426092709e-7,
          0,
          -20.217279
        ],
        [
          0,
          0,
          0.999999,
          -11.557542
        ]
      ],
      "boundingbox": [
        [
          -4.997676,
          -3.364389,
          -0.686103
        ],
        [
          23.787611,
          3.444247,
          2.022215
        ]
      ]
    },
    {
      "name": "Bone075",
      "parent": "Bone054",
      "initpos": [
        5.144865,
        -0.040842,
        0.30537
      ],
      "initquaternion": [
        0.000001,
        0,
        0.005208,
        0.999986
      ],
      "initscale": [
        0.999999,
        0.999999,
        1
      ],
      "offmtx": [
        [
          -0.010416,
          0.999945,
          -1.7404957475264382e-7,
          -14.365459
        ],
        [
          -0.999945,
          -0.010416,
          0.000002,
          -20.027906
        ],
        [
          0.000002,
          2.046486997642205e-7,
          0.999999,
          -11.862858
        ]
      ],
      "boundingbox": [
        [
          -0.053207,
          -0.936289,
          -0.313222
        ],
        [
          2.357214,
          0.957579,
          1.03994
        ]
      ]
    },
    {
      "name": "Bone055",
      "parent": "root",
      "initpos": [
        -24.750381,
        12.09604,
        -37.414924
      ],
      "initquaternion": [
        -0.004405,
        0.707092,
        0.707093,
        0.004406
      ],
      "initscale": [
        0.999999,
        1,
        0.999999
      ],
      "offmtx": [
        [
          -0.999922,
          0.012462,
          5.620370302494848e-7,
          -30.310356
        ],
        [
          -0.012462,
          -0.999922,
          -3.0689804475514393e-7,
          19.377096
        ],
        [
          5.581688355960068e-7,
          -3.1387850185637944e-7,
          0.999999,
          -12.096011
        ]
      ],
      "boundingbox": [
        [
          -0.204964,
          -2.677666,
          -0.68539
        ],
        [
          7.108807,
          0.728734,
          0.941317
        ]
      ]
    },
    {
      "name": "Bone056",
      "parent": "Bone055",
      "initpos": [
        5.2723,
        0.000286,
        0
      ],
      "initquaternion": [
        0,
        0,
        0,
        1
      ],
      "initscale": [
        0.999999,
        0.999999,
        1
      ],
      "offmtx": [
        [
          -0.999922,
          0.012462,
          5.620371439363225e-7,
          -35.582664
        ],
        [
          -0.012462,
          -0.999922,
          -3.0689798791172507e-7,
          19.376804
        ],
        [
          5.581688355960068e-7,
          -3.1387847343467e-7,
          0.999999,
          -12.096011
        ]
      ],
      "boundingbox": [
        [
          -0.031575,
          -0.72224,
          -0.140731
        ],
        [
          3.316611,
          0.789923,
          0.396653
        ]
      ]
    },
    {
      "name": "Bone057",
      "parent": "Bone056",
      "initpos": [
        3.537843,
        0,
        -0.000001
      ],
      "initquaternion": [
        0,
        0,
        0,
        1
      ],
      "initscale": [
        1,
        1,
        1
      ],
      "offmtx": [
        [
          -0.999922,
          0.012462,
          5.620370302494848e-7,
          -39.120498
        ],
        [
          -0.012462,
          -0.999922,
          -3.0689804475514393e-7,
          19.376811
        ],
        [
          5.581688355960068e-7,
          -3.1387850185637944e-7,
          0.999999,
          -12.09601
        ]
      ],
      "boundingbox": [
        [
          -0.007789,
          -1.746793,
          -0.140731
        ],
        [
          4.057283,
          1.592645,
          0.396652
        ]
      ]
    },
    {
      "name": "Bone058",
      "parent": "Bone057",
      "initpos": [
        3.87894,
        0,
        0.000001
      ],
      "initquaternion": [
        0,
        0,
        0,
        1
      ],
      "initscale": [
        1,
        1,
        1
      ],
      "offmtx": [
        [
          -0.999922,
          0.012462,
          5.620370302494848e-7,
          -42.999439
        ],
        [
          -0.012462,
          -0.999922,
          -3.0689804475514393e-7,
          19.376811
        ],
        [
          5.581688355960068e-7,
          -3.1387850185637944e-7,
          0.999999,
          -12.09601
        ]
      ],
      "boundingbox": [
        [
          -0.019231,
          -1.698865,
          -0.140732
        ],
        [
          3.694313,
          1.521151,
          0.396652
        ]
      ]
    },
    {
      "name": "Bone059",
      "parent": "Bone058",
      "initpos": [
        3.859939,
        0,
        0
      ],
      "initquaternion": [
        0,
        0,
        0,
        1
      ],
      "initscale": [
        1,
        1,
        1
      ],
      "offmtx": [
        [
          -0.999922,
          0.012462,
          5.620370302494848e-7,
          -46.859367
        ],
        [
          -0.012462,
          -0.999922,
          -3.0689804475514393e-7,
          19.37681
        ],
        [
          5.581688355960068e-7,
          -3.1387850185637944e-7,
          0.999999,
          -12.09601
        ]
      ],
      "boundingbox": [
        [
          0.029623,
          -1.629025,
          -0.140734
        ],
        [
          4.401443,
          0.926563,
          0.39665
        ]
      ]
    },
    {
      "name": "Bone060",
      "parent": "Bone059",
      "initpos": [
        3.983684,
        0.000003,
        0.000001
      ],
      "initquaternion": [
        0,
        0,
        0,
        1
      ],
      "initscale": [
        1,
        1,
        1
      ],
      "offmtx": [
        [
          -0.999922,
          0.012462,
          5.620370870929037e-7,
          -50.843059
        ],
        [
          -0.012462,
          -0.999922,
          -3.0689795949001564e-7,
          19.376798
        ],
        [
          5.581688355960068e-7,
          -3.1387850185637944e-7,
          0.999999,
          -12.096009
        ]
      ],
      "boundingbox": [
        [
          -0.001531,
          -0.53179,
          -0.140734
        ],
        [
          3.337434,
          0.60118,
          0.39665
        ]
      ]
    },
    {
      "name": "Bone061",
      "parent": "Bone060",
      "initpos": [
        3.920333,
        -0.000137,
        0
      ],
      "initquaternion": [
        0,
        0,
        0,
        1
      ],
      "initscale": [
        0.999999,
        0.999999,
        1
      ],