{"skeleton":[{"name":"RootNode","parent":"RootNode","initpos":[0.0,0.0,-0.0],"initquaternion":[0.0,0.0,0.0,1.0],"initscale":[1.0,1.0,1.0],"offmtx":[[1.0,0.0,0.0,0.0],[0.0,1.0,0.0,0.0],[0.0,0.0,1.0,0.0]],"boundingbox":[[0.0,0.0,0.0],[0.0,0.0,0.0]]},{"name":"root","parent":"RootNode","initpos":[0.0,0.0,-0.0],"initquaternion":[0.707106,0.0,0.0,0.707106],"initscale":[1.0,0.999999,0.999999],"offmtx":[[1.0,0.0,0.0,0.0],[0.0,1.0,0.0,0.0],[0.0,0.0,1.0,0.0]],"boundingbox":[[0.0,0.0,0.0],[0.0,0.0,0.0]]},{"name":"bone06","parent":"root","initpos":[0.0,-1e-06,-26.878328],"initquaternion":[0.5,-0.499999,-0.5,-0.499999],"initscale":[1.0,1.0,1.0],"offmtx":[[3.1391647326017846e-07,0.999999,0.0,-26.878328],[-1.0,3.1391644483846903e-07,-2.1321208976132766e-07,-8e-06],[-2.1321210397218238e-07,0.0,0.999999,1e-06]],"boundingbox":[[-0.003335,-4.973488,-4.629345],[6.490229,4.973493,7.095298]]},{"name":"Bone001","parent":"RootNode","initpos":[-0.784838,30.504817,-4.426914],"initquaternion":[0.707095,0.003927,-0.003928,0.707095],"initscale":[0.999999,0.999999,0.999999],"offmtx":[[0.999938,-1e-06,-0.01111,0.735641],[0.01111,0.0,0.999938,4.435361],[-1e-06,-0.999999,0.0,30.504817]],"boundingbox":[[-0.026562,-0.073397,-1.433454],[1.596657,0.04462,1.46347]]}],"boundingbox":[[-4.97349,26.874992,-4.62935],[4.97349,33.368556,7.095292]]}