{
  "skeleton": [
    {
      "name": "root",
      "parent": "root",
      "initpos": [
        0,
        0,
        0
      ],
      "initquaternion": [
        0.707106,
        0,
        0,
        0.707106
      ],
      "initscale": [
        1,
        0.999999,
        0.999999
      ],
      "offmtx": [
        [
          1,
          0,
          0,
          0
        ],
        [
          0,
          1,
          0,
          0
        ],
        [
          0,
          0,
          1,
          0
        ]
      ],
      "boundingbox": [
        [
          0,
          0,
          0
        ],
        [
          0,
          0,
          0
        ]
      ]
    },
    {
      "name": "bone04",
      "parent": "root",
      "initpos": [
        1.872339,
        0,
        0.252094
      ],
      "initquaternion": [
        -0.500758,
        0.49924,
        0.499245,
        0.500753
      ],
      "initscale": [
        1,
        0.999999,
        0.999999
      ],
      "offmtx": [
        [
          0.003025,
          0.999995,
          0,
          0.246427
        ],
        [
          -0.999995,
          0.003025,
          -0.000009,
          1.873093
        ],
        [
          -0.000009,
          0,
          0.999999,
          0.000018
        ]
      ],
      "boundingbox": [
        [
          -0.004631,
          -2.366324,
          -2.250026
        ],
        [
          6.25555,
          2.238117,
          2.799973
        ]
      ]
    }
  ],
  "boundingbox": [
    [
      -0.35,
      -0.250001,
      -2.250005
    ],
    [
      4.25,
      5.999998,
      2.799995
    ]
  ]
}
