{
  "skeleton": [
    {
      "name": "root",
      "parent": "root",
      "initpos": [
        0,
        0,
        0
      ],
      "initquaternion": [
        0.707106,
        0,
        0,
        0.707106
      ],
      "initscale": [
        1,
        0.999999,
        0.999999
      ],
      "offmtx": [
        [
          1,
          0,
          0,
          0
        ],
        [
          0,
          1,
          0,
          0
        ],
        [
          0,
          0,
          1,
          0
        ]
      ],
      "boundingbox": [
        [
          0,
          0,
          0
        ],
        [
          0,
          0,
          0
        ]
      ]
    },
    {
      "name": "Bone001",
      "parent": "root",
      "initpos": [
        -0.077549,
        -0.000001,
        -31.755819
      ],
      "initquaternion": [
        -0.499618,
        0.500381,
        0.500351,
        0.499648
      ],
      "initscale": [
        1,
        0.999999,
        0.999999
      ],
      "offmtx": [
        [
          -0.001465,
          0.999998,
          0,
          -31.755899
        ],
        [
          -0.999998,
          -0.001465,
          0.00006,
          -0.030996
        ],
        [
          0.00006,
          1.1894476870111248e-7,
          0.999999,
          0.000002
        ]
      ],
      "boundingbox": [
        [
          -0.257401,
          -2.528601,
          -1.528383
        ],
        [
          5.145519,
          2.372156,
          1.550129
        ]
      ]
    }
  ],
  "boundingbox": [
    [
      -2.45,
      31.499996,
      -1.528274
    ],
    [
      2.45,
      36.898525,
      1.549998
    ]
  ]
}
