{
  "skeleton": [
    {
      "name": "root",
      "parent": "root",
      "initpos": [
        0,
        0,
        0
      ],
      "initquaternion": [
        0.707106,
        0,
        0,
        0.707106
      ],
      "initscale": [
        1,
        0.999999,
        0.999999
      ],
      "offmtx": [
        [
          1,
          0,
          0,
          0
        ],
        [
          0,
          1,
          0,
          0
        ],
        [
          0,
          0,
          1,
          0
        ]
      ],
      "boundingbox": [
        [
          0,
          0,
          0
        ],
        [
          0,
          0,
          0
        ]
      ]
    },
    {
      "name": "bone01",
      "parent": "root",
      "initpos": [
        6.021486,
        -5.475395141729678e-7,
        -12.782833
      ],
      "initquaternion": [
        -0.501926,
        0.498065,
        0.498065,
        0.501927
      ],
      "initscale": [
        0.999999,
        0.999999,
        1
      ],
      "offmtx": [
        [
          0.007723,
          0.99997,
          5.960365001556056e-7,
          -12.828956
        ],
        [
          -0.99997,
          0.007723,
          0,
          5.922584
        ],
        [
          0,
          -5.962528462077898e-7,
          0.999999,
          0.000008
        ]
      ],
      "boundingbox": [
        [
          -0.008712,
          -5.312271,
          -2.250025
        ],
        [
          12.66083,
          2.359981,
          3.999978
        ]
      ]
    }
  ],
  "boundingbox": [
    [
      3.749999,
      12.791664,
      -2.250022
    ],
    [
      11.425087,
      25.406734,
      3.999979
    ]
  ]
}
