{"skeleton":[{"name":"root","parent":"root","initpos":[0.0,0.0,-0.0],"initquaternion":[0.707106,0.0,0.0,0.707106],"initscale":[1.0,0.999999,0.999999],"offmtx":[[1.0,0.0,0.0,0.0],[0.0,1.0,0.0,0.0],[0.0,0.0,1.0,0.0]],"boundingbox":[[0.0,0.0,0.0],[0.0,0.0,0.0]]},{"name":"Bone001","parent":"root","initpos":[0.0,0.0,-0.0],"initquaternion":[-0.499999,0.5,0.499999,0.5],"initscale":[1.0,0.999999,0.999999],"offmtx":[[1.6292068494294654e-07,0.999999,0.0,0.0],[-1.0,1.6292067073209182e-07,1e-06,0.0],[1e-06,-0.0,0.999999,0.0]],"boundingbox":[[-4.677097,-0.57855,-2.299459],[9.215932,0.412677,2.32054]]},{"name":"Bone002","parent":"Bone001","initpos":[4.668066,-7.605245286868012e-07,-0.0],"initquaternion":[0.0,0.0,0.0,1.0],"initscale":[1.0,1.0,1.0],"offmtx":[[1.6292068494294654e-07,0.999999,0.0,-4.668066],[-1.0,1.6292067073209182e-07,4e-06,-7.605245286868012e-07],[4e-06,-0.0,0.999999,0.0]],"boundingbox":[[-0.038646,-0.956305,-4.231936],[6.891354,0.790432,4.238066]]}],"boundingbox":[[-0.790419,-4.677097,-4.231936],[0.956294,11.559419,4.238063]]}