{"skeleton":[{"name":"root","parent":"root","initpos":[0.0,0.0,-0.0],"initquaternion":[0.707106,0.0,0.0,0.707106],"initscale":[1.0,0.999999,0.999999],"offmtx":[[1.0,0.0,0.0,0.0],[0.0,1.0,0.0,0.0],[0.0,0.0,1.0,0.0]],"boundingbox":[[0.0,0.0,0.0],[0.0,0.0,0.0]]},{"name":"Bone003","parent":"root","initpos":[-7.208261,-9.4942100758999e-07,-18.126564],"initquaternion":[-0.499999,0.5,0.499999,0.5],"initscale":[1.0,1.0,1.0],"offmtx":[[3.1391647326017846e-07,0.999999,0.0,-18.126562],[-1.0,3.1391644483846903e-07,3e-06,-7.208267],[3e-06,-0.0,0.999999,2.7e-05]],"boundingbox":[[-7.092266,-3.424972,-3.487892],[-0.092265,2.119442,2.508814]]}],"boundingbox":[[-9.327699,11.034298,-3.4879],[-3.783299,18.034297,2.508798]]}