{
  "skeleton": [
    {
      "name": "root",
      "parent": "root",
      "initpos": [
        0,
        0,
        0
      ],
      "initquaternion": [
        0.707106,
        0,
        0,
        0.707106
      ],
      "initscale": [
        1,
        0.999999,
        0.999999
      ],
      "offmtx": [
        [
          1,
          0,
          0,
          0
        ],
        [
          0,
          1,
          0,
          0
        ],
        [
          0,
          0,
          1,
          0
        ]
      ],
      "boundingbox": [
        [
          0,
          0,
          0
        ],
        [
          0,
          0,
          0
        ]
      ]
    },
    {
      "name": "Bone005",
      "parent": "root",
      "initpos": [
        -2.576579,
        -9.4942100758999e-7,
        0
      ],
      "initquaternion": [
        -0.499999,
        0.5,
        0.499999,
        0.5
      ],
      "initscale": [
        1,
        1,
        1
      ],
      "offmtx": [
        [
          3.1391647326017846e-7,
          0.999999,
          0,
          8.088307481557422e-7
        ],
        [
          -1,
          3.1391644483846903e-7,
          0.000003,
          -2.576579
        ],
        [
          0.000003,
          0,
          0.999999,
          0.00001
        ]
      ],
      "boundingbox": [
        [
          -0.1511,
          -3.079069,
          -3.746202
        ],
        [
          6.812599,
          2.835526,
          3.578112
        ]
      ]
    }
  ],
  "boundingbox": [
    [
      -5.412099,
      -0.1511,
      -3.746199
    ],
    [
      0.502499,
      6.812599,
      3.578099
    ]
  ]
}
