{"skeleton":[{"name":"Bone001","parent":"Bone001","initpos":[0.0,0.0,-0.0],"initquaternion":[-0.0,-1.4611093490657368e-07,0.707106,0.707106],"initscale":[0.999999,1.0,0.999999],"offmtx":[[3.1391647326017846e-07,0.999999,0.0,0.0],[-1.0,3.1391644483846903e-07,-2.1855178999885538e-07,0.0],[-2.185518042097101e-07,0.0,0.999999,0.0]],"boundingbox":[[-14.196074,-0.469387,-2.563146],[22.872068,0.469392,2.805305]]}],"boundingbox":[[-0.469388,-14.196073,-2.563149],[0.469388,22.872068,2.805303]]}