{
  "skeleton": [
    {
      "name": "root",
      "parent": "root",
      "initpos": [
        0,
        0,
        0
      ],
      "initquaternion": [
        0.707106,
        0,
        0,
        0.707106
      ],
      "initscale": [
        1,
        0.999999,
        0.999999
      ],
      "offmtx": [
        [
          1,
          0,
          0,
          0
        ],
        [
          0,
          1,
          0,
          0
        ],
        [
          0,
          0,
          1,
          0
        ]
      ],
      "boundingbox": [
        [
          0,
          0,
          0
        ],
        [
          0,
          0,
          0
        ]
      ]
    },
    {
      "name": "Bone002",
      "parent": "root",
      "initpos": [
        -0.06822,
        -3.142774,
        -2.6878601033786254e-7
      ],
      "initquaternion": [
        0,
        0,
        0.713317,
        0.70084
      ],
      "initscale": [
        0.999999,
        0.999999,
        1
      ],
      "offmtx": [
        [
          -0.017644,
          0,
          0.999844,
          3.141082
        ],
        [
          -0.999844,
          0,
          -0.017644,
          -0.123663
        ],
        [
          0,
          -0.999999,
          0,
          0
        ]
      ],
      "boundingbox": [
        [
          0.180377,
          -1.260814,
          -13.058132
        ],
        [
          13.820558,
          1.076138,
          13.470634
        ]
      ]
    },
    {
      "name": "Bone003",
      "parent": "Bone002",
      "initpos": [
        8.057588,
        -0.210425,
        -6.34132
      ],
      "initquaternion": [
        0.707103,
        -0.002221,
        -0.010255,
        0.707032
      ],
      "initscale": [
        1,
        1,
        0.999999
      ],
      "offmtx": [
        [
          0,
          0.011362,
          0.999935,
          -4.989007
        ],
        [
          0,
          -0.999935,
          0.011362,
          6.285038
        ],
        [
          1,
          0,
          0,
          2.2715688885455165e-7
        ]
      ],
      "boundingbox": [
        [
          -0.002395,
          -2.086951,
          -0.617236
        ],
        [
          1.427797,
          0.741292,
          0.382763
        ]
      ]
    },
    {
      "name": "Bone004",
      "parent": "Bone002",
      "initpos": [
        8.045835,
        -0.210217,
        -4.889169
      ],
      "initquaternion": [
        0.707102,
        -0.002395,
        -0.01008,
        0.707034
      ],
      "initscale": [
        0.999999,
        0.999999,
        0.999999
      ],
      "offmtx": [
        [
          -4.908051778329536e-7,
          0.010868,
          0.99994,
          -4.958367
        ],
        [
          -1.0311800480167221e-7,
          -0.99994,
          0.010868,
          4.835563
        ],
        [
          1,
          0,
          4.918969693790132e-7,
          -0.000001
        ]
      ],
      "boundingbox": [
        [
          0.009782,
          -0.710989,
          -0.617236
        ],
        [
          1.423914,
          0.70314,
          0.382763
        ]
      ]
    },
    {
      "name": "Bone005",
      "parent": "Bone002",
      "initpos": [
        8.061571,
        -0.210495,
        -3.488411
      ],
      "initquaternion": [
        0.707104,
        0.001705,
        -0.014181,
        0.706964
      ],
      "initscale": [
        1,
        0.999999,
        0.999999
      ],
      "offmtx": [
        [
          1.6391281576488836e-7,
          0.022466,
          0.999747,
          -4.998385
        ],
        [
          0,
          -0.999747,
          0.022466,
          3.376969
        ],
        [
          1,
          0,
          -1.6175538064544526e-7,
          9.138532277574996e-7
        ]
      ],
      "boundingbox": [
        [
          -0.00612,
          -0.68944,
          -0.617237
        ],
        [
          1.407736,
          0.724416,
          0.382762
        ]
      ]
    },
    {
      "name": "Bone006",
      "parent": "Bone002",
      "initpos": [
        8.061573,
        -0.210495,
        -2.071914
      ],
      "initquaternion": [
        0.707079,
        -0.006238,
        -0.006238,
        0.707079
      ],
      "initscale": [
        0.999999,
        0.999999,
        0.999999
      ],
      "offmtx": [
        [
          1.6205721919959615e-7,
          0,
          0.999999,
          -4.921257
        ],
        [
          0,
          -0.999999,
          0,
          2.071914
        ],
        [
          1,
          0,
          -1.6205720498874143e-7,
          9.107062624025275e-7
        ]
      ],
      "boundingbox": [
        [
          -0.006083,
          -0.707651,
          -0.617236
        ],
        [
          1.408129,
          0.706565,
          0.382763
        ]
      ]
    },
    {
      "name": "Bone007",
      "parent": "Bone002",
      "initpos": [
        8.061573,
        -0.210495,
        -0.655417
      ],
      "initquaternion": [
        0.707079,
        -0.006238,
        -0.006238,
        0.707079
      ],
      "initscale": [
        0.999999,
        1,
        0.999999
      ],
      "offmtx": [
        [
          1.1371566444040582e-7,
          0,
          0.999999,
          -4.921257
        ],
        [
          0,
          -0.999999,
          0,
          0.655417
        ],
        [
          1,
          0,
          -1.1371565733497846e-7,
          6.260158329496335e-7
        ]
      ],
      "boundingbox": [
        [
          -0.006079,
          -0.709931,
          -0.617236
        ],
        [
          1.408133,
          0.704284,
          0.382763
        ]
      ]
    },
    {
      "name": "Bone008",
      "parent": "Bone002",
      "initpos": [
        8.045839,
        -0.210217,
        0.745346
      ],
      "initquaternion": [
        0.707079,
        -0.006238,
        -0.006238,
        0.707079
      ],
      "initscale": [
        0.999999,
        0.999999,
        0.999999
      ],
      "offmtx": [
        [
          0,
          0,
          0.999999,
          -4.905521
        ],
        [
          0,
          -0.999999,
          0,
          -0.745346
        ],
        [
          1,
          0,
          0,
          9.824397011470865e-7
        ]
      ],
      "boundingbox": [
        [
          0.009655,
          -0.696481,
          -0.617235
        ],
        [
          1.42387,
          0.717731,
          0.382764
        ]
      ]
    },
    {
      "name": "Bind",
      "parent": "Bone008",
      "initpos": [
        0.674089,
        -0.745346,
        -0.037839
      ],
      "initquaternion": [
        0.707106,
        -2.2197247062649694e-7,
        0.707106,
        2.2197249904820637e-7
      ],
      "initscale": [
        1,
        0.999999,
        0.999999
      ],
      "offmtx": [
        [
          1,
          0,
          0,
          0.03784
        ],
        [
          0,
          0.999999,
          -5.62866375730664e-7,
          0.000003
        ],
        [
          0,
          5.62866375730664e-7,
          0.999999,
          -5.57961
        ]
      ],
      "boundingbox": [
        [
          -0.579396,
          -0.048866,
          0.042675
        ],
        [
          -0.579396,
          -0.048866,
          0.042675
        ]
      ]
    },
    {
      "name": "Bone009",
      "parent": "Bone002",
      "initpos": [
        8.045839,
        -0.210217,
        2.146104
      ],
      "initquaternion": [
        0.707033,
        -0.010166,
        -0.00231,
        0.707102
      ],
      "initscale": [
        0.999999,
        0.999999,
        0.999999
      ],