{"skeleton":[{"name":"root","parent":"root","initpos":[-5.0333,0.0,-0.0],"initquaternion":[0.707106,0.0,0.0,0.707106],"initscale":[1.0,0.999999,0.999999],"offmtx":[[1.0,0.0,0.0,0.0],[0.0,1.0,0.0,0.0],[0.0,0.0,1.0,0.0]],"boundingbox":[[0.0,0.0,0.0],[0.0,0.0,0.0]]},{"name":"Bone001","parent":"root","initpos":[-6.144124,-0.0,-0.196347],"initquaternion":[-0.707106,0.0,0.0,0.707106],"initscale":[1.0,1.0,1.0],"offmtx":[[1.0,0.0,0.0,6.144124],[0.0,0.999999,-1.6292067073209182e-07,-0.196347],[0.0,1.6292067073209182e-07,0.999999,-0.0]],"boundingbox":[[-3.511822,-2.177595,-0.655909],[17.345205,1.987903,0.655907]]}],"boundingbox":[[-9.655946,-1.981248,-0.655908],[11.201081,2.184251,0.655907]]}