{
  "skeleton": [
    {
      "name": "root",
      "parent": "root",
      "initpos": [
        0,
        0,
        0
      ],
      "initquaternion": [
        0.707106,
        0,
        0,
        0.707106
      ],
      "initscale": [
        1,
        0.999999,
        0.999999
      ],
      "offmtx": [
        [
          1,
          0,
          0,
          0
        ],
        [
          0,
          1,
          0,
          0
        ],
        [
          0,
          0,
          1,
          0
        ]
      ],
      "boundingbox": [
        [
          0,
          0,
          0
        ],
        [
          0,
          0,
          0
        ]
      ]
    },
    {
      "name": "Bone006",
      "parent": "root",
      "initpos": [
        2.37709,
        0,
        -7.782075
      ],
      "initquaternion": [
        -0.5,
        -0.5,
        -0.499999,
        0.5
      ],
      "initscale": [
        1,
        1,
        1
      ],
      "offmtx": [
        [
          0,
          -0.999999,
          0,
          7.782075
        ],
        [
          1,
          0,
          0,
          -2.37709
        ],
        [
          0,
          0,
          0.999999,
          3.877915446537372e-7
        ]
      ],
      "boundingbox": [
        [
          4.183652,
          -2.786968,
          -2.419267
        ],
        [
          7.845849,
          2.095959,
          2.46366
        ]
      ]
    }
  ],
  "boundingbox": [
    [
      -0.409877,
      -0.063774,
      -2.419268
    ],
    [
      4.473049,
      3.598422,
      2.463659
    ]
  ]
}
