{
  "skeleton": [
    {
      "name": "root",
      "parent": "root",
      "initpos": [
        0,
        0,
        0
      ],
      "initquaternion": [
        0.707106,
        0,
        0,
        0.707106
      ],
      "initscale": [
        1,
        0.999999,
        0.999999
      ],
      "offmtx": [
        [
          1,
          0,
          0,
          0
        ],
        [
          0,
          1,
          0,
          0
        ],
        [
          0,
          0,
          1,
          0
        ]
      ],
      "boundingbox": [
        [
          0,
          0,
          0
        ],
        [
          0,
          0,
          0
        ]
      ]
    },
    {
      "name": "Bone003",
      "parent": "root",
      "initpos": [
        8.169094,
        4.1640191739134025e-7,
        -23.150211
      ],
      "initquaternion": [
        -0.5,
        -0.5,
        -0.499999,
        0.5
      ],
      "initscale": [
        1,
        1,
        1
      ],
      "offmtx": [
        [
          0,
          -1,
          0,
          23.150213
        ],
        [
          1,
          0,
          0,
          -8.169095
        ],
        [
          0,
          0,
          1,
          0.000001
        ]
      ],
      "boundingbox": [
        [
          -1.25149,
          -3.995864,
          -2.383493
        ],
        [
          0.100246,
          0.049036,
          2.430037
        ]
      ]
    }
  ],
  "boundingbox": [
    [
      4.173228,
      23.049968,
      -2.383492
    ],
    [
      8.218129,
      24.401702,
      2.430037
    ]
  ]
}
