{"skeleton":[{"name":"root","parent":"root","initpos":[0.0,0.0,-0.0],"initquaternion":[0.707106,0.0,0.0,0.707106],"initscale":[1.0,0.999999,0.999999],"offmtx":[[1.0,0.0,0.0,0.0],[0.0,1.0,0.0,0.0],[0.0,0.0,1.0,0.0]],"boundingbox":[[0.0,0.0,0.0],[0.0,0.0,0.0]]},{"name":"Bone001","parent":"root","initpos":[0.0,-0.0,-0.167607],"initquaternion":[0.5,-0.499999,-0.5,-0.499999],"initscale":[1.0,1.0,1.0],"offmtx":[[1.6292068494294654e-07,0.999999,0.0,-0.167607],[-1.0,1.6292067073209182e-07,-8.781764790910529e-07,-0.0],[-8.781765359344718e-07,0.0,0.999999,0.0]],"boundingbox":[[-5.522761,-6.201828,-1.823019],[7.422113,6.20183,3.963865]]}],"boundingbox":[[-6.201828,-5.355153,-1.823019],[6.201828,7.589719,3.963866]]}