{"skeleton":[{"name":"root","parent":"root","initpos":[0.0,0.0,-0.0],"initquaternion":[0.707106,0.0,0.0,0.707106],"initscale":[1.0,0.999999,0.999999],"offmtx":[[1.0,0.0,0.0,0.0],[0.0,1.0,0.0,0.0],[0.0,0.0,1.0,0.0]],"boundingbox":[[0.0,0.0,0.0],[0.0,0.0,0.0]]},{"name":"Bone001","parent":"root","initpos":[-0.0,0.042702,-0.0],"initquaternion":[0.0,-0.0,0.707106,0.707106],"initscale":[1.0,1.0,1.0],"offmtx":[[0.0,0.0,0.999999,-0.042702],[-1.0,0.0,0.0,-0.0],[-0.0,-0.999999,0.0,0.0]],"boundingbox":[[-2.7657,-7.845761,-6.517191],[3.769454,7.741358,7.767289]]}],"boundingbox":[[-7.741359,-7.767289,-2.722998],[7.84576,6.517191,3.812156]]}