{
  "skeleton": [
    {
      "name": "root",
      "parent": "root",
      "initpos": [
        0,
        0,
        0
      ],
      "initquaternion": [
        0.707106,
        0,
        0,
        0.707106
      ],
      "initscale": [
        1,
        0.999999,
        0.999999
      ],
      "offmtx": [
        [
          1,
          0,
          0,
          0
        ],
        [
          0,
          1,
          0,
          0
        ],
        [
          0,
          0,
          1,
          0
        ]
      ],
      "boundingbox": [
        [
          0,
          0,
          0
        ],
        [
          0,
          0,
          0
        ]
      ]
    },
    {
      "name": "Bone001",
      "parent": "root",
      "initpos": [
        0,
        0,
        -0.511572
      ],
      "initquaternion": [
        0.5,
        -0.499999,
        -0.5,
        -0.499999
      ],
      "initscale": [
        1,
        1,
        1
      ],
      "offmtx": [
        [
          3.1391647326017846e-7,
          0.999999,
          0,
          -0.511572
        ],
        [
          -1,
          3.1391644483846903e-7,
          -2.225242496933788e-7,
          -1.6059114216204762e-7
        ],
        [
          -2.2252426390423352e-7,
          0,
          0.999999,
          0
        ]
      ],
      "boundingbox": [
        [
          -6.630562,
          -0.885138,
          -7.510662
        ],
        [
          19.656755,
          0.885145,
          6.884771
        ]
      ]
    }
  ],
  "boundingbox": [
    [
      -0.88514,
      -6.118988,
      -7.510663
    ],
    [
      0.88514,
      20.168329,
      6.884769
    ]
  ]
}
