{
  "skeleton": [
    {
      "name": "Bone001",
      "parent": "Bone001",
      "initpos": [
        -0.370488,
        0,
        0
      ],
      "initquaternion": [
        0,
        0,
        0.707106,
        0.707106
      ],
      "initscale": [
        0.999999,
        0.999999,
        0.999999
      ],
      "offmtx": [
        [
          1.6292068494294654e-7,
          0.999999,
          0,
          2.384185791015625e-7
        ],
        [
          -1,
          1.6292067073209182e-7,
          0,
          -0.370488
        ],
        [
          0,
          0,
          0.999999,
          0
        ]
      ],
      "boundingbox": [
        [
          -2.895859,
          -0.370488,
          -5.276834
        ],
        [
          12.153614,
          0.381986,
          3.75285
        ]
      ]
    }
  ],
  "boundingbox": [
    [
      -0.752473,
      -2.895859,
      -5.276835
    ],
    [
      7.062682243486051e-7,
      12.153614,
      3.752848
    ]
  ]
}
