{"skeleton":[{"name":"root","parent":"root","initpos":[0.0,0.0,-0.0],"initquaternion":[0.707106,0.0,0.0,0.707106],"initscale":[1.0,1.0,0.999999],"offmtx":[[1.0,0.0,0.0,0.0],[0.0,1.0,0.0,0.0],[0.0,0.0,1.0,0.0]],"boundingbox":[[0.0,0.0,0.0],[0.0,0.0,0.0]]},{"name":"Bone002","parent":"root","initpos":[-2.025137,0.0,-0.088711],"initquaternion":[-0.505524,0.494413,0.494415,0.505522],"initscale":[0.999999,0.999999,0.999999],"offmtx":[[0.022216,0.999753,0.0,-0.043698],[-0.999753,0.022216,-1e-06,-2.026609],[-1e-06,0.0,0.999999,-3e-06]],"boundingbox":[[-0.167647,-2.254287,-2.138904],[3.971624,2.068918,2.138905]]}],"boundingbox":[[-4.005826,-0.034962,-2.1389],[0.226957,4.081815,2.138902]]}