{"skeleton":[{"name":"root","parent":"root","initpos":[0.0,0.0,-0.0],"initquaternion":[0.707106,0.0,0.0,0.707106],"initscale":[1.0,0.999999,0.999999],"offmtx":[[1.0,0.0,0.0,0.0],[0.0,0.0,0.999999,0.0],[0.0,-0.999999,0.0,0.0]],"boundingbox":[[-6.103233,-1.817054,-8.070197],[6.090018,3.545278,8.551376]]}],"boundingbox":[[-6.103233,-8.551376,-1.817055],[6.090018,8.070197,3.545278]]}