{"is_global":true,"animation":{"fields":["time","attr"],"times":[0.0,0.033333,0.066666,0.1,0.133333,0.166666,0.2,0.233333,0.266666,0.3,0.333333,0.366666,0.4,0.433333,0.466666,0.5,0.533333,0.566666,0.6,0.633333,0.666666,0.7,0.733333,0.766666,0.8,0.833333,0.866666,0.9,0.933333,0.966666,1.0],"poses":[0.0,-1e-06,-10.0,-18.0265,19.5,-9.75,-4.50598,19.5,5.25,-2.58869,19.5,4.1196,-4.50599,-19.5,5.25,-2.58871,-19.5,4.1196,-5.99401,20.25,-6.75,-5.99403,-19.5,-6.75,5.24402,12.7232,-2.25,5.24401,-12.7232,-2.25,-18.0266,-19.5,-9.75,-1.2037e-07,0.774884,-9.33595,-1.85185e-07,1.66317,-8.57472,-2.5e-07,2.55145,-7.81349,-3.7037e-07,3.32634,-7.14944,-6.01852e-07,3.87443,-6.67974,-1e-06,4.08232,-6.50158,-0.000527,4.0648,-6.70604,-0.001981,4.01418,-7.2713,-0.004177,3.93339,-8.12519,-0.006929,3.82537,-9.19557,-0.010053,3.69305,-10.4103,-0.013362,3.53936,-11.6971,-0.016671,3.36722,-12.984,-0.019795,3.17958,-14.1987,-0.022547,2.97936,-15.2691,-0.024743,2.76949,-16.123,-0.026197,2.55291,-16.6882,-0.026722,2.33254,-16.8927,-0.026719,2.02033,-16.5752,-0.026693,1.57889,-15.7574,-0.026623,1.08714,-14.6417,-0.026488,0.624003,-13.4302,-0.026264,0.268395,-12.3252,-0.02593,0.099239,-11.5291,-0.023733,0.057429,-11.0169,-0.018854,0.029403,-10.6221,-0.012667,0.012403,-10.3337,-0.006546,0.003673,-10.1411,-0.001865,0.000457,-10.0335,-17.7411,19.5,-10.9265,-17.4139,19.5,-12.2751,-17.0866,19.5,-13.6237,-16.8012,19.5,-14.8002,-16.5993,19.5,-15.6324,-16.5227,19.5,-15.948,-16.5886,19.5,-15.8897,-16.7721,19.5,-15.7253,-17.0519,19.5,-15.4704,-17.4065,19.5,-15.1407,-17.8145,19.5,-14.7519,-18.2546,19.5,-14.3198,-18.7054,19.5,-13.8599,-19.1455,19.5,-13.388,-19.5535,19.5,-12.9198,-19.9081,19.5,-12.471,-20.1878,19.5,-12.0572,-20.3714,19.5,-11.6941,-20.4373,19.5,-11.3974,-20.3811,19.5,-11.1456,-20.2272,19.5,-10.908,-19.9972,19.5,-10.6868,-19.7128,19.5,-10.484,-19.3958,19.5,-10.3015,-19.068,19.5,-10.1415,-18.751,19.5,-10.006,-18.4667,19.5,-9.89709,-18.2367,19.5,-9.81674,-18.0827,19.5,-9.76702,-4.14205,19.5,5.03543,-3.72486,19.5,4.78946,-3.30767,19.5,4.5435,-2.94374,19.5,4.32893,-2.68633,19.5,4.17716,-2.81716,19.5,4.27006,-3.37795,19.5,4.62887,-4.08411,19.5,5.05711,-4.74868,19.5,5.41592,-5.18471,19.5,5.56638,-5.42525,19.5,5.54866,-5.62939,19.5,5.50117,-5.79931,19.5,5.43242,-5.93716,19.5,5.35091,-6.0451,19.5,5.26515,-6.12529,19.5,5.18364,-6.1799,19.5,5.11488,-6.21108,19.5,5.0674,-6.22099,19.5,5.04967,-6.12599,19.5,5.06077,-5.88099,19.5,5.08939,-5.54599,19.5,5.12852,-5.18098,19.5,5.17115,-4.84598,19.5,5.21028,-4.60098,19.5,5.2389,-4.14206,-19.5,5.03543,-3.72487,-19.5,4.78946,-3.30769,-19.5,4.5435,-2.94376,-19.5,4.32893,-2.68635,-19.5,4.17716,-2.81718,-19.5,4.27006,-3.37797,-19.5,4.62886,-4.08412,-19.5,5.05711,-4.74869,-19.5,5.41592,-5.18472,-19.5,5.56638,-5.42526,-19.5,5.54866,-5.62941,-19.5,5.50117,-5.79932,-19.5,5.43242,-5.93717,-19.5,5.35091,-6.04511,-19.5,5.26514,-6.12531,-19.5,5.18363,-6.17991,-19.5,5.11488,-6.21109,-19.5,5.06739,-6.22101,-19.5,5.04967,-6.12601,-19.5,5.06077,-5.881,-19.5,5.08939,-5.546,-19.5,5.12852,-5.181,-19.5,5.17115,-4.84599,-19.5,5.21028,-4.60099,-19.5,5.2389,-5.78227,20.2491,-7.64119,-5.53955,20.2481,-8.66279,-5.29682,20.2471,-9.6844,-5.08508,20.2462,-10.5756,-4.93531,20.2455,-11.2059,-4.8785,20.2453,-11.4451,-4.92448,20.2455,-11.3229,-5.05054,20.246,-10.9879,-5.23889,20.2468,-10.4874,-5.47173,20.2478,-9.86865,-5.73127,20.2489,-9.17898,-5.99971,20.25,-8.46566,-6.25925,20.2511,-7.77598,-6.49209,20.2521,-7.15725,-6.68044,20.2529,-6.65674,-6.80651,20.2535,-6.32176,-6.85248,20.2537,-6.19959,-6.83499,20.2536,-6.3482,-6.78737,20.2534,-6.74,-6.71692,20.2531,-7.29392,-6.63093,20.2527,-7.92891,-6.53668,20.2523,-8.56389,-6.44146,20.2519,-9.11782,-6.35258,20.2516,-9.50962,-6.2773,20.2512,-9.65823,-6.20558,20.2509,-9.35577,-6.13004,20.2506,-8.63453,-6.06203,20.2503,-7.77369,-6.01291,20.2501,-7.05245,-5.78229,-19.5,-7.64119,-5.53956,-19.5,-8.6628,-5.29683,-19.5,-9.68441,-5.08509,-19.5,-10.5756,-4.93532,-19.5,-11.2059,-4.87851,-19.5,-11.4451,-4.92448,-19.5,-11.3229,-5.05055,-19.5,-10.9879,-5.2389,-19.5,-10.4874,-5.47175,-19.5,-9.86866,-5.73129,-19.5,-9.17898,-5.99973,-19.5,-8.46566,-6.25927,-19.5,-7.77599,-6.49211,-19.5,-7.15725,-6.68047,-19.5,-6.65675,-6.80653,-19.5,-6.32176,-6.8525,-19.5,-6.19959,-6.83501,-19.5,-6.34821,-6.7874,-19.5,-6.74001,-6.71695,-19.5,-7.29393,-6.63095,-19.5,-7.92891,-6.5367,-19.5,-8.5639,-6.44148,-19.5,-9.11782,-6.35259,-19.5,-9.50962,-6.27732,-19.5,-9.65823,-6.20559,-19.5,-9.35578,-6.13005,-19.5,-8.63454,-6.06205,-19.5,-7.7737,-6.01293,-19.5,-7.05246,5.40372,12.7232,-2.31835,5.58106,12.7232,-2.3866,5.77076,12.7232,-2.45479,5.96751,12.7232,-2.52293,6.16603,12.7232,-2.59107,6.36101,12.7232,-2.65923,6.54718,12.7232,-2.72743,6.71923,12.7232,-2.79571,6.87187,12.7232,-2.8641,6.9998,12.7232,-2.93263,7.09774,12.7232,-3.00133,7.16038,12.7232,-3.07022,7.18244,12.7232,-3.13934,7.15693,12.7232,-3.21662,7.0871,12.7232,-3.30547,6.98297,12.7232,-3.39917,6.85457,12.7232,-3.49094,6.71191,12.7232,-3.57407,6.56502,12.7232,-3.64179,6.42392,12.7232,-3.68737,6.29865,12.7232,-3.70407,6.17239,12.7232,-3.6542,6.0276,12.7232,-3.52056,5.87319,12.7232,-3.32708,5.71809,12.7232,-3.09771,5.5712,12.7232,-2.85636,5.44143,12.7232,-2.62698,5.3377,12.7232,-2.4335,5.26893,12.7232,-2.29986,5.40371,-12.7232,-2.30945,5.58105,-12.7232,-2.35394,5.77074,-12.7232,-2.38798,5.9675,-12.7232,-2.41604,6.16602,-12.7232,-2.44261,6.361,-12.7232,-2.47216,6.54717,-12.7232,-2.50919,6.71922,-12.7232,-2.55817,6.87186,-12.7232,-2.62359,6.99979,-12.7232,-2.70994,7.09772,-12.7232,-2.82169,7.16037,-12.7232,-2.96333,7.18243,-12.7232,-3.13934,7.15692,-12.7232,-3.42588,7.08709,-12.7232,-3.85826,6.98296,-12.7232,-4.37976,6.85456,-12.7232,-4.93366,6.7119,-12.7232,-5.46323,6.56501,-12.7232,-5.91172,6.42391,-12.7232,-6.22242,6.29864,-12.7232,-6.33859,6.17238,-12.7232,-6.19838,6.02759,-12.7232,-5.82261,5.87318,-12.7232,-5.27859,5.71808,-12.7232,-4.63361,5.57118,-12.7232,-3.95499,5.44142,-12.7232,-3.31001,5.33769,-12.7232,-2.76598,5.26892,-12.7232,-2.39021,-17.7411,-19.5,-10.9265,-17.4139,-19.5,-12.2751,-17.0866,-19.5,-13.6238,-16.8012,-19.5,-14.8002,-16.5993,-19.5,-15.6324,-16.5227,-19.5,-15.948,-16.5886,-19.5,-15.8897,-16.7722,-19.5,-15.7253,-17.0519,-19.5,-15.4704,-17.4065,-19.5,-15.1407,-17.8145,-19.5,-14.7519,-18.2546,-19.5,-14.3198,-18.7054,-19.5,-13.8599,-19.1455,-19.5,-13.3881,-19.5535,-19.5,-12.9199,-19.9081,-19.5,-12.471,-20.1879,-19.5,-12.0572,-20.3714,-19.5,-11.6941,-20.4373,-19.5,-11.3974,-20.3812,-19.5,-11.1456,-20.2272,-19.5,-10.908,-19.9972,-19.5,-10.6868,-19.7128,-19.5,-10.484,-19.3958,-19.5,-10.3015,-19.068,-19.5,-10.1415,-18.751,-19.5,-10.006,-18.4667,-19.5,-9.89709,-18.2367,-19.5,-9.81674,-18.0827,-19.5,-9.76703],