{"is_global":true,"animation":{"fields":["time","attr"],"times":[0.0,0.033333,0.066666,0.1,0.133333,0.166666,0.2,0.233333,0.266666,0.3,0.333333,0.366666,0.4,0.433333,0.466666,0.5,0.533333],"poses":[-1e-06,0.661822,-12.2281,-4.50598,19.5,5.25,-4.50599,-19.5,5.25,-5.99401,20.25,-6.75,-5.99403,-19.5,-6.75,5.24402,12.7232,-2.25,5.24401,-12.7232,-2.25,-5.92593e-07,0.320493,-12.4159,-1.85185e-07,-0.020835,-12.6037,0.0,-0.269874,-12.6891,0.0,-0.426357,-12.5976,0.0,-0.550576,-12.3694,0.0,-0.641091,-12.0736,0.0,-0.696458,-11.7793,0.0,-0.715234,-11.5557,0.0,-0.552148,-11.4075,0.0,-0.1802,-11.2963,0.0,0.224639,-11.2263,0.0,0.4864,-11.202,-1.09375e-07,0.579593,-11.3142,-3.75e-07,0.617967,-11.5868,-7.03125e-07,0.634413,-11.9235,-18.0265,19.5,-9.75,-4.63304,19.575,5.29394,-4.77858,19.6609,5.34427,-4.92875,19.7495,5.39621,-5.06967,19.8327,5.44494,-5.1875,19.9022,5.48569,-5.26835,19.95,5.51365,-5.29839,19.9677,5.52404,-5.27121,19.9517,5.51464,-5.19839,19.9087,5.48946,-5.09295,19.8465,5.45299,-4.96795,19.7727,5.40976,-4.83642,19.695,5.36428,-4.71142,19.6213,5.32105,-4.60598,19.559,5.28458,-4.53315,19.516,5.2594,-4.63305,-19.5972,5.29394,-4.7786,-19.7085,5.34427,-4.92876,-19.8233,5.39621,-5.06969,-19.9311,5.44494,-5.18751,-20.0212,5.48569,-5.26837,-20.083,5.51365,-5.2984,-20.106,5.52404,-5.27123,-20.0852,5.51464,-5.1984,-20.0295,5.48945,-5.09296,-19.9489,5.45299,-4.96796,-19.8533,5.40976,-4.83643,-19.7527,5.36427,-4.71143,-19.6571,5.32104,-4.60599,-19.5765,5.28458,-4.53316,-19.5208,5.2594,5.06104,12.7232,-2.33795,4.85283,12.7232,-2.43804,4.65723,12.7232,-2.53206,4.5121,12.7232,-2.60182,4.45532,12.7232,-2.62912,4.47369,12.7232,-2.62029,4.52405,12.7232,-2.59608,4.59931,12.7232,-2.55991,4.69234,12.7232,-2.51518,4.79604,12.7232,-2.46534,4.9033,12.7232,-2.41378,5.007,12.7232,-2.36393,5.10003,12.7232,-2.31921,5.17528,12.7232,-2.28304,5.22565,12.7232,-2.25883,5.06103,-12.7232,-2.33796,4.85281,-12.7232,-2.43805,4.65721,-12.7232,-2.53207,4.51209,-12.7232,-2.60183,4.45531,-12.7232,-2.62913,4.47368,-12.7232,-2.6203,4.52404,-12.7232,-2.59608,4.5993,-12.7232,-2.55991,4.69233,-12.7232,-2.51519,4.79603,-12.7232,-2.46534,4.90329,-12.7232,-2.41378,5.00699,-12.7232,-2.36394,5.10002,-12.7232,-2.31922,5.17527,-12.7232,-2.28304,5.22564,-12.7232,-2.25883,-18.0266,-19.5,-9.75],"quats":[-0.707106,1.5313307e-07,0.707106,4.5939925e-07,-0.707106,-2.2618858e-07,0.707106,0.0,0.023411,0.023411,-0.706718,0.706719,-0.707105,0.001507,0.707105,0.001518,0.707106,1.3767874e-07,-0.707106,1.3767878e-07,0.027257,0.027257,-0.706581,0.706581,0.031102,0.031102,-0.706422,0.706422,0.03285,0.03285,-0.706343,0.706343,0.031812,0.031812,-0.70639,0.706391,0.029153,0.029153,-0.706505,0.706505,0.025555,0.025555,-0.706644,0.706645,0.021701,0.021701,-0.706773,0.706773,0.018274,0.018274,-0.70687,0.70687,0.014673,0.014673,-0.706954,0.706954,0.010632,0.010632,-0.707026,0.707027,0.007339,0.007339,-0.707068,0.707069,0.005977,0.005977,-0.707081,0.707081,0.007884,0.007884,-0.707062,0.707063,0.012516,0.012516,-0.706995,0.706996,0.018237,0.018237,-0.706871,0.706871,-0.704171,0.005943,0.709999,-0.002922,-0.69728,0.005717,0.71677,-0.002702,-0.693956,0.001538,0.720013,0.001488,-0.695541,-0.001347,0.71847,0.004403,-0.69928,-0.002366,0.714822,0.005462,-0.703576,-0.001139,0.710605,0.004278,-0.707248,0.001743,0.706961,0.00144,-0.709773,0.00519,0.704408,-0.001968,-0.711164,0.008012,0.702963,-0.004764,-0.711616,0.009152,0.702483,-0.005894,-0.712539,0.00765,0.701576,-0.004409,-0.713195,0.003848,0.700954,-0.00065,-0.711331,0.000385,0.702851,0.002757,-0.708526,-0.000243,0.705676,0.00333,-0.70723,0.000877,0.706979,0.002166,-0.704168,-0.00443,0.710005,0.004436,-0.697275,-0.00419,0.716778,0.004201,-0.693958,0.0,0.720015,2.0777921e-07,-0.69555,0.002883,0.718465,-0.002913,-0.699293,0.003895,0.714813,-0.003964,-0.703588,0.002655,0.710597,-0.00277,-0.707255,-0.000237,0.706957,7.8e-05,-0.709774,-0.003691,0.70441,0.003494,-0.71116,-0.006519,0.702971,0.006295,-0.71161,-0.00766,0.702493,0.007427,-0.712538,-0.006157,0.70158,0.00594,-0.713201,-0.002347,0.700951,0.002174,-0.711338,0.001124,0.702847,-0.001241,-0.708528,0.001755,0.705677,-0.001816,-0.707231,0.000631,0.706981,-0.000649,-0.707106,0.0,0.707106,0.0],"scales":[1.2322,1.2322,1.2322,0.999999,0.999999,0.999999,0.981414,0.981414,0.981414,1.0946,1.0946,1.0946,1.1892,1.1892,1.1892,1.12426,1.12426,1.12426,1.19913,1.19913,1.19913,1.10681,1.10681,1.10681,1.00983,1.00983,1.00983,1.11382,1.11382,1.11382,1.21781,1.21781,1.21781,1.16134,1.16134,1.16134,1.05647,1.05647,1.05647],"length":0.533333,"tracks":{"Bone001":{"pos":[0,0,1,7,2,8,3,9,4,10,5,11,6,12,7,13,8,14,9,15,10,16,11,17,12,18,13,19,14,20,15,21,16,0],"quat":[0,2,1,5,2,6,3,7,4,8,5,9,6,10,7,11,8,12,9,13,10,14,11,15,12,16,13,17,14,18,15,19,16,2]},"Bone002":{"pos":[0,22]},"Bone003":{"pos":[0,1,1,23,2,24,3,25,4,26,5,27,6,28,7,29,8,30,9,31,10,32,11,33,12,34,13,35,14,36,15,37,16,1],"quat":[0,0,16,0],"scale":[0,1,1,3,2,4,3,0,4,2,5,5,6,6,7,0,8,7,9,2,10,0,11,8,12,9,13,10,14,11,15,12,16,1]},"Bone004":{"pos":[0,2,1,38,2,39,3,40,4,41,5,42,6,43,7,44,8,45,9,46,10,47,11,48,12,49,13,50,14,51,15,52,16,2],"quat":[0,0,16,0],"scale":[0,1,1,3,2,4,3,0,4,2,5,5,6,6,7,0,8,7,9,2,10,0,11,8,12,9,13,10,14,11,15,12,16,1]},"Bone005":{"pos":[0,3,16,3],"quat":[0,3,1,20,2,21,3,22,4,23,5,24,6,25,7,26,8,27,9,28,10,29,11,30,12,31,13,32,14,33,15,34,16,3]},"Bone006":{"pos":[0,4,16,4],"quat":[0,1,1,35,2,36,3,37,4,38,5,39,6,40,7,41,8,42,9,43,10,44,11,45,12,46,13,47,14,48,15,49,16,1]},"Bone007":{"pos":[0,5,1,53,2,54,3,55,4,56,5,57,6,58,7,59,8,60,9,61,10,62,11,63,12,64,13,65,14,66,15,67,16,5],"quat":[0,1,16,4]},"Bone008":{"pos":[0,6,1,68,2,69,3,70,4,71,5,72,6,73,7,74,8,75,9,76,10,77,11,78,12,79,13,80,14,81,15,82,16,6],"quat":[0,1,16,4]},"Bone009":{"pos":[0,83],"quat":[0,50]}}},"version":"0.1.0"}