{"is_global":true,"animation":{"fields":["time","attr"],"times":[0.0,0.033333,0.066666,0.1,0.133333,0.166666,0.2,0.233333,0.266666,0.3,0.333333,0.366666,0.4,0.433333,0.466666,0.5,0.533333,0.566666,0.6,0.633333,0.666666],"poses":[-1e-06,5.01006,-12.2563,3.6327,-3.75003,-6e-06,-2e-06,4.88085,-12.5729,-2e-06,4.74229,-12.8572,-1e-06,4.50759,-13.1055,-2e-06,4.08996,-13.2061,-2e-06,4.00743,-12.9866,-1e-06,3.94403,-12.643,-1e-06,3.97779,-12.1828,-2e-06,4.01624,-11.9224,-2e-06,4.09174,-11.6939,-1e-06,4.23663,-11.4253,-1e-06,4.38561,-11.296,-1e-06,4.46029,-11.2363,-1e-06,4.53521,-11.1953,-1e-06,4.68492,-11.1783,-1e-06,4.88951,-11.2303,-2e-06,5.00585,-11.341,-2e-06,5.08145,-11.7067,-2e-06,5.09744,-11.8511,-2e-06,5.06869,-11.9806],"quats":[-0.500401,0.499597,0.500401,-0.499597,-0.501062,0.498935,0.501062,-0.498935,-0.501308,0.498687,0.501308,-0.498687,-0.501343,0.498653,0.501343,-0.498653,-0.501058,0.498939,0.501058,-0.498939,-0.500465,0.499533,0.500465,-0.499533,0.499624,-0.500375,-0.499624,0.500375,0.497557,-0.50243,-0.497558,0.50243,0.496884,-0.503096,-0.496884,0.503096,0.496477,-0.503497,-0.496477,0.503498,0.496135,-0.503834,-0.496136,0.503834,0.496056,-0.503912,-0.496056,0.503912,0.495288,-0.504667,-0.495288,0.504667,0.493138,-0.506767,-0.493139,0.506768,0.492452,-0.507434,-0.492452,0.507435,0.495158,-0.504794,-0.495159,0.504795,0.496872,-0.503108,-0.496871,0.503108,0.498568,-0.501427,-0.498568,0.501427,0.49987,-0.500129,-0.49987,0.500129],"scales":[0.999986,1.00001,1.0],"length":0.666666,"tracks":{"Bind":{"pos":[0,1],"scale":[0,0]},"Bone001":{"pos":[0,0,1,2,2,3,3,4,4,5,5,6,6,7,7,8,8,9,9,10,10,11,11,12,12,13,13,14,14,15,15,16,16,17,17,18,18,19,19,20,20,0],"quat":[0,0,2,1,3,2,4,3,5,4,6,5,7,6,8,7,9,8,10,9,11,10,12,11,13,12,14,13,15,14,16,15,17,16,18,17,19,18,20,0]}}},"version":"0.1.0"}