{"is_global":true,"animation":{"fields":["time","attr"],"times":[0.0,0.033333,0.066666,0.1,0.133333,0.166666,0.2,0.233333,0.266666,0.3,0.333333,0.366666,0.4,0.433333,0.466666,0.5,0.533333,0.566666,0.6,0.633333,0.666666,0.7,0.733333,0.766666,0.8,0.833333,0.866666,0.9,0.933333,0.966666],"poses":[3.6327,-3.75003,-6e-06,-1e-06,5.01006,-12.2563,-2e-06,5.51511,-11.7253,-1e-06,6.09407,-11.1165,-1e-06,6.67304,-10.5078,-1e-06,7.17809,-9.97676,-1e-06,7.53532,-9.60115,-3e-06,7.67083,-9.45868,-0.00053,7.6706,-9.63621,-0.001984,7.66905,-10.127,-0.00418,7.66484,-10.8685,-0.006932,7.65663,-11.7979,-0.010056,7.64309,-12.8526,-0.013365,7.6229,-13.97,-0.016674,7.59473,-15.0874,-0.019797,7.55724,-16.1421,-0.022551,7.50909,-17.0716,-0.024745,7.44897,-17.813,-0.026199,7.37554,-18.3038,-0.026725,7.28746,-18.4814,-0.026722,7.06645,-18.2056,-0.026695,6.65961,-17.4944,-0.026626,6.16371,-16.5224,-0.026489,5.67552,-15.464,-0.026266,5.29179,-14.4935,-0.025932,5.1093,-13.7854,-0.023736,5.06749,-13.3118,-0.018857,5.03946,-12.9278,-0.01267,5.02247,-12.6318,-0.006547,5.01373,-12.4222,-0.001867,5.01052,-12.2975],"quats":[-0.500401,0.499597,0.500401,-0.499597,0.498054,-0.501937,-0.498054,0.501937,0.495582,-0.504378,-0.495582,0.504378,0.493098,-0.506807,-0.493098,0.506807,0.490718,-0.509112,-0.490718,0.509112,0.488558,-0.511185,-0.488558,0.511185,0.486738,-0.512918,-0.486738,0.512918,0.485424,-0.514396,-0.485182,0.514156,0.484638,-0.515728,-0.483784,0.514881,0.484278,-0.51684,-0.482617,0.515198,0.484242,-0.517663,-0.481758,0.515211,0.484427,-0.518125,-0.481279,0.515019,0.485648,-0.517521,-0.481945,0.513853,0.488442,-0.515465,-0.484159,0.511183,0.492289,-0.512371,-0.487449,0.507463,0.496676,-0.508652,-0.491344,0.503156,0.501101,-0.504731,-0.495382,0.498737,-0.50508,0.501047,0.499118,-0.494698,-0.508144,0.498048,0.502112,-0.491547,-0.510522,0.495449,0.504673,-0.489082,-0.512674,0.492793,0.507256,-0.486838,-0.514487,0.490292,0.509658,-0.484937,-0.515851,0.488159,0.511683,-0.483505,-0.516654,0.486609,0.513139,-0.482667,-0.516783,0.485861,0.513831,-0.482545,-0.515418,0.4867,0.513022,-0.484019,-0.51237,0.489213,0.510608,-0.487263,-0.508476,0.49257,0.507352,-0.491344,-0.50459,0.495951,0.504032,-0.49535,-0.501598,0.498555,0.501444,-0.498391],"scales":[0.999999,0.999999,1.0,0.999986,1.00001,1.0],"length":0.966666,"tracks":{"Bind":{"pos":[0,0],"scale":[0,1]},"Bone001":{"pos":[0,1,1,2,2,3,3,4,4,5,5,6,6,7,7,8,8,9,9,10,10,11,11,12,12,13,13,14,14,15,15,16,16,17,17,18,18,19,19,20,20,21,21,22,22,23,23,24,24,25,25,26,26,27,27,28,28,29,29,30],"quat":[0,0,1,1,2,2,3,3,4,4,5,5,6,6,7,7,8,8,9,9,10,10,11,11,12,12,13,13,14,14,15,15,16,16,17,17,18,18,19,19,20,20,21,21,22,22,23,23,24,24,25,25,26,26,27,27,28,28,29,29],"scale":[0,0,29,0]}}},"version":"0.1.0"}