{"is_global":true,"animation":{"fields":["time","attr"],"times":[0.0,0.035625,0.07125,0.106875,0.1425,0.178125,0.21375,0.249375,0.285,0.320625,0.35625,0.391875,0.4275,0.463125,0.49875,0.534375,0.57,0.605625,0.64125,0.676874,0.7125,0.748125,0.78375,0.819375,0.855,0.890625,0.92625,0.961875,0.9975],"poses":[13.5006,6.52238,-0.004108,13.5435,6.52238,-0.004109,13.5326,6.52238,-0.004107,13.5228,6.52238,-0.004108,13.5145,6.52238,-0.004108,13.5078,6.52238,-0.004108,13.5031,6.52238,-0.004108,13.5037,6.52238,-0.004107,13.5096,6.52238,-0.004108,13.5177,6.52238,-0.004108,13.5275,6.52238,-0.004108,13.5384,6.52238,-0.004108,13.5499,6.52238,-0.004108,13.5615,6.52238,-0.004107,13.5726,6.52238,-0.004109,13.5826,6.52238,-0.004109,13.5911,6.52238,-0.004109,13.5975,6.52238,-0.004109,13.6012,6.52238,-0.004109,13.6018,6.52238,-0.004109,13.6003,6.52238,-0.004109,13.5969,6.52238,-0.004109,13.5918,6.52238,-0.004109,13.5849,6.52238,-0.004109,13.5765,6.52238,-0.004109,13.5667,6.52238,-0.004109,13.5559,6.52238,-0.004109,13.5443,6.52238,-0.004109,-0.889653,13.0,16.5,-1.05664,13.0,16.5,-1.21009,13.0,16.5,-1.33327,13.0,16.5,-1.40945,13.0,16.5,-1.42369,13.0,16.5,-1.39099,13.0,16.5,-1.32374,13.0,16.5,-1.22798,13.0,16.5,-1.10979,13.0,16.5,-0.975242,13.0,16.5,-0.830401,13.0,16.5,-0.681337,13.0,16.5,-0.534118,13.0,16.5,-0.394813,13.0,16.5,-0.269492,13.0,16.5,-0.164223,13.0,16.5,-0.085074,13.0,16.5,-0.038116,13.0,16.5,-0.028584,13.0,16.5,-0.046296,13.0,16.5,-0.085637,13.0,16.5,-0.14555,13.0,16.5,-0.224978,13.0,16.5,-0.322864,13.0,16.5,-0.43815,13.0,16.5,-0.569779,13.0,16.5,-0.716694,13.0,16.5,-0.877837,13.0,16.5,-0.889651,-13.0,16.5,-1.05664,-13.0,16.5,-1.21009,-13.0,16.5,-1.33327,-13.0,16.5,-1.40945,-13.0,16.5,-1.42369,-13.0,16.5,-1.39099,-13.0,16.5,-1.32374,-13.0,16.5,-1.22798,-13.0,16.5,-1.10979,-13.0,16.5,-0.975241,-13.0,16.5,-0.8304,-13.0,16.5,-0.681336,-13.0,16.5,-0.534117,-13.0,16.5,-0.394812,-13.0,16.5,-0.269491,-13.0,16.5,-0.164222,-13.0,16.5,-0.085073,-13.0,16.5,-0.038115,-13.0,16.5,-0.028583,-13.0,16.5,-0.046295,-13.0,16.5,-0.085636,-13.0,16.5,-0.145549,-13.0,16.5,-0.224977,-13.0,16.5,-0.322863,-13.0,16.5,-0.438149,-13.0,16.5,-0.569778,-13.0,16.5,-0.716693,-13.0,16.5,-0.877836,-13.0,16.5,0.450376,-10.4531,-1.99998,0.450376,-10.4531,-2.05535,0.450376,-10.4531,-2.13311,0.450376,-10.4531,-2.21889,0.450376,-10.4531,-2.30348,0.450376,-10.4531,-2.37936,0.450376,-10.4531,-2.43916,0.450376,-10.4531,-2.47423,0.450376,-10.4531,-2.4755,0.450376,-10.4531,-2.44996,0.450376,-10.4531,-2.40301,0.450377,-10.4531,-2.33853,0.450376,-10.4531,-2.26042,0.450376,-10.4531,-2.17257,0.450376,-10.4531,-2.07887,0.450376,-10.4531,-1.98322,0.450376,-10.4531,-1.88949,0.450376,-10.4531,-1.8016,0.450376,-10.4531,-1.72342,0.450376,-10.4531,-1.65885,0.450376,-10.4531,-1.61178,0.450376,-10.4531,-1.5861,0.450376,-10.4531,-1.58776,0.450376,-10.4531,-1.62602,0.450376,-10.4531,-1.68979,0.450376,-10.4531,-1.7688,0.450376,-10.4531,-1.85416,0.450376,-10.4531,-1.9357,0.450376,-10.4531,-1.99717,0.847793,0.499994,11.5,0.829725,0.499995,11.5,0.812375,0.499994,11.5,0.806849,0.499994,11.5,0.817924,0.499994,11.5,0.843081,0.499994,11.5,0.879901,0.499994,11.5,0.925968,0.499995,11.5,0.978864,0.499995,11.5,1.03617,0.499994,11.5,1.09547,0.499994,11.5,1.15434,0.499994,11.5,1.21038,0.499994,11.5,1.26116,0.499995,11.5,1.30425,0.499994,11.5,1.33726,0.499994,11.5,1.35775,0.499994,11.5,1.36332,0.499995,11.5,1.35312,0.499994,11.5,1.32908,0.499995,11.5,1.29341,0.499994,11.5,1.24826,0.499994,11.5,1.19585,0.499995,11.5,1.13835,0.499994,11.5,1.07795,0.499994,11.5,1.01683,0.499994,11.5,0.95718,0.499994,11.5,0.901187,0.499994,11.5,0.851037,0.499994,11.5],"quats":[-0.0,-0.0,0.0,1.0,-0.707106,-0.0,-3.9055993e-07,0.707106,-0.5,0.499999,0.5,0.5,-1e-06,0.0,-0.005027,0.999987,-0.707106,-0.0,-3.9055988e-07,0.707106,-0.747387,-2.8776398e-07,-3.2371261e-07,0.664388,-0.863605,1.0773449e-07,-2.8835314e-07,0.504168,-0.931129,1.0751667e-07,-3.7924551e-07,0.364689,-0.913159,1.3835091e-07,-2.7497885e-07,0.407603,-0.808079,2.7062566e-07,-4.3823078e-07,0.589073,-0.720473,-1.2859118e-07,-4.7739474e-07,0.693482,-0.800221,-2.5974754e-07,-3.4659649e-07,0.599704,-0.894472,0.0,-3.8739216e-07,0.447123,-0.945894,1.2366056e-07,-3.7429274e-07,0.324475,-0.87357,1.135117e-07,-2.8612831e-07,0.486698,-0.769106,0.0,-3.0212885e-07,0.63912,-0.70722,-1.3760214e-07,-4.748758e-07,0.706992],"scales":[1.0,0.999999,0.999999,0.996684,0.996684,0.996684,0.988943,0.988943,0.988943,0.98008,0.98008,0.98008,0.973401,0.973401,0.973401,1.0,1.00001,1.0,0.978715,0.982077,0.979847,1.00611,1.03852,1.00744,1.02763,1.08782,1.02774,1.02278,1.07963,1.02258,0.9842,1.00585,0.983622,0.996137,1.02007,0.995883,1.03001,1.0832,1.02976,1.04978,1.12108,1.04976,1.02959,1.08082,1.0297,0.986198,0.988151,0.986178,1.00851,1.0427,1.0086,1.02684,1.08947,1.02835,1.03377,1.10838,1.03595,1.03278,1.10522,1.0349,1.03052,1.09797,1.03249,1.02727,1.08753,1.02903,1.02332,1.07485,1.02482,1.01895,1.06082,1.02017,1.01445,1.04637,1.01538,1.0101,1.03242,1.01075,1.0062,1.01989,1.0066,1.00302,1.0097,1.00322,1.00086,1.00277,1.00092,0.982032,0.988853,0.982582,1.00921,1.04625,1.0097,1.02788,1.08857,1.02797,1.02332,1.07882,1.02351,0.986951,1.00109,0.987552,0.994241,1.01635,0.995201,1.0291,1.08161,1.02949,1.04976,1.12106,1.04976,1.02956,1.08021,1.02938,0.986214,0.987737,0.98613,1.00986,1.04514,1.01052,1.02712,1.09049,1.02888,1.03359,1.10878,1.03594,1.03261,1.1056,1.03489,1.03036,1.09832,1.03248,1.02713,1.08785,1.02902,1.0232,1.07512,1.02482,1.01885,1.06104,1.02016,1.01437,1.04653,1.01537,1.01005,1.03254,1.01075,1.00616,1.01996,1.00659,1.003,1.00973,1.00322,1.00086,1.00278,1.00092],"length":1.0,"tracks":{"Bone001":{"pos":[0,1,1,2,2,3,3,4,4,5,5,6,6,0,7,0,8,7,9,8,10,9,11,10,12,11,13,12,14,13,15,14,16,15,17,16,18,17,19,18,20,19,21,20,22,21,23,22,24,23,25,24,26,25,27,26,28,27],"quat":[0,1,2,4,3,5,4,6,5,7,6,8,7,9,8,10,9,11,10,12,11,13,12,14,13,15,14,16,28,1]},"Bone002":{"pos":[0,28,1,29,2,30,3,31,4,32,5,33,6,34,7,35,8,36,9,37,10,38,11,39,12,40,13,41,14,42,15,43,16,44,17,45,18,46,19,47,20,48,21,49,22,50,23,51,24,52,25,53,26,54,27,55,28,56],"quat":[0,0,28,0],"scale":[0,0,1,1,2,2,3,3,4,4,5,6,6,7,7,8,8,9,9,10,10,11,11,12,12,13,13,14,14,15,15,16,16,17,17,18,18,19,19,20,20,21,21,22,22,23,23,24,24,25,25,26,26,27,27,28,28,5]},"Bone003":{"pos":[0,57,1,58,2,59,3,60,4,61,5,62,6,63,7,64,8,65,9,66,10,67,11,68,12,69,13,70,14,71,15,72,16,73,17,74,18,75,19,76,20,77,21,78,22,79,23,80,24,81,25,82,26,83,27,84,28,85],"quat":[0,0,28,0],"scale":[0,0,1,1,2,2,3,3,4,4,5,29,6,30,7,31,8,32,9,33,10,34,11,35,12,36,13,37,14,38,15,39,16,40,17,41,18,42,19,43,20,44,21,45,22,46,23,47,24,48,25,49,26,50,27,51,28,5]},"Bone004":{"pos":[0,86,1,87,2,88,3,89,4,90,5,91,6,92,7,93,8,94,9,95,10,96,11,97,12,98,13,99,14,100,15,101,16,102,17,103,18,104,19,105,20,106,21,107,22,108,23,109,24,110,25,111,26,112,27,113,28,114],"quat":[0,2,28,2]},"Bone005":{"pos":[0,115,1,116,2,117,3,118,4,119,5,120,6,121,7,122,8,123,9,124,10,125,11,126,12,127,13,128,14,129,15,130,16,131,17,132,18,133,19,134,20,135,21,136,22,137,23,138,24,139,25,140,26,141,27,142,28,143],"quat":[0,3,28,3]}}},"version":"0.1.0"}