{"is_global":true,"animation":{"fields":["time","attr"],"times":[0.0,0.036666,0.073541,0.110416,0.147291,0.184166,0.221041,0.257708,0.294583,0.331458,0.368333,0.405208,0.442083,0.47875,0.515625,0.5525,0.589375,0.62625,0.663125],"poses":[13.5435,6.52238,-0.004109,13.4371,6.52238,-0.004108,13.3675,6.52238,-0.004108,13.349,6.52238,-0.004108,13.3807,6.52238,-0.004108,13.4446,6.52238,-0.004108,13.5307,6.52238,-0.004108,13.6286,6.52238,-0.004107,13.7294,6.52238,-0.004108,13.8227,6.52238,-0.004109,13.8985,6.52238,-0.004109,13.9469,6.52238,-0.004109,13.9582,6.52238,-0.004109,13.9335,6.52238,-0.004109,13.8848,6.52238,-0.004109,13.8189,6.52238,-0.004109,13.7399,6.52238,-0.004109,13.6505,6.52238,-0.004109,13.5531,6.52238,-0.004109,-0.895394,13.0,16.5,-1.17977,13.0,16.5,-1.39481,13.0,16.5,-1.44634,13.0,16.5,-1.37135,13.0,16.5,-1.22024,13.0,16.5,-1.01651,13.0,16.5,-0.785046,13.0,16.5,-0.546611,13.0,16.5,-0.325978,13.0,16.5,-0.146664,13.0,16.5,-0.032184,13.0,16.5,-0.004409,13.0,16.5,-0.040104,13.0,16.5,-0.122678,13.0,16.5,-0.249515,13.0,16.5,-0.418064,13.0,16.5,-0.625774,13.0,16.5,-0.870095,13.0,16.5,-0.895393,-13.0,16.5,-1.17977,-13.0,16.5,-1.39481,-13.0,16.5,-1.44634,-13.0,16.5,-1.37135,-13.0,16.5,-1.22024,-13.0,16.5,-1.01651,-13.0,16.5,-0.785045,-13.0,16.5,-0.54661,-13.0,16.5,-0.325977,-13.0,16.5,-0.146663,-13.0,16.5,-0.032183,-13.0,16.5,-0.004408,-13.0,16.5,-0.040103,-13.0,16.5,-0.122677,-13.0,16.5,-0.249514,-13.0,16.5,-0.418063,-13.0,16.5,-0.625773,-13.0,16.5,-0.870094,-13.0,16.5,0.450376,-10.4531,-1.99165,0.450376,-10.4531,-2.19333,0.450376,-10.4531,-2.36563,0.450376,-10.4531,-2.50143,0.450376,-10.4531,-2.58628,0.450376,-10.4531,-2.59135,0.450376,-10.4531,-2.51938,0.450376,-10.4531,-2.39189,0.450376,-10.4531,-2.22586,0.450376,-10.4531,-2.04038,0.450376,-10.4531,-1.85395,0.450376,-10.4531,-1.6851,0.450376,-10.4531,-1.55232,0.450376,-10.4531,-1.47439,0.450376,-10.4531,-1.47037,0.450376,-10.4531,-1.54567,0.450376,-10.4531,-1.66796,0.450376,-10.4531,-1.81781,0.450376,-10.4531,-1.97729,0.785507,0.499994,11.5,0.749766,0.499994,11.5,0.734301,0.499994,11.5,0.766579,0.499994,11.5,0.836938,0.499995,11.5,0.933954,0.499994,11.5,1.0462,0.499994,11.5,1.16161,0.499995,11.5,1.27013,0.499995,11.5,1.35967,0.499995,11.5,1.41881,0.499994,11.5,1.43615,0.499994,11.5,1.40677,0.499994,11.5,1.33984,0.499994,11.5,1.24489,0.499994,11.5,1.13253,0.499994,11.5,1.01308,0.499994,11.5,0.896885,0.499994,11.5,0.794269,0.499994,11.5],"quats":[-0.707106,-0.0,-3.9055993e-07,0.707106,-0.0,-0.0,0.0,1.0,-0.5,0.499999,0.5,0.5,-1e-06,0.0,-0.005027,0.999987,-0.707106,-0.0,-3.9055988e-07,0.707106,-0.775525,-3.4869814e-07,-4.2834998e-07,0.631316,-0.896367,0.0,-3.8707842e-07,0.443311,-0.944389,1.6113452e-07,-2.6227841e-07,0.328829,-0.886192,-2.0067483e-07,-3.8383274e-07,0.463317,-0.780583,-2.7072585e-07,-3.3809093e-07,0.625051,-0.709082,-0.0,-3.9070778e-07,0.705125,-0.707106,0.0,-3.0626612e-07,0.707106,-0.707106,-3.0626603e-07,-3.0626617e-07,0.707106],"scales":[1.0,0.999999,0.999999,0.991404,0.991404,0.991404,0.976673,0.976673,0.976673,1.00002,1.00006,1.00002,0.980117,0.985892,0.981494,1.02136,1.07411,1.02183,1.02344,1.08087,1.02325,0.983714,1.0048,0.983141,1.03928,1.1019,1.03932,1.03167,1.08488,1.03175,0.986745,0.98979,0.986738,1.01759,1.06755,1.01858,1.03375,1.10832,1.03593,1.03153,1.1012,1.03357,1.02669,1.08566,1.02841,1.02024,1.06496,1.02155,1.01328,1.04261,1.01413,1.00687,1.02205,1.00731,1.00209,1.00672,1.00223,0.983957,0.994043,0.984362,1.02244,1.07677,1.02259,1.02392,1.08014,1.02409,0.986442,1.00004,0.98704,1.03892,1.10122,1.03916,1.03165,1.08435,1.03148,0.986759,0.989208,0.986648,1.01829,1.06907,1.01973,1.03357,1.10872,1.03592,1.03136,1.10156,1.03355,1.02655,1.08597,1.0284,1.02013,1.0652,1.02154,1.01321,1.04276,1.01413,1.00683,1.02213,1.00731,1.00208,1.00674,1.00223],"length":0.666666,"tracks":{"Bone001":{"pos":[0,0,1,1,2,2,3,3,4,4,5,5,6,6,7,7,8,8,9,9,10,10,11,11,12,12,13,13,14,14,15,15,16,16,17,17,18,18],"quat":[0,0,2,4,3,5,4,6,5,7,6,8,7,9,8,10,9,11,10,0,18,12]},"Bone002":{"pos":[0,19,1,20,2,21,3,22,4,23,5,24,6,25,7,26,8,27,9,28,10,29,11,30,12,31,13,32,14,33,15,34,16,35,17,36,18,37],"quat":[0,1,18,1],"scale":[0,0,1,1,2,2,3,4,4,5,5,6,6,7,7,8,8,9,9,10,10,11,11,12,12,13,13,14,14,15,15,16,16,17,17,18,18,3]},"Bone003":{"pos":[0,38,1,39,2,40,3,41,4,42,5,43,6,44,7,45,8,46,9,47,10,48,11,49,12,50,13,51,14,52,15,53,16,54,17,55,18,56],"scale":[0,0,1,1,2,2,3,19,4,20,5,21,6,22,7,23,8,24,9,25,10,26,11,27,12,28,13,29,14,30,15,31,16,32,17,33,18,3]},"Bone004":{"pos":[0,57,1,58,2,59,3,60,4,61,5,62,6,63,7,64,8,65,9,66,10,67,11,68,12,69,13,70,14,71,15,72,16,73,17,74,18,75],"quat":[0,2,18,2]},"Bone005":{"pos":[0,76,1,77,2,78,3,79,4,80,5,81,6,82,7,83,8,84,9,85,10,86,11,87,12,88,13,89,14,90,15,91,16,92,17,93,18,94],"quat":[0,3,18,3]}}},"version":"0.1.0"}