{"is_global":true,"animation":{"fields":["time","attr"],"times":[0.0,0.035,0.07,0.105,0.14,0.175208,0.210208,0.245208,0.280208,0.315208,0.350416,0.385416,0.420416,0.455416,0.490416,0.525625,0.560625,0.595625,0.630625,0.665625,0.700833,0.735833,0.770833,0.805833,0.840833,0.876041,0.911041,0.946041,0.981041,1.01604,1.05125,1.08625,1.12125,1.15625,1.19125,1.22646,1.26146,1.29646,1.33146],"poses":[1.18337e-07,2.70724,-13.5505,5.68966,9.53674e-07,-4.19041e-07,5.68966,9.53674e-07,-4.18921e-07,4.67569,0.0,-3.65078e-07,4.67569,0.0,-3.57628e-07,3.94116,-7.15256e-07,-1.78814e-07,3.94116,-9.53674e-07,-1.49012e-07],"quats":[-0.668266,-0.231128,-0.668266,-0.231128,0.667166,0.232603,0.66924,0.230005,0.66583,0.23456,0.670169,0.22918,0.664322,0.236882,0.671039,0.228621,0.66271,0.239453,0.671832,0.228294,0.661051,0.242174,0.672533,0.228167,0.65944,0.244898,0.673114,0.22821,0.657941,0.24753,0.673557,0.22839,0.656634,0.249959,0.673837,0.228678,0.655602,0.252073,0.673931,0.229043,0.654913,0.253787,0.673785,0.229549,0.654552,0.255101,0.673245,0.230705,0.654492,0.256034,0.672335,0.232486,0.654723,0.25658,0.671112,0.23476,0.65523,0.256734,0.669631,0.23739,0.656003,0.256486,0.667943,0.24026,0.657016,0.255834,0.66613,0.243203,0.658253,0.254769,0.664249,0.246103,0.659693,0.253287,0.66237,0.248828,-0.66131,-0.251382,-0.660566,-0.25125,-0.66308,-0.249061,-0.658894,-0.253279,-0.664912,-0.246463,-0.657406,-0.254879,-0.666746,-0.243697,-0.656119,-0.256061,-0.668514,-0.240889,-0.655057,-0.256827,-0.670152,-0.238165,-0.654241,-0.257177,-0.671606,-0.235639,-0.65369,-0.257111,-0.672802,-0.23347,-0.653428,-0.25663,-0.673692,-0.231768,-0.653468,-0.255735,-0.674221,-0.230664,-0.653824,-0.254426,-0.674358,-0.230194,-0.654519,-0.252695,-0.674231,-0.229808,-0.655617,-0.250532,-0.673901,-0.229434,-0.657025,-0.24806,-0.673398,-0.229118,-0.658656,-0.245378,-0.672754,-0.228903,-0.660417,-0.242597,-0.671997,-0.228839,-0.662219,-0.239829,-0.671147,-0.228974,-0.663987,-0.237174,-0.670239,-0.229356,-0.665622,-0.23478,-0.669289,-0.230035,-0.667055,-0.232747,-0.668318,-0.231062,-0.668213,-0.231195,-0.00274,-0.010448,-0.217847,0.975923,-0.002782,-0.010361,-0.215765,0.976386,-0.002878,-0.010578,-0.213494,0.976882,-0.002978,-0.010881,-0.21125,0.977366,-0.003054,-0.011126,-0.209183,0.977808,-0.003083,-0.011203,-0.207385,0.97819,-0.003064,-0.011042,-0.205949,0.978495,-0.002984,-0.01058,-0.204908,0.978719,-0.002834,-0.009776,-0.204285,0.978858,-0.002616,-0.008609,-0.204178,0.978892,-0.002274,-0.006942,-0.20428,0.978885,-0.001682,-0.004667,-0.204194,0.978917,-0.0009,-0.00197,-0.203824,0.979005,-4.3e-05,0.000876,-0.203466,0.979081,0.000787,0.003705,-0.203259,0.979117,0.001596,0.006395,-0.203308,0.979092,0.002324,0.008827,-0.20368,0.978994,0.002958,0.010948,-0.204424,0.978816,0.003477,0.012708,-0.205572,0.978553,0.003871,0.014064,-0.207143,0.978201,0.004141,0.014992,-0.209096,0.977771,0.004279,0.015455,-0.211188,0.977313,0.004292,0.015488,-0.21325,0.976865,0.00416,0.015024,-0.215156,0.976455,0.003892,0.014119,-0.216818,0.976101,0.003482,0.012756,-0.218187,0.975817,0.002939,0.010959,-0.219202,0.975613,0.002256,0.008731,-0.21986,0.975489,0.001402,0.00607,-0.22006,0.975466,0.000462,0.003086,-0.220094,0.975473,-0.000339,0.000123,-0.220388,0.975412,-0.000958,-0.002535,-0.220949,0.975281,-0.001463,-0.004855,-0.221493,0.975148,-0.001854,-0.006801,-0.221876,0.975049,-0.002164,-0.008348,-0.221903,0.97503,-0.002419,-0.009489,-0.221627,0.975082,-0.0026,-0.010215,-0.220884,0.975243,-0.002713,-0.010544,-0.219672,0.975512,-0.002744,-0.010462,-0.21794,0.975902,-0.0031,-0.013367,-0.395799,0.918234,-0.00317,-0.014409,-0.395117,0.918511,-0.003301,-0.01516,-0.394018,0.918971,-0.00345,-0.015829,-0.392528,0.919597,-0.00358,-0.016463,-0.390748,0.920343,-0.003668,-0.017033,-0.388791,0.92116,-0.003688,-0.01746,-0.386808,0.921987,-0.003614,-0.017625,-0.384906,0.92278,-0.003474,-0.017538,-0.383184,0.923498,-0.003221,-0.017014,-0.381725,0.924113,-0.002834,-0.016019,-0.380635,0.924582,-0.002264,-0.014405,-0.379975,0.924881,-0.001524,-0.012051,-0.379519,0.925104,-0.000673,-0.009004,-0.379074,0.925321,0.000252,-0.005414,-0.37861,0.92554,0.00117,-0.001469,-0.378162,0.925737,0.002043,0.002589,-0.377806,0.925878,0.002819,0.006608,-0.377615,0.925934,0.003515,0.010408,-0.377668,0.925875,0.004081,0.013859,-0.378021,0.925684,0.004502,0.016857,-0.378742,0.925337,0.004765,0.019277,-0.379865,0.924828,0.004868,0.021072,-0.381343,0.92418,0.004817,0.022205,-0.38307,0.923439,0.004606,0.02263,-0.384926,0.922658,0.00425,0.022379,-0.386806,0.921879,0.003736,0.021407,-0.38859,0.921154,0.003065,0.019737,-0.390207,0.92051,0.00226,0.01737,-0.391594,0.919971,0.001329,0.014332,-0.39265,0.919575,0.000371,0.010736,-0.393321,0.919338,-0.000473,0.006897,-0.39381,0.919165,-0.001199,0.003035,-0.394308,0.918972,-0.001801,-0.000668,-0.394834,0.91875,-0.002277,-0.004073,-0.395346,0.91852,-0.002629,-0.007104,-0.395778,0.918314,-0.002873,-0.009665,-0.396054,0.918171,-0.003028,-0.011737,-0.396074,0.918138,-0.003101,-0.013358,-0.39584,0.918216,-0.002478,-0.005861,-0.305746,0.952091,-0.002102,-0.008632,-0.306879,0.951706,-0.001833,-0.010859,-0.307842,0.951373,-0.001663,-0.012649,-0.308479,0.951145,-0.001549,-0.014149,-0.308664,0.951064,-0.001453,-0.015469,-0.308371,0.951139,-0.001335,-0.016654,-0.307586,0.951373,-0.001165,-0.017721,-0.306367,0.951747,-0.00093,-0.018651,-0.30479,0.952236,-0.000624,-0.019395,-0.302937,0.952812,-0.000231,-0.019907,-0.300983,0.953421,0.000268,-0.020095,-0.299289,0.95395,0.000845,-0.01982,-0.297989,0.954363,0.001461,-0.018885,-0.296979,0.954695,0.002026,-0.017171,-0.296106,0.954998,0.002562,-0.014689,-0.295229,0.95531,0.002984,-0.011528,-0.294276,0.955646,0.003302,-0.00781,-0.293217,0.956008,0.00347,-0.003705,-0.292069,0.956383,0.003504,0.000612,-0.29088,0.956752,0.003404,0.004984,-0.289734,0.957087,0.003175,0.009175,-0.288815,0.957335,0.002822,0.013048,-0.288287,0.95745,0.002369,0.016466,-0.288206,0.957423,0.001834,0.019318,-0.288675,0.95723,0.001232,0.021535,-0.289606,0.956902,0.000584,0.023047,-0.290936,0.956464,-0.000132,0.023725,-0.292576,0.955947,-0.00083,0.02382,-0.294432,0.955374,-0.001593,0.023005,-0.296336,0.954805,-0.002263,0.021362,-0.297975,0.954331,-0.00287,0.018958,-0.299194,0.953999,-0.003262,0.0159,-0.300114,0.953765,-0.003488,0.012397,-0.300894,0.95357,-0.003539,0.008645,-0.301664,0.953368,-0.003437,0.004805,-0.302512,0.953127,-0.003211,0.001071,-0.303467,0.952835,-0.002889,-0.002459,-0.30453,0.952494,-0.002488,-0.00584,-0.305739,0.952093],"scales":[],"length":1.333333,"tracks":{"Bone001":{"pos":[0,0,38,0],"quat":[0,0,1,1,2,2,3,3,4,4,5,5,6,6,7,7,8,8,9,9,10,10,11,11,12,12,13,13,14,14,15,15,16,16,17,17,18,18,19,19,20,20,21,21,22,22,23,23,24,24,25,25,26,26,27,27,28,28,29,29,30,30,31,31,32,32,33,33,34,34,35,35,36,36,37,37,38,38]},"Bone002":{"pos":[0,1,38,2],"quat":[0,39,1,40,2,41,3,42,4,43,5,44,6,45,7,46,8,47,9,48,10,49,11,50,12,51,13,52,14,53,15,54,16,55,17,56,18,57,19,58,20,59,21,60,22,61,23,62,24,63,25,64,26,65,27,66,28,67,29,68,30,69,31,70,32,71,33,72,34,73,35,74,36,75,37,76,38,77]},"Bone003":{"pos":[0,3,38,4],"quat":[0,78,1,79,2,80,3,81,4,82,5,83,6,84,7,85,8,86,9,87,10,88,11,89,12,90,13,91,14,92,15,93,16,94,17,95,18,96,19,97,20,98,21,99,22,100,23,101,24,102,25,103,26,104,27,105,28,106,29,107,30,108,31,109,32,110,33,111,34,112,35,113,36,114,37,115,38,116]},"Bone004":{"pos":[0,5,38,6],"quat":[0,117,1,118,2,119,3,120,4,121,5,122,6,123,7,124,8,125,9,126,10,127,11,128,12,129,13,130,14,131,15,132,16,133,17,134,18,135,19,136,20,137,21,138,22,139,23,140,24,141,25,142,26,143,27,144,28,145,29,146,30,147,31,148,32,149,33,150,34,151,35,152,36,153,37,154,38,155]}}},"version":"0.1.0"}