{
  "is_global": true,
  "animation": {
    "fields": [
      "time",
      "attr"
    ],
    "times": [
      0,
      0.033333,
      0.066666,
      0.1,
      0.133333,
      0.166666,
      0.2,
      0.233333,
      0.266666,
      0.3,
      0.333333,
      0.366666,
      0.4,
      0.433333,
      0.466666,
      0.5,
      0.533333,
      0.566666,
      0.6,
      0.633333,
      0.666666,
      0.7,
      0.733333,
      0.766666,
      0.8,
      0.833333,
      0.866666,
      0.9,
      0.933333,
      0.966666,
      1,
      1.03333,
      1.06667,
      1.1,
      1.13333,
      1.16667,
      1.2,
      1.23333,
      1.26667,
      1.3,
      1.33333
    ],
    "poses": [
      1.17357e-7,
      2.68482,
      -13.6392,
      5.68966,
      -9.53674e-7,
      0,
      4.67569,
      0,
      0,
      3.94116,
      2.38419e-7,
      0
    ],
    "quats": [
      0.664872,
      0.240716,
      0.664872,
      0.240717,
      -0.00274,
      -0.010448,
      -0.217847,
      0.975923,
      -0.0031,
      -0.013367,
      -0.395799,
      0.918234,
      -0.002478,
      -0.005861,
      -0.305746,
      0.952091,
      0.663787,
      0.242103,
      0.665839,
      0.239645,
      0.662477,
      0.243927,
      0.666765,
      0.238845,
      0.661188,
      0.246159,
      0.667447,
      0.23822,
      0.659669,
      0.248586,
      0.668181,
      0.237853,
      0.658102,
      0.251154,
      0.66883,
      0.237672,
      0.656551,
      0.253763,
      0.669377,
      0.23765,
      0.65508,
      0.256316,
      0.669806,
      0.237763,
      0.653757,
      0.258716,
      0.670097,
      0.237984,
      0.652652,
      0.260868,
      0.670232,
      0.238289,
      0.651838,
      0.262676,
      0.670188,
      0.238652,
      0.651331,
      0.264108,
      0.669854,
      0.239393,
      0.651095,
      0.26519,
      0.669162,
      0.240769,
      0.651121,
      0.265919,
      0.668161,
      0.242667,
      0.6514,
      0.266293,
      0.6669,
      0.244968,
      0.651921,
      0.266306,
      0.665427,
      0.247557,
      0.652673,
      0.265953,
      0.663796,
      0.250319,
      0.653641,
      0.26523,
      0.662062,
      0.253139,
      0.65481,
      0.264132,
      0.660282,
      0.255901,
      0.656086,
      0.262625,
      0.658592,
      0.258522,
      -0.657693,
      -0.2608,
      -0.656815,
      -0.260797,
      -0.659411,
      -0.258642,
      -0.655192,
      -0.262684,
      -0.661047,
      -0.256088,
      -0.65389,
      -0.264314,
      -0.66278,
      -0.253446,
      -0.652683,
      -0.265503,
      -0.664465,
      -0.250755,
      -0.651678,
      -0.266314,
      -0.666047,
      -0.248124,
      -0.650892,
      -0.266745,
      -0.667473,
      -0.245664,
      -0.650343,
      -0.266798,
      -0.668691,
      -0.243485,
      -0.650044,
      -0.266473,
      -0.669654,
      -0.241699,
      -0.650008,
      -0.265768,
      -0.670313,
      -0.240416,
      -0.650247,
      -0.264683,
      -0.670622,
      -0.239746,
      -0.650771,
      -0.263216,
      -0.670633,
      -0.239404,
      -0.651636,
      -0.261354,
      -0.67045,
      -0.239055,
      -0.652833,
      -0.259146,
      -0.670099,
      -0.238737,
      -0.654279,
      -0.25669,
      -0.669605,
      -0.238489,
      -0.655891,
      -0.254081,
      -0.668992,
      -0.23835,
      -0.657592,
      -0.251415,
      -0.668283,
      -0.238361,
      -0.659305,
      -0.248791,
      -0.667499,
      -0.238561,
      -0.660958,
      -0.246307,
      -0.666782,
      -0.239034,
      -0.662356,
      -0.244022,
      -0.665836,
      -0.239716,
      -0.663748,
      -0.242148,
      -0.002779,
      -0.010361,
      -0.215869,
      0.976363,
      -0.002868,
      -0.010553,
      -0.21371,
      0.976835,
      -0.002965,
      -0.01084,
      -0.211561,
      0.9773,
      -0.003043,
      -0.01109,
      -0.209556,
      0.977728,
      -0.003081,
      -0.011207,
      -0.20779,
      0.978104,
      -0.003076,
      -0.011119,
      -0.206328,
      0.978414,
      -0.003017,
      -0.010774,
      -0.205214,
      0.978653,
      -0.002902,
      -0.01013,
      -0.204481,
      0.978813,
      -0.002714,
      -0.009159,
      -0.20415,
      0.978892,
      -0.002468,
      -0.007833,
      -0.204235,
      0.978887,
      -0.002037,
      -0.005965,
      -0.204305,
      0.978886,
      -0.001369,
      -0.003576,
      -0.204045,
      0.978954,
      -0.000589,
      -0.000927,
      -0.203683,
      0.979036,
      0.000231,
      0.001792,
      -0.203378,
      0.979098,
      0.001008,
      0.004457,
      -0.203245,
      0.979117,
      0.001765,
      0.006953,
      -0.20336,
      0.979077,
      0.00244,
      0.009216,
      -0.203781,
      0.978969,
      0.003029,
      0.011189,
      -0.204545,
      0.978788,
      0.003511,
      0.012827,
      -0.205678,
      0.978529,
      0.00388,
      0.014098,
      -0.207195,
      0.97819,
      0.004135,
      0.014967,
      -0.209024,
      0.977787,
      0.004274,
      0.015444,
      -0.211039,
      0.977346,
      0.004295,
      0.015496,
      -0.213012,
      0.976917,
      0.004191,
      0.015131,
      -0.214854,
      0.976519,
      0.003961,
      0.014351,
      -0.216487,
      0.976171,
      0.003603,
      0.013163,
      -0.217855,
      0.975885,
      0.003126,
      0.011573,
      -0.218922,
      0.975668,
      0.002518,
      0.009589,
      -0.219658,
      0.975526,
      0.001786,
      0.007219,
      -0.220046,
      0.975461,
      0.000876,
      0.004477,
      -0.220072,
      0.975472,
      0.000045,
      0.001592,
      -0.220172,
      0.975459,
      -0.00063,
      -0.001085,
      -0.220624,
      0.975358,
      -0.001171,
      -0.003489,
      -0.221175,
      0.975227,
      -0.00161,
      -0.00557,
      -0.221646,
      0.975109,
      -0.001954,
      -0.007304,
      -0.221913,
      0.975037,
      -0.002234,
      -0.008671,
      -0.22189,
      0.97503,
      -0.002459,
      -0.009664,
      -0.221512,
      0.975106,
      -0.002621,
      -0.010288,
      -0.220734,
      0.975276,
      -0.002718,
      -0.010547,
      -0.219521,
      0.975546,
      -0.003165,
      -0.014367,
      -0.395159,
      0.918494,
      -0.003287,
      -0.015092,
      -0.394139,
      0.91892,
      -0.003429,
      -0.015735,
      -0.39276,
      0.919499,
      -0.003559,
      -0.016346,
      -0.391103,
      0.920194,
      -0.003653,
      -0.016906,
      -0.389273,
      0.92096,
      -0.003688,
      -0.017353,
      -0.387381,
      0.921748,
      -0.003654,
      -0.017613,
      -0.385535,
      0.922517,
      -0.003539,
      -0.017615,
      -0.383821,
      0.923232,
      -0.003341,
      -0.017289,
      -0.382323,
      0.92386,
      -0.003043,
      -0.016568,
      -0.381102,
      0.924379,
      -0.002594,
      -0.015359,
      -0.380279,
      0.92474,
      -0.001974,
      -0.013519,
      -0.379779,
      0.924975,
      -0.001219,
      -0.011002,
      -0.379359,
      0.925183,
      -0.000383,
      -0.007903,
      -0.378927,
      0.925392,
      0.000508,
      -0.004366,
      -0.378484,
      0.925597,
      0.001364,
      -0.000583,
      -0.378074,
      0.925773,
      0.002185,
      0.003289,
      -0.377761,
      0.925894,
      0.00291,
      0.007097,
      -0.37761,
      0.925932,
      0.003564,
      0.010688,
      -0.377684,
      0.925865,
      0.004096,
      0.013955,
      -0.378037,
      0.925676,
      0.00449,
      0.016761,
      -0.378709,
      0.925352,
      0.004752,
      0.019125,
      -0.379773,
      0.924869,
      0.004864,
      0.020893,
      -0.381153,
      0.924262,
      0.004835,
      0.022062,
      -0.382771,
      0.923566,
      0.004668,
      0.022608,
      -0.384525,
      0.922825,
      0.004362,
      0.02252,
      -0.386311,
      0.922082,
      0.003912,
