{"is_global":true,"animation":{"fields":["time","attr"],"times":[0.0,0.033333,0.066666,0.1,0.133333,0.166666,0.2,0.233333,0.266666,0.3,0.333333,0.366666,0.4,0.433333,0.466666,0.5,0.533333,0.566666,0.6,0.633333,0.666666,0.7,0.733333,0.766666,0.8,0.833333,0.866666,0.9,0.933333,0.966666,1.0,1.03333,1.06667,1.1,1.13333,1.16667,1.2,1.23333,1.26667,1.3,1.33333,1.36667,1.4,1.43333,1.46667,1.5,1.53333,1.56667,1.6,1.63333,1.66667,1.7,1.73333,1.76667,1.8,1.83333,1.86667,1.9,1.93333,1.96667,2.0,2.03333,2.06667,2.1,2.13333,2.16667,2.2,2.23333,2.26667,2.3,2.33333],"poses":[-1e-06,5.01006,-12.2563,-1e-06,5.01004,-12.2455,-1e-06,5.00999,-12.215,-1e-06,5.00992,-12.1679,-1e-06,5.00982,-12.1072,-1e-06,5.00971,-12.036,-1e-06,5.00958,-11.9571,-1e-06,5.00945,-11.8738,-1e-06,5.00931,-11.7889,-1e-06,5.00917,-11.7056,-1e-06,5.00905,-11.6268,-1e-06,5.00893,-11.5555,-1e-06,5.00884,-11.4948,-1e-06,5.00876,-11.4477,-1e-06,5.00871,-11.4172,-1e-06,5.00869,-11.4064,-1e-06,5.0087,-11.4124,-4e-06,5.00873,-11.4295,-9e-06,5.00877,-11.4566,-1.5e-05,5.00883,-11.4923,-2.4e-05,5.0089,-11.5354,-3.4e-05,5.00898,-11.5847,-4.6e-05,5.00907,-11.639,-6.1e-05,5.00916,-11.697,-7.8e-05,5.00926,-11.7575,-9.6e-05,5.00936,-11.8192,-0.000117,5.00946,-11.8809,-0.000141,5.00955,-11.9414,-0.000166,5.00965,-11.9994,-0.000194,5.00973,-12.0537,-0.000224,5.00981,-12.103,-0.000257,5.00988,-12.1461,-0.000291,5.00994,-12.1818,-0.000329,5.00998,-12.2089,-0.000369,5.01001,-12.226,-0.000412,5.01002,-12.232,-0.000461,5.01001,-12.2258,-0.00052,5.00998,-12.2083,-0.000588,5.00994,-12.1805,-0.000663,5.00988,-12.1439,-0.000745,5.00981,-12.0997,-0.000831,5.00973,-12.0491,-0.00092,5.00964,-11.9935,-0.001011,5.00954,-11.934,-0.001102,5.00944,-11.872,-0.001193,5.00934,-11.8087,-0.001281,5.00924,-11.7454,-0.001366,5.00914,-11.6834,-0.001446,5.00904,-11.624,-0.00152,5.00895,-11.5683,-0.001586,5.00887,-11.5177,-0.001643,5.0088,-11.4735,-0.00169,5.00874,-11.4369,-0.001725,5.0087,-11.4092,-0.001747,5.00867,-11.3916,-0.001754,5.00866,-11.3855,-0.001732,5.00868,-11.3965,-0.001669,5.00873,-11.4278,-0.001572,5.00881,-11.476,-0.001447,5.00891,-11.5382,-0.0013,5.00902,-11.6112,-0.001137,5.00915,-11.692,-0.000965,5.00929,-11.7774,-0.00079,5.00943,-11.8644,-0.000618,5.00957,-11.9498,-0.000455,5.0097,-12.0305,-0.000308,5.00981,-12.1035,-0.000183,5.00991,-12.1657,-8.6e-05,5.00999,-12.214,-2.3e-05,5.01004,-12.2452],"quats":[-0.500401,0.499597,0.500401,-0.499597,0.499981,-0.499177,-0.500821,0.500018,0.499502,-0.498697,-0.501299,0.500497,0.498883,-0.498077,-0.501915,0.501114,0.498156,-0.497348,-0.502637,0.501836,0.497351,-0.496541,-0.503434,0.502635,0.496497,-0.495687,-0.504275,0.503478,0.495627,-0.494815,-0.50513,0.504335,0.49477,-0.493957,-0.505969,0.505175,0.493959,-0.493145,-0.506761,0.505968,0.493225,-0.49241,-0.507476,0.506684,0.492599,-0.491783,-0.508083,0.507292,0.492113,-0.491295,-0.508554,0.507764,0.491798,-0.49098,-0.508859,0.508069,0.491685,-0.490867,-0.508967,0.508178,0.49235,-0.491533,-0.508325,0.507534,0.492693,-0.491877,-0.507992,0.507201,0.493091,-0.492275,-0.507606,0.506814,0.493536,-0.492721,-0.507173,0.50638,0.494023,-0.493208,-0.506699,0.505906,0.494541,-0.493728,-0.506193,0.505399,0.495085,-0.494272,-0.505662,0.504866,0.495647,-0.494835,-0.505111,0.504315,0.496219,-0.495408,-0.504549,0.503752,0.496794,-0.495984,-0.503983,0.503185,0.497363,-0.496554,-0.503421,0.502622,0.497921,-0.497113,-0.502869,0.502069,0.49846,-0.497653,-0.502335,0.501534,0.498973,-0.498166,-0.501826,0.501024,0.499451,-0.498645,-0.50135,0.500548,0.499888,-0.499083,-0.500914,0.500111,-0.500277,0.499473,0.500525,-0.499722,-0.500648,0.499844,0.500155,-0.499351,-0.501031,0.500228,0.499771,-0.498966,-0.501424,0.500622,0.499377,-0.498571,-0.501824,0.501022,0.498974,-0.498168,-0.502226,0.501425,0.49857,-0.497763,-0.502628,0.501827,0.498165,-0.497358,-0.503025,0.502225,0.497764,-0.496956,-0.503414,0.502615,0.49737,-0.496561,-0.503792,0.502994,0.496987,-0.496178,-0.504156,0.503358,0.496618,-0.495809,-0.504824,0.504027,0.495939,-0.495128,-0.505123,0.504326,0.495635,-0.494824,-0.505392,0.504596,0.49536,-0.494548,-0.505995,0.5052,0.494744,-0.493931,-0.506116,0.505321,0.49462,-0.493807,-0.506191,0.505396,0.494544,-0.493731,-0.505576,0.50478,0.495172,-0.49436,-0.505248,0.504451,0.495508,-0.494696,-0.504867,0.50407,0.495895,-0.495084,-0.504444,0.503646,0.496326,-0.495516,-0.503983,0.503185,0.496794,-0.495984,-0.503494,0.502695,0.497289,-0.49648,-0.502985,0.502185,0.497804,-0.496997,-0.502462,0.501662,0.498332,-0.497525,-0.501935,0.501133,0.498863,-0.498057,-0.50141,0.500608,0.49939,-0.498585,-0.500897,0.500093,0.499906,-0.499101],"scales":[0.999999,0.999999,1.0,0.999987,1.00001,1.0],"length":2.333333,"tracks":{"Bind":{"scale":[0,1]},"Bone001":{"pos":[0,0,1,1,2,2,3,3,4,4,5,5,6,6,7,7,8,8,9,9,10,10,11,11,12,12,13,13,14,14,15,15,16,16,17,17,18,18,19,19,20,20,21,21,22,22,23,23,24,24,25,25,26,26,27,27,28,28,29,29,30,30,31,31,32,32,33,33,34,34,35,35,36,36,37,37,38,38,39,39,40,40,41,41,42,42,43,43,44,44,45,45,46,46,47,47,48,48,49,49,50,50,51,51,52,52,53,53,54,54,55,55,56,56,57,57,58,58,59,59,60,60,61,61,62,62,63,63,64,64,65,65,66,66,67,67,68,68,69,69,70,0],"quat":[0,0,2,1,3,2,4,3,5,4,6,5,7,6,8,7,9,8,10,9,11,10,12,11,13,12,14,13,15,14,19,15,20,16,21,17,22,18,23,19,24,20,25,21,26,22,27,23,28,24,29,25,30,26,31,27,32,28,33,29,34,30,35,31,36,32,37,33,38,34,39,35,40,36,41,37,42,38,43,39,44,40,45,41,47,42,48,43,49,44,52,45,53,46,54,47,59,48,60,49,61,50,62,51,63,52,64,53,65,54,66,55,67,56,68,57,69,58,70,0],"scale":[0,0,70,0]}}},"version":"0.1.0"}