{
  "is_global": true,
  "animation": {
    "fields": [
      "time",
      "attr"
    ],
    "times": [
      0,
      0.033333,
      0.066666,
      0.1,
      0.133333,
      0.166666,
      0.2,
      0.233333,
      0.266666,
      0.3,
      0.333333,
      0.366666,
      0.4,
      0.433333,
      0.466666,
      0.5,
      0.533333
    ],
    "poses": [
      -0.000001,
      5.01006,
      -12.2563,
      4.31353,
      -8.23765,
      -0.000005,
      -0.000001,
      4.88085,
      -12.5729,
      -0.000001,
      4.50759,
      -13.0313,
      -0.000001,
      4.08996,
      -13.2061,
      -0.000001,
      4.00744,
      -12.9866,
      -0.000001,
      3.94403,
      -12.643,
      -0.000001,
      3.97779,
      -12.1828,
      -0.000001,
      4.09175,
      -11.6939,
      -0.000001,
      4.23663,
      -11.4253,
      -0.000001,
      4.38561,
      -11.296,
      -0.000001,
      4.53521,
      -11.1953,
      -0.000001,
      4.68492,
      -11.1783,
      -0.000001,
      4.88951,
      -11.2303,
      -0.000001,
      5.00585,
      -11.341,
      -0.000001,
      5.02719,
      -11.7067,
      -0.000001,
      5.03748,
      -11.9806
    ],
    "quats": [
      -0.500401,
      0.499597,
      0.500401,
      -0.499597,
      -0.500848,
      0.499149,
      0.500848,
      -0.49915,
      -0.50133,
      0.498666,
      0.501329,
      -0.498666,
      -0.501343,
      0.498653,
      0.501343,
      -0.498653,
      0.499973,
      -0.500027,
      -0.499972,
      0.500027,
      0.497001,
      -0.502981,
      -0.497,
      0.502981,
      0.492967,
      -0.506934,
      -0.492967,
      0.506934,
      0.488423,
      -0.511314,
      -0.488423,
      0.511314,
      0.483935,
      -0.515563,
      -0.483935,
      0.515564,
      0.480088,
      -0.519147,
      -0.480088,
      0.519148,
      0.477483,
      -0.521545,
      -0.477483,
      0.521545,
      0.476722,
      -0.52224,
      -0.476722,
      0.52224,
      0.478399,
      -0.520705,
      -0.478399,
      0.520705,
      0.482591,
      -0.516822,
      -0.482591,
      0.516822,
      0.488318,
      -0.511414,
      -0.488318,
      0.511414,
      0.494576,
      -0.505365,
      -0.494576,
      0.505365
    ],
    "scales": [
      0.999999,
      0.999999,
      1,
      0.999987,
      1.00001,
      1
    ],
    "length": 0.533333,
    "tracks": {
      "Bind": {
        "pos": [
          0,
          1
        ],
        "scale": [
          0,
          1
        ]
      },
      "Bone001": {
        "pos": [
          0,
          0,
          1,
          2,
          2,
          3,
          3,
          4,
          4,
          5,
          5,
          6,
          6,
          7,
          7,
          8,
          8,
          9,
          9,
          10,
          10,
          11,
          11,
          12,
          12,
          13,
          13,
          14,
          14,
          15,
          15,
          16,
          16,
          0
        ],
        "quat": [
          0,
          0,
          1,
          1,
          2,
          2,
          3,
          3,
          4,
          4,
          5,
          5,
          6,
          6,
          7,
          7,
          8,
          8,
          9,
          9,
          10,
          10,
          11,
          11,
          12,
          12,
          13,
          13,
          14,
          14,
          15,
          15,
          16,
          0
        ],
        "scale": [
          0,
          0,
          16,
          0
        ]
      }
    }
  },
  "version": "0.1.0"
}
