{"is_global":true,"animation":{"fields":["time","attr"],"times":[0.0,0.033333,0.066666,0.1,0.133333,0.166666,0.2,0.233333,0.266666,0.3,0.333333,0.366666,0.4,0.433333,0.466666,0.5,0.533333,0.566666,0.6,0.633333,0.666666,0.7,0.733333,0.766666,0.8,0.833333,0.866666,0.9,0.933333,0.966666,1.0],"poses":[-1e-06,5.01006,-12.2563,17.5068,-6.33426,-0.035352,5.49345,-2.57595,-5e-06,-1e-06,5.51511,-11.7253,-1e-06,6.09407,-11.1165,-1e-06,6.67304,-10.5078,-1e-06,7.17809,-9.97676,-1e-06,7.53532,-9.60115,-1e-06,7.67083,-9.45868,-0.000528,7.6706,-9.63621,-0.001982,7.66905,-10.127,-0.004178,7.66484,-10.8685,-0.00693,7.65663,-11.7979,-0.010055,7.64309,-12.8526,-0.013364,7.6229,-13.97,-0.016674,7.59473,-15.0874,-0.019797,7.55724,-16.1421,-0.02255,7.50909,-17.0716,-0.024745,7.44897,-17.813,-0.026199,7.37554,-18.3038,-0.026725,7.28746,-18.4814,-0.026721,7.06645,-18.2056,-0.026695,6.65961,-17.4944,-0.026625,6.16371,-16.5224,-0.026489,5.67552,-15.464,-0.026265,5.29179,-14.4935,-0.025931,5.1093,-13.7854,-0.023735,5.06749,-13.3118,-0.018856,5.03946,-12.9278,-0.012669,5.02246,-12.6318,-0.006546,5.01373,-12.4222,-0.001866,5.01052,-12.2975,17.4126,-6.41441,-0.03735,17.3111,-6.49163,-0.039653,17.2063,-6.56047,-0.042051,17.1025,-6.61649,-0.044553,17.0037,-6.65567,-0.04705,16.9139,-6.6744,-0.049552,16.836,-6.67339,-0.05178,16.7709,-6.65839,-0.053219,16.7188,-6.63301,-0.054211,16.6798,-6.60122,-0.054852,16.6538,-6.56616,-0.055286,16.6557,-6.48835,-0.055837,16.6932,-6.34406,-0.056619,16.7754,-6.21542,-0.056343,16.9109,-6.15872,-0.054344,17.088,-6.1646,-0.050991,17.2915,-6.22618,-0.046693,17.5006,-6.34147,-0.041467,17.702,-6.46784,-0.035934,17.8853,-6.54965,-0.031034,18.0266,-6.56981,-0.027044,18.1006,-6.51362,-0.025074,18.1083,-6.3915,-0.024766,18.0721,-6.24655,-0.025747,17.9892,-6.15613,-0.027187,17.8708,-6.1495,-0.028703,17.7418,-6.19263,-0.0306,17.6246,-6.2551,-0.032685,17.5396,-6.3104,-0.034628],"quats":[-0.500401,0.499597,0.500401,-0.499597,0.500401,-0.499597,-0.499598,0.500401,0.498054,-0.501937,-0.498054,0.501937,0.495582,-0.504378,-0.495582,0.504378,0.493098,-0.506807,-0.493098,0.506807,0.490718,-0.509112,-0.490718,0.509112,0.488558,-0.511185,-0.488558,0.511185,0.486738,-0.512918,-0.486738,0.512919,0.485424,-0.514396,-0.485182,0.514156,0.484638,-0.515728,-0.483784,0.514881,0.484278,-0.51684,-0.482617,0.515198,0.484242,-0.517663,-0.481758,0.51521,0.484427,-0.518125,-0.48128,0.515019,0.485649,-0.517521,-0.481945,0.513853,0.488442,-0.515465,-0.48416,0.511183,0.492289,-0.512371,-0.487449,0.507463,0.496676,-0.508652,-0.491344,0.503156,0.501101,-0.504732,-0.495383,0.498736,-0.50508,0.501047,0.499118,-0.494698,-0.508144,0.498048,0.502112,-0.491547,-0.510522,0.495448,0.504674,-0.489082,-0.512674,0.492793,0.507256,-0.486837,-0.514487,0.490292,0.509658,-0.484937,-0.515851,0.488159,0.511683,-0.483505,-0.516653,0.486609,0.513139,-0.482667,-0.516783,0.485861,0.513831,-0.482545,-0.515418,0.4867,0.513022,-0.484019,-0.51237,0.489213,0.510608,-0.487263,-0.508476,0.49257,0.507351,-0.491345,-0.504591,0.495951,0.504031,-0.49535,-0.501599,0.498555,0.501444,-0.49839,-0.495696,0.504266,0.504266,-0.495696,-0.490717,0.509112,0.509112,-0.490718,-0.485691,0.513909,0.513909,-0.485692,-0.480853,0.518439,0.518439,-0.480853,-0.476446,0.522492,0.522492,-0.476446,-0.47272,0.525866,0.525866,-0.47272,0.469789,-0.528513,-0.528485,0.46976,0.467581,-0.530541,-0.530434,0.467475,0.466064,-0.531978,-0.53176,0.465847,0.465201,-0.532842,-0.532509,0.464866,0.464946,-0.533151,-0.532725,0.464519,0.466917,-0.531472,-0.530996,0.466441,0.472065,-0.526899,-0.52643,0.471595,0.479334,-0.520227,-0.519829,0.478935,0.487686,-0.512276,-0.512011,0.48742,0.496136,-0.503923,-0.503833,0.496045,0.503763,-0.496111,-0.496207,0.503858,0.509707,-0.489846,-0.490095,0.509956,0.514526,-0.484662,-0.485027,0.514891,0.519132,-0.479637,-0.480088,0.519581,0.523228,-0.475122,-0.475614,0.523718,0.526524,-0.471472,-0.471958,0.52701,0.528731,-0.469039,-0.469485,0.529177,0.529555,-0.468173,-0.468558,0.52994,0.527495,-0.470595,-0.470885,0.527783,0.522237,-0.476548,-0.476718,0.522407,0.515274,-0.484167,-0.484242,0.515347,0.50818,-0.491663,-0.491682,0.5082,0.502638,-0.497345,-0.497347,0.50264],"scales":[0.999999,0.999999,1.0,0.999999,1.0,0.999999,0.999987,1.00001,1.0],"length":1.0,"tracks":{"Bind":{"pos":[0,2],"scale":[0,2]},"Bone001":{"pos":[0,0,1,3,2,4,3,5,4,6,5,7,6,8,7,9,8,10,9,11,10,12,11,13,12,14,13,15,14,16,15,17,16,18,17,19,18,20,19,21,20,22,21,23,22,24,23,25,24,26,25,27,26,28,27,29,28,30,29,31,30,0],"quat":[0,0,1,2,2,3,3,4,4,5,5,6,6,7,7,8,8,9,9,10,10,11,11,12,12,13,13,14,14,15,15,16,16,17,17,18,18,19,19,20,20,21,21,22,22,23,23,24,24,25,25,26,26,27,27,28,28,29,29,30,30,0],"scale":[0,0,30,0]},"Bone002":{"pos":[0,1,1,32,2,33,3,34,4,35,5,36,6,37,7,38,8,39,9,40,10,41,11,42,12,43,13,44,14,45,15,46,16,47,17,48,18,49,19,50,20,51,21,52,22,53,23,54,24,55,25,56,26,57,27,58,28,59,29,60,30,1],"quat":[0,1,1,31,2,32,3,33,4,34,5,35,6,36,7,37,8,38,9,39,10,40,11,41,12,42,13,43,14,44,15,45,16,46,17,47,18,48,19,49,20,50,21,51,22,52,23,53,24,54,25,55,26,56,27,57,28,58,29,59,30,1],"scale":[0,1,30,1]}}},"version":"0.1.0"}