{
  "is_global": true,
  "animation": {
    "fields": [
      "time",
      "attr"
    ],
    "times": [
      0,
      0.033333,
      0.066666,
      0.1,
      0.133333,
      0.166666,
      0.2,
      0.233333,
      0.266666,
      0.3,
      0.333333,
      0.366666,
      0.4,
      0.433333,
      0.466666,
      0.5,
      0.533333,
      0.566666,
      0.6,
      0.633333,
      0.666666,
      0.7,
      0.733333,
      0.766666,
      0.8,
      0.833333,
      0.866666,
      0.9,
      0.933333,
      0.966666,
      1
    ],
    "poses": [
      -0.000001,
      5.01006,
      -12.2563,
      4.31353,
      -8.23765,
      -0.000005,
      -0.000001,
      5.51511,
      -11.7253,
      -0.000001,
      6.09407,
      -11.1165,
      -0.000001,
      6.67304,
      -10.5078,
      -0.000001,
      7.17809,
      -9.97676,
      -8.9828e-7,
      7.53532,
      -9.60115,
      -0.000002,
      7.67083,
      -9.45868,
      -0.000529,
      7.6706,
      -9.63621,
      -0.001983,
      7.66905,
      -10.127,
      -0.004179,
      7.66484,
      -10.8685,
      -0.006931,
      7.65663,
      -11.7979,
      -0.010055,
      7.64309,
      -12.8526,
      -0.013364,
      7.6229,
      -13.97,
      -0.016674,
      7.59473,
      -15.0874,
      -0.019796,
      7.55724,
      -16.1421,
      -0.022549,
      7.50909,
      -17.0716,
      -0.024744,
      7.44897,
      -17.813,
      -0.026198,
      7.37554,
      -18.3038,
      -0.026724,
      7.28746,
      -18.4814,
      -0.026721,
      7.06645,
      -18.2056,
      -0.026694,
      6.65961,
      -17.4944,
      -0.026625,
      6.16371,
      -16.5224,
      -0.026488,
      5.67552,
      -15.464,
      -0.026265,
      5.29179,
      -14.4935,
      -0.025931,
      5.1093,
      -13.7854,
      -0.023734,
      5.06749,
      -13.3118,
      -0.018856,
      5.03946,
      -12.9278,
      -0.012668,
      5.02246,
      -12.6318,
      -0.006546,
      5.01374,
      -12.4222,
      -0.001866,
      5.01052,
      -12.2975
    ],
    "quats": [
      -0.500401,
      0.499597,
      0.500401,
      -0.499597,
      0.498054,
      -0.501937,
      -0.498054,
      0.501937,
      0.495582,
      -0.504378,
      -0.495582,
      0.504378,
      0.493098,
      -0.506807,
      -0.493098,
      0.506807,
      0.490718,
      -0.509112,
      -0.490717,
      0.509112,
      0.488558,
      -0.511185,
      -0.488558,
      0.511185,
      0.486738,
      -0.512918,
      -0.486738,
      0.512919,
      0.485424,
      -0.514396,
      -0.485182,
      0.514156,
      0.484638,
      -0.515728,
      -0.483784,
      0.51488,
      0.484278,
      -0.51684,
      -0.482617,
      0.515198,
      0.484242,
      -0.517663,
      -0.481758,
      0.515211,
      0.484427,
      -0.518125,
      -0.48128,
      0.515019,
      0.485648,
      -0.517521,
      -0.481945,
      0.513853,
      0.488442,
      -0.515465,
      -0.48416,
      0.511183,
      0.492289,
      -0.512371,
      -0.487449,
      0.507463,
      0.496675,
      -0.508652,
      -0.491344,
      0.503156,
      0.501101,
      -0.504731,
      -0.495382,
      0.498737,
      -0.50508,
      0.501048,
      0.499117,
      -0.494697,
      -0.508144,
      0.498048,
      0.502112,
      -0.491548,
      -0.510522,
      0.495448,
      0.504674,
      -0.489082,
      -0.512674,
      0.492793,
      0.507255,
      -0.486838,
      -0.514487,
      0.490292,
      0.509658,
      -0.484937,
      -0.515851,
      0.488159,
      0.511683,
      -0.483505,
      -0.516654,
      0.486609,
      0.513139,
      -0.482667,
      -0.516783,
      0.485861,
      0.513831,
      -0.482545,
      -0.515418,
      0.4867,
      0.513022,
      -0.484019,
      -0.51237,
      0.489213,
      0.510608,
      -0.487263,
      -0.508476,
      0.49257,
      0.507352,
      -0.491344,
      -0.504591,
      0.495951,
      0.504031,
      -0.49535,
      -0.501599,
      0.498555,
      0.501444,
      -0.498391
    ],
    "scales": [
      0.999999,
      0.999999,
      1,
      0.999987,
      1.00001,
      1
    ],
    "length": 1,
    "tracks": {
      "Bind": {
        "pos": [
          0,
          1
        ],
        "scale": [
          0,
          1
        ]
      },
      "Bone001": {
        "pos": [
          0,
          0,
          1,
          2,
          2,
          3,
          3,
          4,
          4,
          5,
          5,
          6,
          6,
          7,
          7,
          8,
          8,
          9,
          9,
          10,
          10,
          11,
          11,
          12,
          12,
          13,
          13,
          14,
          14,
          15,
          15,
          16,
          16,
          17,
          17,
          18,
          18,
          19,
          19,
          20,
          20,
          21,
          21,
          22,
          22,
          23,
          23,
          24,
          24,
          25,
          25,
          26,
          26,
          27,
          27,
          28,
          28,
          29,
          29,
          30,
          30,
          0
        ],
        "quat": [
          0,
          0,
          1,
          1,
          2,
          2,
          3,
          3,
          4,
          4,
          5,
          5,
          6,
          6,
          7,
          7,
          8,
          8,
          9,
          9,
          10,
          10,
          11,
          11,
          12,
          12,
          13,
          13,
          14,
          14,
          15,
          15,
          16,
          16,
          17,
          17,
          18,
          18,
          19,
          19,
          20,
          20,
          21,
          21,
          22,
          22,
          23,
          23,
          24,
          24,
          25,
          25,
          26,
          26,
          27,
          27,
          28,
          28,
          29,
          29,
          30,
          0
        ],
        "scale": [
          0,
          0,
          30,
          0
        ]
      }
    }
  },
  "version": "0.1.0"
}
