{
  "is_global": true,
  "animation": {
    "fields": [
      "time",
      "attr"
    ],
    "times": [
      0,
      0.033333,
      0.066666,
      0.1,
      0.133333,
      0.166666,
      0.2,
      0.233333,
      0.266666,
      0.3,
      0.333333,
      0.366666
    ],
    "poses": [
      -3.33616,
      4.76837e-7,
      1.21053,
      -3.4973,
      4.5076e-7,
      1.20983,
      -3.90769,
      3.83705e-7,
      1.20817,
      -4.45774,
      2.94298e-7,
      1.20617,
      -5.16749,
      1.78814e-7,
      1.20391,
      -6.01691,
      0,
      1.2013,
      -6.83631,
      0,
      1.19873,
      -7.59753,
      -2.16998e-7,
      1.19623,
      -8.32874,
      -3.36207e-7,
      1.19376,
      -8.94471,
      -4.3679e-7,
      1.19168,
      -9.34788,
      -5.01983e-7,
      1.19029,
      -9.48607,
      -5.24335e-7,
      1.18979,
      -3.33616,
      4.76837e-7,
      2.43305,
      -3.46872,
      4.55417e-7,
      2.4326,
      -3.80047,
      4.014e-7,
      2.43147,
      -4.2325,
      3.31551e-7,
      2.43001,
      -4.765,
      2.44006e-7,
      2.42822,
      -5.39777,
      1.41561e-7,
      2.42609,
      -6.03126,
      0,
      2.42395,
      -6.66687,
      0,
      2.42182,
      -7.30319,
      -1.69501e-7,
      2.41967,
      -7.83648,
      -2.56114e-7,
      2.41788,
      -8.16363,
      -3.09199e-7,
      2.41677,
      -8.26719,
      -3.25963e-7,
      2.41642,
      -3.33616,
      4.76837e-7,
      3.65557,
      -3.4337,
      4.61005e-7,
      3.65515,
      -3.68172,
      4.20958e-7,
      3.65415,
      -4.01325,
      3.66941e-7,
      3.65293,
      -4.4395,
      2.97092e-7,
      3.65156,
      -4.94928,
      2.14204e-7,
      3.64998,
      -5.442,
      1.3411e-7,
      3.64843,
      -5.89988,
      0,
      3.64693,
      -6.3407,
      0,
      3.64545,
      -6.71725,
      0,
      3.64418,
      -6.98345,
      -1.17347e-7,
      3.64328,
      -7.08532,
      -1.33179e-7,
      3.64292,
      -3.33616,
      4.76837e-7,
      4.87809,
      -3.401,
      4.66593e-7,
      4.87781,
      -3.56625,
      4.39584e-7,
      4.87714,
      -3.788,
      4.03263e-7,
      4.87634,
      -4.0744,
      3.56697e-7,
      4.87542,
      -4.4173,
      3.00817e-7,
      4.87437,
      -4.74834,
      2.46801e-7,
      4.87334,
      -5.05696,
      1.96509e-7,
      4.87232,
      -5.35374,
      1.4808e-7,
      4.87132,
      -5.60202,
      1.08033e-7,
      4.87048,
      -5.75769,
      0,
      4.86994,
      -5.80745,
      0,
      4.86975,
      -3.33615,
      4.76837e-7,
      6.10061,
      -3.36807,
      4.72181e-7,
      6.10047,
      -3.45011,
      4.58211e-7,
      6.10013,
      -3.56175,
      4.40516e-7,
      6.09972,
      -3.70815,
      4.16301e-7,
      6.09925,
      -3.88413,
      3.88362e-7,
      6.09871,
      -4.05369,
      3.60422e-7,
      6.09818,
      -4.21012,
      3.35276e-7,
      6.09767,
      -4.36013,
      3.1013e-7,
      6.09717,
      -4.48778,
      2.89641e-7,
      6.09673,
      -4.57648,
      2.7474e-7,
      6.09643,
      -4.60958,
      2.70083e-7,
      6.09631,
      -3.33616,
      4.76837e-7,
      -1.23452,
      -3.49709,
      4.5076e-7,
      -1.23521,
      -3.90692,
      3.84636e-7,
      -1.23687,
      -4.45624,
      2.94298e-7,
      -1.23887,
      -5.16504,
      1.78814e-7,
      -1.24113,
      -6.01332,
      0,
      -1.24373,
      -6.83162,
      0,
      -1.24629,
      -7.59183,
      -2.16067e-7,
      -1.2488,
      -8.32204,
      -3.35276e-7,
      -1.25125,
      -8.93718,
      -4.34928e-7,
      -1.25334,
      -9.33981,
      -5.01052e-7,
      -1.25473,
      -9.47782,
      -5.23403e-7,
      -1.25523,
      -3.33616,
      4.76837e-7,
      -2.45704,
      -3.46828,
      4.55417e-7,
      -2.45749,
      -3.79891,
      4.014e-7,
      -2.45861,
      -4.22949,
      3.31551e-7,
      -2.46006,
      -4.76021,
      2.44938e-7,
      -2.46185,
      -5.39087,
      1.42492e-7,
      -2.46397,
      -6.02224,
      0,
      -2.4661,
      -6.65572,
      0,
      -2.46823,
      -7.28992,
      -1.66707e-7,
      -2.47036,
      -7.82143,
      -2.5332e-7,
      -2.47215,
      -8.14749,
      -3.06405e-7,
      -2.47326,
      -8.2507,
      -3.23169e-7,
      -2.47361,
      -3.33616,
      4.76837e-7,
      -3.67956,
      -3.43305,
      4.61005e-7,
      -3.67998,
      -3.67942,
      4.20958e-7,
      -3.68097,
      -4.00873,
      3.67872e-7,
      -3.68217,
      -4.43215,
      2.98954e-7,
      -3.68354,
      -4.93852,
      2.16067e-7,
      -3.68511,
      -5.42795,
      1.35973e-7,
      -3.68665,
      -5.88275,
      0,
      -3.68814,
      -6.32062,
      0,
      -3.68961,
      -6.69467,
      0,
      -3.69087,
      -6.95926,
      -1.1269e-7,
      -3.69177,
      -7.06059,
      -1.29454e-7,
      -3.69212,
      -3.33616,
      4.76837e-7,
      -4.90208,
      -3.40013,
      4.66593e-7,
      -4.90236,
      -3.56318,
      4.40516e-7,
      -4.90301,
      -3.78198,
      4.04194e-7,
      -4.90381,
      -4.06459,
      3.58559e-7,
      -4.90471,
      -4.40295,
      3.03611e-7,
      -4.90574,
      -4.72961,
      2.50526e-7,
      -4.90676,
      -5.03414,
      2.00234e-7,
      -4.90777,
      -5.32696,
      1.52737e-7,
      -4.90875,
      -5.57191,
      1.1269e-7,
      -4.90959,
      -5.72544,
      0,
      -4.91012,
      -5.77448,
      0,
      -4.9103,
      -3.33616,
      4.76837e-7,
      -6.1246,
      -3.36699,
      4.72181e-7,
      -6.12474,
      -3.44628,
      4.59142e-7,
      -6.12507,
      -3.55423,
      4.41447e-7,
      -6.12546,
      -3.69588,
      4.18164e-7,
      -6.12592,
      -3.8662,
      3.91156e-7,
      -6.12644,
      -4.03027,
      3.64147e-7,
      -6.12695,
      -4.18158,
      3.39001e-7,
      -6.12744,
      -4.32665,
      3.15718e-7,
      -6.12793,
      -4.45016,
      2.96161e-7,
      -6.12835,
      -4.53616,
      2.81259e-7,
      -6.12864,
      -4.56836,
      2.76603e-7,
      -6.12875,
      -3.33616,
      4.76837e-7,
      -7.34712,
      -3.33616,
      4.76837e-7,
      -0.011996,
      -3.56917,
      4.39584e-7,
      -0.012781,
      -4.13155,
      3.47383e-7,
      -0.014678,
      -4.81832,
      2.35625e-7,
      -0.016993,
      -5.60146,
      1.08033e-7,
      -0.019634,
      -6.509,
      0,
      -0.022694,
      -7.42007,
      -1.88127e-7,
      -0.025766,
      -8.34508,
      -3.39001e-7,
      -0.028885,
      -9.27363,
      -4.89876e-7,
      -0.032016,
      -10.0536,
      -6.17467e-7,
      -0.034646,
      -10.538,
      -6.95698e-7,
      -0.036279,
      -10.6949,
      -7.21775e-7,
      -0.036809
    ],
    "quats": [
      -1.3058154e-7,
      -0.707106,
      -0.707106,
      0,
      -2.0659327e-7,
      0.707106,
      0.707106,
      -4.0593903e-7
    ],
    "scales": [],
    "length": 0.366666,
    "tracks": {
      "Bone005": {
        "pos": [
          0,
          0,
          1,
          1,
          2,
          2,
          3,
          3,
          4,
          4,
          5,
          5,
          6,
          6,
          7,
          7,
          8,
          8,
          9,
          9,
          10,
          10,
          11,
          11
        ],
        "quat": [
          0,
          0,
          11,
          1
        ]
      },
      "Bone006": {
        "pos": [
          0,
          12,
          1,
          13,
          2,
          14,
          3,
          15,
          4,
          16,
          5,
          17,
          6,
          18,
          7,
          19,
          8,
          20,
          9,
          21,
          10,
          22,
          11,
          23
        ],
        "quat": [
          0,
          0,
          11,
          1
        ]
      },