{"is_global":true,"animation":{"fields":["time","attr"],"times":[0.0,0.040625,0.081458,0.122083,0.162916,0.203541,0.244375,0.285,0.325833],"poses":[0.031363,0.626236,2.38419e-07,0.031362,0.626236,2.38419e-07,-4.91389,4e-06,-8.03895,-4.9644,4e-06,-8.03894,-5.09892,4e-06,-8.03891,-5.28916,4e-06,-8.03886,-5.50996,4e-06,-8.0388,-5.73217,5e-06,-8.03875,-5.93095,5e-06,-8.0387,-6.07737,5e-06,-8.03866,-6.14582,5e-06,-8.03864,-4.91608,4e-06,-6.76873,-5.00923,4e-06,-6.7687,-5.2573,4e-06,-6.76864,-5.60813,4e-06,-6.76856,-6.01533,4e-06,-6.76845,-6.42511,4e-06,-6.76835,-6.7917,4e-06,-6.76825,-7.06172,5e-06,-6.76819,-7.18795,5e-06,-6.76816,-4.91649,3e-06,-5.54801,-5.05633,3e-06,-5.54798,-5.42872,4e-06,-5.54788,-5.95537,4e-06,-5.54775,-6.56664,4e-06,-5.54759,-7.18178,4e-06,-5.54744,-7.73209,4e-06,-5.5473,-8.13743,5e-06,-5.5472,-8.32693,5e-06,-5.54715,-4.91704,3e-06,-4.32802,-5.09552,3e-06,-4.32798,-5.57085,3e-06,-4.32786,-6.24306,3e-06,-4.32768,-7.0233,4e-06,-4.32749,-7.80847,4e-06,-4.32729,-8.51089,4e-06,-4.32712,-9.02826,4e-06,-4.32698,-9.27014,4e-06,-4.32692,-4.91688,2e-06,-3.14131,-5.13801,2e-06,-3.14126,-5.72693,3e-06,-3.14111,-6.55979,3e-06,-3.1409,-7.52647,3e-06,-3.14065,-8.49929,4e-06,-3.14041,-9.36956,4e-06,-3.14019,-10.0106,4e-06,-3.14003,-10.3103,4e-06,-3.13995,-4.91475,2e-06,-1.87109,-5.17059,2e-06,-1.87102,-5.85195,2e-06,-1.87085,-6.81552,3e-06,-1.87061,-7.93394,3e-06,-1.87033,-9.05944,3e-06,-1.87004,-10.0663,4e-06,-1.86979,-10.8079,4e-06,-1.8696,-11.1547,4e-06,-1.86951,-4.92122,1e-06,-0.626176,-5.20874,2e-06,-0.626104,-5.97443,2e-06,-0.62591,-7.05728,2e-06,-0.625637,-8.31413,3e-06,-0.62532,-9.57895,3e-06,-0.625001,-10.7104,3e-06,-0.624715,-11.5439,4e-06,-0.624505,-11.9335,4e-06,-0.624406,-4.91804,1e-06,0.618733,-5.17372,1e-06,0.618798,-5.85465,1e-06,0.618969,-6.81762,2e-06,0.619212,-7.93534,2e-06,0.619494,-9.06013,2e-06,0.619778,-10.0664,3e-06,0.620032,-10.8075,3e-06,0.620219,-11.154,3e-06,0.620307,-4.91914,9.53674e-07,1.86364,-5.14013,1e-06,1.8637,-5.72867,1e-06,1.86385,-6.56098,1e-06,1.86406,-7.52704,1e-06,1.8643,-8.49922,2e-06,1.86455,-9.36892,2e-06,1.86477,-10.0095,2e-06,1.86493,-10.309,2e-06,1.86501,-4.91507,4.76837e-07,3.10855,-5.09356,4.76837e-07,3.1086,-5.56889,8.34465e-07,3.10872,-6.24112,9.53674e-07,3.10889,-7.02137,1e-06,3.10909,-7.80656,1e-06,3.10928,-8.509,1e-06,3.10946,-9.02638,2e-06,3.10959,-9.26826,2e-06,3.10965,-4.91423,0.0,4.35347,-5.05405,0.0,4.3535,-5.42642,1.19209e-07,4.3536,-5.95303,4.76837e-07,4.35373,-6.56426,5.96046e-07,4.35388,-7.17936,8.34465e-07,4.35404,-7.72963,9.53674e-07,4.35418,-8.13494,1e-06,4.35428,-8.32443,1e-06,4.35433,-4.91241,-4.76837e-07,5.59838,-5.00558,-4.76837e-07,5.5984,-5.25371,-3.57628e-07,5.59846,-5.60462,-2.38419e-07,5.59855,-6.01192,-1.19209e-07,5.59865,-6.4218,0.0,5.59876,-6.78848,2.38419e-07,5.59885,-7.05856,3.57628e-07,5.59892,-7.18483,3.57628e-07,5.59895,-4.90622,-4.76837e-07,6.84329,-4.95689,-4.76837e-07,6.8433,-5.09184,-4.76837e-07,6.84333,-5.28268,-3.57628e-07,6.84338,-5.50418,-3.57628e-07,6.84344,-5.72709,-2.38419e-07,6.84349,-5.9265,-1.19209e-07,6.84354,-6.07339,-1.19209e-07,6.84358,-6.14206,-1.19209e-07,6.8436,-4.90346,-9.53674e-07,8.0882],"quats":[0.004263,0.707093,0.707094,-0.004263,0.707089,-0.004965,0.707098,0.003539],"scales":[],"length":0.333333,"tracks":{"Bind":{"pos":[0,0,8,1],"quat":[0,1,8,1]},"Bone003":{"quat":[0,0]},"Bone004":{"pos":[0,2,1,3,2,4,3,5,4,6,5,7,6,8,7,9,8,10],"quat":[0,0,8,0]},"Bone005":{"pos":[0,11,1,12,2,13,3,14,4,15,5,16,6,17,7,18,8,19],"quat":[0,0,8,0]},"Bone006":{"pos":[0,20,1,21,2,22,3,23,4,24,5,25,6,26,7,27,8,28],"quat":[0,0,8,0]},"Bone007":{"pos":[0,29,1,30,2,31,3,32,4,33,5,34,6,35,7,36,8,37],"quat":[0,0,8,0]},"Bone008":{"pos":[0,38,1,39,2,40,3,41,4,42,5,43,6,44,7,45,8,46],"quat":[0,0,8,0]},"Bone009":{"pos":[0,47,1,48,2,49,3,50,4,51,5,52,6,53,7,54,8,55],"quat":[0,0,8,0]},"Bone010":{"pos":[0,56,1,57,2,58,3,59,4,60,5,61,6,62,7,63,8,64],"quat":[0,0,8,0]},"Bone011":{"pos":[0,65,1,66,2,67,3,68,4,69,5,70,6,71,7,72,8,73],"quat":[0,0,8,0]},"Bone012":{"pos":[0,74,1,75,2,76,3,77,4,78,5,79,6,80,7,81,8,82],"quat":[0,0,8,0]},"Bone013":{"pos":[0,83,1,84,2,85,3,86,4,87,5,88,6,89,7,90,8,91],"quat":[0,0,8,0]},"Bone014":{"pos":[0,92,1,93,2,94,3,95,4,96,5,97,6,98,7,99,8,100],"quat":[0,0,8,0]},"Bone015":{"pos":[0,101,1,102,2,103,3,104,4,105,5,106,6,107,7,108,8,109],"quat":[0,0,8,0]},"Bone016":{"pos":[0,110,1,111,2,112,3,113,4,114,5,115,6,116,7,117,8,118],"quat":[0,0,8,0]},"Bone017":{"pos":[0,119],"quat":[0,0]}}},"version":"0.1.0"}