{
  "is_global": true,
  "animation": {
    "fields": [
      "time",
      "attr"
    ],
    "times": [
      0,
      0.033333,
      0.066666,
      0.1,
      0.133333,
      0.166666,
      0.2,
      0.233333,
      0.266666,
      0.3,
      0.333333,
      0.366666,
      0.4,
      0.433333,
      0.466666,
      0.5,
      0.533333,
      0.566666,
      0.6,
      0.633333,
      0.666666,
      0.7,
      0.733333,
      0.766666,
      0.8,
      0.833333,
      0.866666,
      0.9,
      0.933333,
      0.966666,
      1,
      1.03333,
      1.06667,
      1.1,
      1.13333,
      1.16667,
      1.2,
      1.23333,
      1.26667,
      1.3,
      1.33333,
      1.36667,
      1.4,
      1.43333,
      1.46667,
      1.5,
      1.53333,
      1.56667,
      1.6,
      1.63333,
      1.66667,
      1.7,
      1.73333,
      1.76667,
      1.8,
      1.83333,
      1.86667,
      1.9,
      1.93333,
      1.96667,
      2,
      2.03333,
      2.06667,
      2.1,
      2.13333,
      2.16667
    ],
    "poses": [
      0,
      -0.000001,
      -11.3846,
      -0.007953,
      -0.004459,
      -11.3608,
      -0.016004,
      -0.00925,
      -11.2938,
      -0.024162,
      -0.014277,
      -11.1903,
      -0.032439,
      -0.019448,
      -11.0569,
      -0.040845,
      -0.024666,
      -10.9002,
      -0.049393,
      -0.029837,
      -10.7269,
      -0.058092,
      -0.034867,
      -10.5436,
      -0.066955,
      -0.03966,
      -10.3571,
      -0.075992,
      -0.044122,
      -10.1738,
      -0.085214,
      -0.048157,
      -10.0005,
      -0.094632,
      -0.051671,
      -9.84386,
      -0.104258,
      -0.05457,
      -9.71043,
      -0.114101,
      -0.056758,
      -9.6069,
      -0.124174,
      -0.05814,
      -9.53992,
      -0.134489,
      -0.058621,
      -9.51611,
      -0.147429,
      -0.053121,
      -9.54075,
      -0.164003,
      -0.038935,
      -9.60743,
      -0.182163,
      -0.019537,
      -9.70527,
      -0.199857,
      0.001596,
      -9.82337,
      -0.215035,
      0.020994,
      -9.95086,
      -0.225646,
      0.03518,
      -10.0769,
      -0.229637,
      0.040681,
      -10.1905,
      -0.225389,
      0.040069,
      -10.3041,
      -0.213582,
      0.038346,
      -10.4335,
      -0.19563,
      0.035675,
      -10.5732,
      -0.172941,
      0.032221,
      -10.7175,
      -0.146927,
      0.02815,
      -10.8608,
      -0.118998,
      0.023627,
      -10.9974,
      -0.090565,
      0.018816,
      -11.1218,
      -0.063038,
      0.013883,
      -11.2284,
      -0.037828,
      0.008992,
      -11.3114,
      -0.016345,
      0.004308,
      -11.3654,
      0.012518,
      -0.004376,
      -11.3606,
      0.023581,
      -0.009279,
      -11.293,
      0.033368,
      -0.014588,
      -11.1886,
      0.042057,
      -0.020179,
      -11.054,
      0.049827,
      -0.025929,
      -10.896,
      0.056856,
      -0.031716,
      -10.7212,
      0.063325,
      -0.037416,
      -10.5364,
      0.06941,
      -0.042906,
      -10.3482,
      0.075292,
      -0.048063,
      -10.1634,
      0.081149,
      -0.052764,
      -9.98861,
      0.08716,
      -0.056887,
      -9.83058,
      0.093503,
      -0.060307,
      -9.696,
      0.100358,
      -0.062903,
      -9.59158,
      0.107903,
      -0.06455,
      -9.52402,
      0.116316,
      -0.065127,
      -9.5,
      0.127274,
      -0.058867,
      -9.52573,
      0.141198,
      -0.042723,
      -9.59539,
      0.156395,
      -0.020649,
      -9.69777,
      0.171167,
      0.003401,
      -9.8216,
      0.183817,
      0.025476,
      -9.95564,
      0.192653,
      0.04162,
      -10.0887,
      0.195975,
      0.047879,
      -10.2094,
      0.191085,
      0.046922,
      -10.3321,
      0.177723,
      0.044263,
      -10.4735,
      0.157838,
      0.040221,
      -10.6262,
      0.133381,
      0.035115,
      -10.7827,
      0.106307,
      0.029263,
      -10.9356,
      0.078569,
      0.022986,
      -11.0774,
      0.052116,
      0.016602,
      -11.2006,
      0.028902,
      0.01043,
      -11.2979,
      0.010879,
      0.004789,
      -11.3617
    ],
    "quats": [
      0,
      0,
      -0.707106,
      0.707107,
      -0.000809,
      0.000808,
      -0.707105,
      0.707106,
      -0.001821,
      0.001821,
      -0.707104,
      0.707104,
      -0.003,
      0.003,
      -0.7071,
      0.7071,
      -0.004305,
      0.004305,
      -0.707093,
      0.707094,
      -0.005699,
      0.005699,
      -0.707083,
      0.707084,
      -0.007143,
      0.007143,
      -0.70707,
      0.707071,
      -0.008599,
      0.008599,
      -0.707054,
      0.707054,
      -0.010027,
      0.010027,
      -0.707035,
      0.707035,
      -0.01139,
      0.01139,
      -0.707014,
      0.707015,
      -0.012649,
      0.012649,
      -0.706993,
      0.706993,
      -0.013765,
      0.013765,
      -0.706972,
      0.706973,
      -0.014701,
      0.014701,
      -0.706953,
      0.706954,
      -0.015416,
      0.015416,
      -0.706938,
      0.706939,
      -0.015874,
      0.015874,
      -0.706928,
      0.706928,
      -0.015218,
      0.015218,
      -0.706942,
      0.706943,
      -0.014626,
      0.014625,
      -0.706955,
      0.706955,
      -0.013902,
      0.013902,
      -0.706969,
      0.70697,
      -0.013062,
      0.013062,
      -0.706985,
      0.706986,
      -0.012124,
      0.012124,
      -0.707002,
      0.707003,
      -0.011103,
      0.011103,
      -0.707019,
      0.707019,
      -0.010016,
      0.010016,
      -0.707035,
      0.707036,
      -0.00888,
      0.00888,
      -0.70705,
      0.707051,
      -0.007712,
      0.007711,
      -0.707064,
      0.707065,
      -0.006526,
      0.006526,
      -0.707076,
      0.707077,
      -0.005341,
      0.005341,
      -0.707086,
      0.707086,
      -0.004173,
      0.004173,
      -0.707094,
      0.707094,
      -0.003038,
      0.003038,
      -0.707099,
      0.7071,
      -0.001953,
      0.001953,
      -0.707103,
      0.707104,
      -0.000935,
      0.000935,
      -0.707105,
      0.707106,
      0.000942,
      -0.000942,
      -0.707105,
      0.707106,
      0.001979,
      -0.001979,
      -0.707103,
      0.707104,
      0.003086,
      -0.003086,
      -0.707099,
      0.7071,
      0.004239,
      -0.004239,
      -0.707093,
      0.707094,
      0.005415,
      -0.005415,
      -0.707085,
      0.707086,
      0.006592,
      -0.006592,
      -0.707075,
      0.707076,
      0.007744,
      -0.007744,
      -0.707064,
      0.707064,
      0.008849,
      -0.008849,
      -0.707051,
      0.707051,
      0.009882,
      -0.009882,
      -0.707037,
      0.707037,
      0.010821,
      -0.010821,
      -0.707023,
      0.707024,
      0.011642,
      -0.011642,
      -0.70701,
      0.707011,
      0.012322,
      -0.012322,
      -0.706999,
      0.706999,
      0.011855,
      -0.011855,
      -0.707007,
      0.707007,
      0.011138,
      -0.011138,
      -0.707018,
      0.707019,
      0.010315,
      -0.010315,
      -0.707031,
      0.707031,
      0.009408,
      -0.009408,
      -0.707043,
      0.707044,
      0.008435,
      -0.008435,
      -0.707056,
      0.707056,
      0.007416,
      -0.007416,
      -0.707067,
      0.707068,
      0.006371,
      -0.006371,
      -0.707077,
      0.707078,
      0.00532,
      -0.00532,
      -0.707086,
      0.707087,
      0.004284,
      -0.004284,
      -0.707093,
      0.707094,
      0.00328,
      -0.00328,
      -0.707098,
      0.707099,
      0.002331,
      -0.002331,
      -0.707102,
      0.707103,
      0.001454,
      -0.001454,
      -0.707104,
      0.707105,
      0.00067,
      -0.00067,
      -0.707106,
      0.707106
    ],
    "scales": [],
    "length": 2.166666,