{"skeleton":[{"name":"Bone002","parent":"Bone002","initpos":[0.0,0.0,-0.0],"initquaternion":[0.707071,0.00709,-0.00709,0.707071],"initscale":[1.0,1.0,1.0],"offmtx":[[0.999798,-0.0,-0.020052,0.0],[0.020052,0.0,0.999798,-0.0],[0.0,-1.0,0.0,0.000001]],"boundingbox":[[-1.403737,7.152557373046875e-7,-34.249996],[68.765548,70.226577,18.000003]]}],"boundingbox":[[-0.000026,-18.000001,-0.000003],[68.999984,34.249992,70.0]]}