{"skeleton":[{"name":"Bone004","parent":"Bone004","initpos":[0.0,0.0,-0.0],"initquaternion":[0.707094,0.004237,-0.004237,0.707094],"initscale":[1.0,0.999999,0.999999],"offmtx":[[0.999928,0.0,-0.011984,-1.1920928955078126e-7],[0.011984,-0.0,0.999928,2.384185791015625e-7],[0.0,-0.999999,0.0,0.000001]],"boundingbox":[[-62.046108,-64.016746,-36.049259],[56.406059,61.4057,17.009998]]}],"boundingbox":[[-62.5,-17.010002,-63.499992],[56.5,36.049247,61.499992]]}