{
  "skeleton": [
    {
      "name": "Bone005",
      "parent": "Bone005",
      "initpos": [
        0,
        0,
        0
      ],
      "initquaternion": [
        0.707094,
        0.004237,
        -0.004237,
        0.707094
      ],
      "initscale": [
        1,
        0.999999,
        0.999999
      ],
      "offmtx": [
        [
          0.999928,
          0,
          -0.011984,
          -1.1920928955078125e-7
        ],
        [
          0.011984,
          0,
          0.999928,
          2.384185791015625e-7
        ],
        [
          0,
          -0.999999,
          0,
          0.000001
        ]
      ],
      "boundingbox": [
        [
          -63.070007,
          -66.028579,
          -26.878894
        ],
        [
          62.232601,
          64.208488,
          17.009998
        ]
      ]
    }
  ],
  "boundingbox": [
    [
      -63.5,
      -17.01,
      -65.499992
    ],
    [
      62.5,
      26.878902,
      63.499992
    ]
  ]
}
