{
  "skeleton": [
    {
      "name": "hbdjgg002",
      "parent": "hbdjgg002",
      "initpos": [
        0,
        0,
        0
      ],
      "initquaternion": [
        0.707106,
        0,
        0,
        0.707106
      ],
      "initscale": [
        1,
        0.999999,
        0.999999
      ],
      "offmtx": [
        [
          1,
          0,
          0,
          0
        ],
        [
          0,
          0,
          0.999999,
          4.76837158203125e-7
        ],
        [
          0,
          -0.999999,
          0,
          4.291376853871043e-7
        ]
      ],
      "boundingbox": [
        [
          -37,
          0,
          -12.499995
        ],
        [
          81,
          78.999992,
          4.000006
        ]
      ]
    }
  ],
  "boundingbox": [
    [
      -37,
      -3.999996,
      -6.55651035685878e-7
    ],
    [
      81,
      12.5,
      78.999992
    ]
  ]
}
