{
  "skeleton": [
    {
      "name": "root",
      "parent": "root",
      "initpos": [
        0,
        0,
        0
      ],
      "initquaternion": [
        0.707106,
        0,
        0,
        0.707106
      ],
      "initscale": [
        0.999999,
        0.999999,
        1
      ],
      "offmtx": [
        [
          1,
          0,
          0,
          0
        ],
        [
          0,
          0,
          1,
          0
        ],
        [
          0,
          -1,
          0,
          0
        ]
      ],
      "boundingbox": [
        [
          -4.999999,
          -4.999999,
          -7.979899
        ],
        [
          4.999999,
          4.999999,
          2.1855692011740757e-7
        ]
      ]
    }
  ],
  "boundingbox": [
    [
      -4.999999,
      -2.980231954552437e-7,
      -4.999999
    ],
    [
      4.999999,
      7.979899,
      4.999999
    ]
  ]
}
