{"skeleton":[{"name":"Bone001","parent":"Bone001","initpos":[0.0,0.0,-0.0],"initquaternion":[0.498208,0.501785,-0.501785,0.498208],"initscale":[0.999999,0.999999,1.0],"offmtx":[[-0.007154,0.0,-0.999974,0.0],[0.999974,-0.0,-0.007154,0.0],[-0.0,-1.0,0.0,0.0]],"boundingbox":[[-14.60337,-14.60337,-0.000001],[14.60337,14.60337,7.907931376394117e-7]]}],"boundingbox":[[-14.5,-3.874302194617485e-7,-14.499999],[14.5,0.000001,14.499999]]}