{"skeleton":[{"name":"Bone004","parent":"Bone004","initpos":[0.0,0.0,-0.0],"initquaternion":[0.707071,0.00709,-0.00709,0.707071],"initscale":[1.0,1.0,1.0],"offmtx":[[0.999798,-0.0,-0.020052,0.0],[0.020052,0.0,0.999798,-0.0],[0.0,-1.0,0.0,0.000001]],"boundingbox":[[-62.987335,-69.327041,-29.125003],[1.383683,7.152557373046875e-7,-3.000005]]}],"boundingbox":[[-62.999992,3.000001,-69.000007],[0.000027,29.125,0.499979]]}