{
  "skeleton": [
    {
      "name": "hbdjgg004",
      "parent": "hbdjgg004",
      "initpos": [
        0,
        0,
        0
      ],
      "initquaternion": [
        0.707106,
        0,
        0,
        0.707106
      ],
      "initscale": [
        1,
        0.999999,
        0.999999
      ],
      "offmtx": [
        [
          1,
          0,
          0,
          0
        ],
        [
          0,
          0,
          0.999999,
          4.76837158203125e-7
        ],
        [
          0,
          -0.999999,
          0,
          4.291376853871043e-7
        ]
      ],
      "boundingbox": [
        [
          -78,
          -80.999992,
          -19.999996
        ],
        [
          0,
          30,
          2.000002
        ]
      ]
    }
  ],
  "boundingbox": [
    [
      -78,
      -2.000005,
      -80.999992
    ],
    [
      0,
      19.999998,
      29.999996
    ]
  ]
}
