{"skeleton":[{"name":"hbdjggA","parent":"hbdjggA","initpos":[0.0,0.0,-0.0],"initquaternion":[0.707106,0.0,0.0,0.707106],"initscale":[1.0,0.999999,0.999999],"offmtx":[[1.0,0.0,0.0,0.0],[-0.0,0.0,0.999999,4.76837158203125e-7],[-0.0,-0.999999,0.0,4.291376853871043e-7]],"boundingbox":[[-78.0,-80.999992,-11.000003],[81.0,78.999992,6.000004]]}],"boundingbox":[[-78.0,-5.999997,-80.999992],[81.0,11.0,78.999992]]}