{
  "skeleton": [
    {
      "name": "Bone001",
      "parent": "Bone001",
      "initpos": [
        0,
        0,
        0
      ],
      "initquaternion": [
        0.707106,
        0,
        0,
        0.707106
      ],
      "initscale": [
        1,
        1,
        1
      ],
      "offmtx": [
        [
          1,
          0,
          0,
          0
        ],
        [
          0,
          0,
          1,
          0
        ],
        [
          0,
          -1,
          0,
          0
        ]
      ],
      "boundingbox": [
        [
          -5.015747,
          -4.999999,
          -8.015748
        ],
        [
          5.171751,
          5.187499,
          -0.015747
        ]
      ]
    }
  ],
  "boundingbox": [
    [
      -5.015747,
      0.015747,
      -4.999999
    ],
    [
      5.171751,
      8.015748,
      5.187499
    ]
  ]
}
