{
  "skeleton": [
    {
      "name": "Bone001",
      "parent": "Bone001",
      "initpos": [
        0,
        0,
        0
      ],
      "initquaternion": [
        0.707106,
        0,
        0,
        0.707106
      ],
      "initscale": [
        1,
        1,
        1
      ],
      "offmtx": [
        [
          0.999999,
          0,
          0,
          0
        ],
        [
          0,
          0,
          0.999999,
          0
        ],
        [
          0,
          -1,
          0,
          0
        ]
      ],
      "boundingbox": [
        [
          -5.493063,
          -5.137713,
          -6.687501
        ],
        [
          5.007551,
          5.112533,
          0.000004
        ]
      ]
    }
  ],
  "boundingbox": [
    [
      -5.493062,
      -0.000004,
      -5.137713
    ],
    [
      5.007551,
      6.6875,
      5.112533
    ]
  ]
}
