{"skeleton":[{"name":"Bone003","parent":"Bone003","initpos":[0.0,0.0,-0.0],"initquaternion":[0.707094,0.004237,-0.004237,0.707094],"initscale":[1.0,0.999999,0.999999],"offmtx":[[0.999928,0.0,-0.011984,-1.1920928955078126e-7],[0.011984,-0.0,0.999928,2.384185791015625e-7],[0.0,-0.999999,0.0,0.000001]],"boundingbox":[[-7.589341,-73.472221,-34.834091],[62.232601,8.23648,7.009999]]}],"boundingbox":[[-7.5,-7.010003,-73.59555],[61.5,34.834075,7.499997]]}