{"skeleton":[{"name":"hbdjgg003","parent":"hbdjgg003","initpos":[0.0,0.0,-0.0],"initquaternion":[0.707106,0.0,0.0,0.707106],"initscale":[1.0,0.999999,0.999999],"offmtx":[[1.0,0.0,0.0,0.0],[-0.0,0.0,0.999999,4.76837158203125e-7],[-0.0,-0.999999,0.0,4.291376853871043e-7]],"boundingbox":[[-78.0,-80.999992,-10.000004],[81.0,60.499996,1.999999]]}],"boundingbox":[[-78.0,-2.000005,-80.999992],[81.0,9.999994,60.499992]]}