{
  "mesh": [
    {
      "indices": [
        0,
        6,
        1,
        0,
        1,
        7,
        2,
        8,
        3,
        2,
        3,
        9,
        4,
        10,
        5,
        4,
        5,
        11
      ],
      "material": "2022s1/xy_astral_armor",
      "vertices": [
        1,
        0,
        3,
        0,
        4,
        0,
        1,
        0,
        7,
        1,
        7,
        0,
        2,
        1,
        5,
        0,
        3,
        2,
        11,
        0,
        0,
        2,
        9,
        0,
        5,
        0,
        2,
        0,
        0,
        0,
        0,
        0,
        3,
        1,
        6,
        0,
        6,
        1,
        4,
        0,
        1,
        2,
        10,
        0,
        2,
        2,
        8,
        0
      ],
      "fields": [
        "pos",
        "normal",
        "uvcoord",
        "weight"
      ],
      "poses": [
        -4.0008,
        6.9992,
        -2.11607,
        -4.0008,
        10.9992,
        -2.11607,
        -4.0008,
        6.9992,
        2.11606,
        -4.0008,
        10.9992,
        2.11606,
        -1.0008,
        6.9992,
        -2.11606,
        -1.0008,
        10.9992,
        -2.11607,
        -1.0008,
        6.9992,
        2.11606,
        -1.0008,
        10.9992,
        2.11606
      ],
      "normals": [
        0,
        0,
        -1,
        0,
        0,
        1,
        -1,
        0,
        0
      ],
      "uvcoords": [
        0.3281,
        0.6406,
        0.3281,
        0.6875,
        0.2656,
        0.6875,
        0.2656,
        0.6406,
        0.1094,
        0.6875,
        0.1094,
        0.6406,
        0.1719,
        0.6406,
        0.1719,
        0.6875,
        0.1094,
        0.5,
        0.1719,
        0.5,
        0.1719,
        0.5625,
        0.1094,
        0.5625
      ],
      "weights": [
        "Bone006",
        1
      ],
      "colors": []
    }
  ],
  "version": "0.1.0"
}
