{
  "mesh": [
    {
      "indices": [
        0,
        1,
        7,
        8,
        0,
        7,
        0,
        9,
        1,
        8,
        21,
        0,
        10,
        22,
        1,
        10,
        1,
        9,
        2,
        11,
        12,
        13,
        2,
        12,
        2,
        23,
        11,
        13,
        24,
        2,
        3,
        6,
        4,
        6,
        25,
        4,
        4,
        26,
        14,
        4,
        14,
        3,
        3,
        15,
        6,
        15,
        3,
        27,
        16,
        17,
        28,
        16,
        29,
        17,
        5,
        18,
        19,
        5,
        19,
        20,
        5,
        30,
        18,
        5,
        20,
        31
      ],
      "material": "2022s1/xy_astral_armor",
      "vertices": [
        9,
        0,
        9,
        0,
        1,
        0,
        1,
        0,
        0,
        11,
        5,
        0,
        5,
        3,
        13,
        0,
        2,
        3,
        10,
        0,
        16,
        13,
        2,
        0,
        3,
        1,
        11,
        0,
        0,
        0,
        0,
        0,
        6,
        0,
        21,
        0,
        8,
        0,
        8,
        0,
        19,
        0,
        23,
        0,
        11,
        2,
        3,
        0,
        10,
        10,
        2,
        0,
        21,
        9,
        6,
        0,
        1,
        7,
        1,
        0,
        4,
        1,
        12,
        0,
        14,
        5,
        18,
        0,
        4,
        1,
        16,
        0,
        5,
        6,
        4,
        0,
        1,
        12,
        5,
        0,
        7,
        8,
        7,
        0,
        18,
        0,
        20,
        0,
        7,
        0,
        22,
        0,
        2,
        2,
        4,
        0,
        6,
        9,
        7,
        0,
        17,
        4,
        19,
        0,
        0,
        7,
        0,
        0,
        12,
        4,
        14,
        0,
        13,
        5,
        15,
        0,
        3,
        1,
        17,
        0,
        15,
        6,
        3,
        0,
        20,
        8,
        6,
        0
      ],
      "fields": [
        "pos",
        "normal",
        "uvcoord",
        "weight"
      ],
      "poses": [
        -4.11903,
        33,
        -4.21807,
        4.12064,
        33,
        -4.21807,
        -4.11958,
        28.9997,
        -4.21674,
        -3.08825,
        28,
        -4.21727,
        3.08986,
        28,
        -4.21727,
        4.12009,
        28.9997,
        -4.21674,
        -4.11903,
        33,
        -0.207373,
        4.12064,
        33,
        -0.207371,
        2.06073,
        33,
        -1.21807,
        -2.05911,
        33,
        -1.21807,
        -4.11903,
        32,
        -2.21647,
        -4.11903,
        29,
        -2.21647,
        4.11899,
        27.9992,
        -4.21727,
        3.09068,
        25.0008,
        -4.21727,
        -3.08907,
        25.0008,
        -4.21727,
        4.12064,
        29,
        -2.21647,
        4.12064,
        32,
        -2.21647,
        -4.12068,
        27.9992,
        -4.21727,
        -2.05911,
        33,
        -0.207372,
        2.06073,
        33,
        -0.207372,
        4.12064,
        32,
        -0.207372,
        -4.11903,
        32,
        -0.207373
      ],
      "normals": [
        0,
        1,
        0,
        0,
        0.0004,
        -1,
        -1,
        0.0001,
        0.0002,
        0,
        0.0001,
        -1,
        0,
        0.0005,
        -1,
        0,
        0,
        -1,
        1,
        -0.0001,
        -0.0002,
        0,
        -0.0003,
        -1,
        1,
        0,
        0,
        -1,
        0,
        0,
        -1,
        0,
        0.0001,
        -1,
        0.0001,
        0.0001,
        1,
        -0.0001,
        -0.0001,
        1,
        0,
        -0.0001
      ],
      "uvcoords": [
        0.3906,
        0.1719,
        0.5156,
        0.1719,
        0.5938,
        0.5781,
        0.5938,
        0.625,
        0.5625,
        0.625,
        0.5625,
        0.5625,
        0.625,
        0.5781,
        0.625,
        0.5625,
        0.4844,
        0.125,
        0.4219,
        0.125,
        0.3906,
        0.2344,
        0.4062,
        0.25,
        0.5,
        0.25,
        0.5156,
        0.2344,
        0.5156,
        0.25,
        0.3438,
        0.1406,
        0.3438,
        0.0469,
        0.1562,
        0.0469,
        0.1562,
        0.1406,
        0.3906,
        0.25,
        0.4219,
        0.1094,
        0.3906,
        0.1094,
        0.5156,
        0.1094,
        0.4844,
        0.1094
      ],
      "weights": [
        "Bone001",
        1
      ],
      "colors": []
    }
  ],
  "version": "0.1.0"
}
