{"mesh":[{"indices":[3,4,16,3,17,4,5,6,18,5,19,6,7,1,2,2,1,8,2,8,20,7,21,1,9,0,22,9,10,0,0,10,11,0,11,23,12,13,24,12,25,13,14,15,26,14,27,15],"material":"2022s1/xy_astral_armor","vertices":[6,1,2,0,7,0,2,0,4,0,3,0,7,2,2,0,1,2,6,0,3,3,1,0,1,3,9,0,8,0,5,0,0,0,0,0,9,1,5,0,5,1,3,0,2,1,1,0,8,4,13,0,5,4,11,0,5,5,16,0,3,5,15,0,0,2,0,0,6,2,7,0,2,3,8,0,0,3,0,0,3,0,1,0,10,0,4,0,11,1,4,0,1,1,0,0,9,4,10,0,4,4,12,0,2,5,14,0,4,5,1,0],"fields":["pos","normal","uvcoord","weight"],"poses":[9.26484,24.1655,-2.16098,9.26484,24.1655,2.16098,9.26484,21.0008,2.16098,9.26484,21.0008,-2.16098,8.23615,21.0,-2.16098,8.23623,20.9999,2.16098,3.92885,24.1655,2.16098,3.92885,24.1655,-2.16098,8.23697,18.9992,-2.16098,8.23697,18.9992,2.16098,3.93037,18.9992,-2.16098,3.93036,18.9992,2.16098],"normals":[0.0,-0.0,-1.0,-0.0,0.0,1.0,0.0,1.0,-0.0,1.0,0.0,0.0,1.0,0.0004,-0.0,0.0008,-1.0,-0.0],"uvcoords":[0.6719,0.3906,0.6719,0.4375,0.5938,0.3906,0.6562,0.4375,0.5938,0.4688,0.6562,0.4688,0.6719,0.3281,0.5938,0.3281,0.7344,0.4375,0.7344,0.3906,0.9375,0.375,0.9375,0.3438,0.875,0.3438,0.875,0.375,0.6094,0.4219,0.6719,0.4219,0.6094,0.4375],"weights":["Bone005",1.0],"colors":[]}],"version":"0.1.0"}