{"mesh":[{"indices":[22,23,88,22,89,23,24,25,90,24,91,25,4,26,27,4,27,28,4,92,26,4,28,93,29,8,9,9,8,30,9,30,94,29,95,8,31,32,96,31,97,32,33,34,98,33,99,34,35,36,100,35,101,36,37,38,102,37,103,38,10,39,40,40,104,10,10,105,39,41,11,42,11,106,42,41,107,11,43,44,108,43,109,44,45,46,110,45,111,46,47,48,112,47,113,48,49,12,50,12,114,50,49,115,12,13,51,52,52,116,13,13,117,51,53,54,118,53,119,54,55,56,120,55,121,56,57,58,122,57,123,58,5,59,60,5,60,61,5,124,59,5,61,125,62,6,126,62,63,6,6,63,64,6,64,127,65,66,128,65,129,66,14,0,15,0,67,15,15,130,14,14,68,0,0,131,67,68,132,0,69,70,133,69,134,70,71,72,135,71,136,72,73,7,137,73,74,7,75,138,7,75,7,74,76,77,139,76,140,77,1,16,2,2,16,78,2,78,141,79,1,2,79,2,142,1,80,16,1,143,81,1,81,80,82,17,18,18,17,83,18,83,144,82,145,17,84,3,85,3,86,85,3,84,19,3,19,20,3,146,86,20,19,21,87,20,21,87,21,147],"material":"2022s1/xy_astral_armor","vertices":[49,2,67,0,54,2,75,0,53,2,72,0,60,0,80,0,5,14,12,0,26,0,25,0,28,0,27,0,38,0,4,0,7,16,13,0,6,15,39,0,12,25,1,0,13,26,0,0,21,28,7,0,20,31,51,0,31,2,69,0,48,2,66,0,36,2,73,0,41,0,4,0,55,0,31,0,24,0,90,0,63,0,88,0,25,0,87,0,3,1,10,0,1,1,35,0,11,5,6,0,9,5,37,0,8,13,5,0,4,12,11,0,3,20,10,0,9,17,40,0,1,19,58,0,8,6,5,0,6,6,41,0,10,7,14,0,5,7,12,0,15,1,1,0,13,1,15,0,17,8,0,0,7,8,16,0,5,14,43,0,0,18,17,0,7,16,45,0,1,19,44,0,16,3,19,0,12,3,1,0,21,1,7,0,19,1,20,0,4,9,8,0,23,9,20,0,4,12,48,0,3,20,21,0,6,15,49,0,2,21,23,0,22,4,22,0,20,4,52,0,0,10,17,0,14,10,54,0,2,11,23,0,18,11,2,0,25,0,60,0,24,0,59,0,58,0,76,0,47,0,63,0,29,0,62,0,45,0,78,0,31,3,65,0,27,3,26,0,61,2,82,0,32,2,68,0,26,4,25,0,33,4,71,0,38,1,4,0,36,1,29,0,51,0,32,0,50,0,31,0,39,0,34,0,43,1,29,0,41,1,4,0,37,2,92,0,67,2,94,0,43,2,74,0,42,2,95,0,56,0,32,0,57,0,33,0,29,0,81,0,45,0,79,0,44,0,97,0,64,0,89,0,0,1,9,0,2,1,36,0,8,5,5,0,10,5,38,0,11,13,6,0,0,18,9,0,2,21,57,0,10,17,14,0,4,6,11,0,9,6,42,0,7,7,13,0,11,7,6,0,12,1,0,0,14,1,16,0,5,8,1,0,16,8,15,0,15,22,24,0,17,24,18,0,14,23,56,0,16,27,19,0,13,3,0,0,17,3,18,0,18,1,2,0,20,1,46,0,22,9,2,0,6,9,47,0,18,22,2,0,22,29,22,0,19,23,8,0,23,30,50,0,21,4,7,0,23,4,53,0,15,10,24,0,1,10,55,0,19,11,8,0,3,11,21,0,46,0,61,0,34,0,28,0,27,0,26,0,59,0,77,0,28,3,27,0,30,3,64,0,30,2,84,0,62,2,83,0,33,2,85,0,32,4,70,0,34,4,28,0,35,1,3,0,37,1,30,0,35,0,3,0,52,0,33,0,40,1,3,0,42,1,30,0,65,2,91,0,66,2,93,0,68,2,96,0,44,0,34,0,40,0,3,0,69,0,98,0,39,0,86,0],"fields":["pos","normal","uvcoord","weight"],"poses":[2.14062,22.0,-3.31991,2.14062,22.0,-2.31991,-2.02841,22.0,-2.31991,-2.02841,22.0,-3.31991,-2.02841,20.0,-3.31991,2.14062,20.0,-3.31991,-2.02841,20.0,-2.31991,2.14062,20.0,-2.31991,-2.02882,17.0008,-3.32031,-2.02882,16.9996,-2.32031,2.1409,16.9996,-2.32031,2.14103,17.0008,-3.32031,3.18267,22.9992,-3.31951,3.18267,22.9992,-2.31951,2.1402,22.9992,-2.31951,2.1402,22.9992,-3.31951,3.18267,19.9992,-2.31951,3.18267,19.9992,-3.31951,-2.02799,22.9992,-3.31951,-2.02799,22.9992,-2.31951,-3.07046,22.9992,-2.31951,-3.07045,22.9992,-3.31951,-3.07045,19.9992,-3.31951,-3.07046,19.9992,-2.31951,-3.07212,15.9992,-2.32031,-3.07212,17.0008,-2.32031,-4.11459,16.0008,-2.32031,4.2268,15.0008,-2.32031,4.2268,16.0008,-2.32031,3.1835,16.0,-2.32031,4.2268,15.0008,2.10758,4.2268,16.0008,2.10758,-4.11459,16.0008,2.10758,-4.11459,15.0008,2.10758,-4.11459,15.0008,-2.32031,-2.02966,24.1442,-2.32031,-2.02966,24.1442,2.10678,-4.11459,24.1442,2.10677,-4.11459,24.1442,-2.32031,-3.07212,20.0008,-2.32031,2.14187,24.1442,-2.32031,4.2268,24.1442,-2.32031,4.2268,24.1442,2.10678,2.14187,24.1442,2.10678,3.18433,20.0008,-2.32031,3.18402,17.0014,-2.32031,-4.11459,17.0008,-2.32031,3.18433,15.0008,-2.32031,2.14145,15.0008,2.10758,-2.02924,15.0008,2.10758,-3.07212,23.0008,-2.32031,-2.02966,23.0008,-2.32031,-4.11459,20.0008,-2.32031,-3.07212,21.0008,2.10678,3.18454,21.0005,2.10678,3.18433,23.0008,-2.32031,2.14187,23.0008,-2.32031,4.2268,20.0008,-2.32031,-3.07212,15.0008,-2.32031,4.2268,17.0008,-2.32031,2.14083,16.9995,-2.32031,2.14145,14.0008,2.10758,-2.02924,14.0008,2.10758,-2.03311,16.9995,-2.32031,-2.02966,20.0008,-2.32031,-4.11459,21.0008,2.10677,-3.07212,20.0008,2.10678,3.18465,20.0002,2.10678,4.2268,21.0008,2.10678,2.14187,20.0008,-2.32031],"normals":[0.0,-0.0,-1.0,0.0,1.0,-0.0,-0.0,0.0,1.0,1.0,0.0,0.0,-1.0,-0.0,-0.0,0.0,-1.0,-0.0012,-1.0,0.0001,-0.0,1.0,0.0001,0.0001,-0.0008,-1.0,0.0,0.0008,-1.0,0.0,-1.0,-0.0004,-0.0,1.0,-0.0004,0.0,-0.0001,0.0,-1.0,0.0,0.0001,-1.0,0.0001,0.0,-1.0,0.0001,-0.0,1.0,-0.0001,-0.0,1.0,-0.0,-0.0001,1.0,0.0002,0.0001,-1.0,-0.0002,-0.0001,1.0,-0.0002,0.0001,-1.0,0.0002,-0.0001,1.0,0.0,0.0004,-1.0,-0.0,-0.0004,1.0,0.0004,-0.0,-1.0,0.0002,0.0002,-1.0,-0.0002,-0.0002,1.0,-0.0004,0.0,1.0,-0.0002,0.0002,-1.0,-0.0004,-0.0,-1.0,0.0004,0.0,1.0,0.0002,-0.0002,1.0],"uvcoords":[0.8906,0.8594,0.875,0.8594,0.4688,0.7031,0.0938,0.1562,0.0625,0.1562,0.2812,0.5,0.3438,0.5,0.4531,0.7031,0.4844,0.7031,0.3438,0.4219,0.2812,0.4219,0.2812,0.4531,0.3438,0.4531,0.3594,0.4531,0.3594,0.5,0.8906,0.8438,0.875,0.8438,0.8594,0.875,0.875,0.9062,0.8906,0.9062,0.4688,0.6875,0.4688,0.7188,0.4531,0.75,0.4844,0.7188,0.8594,0.8594,0.8594,0.2031,0.7344,0.2188,0.7344,0.2031,0.8594,0.2188,0.0938,0.0938,0.0625,0.0938,0.0781,0.1719,0.0938,0.1719,0.0625,0.2188,0.0781,0.2188,0.3438,0.4062,0.2812,0.4062,0.2812,0.4844,0.3438,0.4844,0.4219,0.4531,0.4219,0.5,0.2656,0.4531,0.2656,0.5,0.8594,0.9062,0.9062,0.875,0.9062,0.9062,0.4531,0.6875,0.4844,0.6875,0.4688,0.75,0.4844,0.75,0.5,0.75,0.5,0.7031,0.4375,0.7031,0.4375,0.75,0.8438,0.8594,0.8438,0.875,0.9062,0.8594,0.4219,0.4219,0.3594,0.4219,0.8438,0.2031,0.8438,0.1875,0.8594,0.1875,0.7188,0.2031,0.7188,0.2188,0.7969,0.2188,0.7969,0.2031,0.625,0.9062,0.6875,0.9062,0.7188,0.8906,0.5938,0.8906,0.9219,0.2031,0.9219,0.2188,0.2656,0.3281,0.25,0.2812,0.1875,0.2812,0.1719,0.3281,0.8438,0.2188,0.7344,0.1875,0.7188,0.1875,0.8125,0.1094,0.7969,0.1094,0.8125,0.125,0.625,0.9219,0.6875,0.9219,0.5938,0.9062,0.7188,0.9062,0.7188,0.0625,0.7188,0.1094,0.7343,0.1094,0.7344,0.0625,0.7188,0.125,0.2812,0.3281,0.2812,0.2812,0.2656,0.3437,0.1719,0.3437,0.1562,0.2812,0.1562,0.3281,0.8125,0.0625,0.7969,0.0625],"weights":["Bone002",1.0],"colors":[]}],"version":"0.1.0"}