{"mesh":[{"indices":[12,1,6,1,3,6,7,2,1,1,2,3,2,13,3,7,14,2,4,15,5,0,5,8,4,5,0,4,0,9,0,8,16,0,17,9,10,11,18,10,19,11],"material":"2022s1/yx_astral_armor","vertices":[13,1,13,0,4,0,4,0,8,0,8,0,3,0,3,0,1,1,1,0,6,1,6,0,0,0,0,0,10,0,10,0,12,1,12,0,2,1,2,0,0,2,0,0,1,2,1,0,5,0,5,0,14,0,14,0,9,0,9,0,7,1,7,0,11,1,11,0,15,1,15,0,2,2,2,0,3,2,3,0],"fields":["pos","normal","uvcoord","weight"],"poses":[4.07481,7.9992,-2.06491,4.07481,10.9992,2.17068,4.07481,7.9992,2.17068,4.07481,10.9992,-2.06491,3.07401,9.0,-2.06491,3.07481,7.9992,-2.06491,3.07401,10.0016,2.17068,3.07481,10.9992,2.17068,3.07401,10.0016,-2.06491,2.07321,10.0008,-2.06491,2.07321,9.0008,-2.06491,2.07321,9.0008,2.17068,2.07321,10.0008,2.17068,3.07401,9.0,2.17068,3.07481,10.9992,-2.06491,3.07481,7.9992,2.17068],"normals":[0.0,-0.0,-1.0,-0.0,0.0,1.0,1.0,0.0,0.0],"uvcoords":[0.1875,0.9531,0.25,0.9062,0.25,0.9531,0.1875,0.9062,0.1719,0.9375,0.1719,0.9531,0.2656,0.9219,0.2656,0.9062,0.1719,0.9219,0.1562,0.9219,0.1562,0.9375,0.2812,0.9375,0.2812,0.9219,0.2656,0.9375,0.1719,0.9062,0.2656,0.9531],"weights":["Bone005",1.0],"colors":[]},{"indices":[12,1,6,1,3,6,7,2,1,1,2,3,2,13,3,7,14,2,4,15,5,0,5,8,4,5,0,4,0,9,0,8,16,0,17,9,10,11,18,10,19,11],"material":"2022s1/yx_astral_armor","vertices":[13,1,13,0,4,0,4,0,8,0,8,0,3,0,3,0,1,1,1,0,6,1,6,0,0,0,0,0,10,0,10,0,12,1,12,0,2,1,2,0,0,2,0,0,1,2,1,0,5,0,5,0,14,0,14,0,9,0,9,0,7,1,7,0,11,1,11,0,15,1,15,0,2,2,2,0,3,2,3,0],"fields":["pos","normal","uvcoord","weight"],"poses":[4.07481,7.9992,-2.06491,4.07481,10.9992,2.17068,4.07481,7.9992,2.17068,4.07481,10.9992,-2.06491,3.07401,9.0,-2.06491,3.07481,7.9992,-2.06491,3.07401,10.0016,2.17068,3.07481,10.9992,2.17068,3.07401,10.0016,-2.06491,2.07321,10.0008,-2.06491,2.07321,9.0008,-2.06491,2.07321,9.0008,2.17068,2.07321,10.0008,2.17068,3.07401,9.0,2.17068,3.07481,10.9992,-2.06491,3.07481,7.9992,2.17068],"normals":[0.0,-0.0,-1.0,-0.0,0.0,1.0,1.0,0.0,0.0],"uvcoords":[0.1875,0.9531,0.25,0.9062,0.25,0.9531,0.1875,0.9062,0.1719,0.9375,0.1719,0.9531,0.2656,0.9219,0.2656,0.9062,0.1719,0.9219,0.1562,0.9219,0.1562,0.9375,0.2812,0.9375,0.2812,0.9219,0.2656,0.9375,0.1719,0.9062,0.2656,0.9531],"weights":["Bone005",1.0],"colors":[]}],"version":"0.1.0"}