{"mesh":[{"indices":[6,24,7,7,84,0,7,0,2,7,2,6,6,85,24,2,86,6,0,8,2,8,12,2,0,25,8,0,13,14,0,14,25,8,15,12,15,26,12,15,87,26,13,27,14,13,88,27,16,3,17,3,28,17,17,89,16,16,29,3,3,90,28,29,91,3,30,31,92,30,93,31,32,33,94,32,95,33,34,35,96,34,97,35,36,37,98,36,99,37,38,39,100,38,101,39,40,41,102,40,103,41,42,43,104,42,105,43,44,45,106,44,107,45,46,47,108,46,109,47,48,49,110,48,111,49,50,51,112,50,113,51,52,53,114,52,115,53,54,55,116,54,117,55,56,57,118,56,119,57,58,59,120,58,121,59,60,61,122,60,123,61,62,63,124,62,125,63,64,65,126,64,127,65,66,67,128,66,129,67,68,69,130,68,131,69,70,71,132,70,133,71,72,73,134,72,135,73,74,75,136,74,137,75,76,77,138,76,139,77,9,78,140,9,10,78,4,10,9,141,4,9,142,10,1,4,1,10,11,1,4,18,11,4,11,79,1,19,20,1,19,1,79,18,21,11,80,21,18,80,143,21,81,20,19,81,144,20,22,5,82,145,82,5,22,23,5,146,23,22,83,147,5,83,5,23],"material":"2022s1/yx_astral_weaponB","vertices":[11,1,13,0,44,2,13,0,10,1,10,0,9,1,7,0,43,2,10,0,30,2,7,0,7,1,5,0,4,1,2,0,1,1,11,0,47,2,5,0,46,2,2,0,3,2,11,0,14,1,16,0,13,1,15,0,12,1,14,0,15,1,17,0,1,1,9,0,8,1,6,0,41,2,16,0,39,2,14,0,38,2,15,0,40,2,17,0,3,2,9,0,33,2,6,0,5,1,3,0,0,1,12,0,18,1,0,0,20,1,20,0,22,1,22,0,0,1,8,0,27,5,29,0,6,5,27,0,29,0,33,0,22,0,31,0,23,3,37,0,30,3,35,0,30,0,41,0,24,0,39,0,8,0,45,0,32,0,43,0,22,4,49,0,33,4,47,0,24,3,53,0,2,3,51,0,35,0,57,0,20,0,55,0,37,0,61,0,18,0,59,0,21,3,65,0,38,3,63,0,3,4,69,0,25,4,67,0,39,4,73,0,20,4,71,0,15,3,1,0,37,3,75,0,41,4,79,0,18,4,77,0,1,0,83,0,40,0,81,0,12,0,87,0,2,0,85,0,43,4,91,0,17,4,89,0,14,5,95,0,43,5,93,0,11,5,99,0,38,5,97,0,16,3,103,0,44,3,101,0,45,5,107,0,4,5,105,0,17,5,111,0,47,5,109,0,4,3,115,0,27,3,113,0,26,4,119,0,7,4,117,0,27,2,3,0,2,2,12,0,36,2,0,0,34,2,20,0,2,2,8,0,28,2,22,0,16,1,18,0,6,1,4,0,17,1,19,0,19,1,1,0,21,1,21,0,25,1,25,0,23,1,23,0,24,1,24,0,26,5,26,0,5,5,28,0,23,0,30,0,28,0,32,0,29,3,34,0,9,3,36,0,31,0,38,0,9,0,40,0,25,0,42,0,33,0,44,0,8,4,46,0,28,4,48,0,31,3,50,0,0,3,52,0,21,0,54,0,34,0,56,0,19,0,58,0,36,0,60,0,35,3,62,0,13,3,64,0,32,4,66,0,1,4,68,0,34,4,70,0,12,4,72,0,19,3,74,0,40,3,0,0,36,4,76,0,14,4,78,0,15,0,80,0,3,0,82,0,0,0,84,0,39,0,86,0,10,4,88,0,42,4,90,0,10,5,92,0,41,5,94,0,13,5,96,0,44,5,98,0,11,3,100,0,45,3,102,0,46,5,104,0,16,5,106,0,7,5,108,0,42,5,110,0,46,3,112,0,5,3,114,0,47,4,116,0,6,4,118,0,26,2,4,0,42,2,19,0,45,2,18,0,37,2,1,0,35,2,21,0,31,2,24,0,32,2,25,0,29,2,23,0],"fields":["pos","normal","uvcoord","weight"],"poses":[0.499996,3.75332,-1.5,0.499996,3.75332,1.5,-0.500003,3.75332,-1.5,-0.500003,3.75332,1.5,0.499996,1.75332,-0.499996,0.499994,-2.24668,-0.499996,0.499994,-2.24668,0.500003,0.499996,1.75332,0.500003,0.5,13.7533,0.500002,0.5,13.7533,-0.499996,0.499996,2.75332,1.5,0.499996,2.75332,-1.5,0.499996,3.75332,-2.5,0.499996,2.75332,-3.5,0.499996,2.75332,3.5,0.499996,3.75332,2.5,0.499996,1.75332,-1.5,0.499996,1.75332,1.5,0.499996,4.75332,3.5,0.499996,4.75332,2.5,0.499998,5.75332,-2.5,0.499998,5.75332,-3.5,0.5,14.7533,0.500003,0.5,14.7533,-0.499996,0.5,13.7533,-1.5,0.499998,13.7533,1.5,-0.500005,-2.24668,0.500002,-0.500005,-2.24668,-0.499996,-0.5,14.7533,0.500003,-0.5,14.7533,-0.499996,-0.5,13.7533,-0.499997,-0.500001,13.7533,-1.5,-0.500001,13.7533,1.5,-0.5,13.7533,0.500002,-0.500001,5.75332,-2.5,-0.500001,5.75332,-3.5,-0.500003,4.75332,3.5,-0.500003,4.75332,2.5,-0.500003,2.75332,-3.5,-0.500003,3.75332,-2.5,-0.500003,3.75332,2.5,-0.500003,2.75332,3.5,-0.500003,1.75332,1.5,-0.500003,2.75332,1.5,-0.500003,2.75332,-1.5,-0.500003,1.75332,-1.5,-0.500003,1.75332,-0.499996,-0.500003,1.75332,0.500002],"normals":[0.0,1.0,-0.0,1.0,-0.0,0.0,-1.0,0.0,-0.0,0.0,0.0,-1.0,-0.0,-0.0,1.0,0.0,-1.0,0.0],"uvcoords":[0.5,0.1562,0.4688,0.1562,0.375,0.25,0.375,0.375,0.4062,0.375,0.4062,0.25,0.125,0.0938,0.0938,0.0938,0.0625,0.4062,0.1562,0.4062,0.4375,0.2188,0.4375,0.1875,0.3438,0.1875,0.3438,0.2188,0.3125,0.1875,0.2812,0.2188,0.5,0.2188,0.4688,0.1875,0.3438,0.25,0.4375,0.25,0.3125,0.125,0.2812,0.125,0.125,0.0625,0.0938,0.0625,0.0625,0.0938,0.1562,0.0938,0.75,0.6562,0.75,0.6875,0.7188,0.6875,0.7188,0.6562,0.5625,0.6875,0.5938,0.6875,0.5938,0.6562,0.5625,0.6562,0.625,0.25,0.625,0.2812,0.5938,0.2812,0.5938,0.25,0.2188,0.6562,0.2188,0.6875,0.25,0.6875,0.25,0.6562,0.0938,0.5625,0.0938,0.5312,0.0625,0.5312,0.0625,0.5625,0.5938,0.1562,0.625,0.1562,0.625,0.125,0.5938,0.125,0.9375,0.0625,0.9375,0.375,0.9062,0.375,0.9062,0.0625,0.7188,0.5625,0.75,0.5625,0.75,0.5312,0.7188,0.5312,0.4688,0.9375,0.5,0.9375,0.5,0.9062,0.4688,0.9062,0.9375,0.5938,0.9375,0.6875,0.9062,0.6875,0.9062,0.5938,0.8125,0.0625,0.7812,0.0625,0.7812,0.375,0.8125,0.375,0.375,0.875,0.3438,0.875,0.3438,0.9375,0.375,0.9375,0.4688,0.125,0.5,0.125,0.2812,0.875,0.25,0.875,0.25,0.9375,0.2812,0.9375,0.0938,0.6875,0.0938,0.6562,0.0625,0.6562,0.0625,0.6875,0.625,0.9375,0.625,0.9062,0.5938,0.9062,0.5938,0.9375,0.375,0.5312,0.375,0.5625,0.4062,0.5625,0.4062,0.5312,0.7188,0.9375,0.7188,0.9062,0.7812,0.9062,0.7812,0.9375,0.875,0.9375,0.875,0.9062,0.9375,0.9062,0.9375,0.9375,0.5938,0.4062,0.625,0.4062,0.625,0.4375,0.5938,0.4375,0.25,0.5312,0.25,0.5625,0.2188,0.5625,0.2188,0.5312,0.375,0.6875,0.375,0.6562,0.4062,0.6562,0.4062,0.6875,0.1875,0.8125,0.1875,0.9375,0.1562,0.9375,0.1562,0.8125,0.0938,0.8125,0.0625,0.8125,0.0625,0.9375,0.0938,0.9375],"weights":["Bone001",1.0],"colors":[]}],"version":"0.1.0"}