{"mesh":[{"indices":[0,1,16,0,17,1,2,3,18,2,19,3,4,5,20,4,21,5,6,7,22,6,23,7,8,9,24,8,25,9,10,11,26,10,27,11,12,13,28,12,29,13,14,15,30,14,31,15],"material":"2022s1/yx_astral_armor","vertices":[13,0,11,0,5,0,1,0,7,1,3,0,15,1,13,0,4,2,0,0,6,2,2,0,3,3,5,0,1,3,15,0,0,0,9,0,8,0,7,0,2,1,9,0,10,1,7,0,1,4,19,0,9,4,17,0,3,2,5,0,11,2,20,0,4,0,0,0,12,0,10,0,14,1,12,0,6,1,2,0,7,2,3,0,5,2,1,0,0,3,14,0,2,3,4,0,3,0,6,0,9,0,8,0,1,1,6,0,11,1,8,0,0,4,16,0,10,4,18,0,2,2,4,0,8,2,21,0],"fields":["pos","normal","uvcoord","weight"],"poses":[-0.182516,-0.0008,-2.06491,-0.182517,-0.0008,2.17068,4.07481,-0.0008,2.17068,4.07481,-0.0008,-2.06491,4.24558,1.0008,-2.2012,4.24558,2.0008,-2.2012,4.24558,2.0008,2.30527,4.24558,1.0008,2.30527,4.07481,3.9992,-2.06491,-0.183316,3.9992,-2.06491,-0.183316,3.9992,2.17068,4.07481,3.9992,2.17068,3.24558,2.0008,-2.2012,3.24558,1.0008,-2.2012,3.24558,1.0008,2.30527,3.24558,2.0008,2.30527],"normals":[0.0,-0.0,-1.0,-0.0,0.0,1.0,1.0,0.0,0.0,0.0,-1.0,0.0,-1.0,-0.0002,-0.0],"uvcoords":[0.2812,0.3281,0.2812,0.3125,0.3438,0.3125,0.3438,0.3281,0.9062,0.7344,0.8438,0.7344,0.7656,0.9688,0.7656,0.8438,0.6406,0.8438,0.6406,0.9688,0.2656,0.3125,0.2656,0.3281,0.3594,0.3281,0.3594,0.3125,0.8438,0.7969,0.9062,0.7969,0.7656,0.7812,0.7656,0.7188,0.7031,0.7188,0.7031,0.7812,0.9062,0.6719,0.8438,0.6719],"weights":["Bone008",1.0],"colors":[]},{"indices":[0,1,16,0,17,1,2,3,18,2,19,3,4,5,20,4,21,5,6,7,22,6,23,7,8,9,24,8,25,9,10,11,26,10,27,11,12,13,28,12,29,13,14,15,30,14,31,15],"material":"2022s1/yx_astral_armor","vertices":[13,0,11,0,5,0,1,0,7,1,3,0,15,1,13,0,4,2,0,0,6,2,2,0,3,3,5,0,1,3,15,0,0,0,9,0,8,0,7,0,2,1,9,0,10,1,7,0,1,4,19,0,9,4,17,0,3,2,5,0,11,2,20,0,4,0,0,0,12,0,10,0,14,1,12,0,6,1,2,0,7,2,3,0,5,2,1,0,0,3,14,0,2,3,4,0,3,0,6,0,9,0,8,0,1,1,6,0,11,1,8,0,0,4,16,0,10,4,18,0,2,2,4,0,8,2,21,0],"fields":["pos","normal","uvcoord","weight"],"poses":[-0.182516,-0.0008,-2.06491,-0.182517,-0.0008,2.17068,4.07481,-0.0008,2.17068,4.07481,-0.0008,-2.06491,4.24558,1.0008,-2.2012,4.24558,2.0008,-2.2012,4.24558,2.0008,2.30527,4.24558,1.0008,2.30527,4.07481,3.9992,-2.06491,-0.183316,3.9992,-2.06491,-0.183316,3.9992,2.17068,4.07481,3.9992,2.17068,3.24558,2.0008,-2.2012,3.24558,1.0008,-2.2012,3.24558,1.0008,2.30527,3.24558,2.0008,2.30527],"normals":[0.0,-0.0,-1.0,-0.0,0.0,1.0,1.0,0.0,0.0,0.0,-1.0,0.0,-1.0,-0.0002,-0.0],"uvcoords":[0.2812,0.3281,0.2812,0.3125,0.3438,0.3125,0.3438,0.3281,0.9062,0.7344,0.8438,0.7344,0.7656,0.9688,0.7656,0.8438,0.6406,0.8438,0.6406,0.9688,0.2656,0.3125,0.2656,0.3281,0.3594,0.3281,0.3594,0.3125,0.8438,0.7969,0.9062,0.7969,0.7656,0.7812,0.7656,0.7188,0.7031,0.7188,0.7031,0.7812,0.9062,0.6719,0.8438,0.6719],"weights":["Bone008",1.0],"colors":[]}],"version":"0.1.0"}