{"animation":{"fields":["time","attr"],"times":[0.0,0.0333333,0.0666667,0.1,0.133333,0.166667,0.2,0.233333,0.266667,0.3,0.333333,0.366667,0.4,0.433333,0.466667,0.5,0.533333,0.566667,0.6,0.633333,0.666667,0.7,0.733333,0.766667,0.8,0.833333,0.866667,0.9,0.933333,0.966667,1.0,1.03333,1.06667,1.1,1.13333,1.16667,1.2,1.23333,1.26667,1.3,1.33333,1.36667,1.4,1.43333,1.46667,1.5,1.53333,1.56667,1.6,1.63333,1.66667,1.7,1.73333,1.76667,1.8,1.83333,1.86667,1.9,1.93333,1.96667,2.0,2.03333,2.06667,2.1,2.13333,2.16667,2.2,2.23333,2.26667,2.3,2.33333,2.36667,2.4,2.43333,2.46667,2.5],"poses":[-0.298474,11.7213,-15.4712,0.329555,11.7447,-15.4712,0.0,13.3523,-15.4712,25.8367,-1.64602,2e-06,8.76215,2.41848,-0.0,3.46689,-4.15387,5.63565,3.46689,-4.15387,-5.93666,3.97973,-6.70908,-5.4994,3.95981,-6.70908,5.44931,0.034274,13.0765,-15.4712,22.837,-6.70908,-5.49939,22.837,-6.70908,-5.4994,2.33878,-0.507568,0.00773573],"quats":[-0.5043444,0.49561787,-0.49561754,0.50434405,0.49776092,-0.50222939,0.50222898,-0.49776062,-0.99960011,-0.02827723,-1.2360369e-09,-4.3693909e-08,-0.70710701,0.70710653,-3.090863e-08,-3.0908613e-08,-0.0049020005,0.030122288,-0.76422334,0.64422929,-0.0,-0.0,-0.74702686,0.66479385,0.024854226,0.022118263,-0.74661338,0.66442573,-0.73206586,0.67979795,0.041552659,-0.015091458,-0.73098493,0.6799652,0.05751859,-0.00025218085,-0.7476424,0.66232252,0.047942486,0.007829247,-0.74740368,0.66303754,0.036752198,0.020452214,-0.50000024,0.5,-0.49999973,0.5,-0.9996801,-0.025292305,-1.1055616e-09,-4.3697401e-08,-0.98530155,-0.16810371,0.012976887,-0.027452342,-1.0,-0.0,0.0,-4.3711388e-08,-6.1817211e-08,6.1817254e-08,-0.70710695,0.70710659,-0.0,-0.0,-0.69633806,0.71771395,-0.0,-0.0,-0.68627053,0.72734636,0.68324685,-0.73018754,6.217291e-07,6.6444352e-07,0.67820948,-0.73486865,3.2122127e-08,-2.9645477e-08,0.49976772,-0.50023252,0.50023216,-0.49976742,-0.99969918,-0.024515131,0.00063040305,-0.00036453307,-0.99973863,-0.022702288,0.0023379656,-0.001347593,-0.99977154,-0.020633219,0.004847039,-0.0027839483,-0.9997766,-0.019087102,0.0078779012,-0.0045157773,-0.99973994,-0.018840779,0.01114408,-0.0063961898,-0.99964905,-0.020667233,0.014352075,-0.0082903923,-0.99948025,-0.025335008,0.017203175,-0.010074036,-0.99915063,-0.033813491,0.020289883,-0.011958704,-0.99855644,-0.045859206,0.024092996,-0.014199621,-0.99763632,-0.060413733,0.028149877,-0.016720615,-0.99637324,-0.076414138,0.032009795,-0.01940852,-0.99481577,-0.09279608,0.035238843,-0.022107288,-0.99308693,-0.10849803,0.037423197,-0.024617711,-0.99137902,-0.12246485,0.038168907,-0.026704671,-0.98993486,-0.13364922,0.037097044,-0.02811829,-0.9887796,-0.14248098,0.034099121,-0.029177271,-0.98775589,-0.15018268,0.02965912,-0.030064484,-0.9868477,-0.15690768,0.024301592,-0.030348267,-0.98603636,-0.1628217,0.01856068,-0.029612076,-0.98465359,-0.17285761,0.0065932656,-0.023110928,-0.9840616,-0.17705393,-0.0013350126,-0.016519839,-0.98345762,-0.18067165,-0.0099611077,-0.0083422661,-0.98281544,-0.18366449,-0.018455977,0.00073826767,-0.98216361,-0.18595138,-0.026006479,0.01002241,-0.9815858,-0.18741316,-0.031811569,0.018806411,-0.98120743,-0.18789634,-0.035077486,0.026390618,-0.98116875,-0.18722305,-0.035009746,0.032090526,-0.9816134,-0.18467386,-0.031602126,0.036496945,-0.98245943,-0.18019852,-0.025745563,0.040486261,-0.98349506,-0.17462708,-0.017966952,0.043818351,-0.98452365,-0.16881731,-0.0087711485,0.046227533,-0.98537576,-0.16366173,0.0013546472,0.047408901,-0.98591071,-0.1600877,0.011930301,0.04700714,-0.98608875,-0.15815519,0.024914112,0.044667479,-0.98589838,-0.15714785,0.040721454,0.0406298,-0.98536319,-0.15686935,0.056551248,0.035402857,-0.98467994,-0.15712449,0.069609895,0.029526202,-0.98419124,-0.15768483,0.07711985,0.023574224,-0.98414952,-0.15850714,0.077785179,0.016573803,-0.98443681,-0.1596608,0.07301712,0.0078165084,-0.98486626,-0.1610155,0.064105891,-0.0017121641,-0.98526132,-0.16247763,0.052343696,-0.011017638,-0.98549521,-0.16404727,0.039028808,-0.019091366,-0.98550826,-0.16584425,0.025467832,-0.024910472,-0.98479688,-0.1717577,-0.00033067446,-0.025966514,-0.98386902,-0.17691359,-0.016011335,-0.021145552,-0.98255074,-0.18262583,-0.032251831,-0.014203409,-0.98102772,-0.18790202,-0.047283661,-0.0064629694,-0.97965652,-0.19168702,-0.059403658,0.00065207545,-0.97892022,-0.19287054,-0.066963166,0.005664336,-0.97908425,-0.19121148,-0.069004893,0.0083936444,-0.97996712,-0.18745846,-0.066529348,0.0098840147,-0.98136652,-0.18195835,-0.060827479,0.010529939,-0.98306018,-0.17506829,-0.053186554,0.010723108,-0.98484671,-0.16716392,-0.044898719,0.010830804,-0.98656952,-0.15864137,-0.037267096,0.01116844,-0.98812044,-0.14991733,-0.031604674,0.011998,-0.98965925,-0.1401581,-0.027399583,0.013398473,-0.99129122,-0.12871219,-0.023333691,0.015181934,-0.9928757,-0.11628985,-0.019510018,0.017140765,-0.99430645,-0.10361108,-0.016015867,0.019050455,-0.99551541,-0.091404803,-0.012920746,0.020671921,-0.99647188,-0.080405526,-0.010278028,0.021752208,-0.9971748,-0.07135126,-0.0081299683,0.022030408,-0.99773329,-0.06357564,-0.006387434,0.021110244,-0.9982354,-0.056044217,-0.0049022431,0.01900124,-0.99866617,-0.048940618,-0.003635101,0.016047129,-0.99901611,-0.042445604,-0.00256064,0.012595117,-0.99928313,-0.036737505,-0.0016670809,0.0089909891,-0.99947208,-0.031992938,-0.00095428951,0.0055808295,-0.99959326,-0.028387265,-0.00043061908,0.0027133597,-0.99965918,-0.026095357,-0.00010872408,0.00073701603,-0.99827045,-0.058789093,-2.5697531e-09,-4.3635794e-08,-0.99993974,0.010978286,4.7987608e-10,-4.3708759e-08,0.060562503,0.048730697,-0.77674747,0.62499666,0.099424854,0.10607845,-0.67658859,0.72186559,0.012054945,0.011942131,-0.71032459,0.70366973,-0.10195667,-0.10847369,-0.67724735,0.72053754,-0.027183738,-0.024780737,-0.73851413,0.67323387,0.062340923,0.081881568,-0.60255057,0.7914176,0.026717797,0.026736639,-0.70635402,0.70684886,-0.048957136,-0.052670304,-0.67905349,0.73055828,0.0077358624,0.010067847,-0.60923976,0.79288447,0.031701818,0.037189778,-0.64794934,0.76011419,0.63372308,-0.77053696,-0.043398514,-0.052767769,0.68006551,-0.73050743,-0.042387519,-0.0455315,-0.78972739,0.6024906,-0.091812447,-0.070044577,0.67991519,-0.73046762,0.043798339,0.04705479,0.6589241,-0.74595982,-0.064060152,-0.072521694,-0.73231167,0.68020594,0.023623494,0.021942623,-0.77430266,0.62939793,-0.050964925,-0.041427229,0.67353463,-0.73905605,-0.0081745349,-0.0089697549,0.69083381,-0.71906912,-0.052252047,-0.054387648,-0.00076619681,0.0030809336,-0.70911598,0.70508474,0.0024148009,0.0024793572,-0.69771492,0.71636719,0.68814582,-0.72554773,-0.0059779831,-0.00033788563,0.68576801,-0.72780758,-0.00322431,-0.0028315447],"scales":[],"length":2.500000238418579,"tracks":{"Bone000":{"pos":[0,2,15,0,23,1,31,0,39,1,47,0,55,1,66,9,75,2],"quat":[0,11,15,0,23,1,31,0,39,1,47,0,55,1,66,20,75,11]},"Bone001":{"pos":[0,3,75,3],"quat":[0,12,1,21,2,22,3,23,4,24,5,25,6,26,7,27,8,28,9,29,10,30,11,31,12,32,13,33,14,34,15,35,16,36,17,37,18,38,19,39,20,13,21,40,22,41,23,42,24,43,25,44,26,45,27,46,28,47,29,48,30,49,31,50,32,51,33,52,34,53,35,54,36,55,37,56,38,57,39,58,40,59,41,60,42,61,43,62,44,63,45,64,46,13,47,65,48,66,49,67,50,68,51,69,52,70,53,71,54,72,55,73,56,74,57,75,58,76,59,77,60,78,61,79,62,80,63,81,64,82,65,83,66,84,67,85,68,86,69,87,70,88,71,89,72,90,73,91,74,92,75,12]},"Bone002":{"pos":[0,4,75,4],"quat":[0,14,15,2,23,93,31,2,38,94,47,2,75,14]},"Bone003":{"pos":[0,5,75,5],"quat":[0,15,7,95,15,96,20,97,28,98,34,99,39,100,46,101,52,102,59,103,70,104,75,15]},"Bone004":{"pos":[0,6,75,6],"quat":[0,3,7,105,15,106,20,3,28,107,34,108,39,109,46,110,52,111,59,112,70,113,75,3]},"Bone005":{"quat":[0,16,15,4,23,4,55,4,66,114,75,16]},"Bone006":{"pos":[0,7,75,7],"quat":[0,17,15,5,23,6,31,5,39,6,47,5,55,6,66,115,75,17]},"Bone007":{"pos":[0,8,75,8],"quat":[0,18,15,7,23,8,31,7,39,8,47,7,55,8,66,116,75,18]},"Bone008":{"pos":[0,10,75,11],"quat":[0,19,15,9,23,10,31,9,39,10,47,9,55,10,66,117,75,19]},"Bone009":{"pos":[0,12]}}},"version":"0.1.0"}