{"animation":{"fields":["time","attr"],"times":[0.0,0.0333333,0.0666667,0.1,0.133333,0.166667,0.2,0.233333,0.266667,0.3,0.333333,0.366667,0.4,0.433333,0.466667,0.5,0.533333,0.566667,0.6,0.633333,0.666667,0.7,0.733333,0.766667,0.8,0.833333,0.866667],"poses":[0.0,13.3523,-13.4723,0.0,13.3523,-15.4713,25.8367,-1.6461,2e-06,8.76211,2.41848,-0.0,3.46689,-4.1539,5.63565,3.46689,-4.15389,-5.93666,22.837,-6.70912,5.44931,22.6279,-5.9833,5.44931,3.97974,-6.70912,-5.49939,3.95982,-6.70911,5.44931,22.837,-6.70912,-5.4994,22.6279,-5.98331,-5.4994,0.0,13.3523,-15.1508,0.0,13.3523,-14.7836,0.0,13.3523,-14.4048,0.0,13.3523,-14.0493,0.0,13.3523,-13.7521,0.0,13.3523,-13.5481,0.0,13.3523,-13.6839,0.0,13.3523,-14.3184,0.0,13.3523,-14.921,0.0,13.3523,-15.1645,0.0,13.3523,-15.2703,0.0,13.3523,-15.3382,0.0,13.3523,-15.3785,0.0,13.3523,-15.4017,0.0,13.3523,-15.418,0.0,13.3523,-15.4378,25.8066,-1.64411,2e-06,25.7755,-1.64213,2e-06,25.7442,-1.64016,2e-06,25.7133,-1.63817,2e-06,25.6837,-1.63617,2e-06,25.6559,-1.63415,2e-06,25.6307,-1.63209,2e-06,25.606,-1.62994,2e-06,25.5799,-1.62772,2e-06,25.5533,-1.62553,2e-06,25.5273,-1.62347,2e-06,25.5027,-1.62162,2e-06,25.4804,-1.62007,2e-06,25.4615,-1.61891,2e-06,25.4468,-1.61823,2e-06,25.4373,-1.61812,2e-06,25.4339,-1.61871,2e-06,25.4433,-1.61991,2e-06,25.4692,-1.62157,2e-06,25.5085,-1.62369,2e-06,25.5577,-1.62627,2e-06,25.6135,-1.62932,2e-06,25.6726,-1.63282,2e-06,25.7317,-1.63679,2e-06,25.7875,-1.64122,2e-06,22.7973,-6.57134,5.44931,22.7518,-6.41341,5.44931,22.7063,-6.25548,5.44931,22.6666,-6.11771,5.44931,22.6386,-6.02026,5.44931,22.6435,-6.09103,5.44931,22.6726,-6.19877,5.44931,22.7092,-5.23408,5.44931,22.7756,-4.69733,5.44931,22.8211,-4.45175,5.44931,22.8274,-4.56671,5.44931,22.8311,-4.86978,5.44931,22.833,-5.29826,5.44931,22.8341,-5.78945,5.44931,22.8351,-6.28063,5.44931,3.95623,-6.38705,-5.49939,3.93242,-6.02299,-5.49939,3.90861,-5.65894,-5.49939,3.8851,-5.33686,-5.49939,3.86219,-5.09876,-5.49939,3.84018,-4.98659,-5.49939,3.81697,-4.95516,-5.49939,3.7912,-4.93068,-5.49939,3.76428,-4.91229,-5.49939,3.73763,-4.89911,-5.49939,3.71266,-4.89027,-5.49939,3.69078,-4.88491,-5.49939,3.67341,-4.88216,-5.49939,3.66194,-4.88115,-5.49939,3.65781,-4.881,-5.49939,3.74132,-5.04948,-5.49939,3.87425,-5.31657,-5.49939,3.98841,-5.50383,-5.49939,4.05315,-5.66985,-5.49939,4.05036,-5.82292,-5.49939,4.04287,-5.97317,-5.49939,4.03196,-6.12139,-5.49939,4.01891,-6.26832,-5.49939,4.00499,-6.41474,-5.49939,3.99151,-6.56142,-5.49939,3.93631,-6.3871,5.44931,3.9125,-6.02318,5.44931,3.88868,-5.65927,5.44931,3.86517,-5.33726,5.44931,3.84226,-5.09906,5.44931,3.82025,-4.98659,5.44931,3.79705,-4.95475,5.44931,3.77128,-4.92996,5.44931,3.74437,-4.91133,5.44931,3.71773,-4.89798,5.44931,3.69277,-4.88903,5.44931,3.6709,-4.8836,5.44931,3.65352,-4.88082,5.44931,3.64207,-4.87979,5.44931,3.63793,-4.87964,5.44931,3.72144,-5.04844,5.44931,3.85436,-5.31605,5.44931,3.9685,-5.50382,5.44931,4.03323,-5.67017,5.44931,4.03045,-5.82326,5.44931,4.02295,-5.9735,5.44931,4.01204,-6.12166,5.44931,3.99899,-6.26853,5.44931,3.98507,-6.41487,5.44931,3.97159,-6.56147,5.44931,22.7973,-6.57135,-5.4994,22.7518,-6.41342,-5.4994,22.7063,-6.25549,-5.4994,22.6666,-6.11772,-5.4994,22.6386,-6.02027,-5.4994,22.6435,-6.09104,-5.4994,22.6726,-6.19877,-5.4994,22.7092,-5.23409,-5.4994,22.7756,-4.69734,-5.4994,22.8211,-4.45176,-5.4994,22.8274,-4.56672,-5.4994,22.8311,-4.86979,-5.4994,22.8331,-5.29827,-5.4994,22.8341,-5.78946,-5.4994,22.8351,-6.28064,-5.4994,2.33878,-0.507568,0.00773573],"quats":[-0.99304163,0.11776412,5.1476321e-09,-4.3407237e-08,-0.50000024,0.5,-0.49999973,0.5,-0.99968016,-0.0252918,-1.1055397e-09,-4.3697405e-08,-1.0,-0.0,0.0,-4.3711388e-08,-6.1817211e-08,6.1817254e-08,-0.70710695,0.70710659,-0.70710701,0.70710653,-3.090863e-08,-3.0908613e-08,6.1810177e-08,9.3437957e-10,-0.69633794,0.71771407,6.1727924e-08,-3.3217951e-09,-0.74408203,0.66808826,-0.0,-0.0,-0.68627053,0.72734636,0.68324685,-0.73018754,6.217291e-07,6.6444352e-07,0.67820948,-0.73486865,3.2122127e-08,-2.9645477e-08,0.66940486,-0.74289781,3.2473096e-08,-2.9260617e-08,-0.49727088,0.50271475,-0.49727035,0.50271451,-0.49412638,0.50580597,-0.49412587,0.50580561,-0.49086183,0.50897473,-0.4908613,0.50897431,-0.48777971,0.51192915,-0.48777911,0.51192892,-0.48518914,0.51438504,-0.48518854,0.51438481,-0.48340422,0.51606286,-0.48340362,0.51606262,-0.48273972,0.51668441,-0.48273918,0.51668423,-0.48578659,0.51382089,-0.48578608,0.51382059,-0.49349287,0.50642371,-0.49349231,0.50642377,-0.50834292,0.49151587,-0.50834233,0.49151579,-0.51940072,0.47981581,-0.51940018,0.47981572,-0.52007157,0.47908857,-0.52007115,0.47908846,-0.51852238,0.48076487,-0.51852185,0.48076478,-0.51551807,0.48398495,-0.51551759,0.48398483,-0.51165009,0.48807222,-0.51164961,0.48807219,-0.50743401,0.49245411,-0.50743353,0.49245399,-0.50337166,0.49660578,-0.50337118,0.49660566,-0.99890536,-0.046776831,-2.0446798e-09,-4.3663547e-08,-0.99758339,-0.069479197,-3.0370322e-09,-4.3605755e-08,-0.99571693,-0.092454799,-4.0413268e-09,-4.3524167e-08,-0.99339271,-0.11476457,-5.0165192e-09,-4.3422581e-08,-0.99078029,-0.13547876,-5.9219651e-09,-4.3308379e-08,-0.98812073,-0.15367988,-6.7175603e-09,-4.3192127e-08,-0.98570806,-0.16846281,-7.3637412e-09,-4.3086658e-08,-0.98344928,-0.18118364,-7.9197884e-09,-4.2987935e-08,-0.98112601,-0.1933694,-8.452445e-09,-4.2886381e-08,-0.97889072,-0.2043844,-8.9339256e-09,-4.278867e-08,-0.97692144,-0.21359886,-9.3367021e-09,-4.2702592e-08,-0.97541237,-0.22038759,-9.6334469e-09,-4.2636621e-08,-0.97456002,-0.2241268,-9.7968931e-09,-4.2599368e-08,-0.9745456,-0.22418939,-9.7996278e-09,-4.2598742e-08,-0.9755134,-0.21994008,-9.613883e-09,-4.2641037e-08,-0.97754455,-0.21072896,-9.2112549e-09,-4.2729827e-08,-0.98062658,-0.19588658,-8.5624752e-09,-4.2864549e-08,-0.99267244,-0.12083639,-5.2819265e-09,-4.3391097e-08,-0.99985987,0.016741622,7.3179951e-10,-4.3705263e-08,-0.98914945,0.14691271,6.4217582e-09,-4.3237094e-08,-0.97880292,0.20480451,8.9522896e-09,-4.2784837e-08,-0.98208129,0.18845801,8.2377625e-09,-4.2928129e-08,-0.98921716,0.14645632,6.401808e-09,-4.324005e-08,-0.9959923,0.089438833,3.9094958e-09,-4.3536208e-08,-0.999596,0.028423226,1.2424187e-09,-4.3693717e-08,-0.99982089,0.018926248,8.2729268e-10,-4.3703565e-08,-0.99917561,0.040596671,1.7745367e-09,-4.367535e-08,-0.99801767,0.062934935,2.7509732e-09,-4.3624745e-08,-0.99647671,0.083870083,3.6660779e-09,-4.3557382e-08,-0.99485135,0.10134531,4.4299435e-09,-4.3486331e-08,-0.99355853,0.11332027,4.9533861e-09,-4.3429818e-08,-0.99339139,0.1147766,5.0170441e-09,-4.3422514e-08,-0.99502486,0.099626981,4.3548329e-09,-4.349392e-08,-0.99801588,0.062962331,2.7521707e-09,-4.3624663e-08,-0.99998915,-0.0046564834,-2.0354135e-10,-4.3710916e-08,-0.99451953,-0.10455113,-4.5700745e-09,-4.3471836e-08,-0.99498433,-0.10003135,-4.372509e-09,-4.3492147e-08,-0.99751747,-0.070420042,-3.0781577e-09,-4.3602878e-08,-0.99945801,-0.032920472,-1.4389991e-09,-4.3687688e-08,-6.2614369e-08,6.1009693e-08,-0.6978696,0.71622485,-6.3487228e-08,6.0100874e-08,-0.68747377,0.72620922,-6.4406279e-08,5.9114917e-08,-0.6761958,0.73672193,-6.534335e-08,5.8077429e-08,-0.66432834,0.74744087,-6.6271888e-08,5.7015594e-08,-0.65218234,0.75806212,-6.7167129e-08,5.5958189e-08,-0.64008707,0.76830238,-6.8006123e-08,5.4935505e-08,-0.62838894,0.77789932,-6.8767655e-08,5.3979182e-08,-0.61744994,0.78661025,-6.9431998e-08,5.3121905e-08,-0.60764378,0.79420966,-6.9980622e-08,5.2397088e-08,-0.59935284,0.80048496,-7.039548e-08,5.1838384e-08,-0.59296203,0.80523044,-7.0658501e-08,5.1479297e-08,-0.58885455,0.80823904,-7.0750687e-08,5.1352544e-08,-0.58740455,0.80929345,-7.0497443e-08,5.1699622e-08,-0.59137481,0.80639684,-6.9759992e-08,5.269046e-08,-0.60270864,0.79796135,-6.856127e-08,5.4241063e-08,-0.62044549,0.7842496,-6.6915405e-08,5.6258965e-08,-0.64352757,0.76542294,-6.4080908e-08,5.946746e-08,-0.68022847,0.73300016,-6.0106089e-08,6.3482275e-08,-0.7261526,0.68753356,-5.6435752e-08,6.6766368e-08,-0.76371831,0.64554971,-5.4810187e-08,6.8107155e-08,-0.77905512,0.62695545,