{"animation":{"name":"Take 001","ID":"UANI","length":3.333333,"trackSize":2,"tracks":[{"bone":"rightarm","chanelMask":7,"keyFramesSize":3,"keyframes":[{"time":0.0,"pos":[0.013151,-29.62387,0.27422],"quaternion":[-0.0,0.0,-0.707106,0.707106],"scale":[0.000999,0.000999,0.001]},{"time":1.666666,"pos":[0.013151,-29.623874,0.27422],"quaternion":[-2.5288113647548016e-07,3.146983544866089e-07,-0.707106,0.707106],"scale":[0.001999,0.001999,0.002]},{"time":3.333333,"pos":[0.013151,-29.623874,0.27422],"quaternion":[-2.5288113647548016e-07,3.146983544866089e-07,-0.707106,0.707106],"scale":[0.000999,0.000999,0.001]}]},{"bone":"rightarm002","chanelMask":3,"keyFramesSize":1,"keyframes":[{"time":0.0,"pos":[3.189743,-2.159801,-1.513574],"quaternion":[-0.288341,0.000368,0.957524,-0.002266],"scale":[1.0,1.0,1.0]}]}]}}