{"animation":{"name":"Take 001","ID":"UANI","length":3.333333,"trackSize":1,"tracks":[{"bone":"Bone002","chanelMask":7,"keyFramesSize":3,"keyframes":[{"time":0.0,"pos":[6.155166,-0.00234,17.147319],"quaternion":[-0.501176,0.501131,0.498869,0.498817],"scale":[-0.006216,-0.001,-0.004189]},{"time":1.666666,"pos":[6.155165,-0.00234,17.147315],"quaternion":[-0.501131,-0.501176,-0.498817,0.498869],"scale":[0.002,0.002,0.002]},{"time":3.333333,"pos":[6.155165,-0.00234,17.147315],"quaternion":[-0.501176,0.501131,0.498869,0.498817],"scale":[-0.006216,-0.001,-0.004189]}]}]}}