{
  "animation": {
    "ID": "UANI",
    "length": 3.333333,
    "name": "Take 001",
    "trackSize": 1,
    "tracks": [
      {
        "bone": "head",
        "chanelMask": 6,
        "keyFramesSize": 3,
        "keyframes": [
          {
            "pos": [
              0,
              0,
              0
            ],
            "quaternion": [
              -0.499999,
              0.5,
              0.499999,
              0.5
            ],
            "scale": [
              0.000099,
              0.000099,
              0.000099
            ],
            "time": 0
          },
          {
            "pos": [
              0,
              0,
              0
            ],
            "quaternion": [
              -0.499999,
              0.5,
              0.499999,
              0.5
            ],
            "scale": [
              0.000199,
              0.000199,
              0.000199
            ],
            "time": 1.666666
          },
          {
            "pos": [
              0,
              0,
              0
            ],
            "quaternion": [
              -0.499999,
              0.5,
              0.499999,
              0.5
            ],
            "scale": [
              0.000099,
              0.000099,
              0.000099
            ],
            "time": 3.333333
          }
        ]
      }
    ]
  },
  "is_global": true
}
