{"animation":{"name":"Take 001","ID":"UANI","length":3.333333,"trackSize":1,"tracks":[{"bone":"body","chanelMask":6,"keyFramesSize":3,"keyframes":[{"time":0.0,"pos":[0.0,0.0,0.0],"quaternion":[1e-06,1e-06,0.707106,0.707106],"scale":[0.000999,0.000999,0.001]},{"time":1.666666,"pos":[0.0,0.0,0.0],"quaternion":[9.497071005171165e-07,9.497069299868599e-07,0.707106,0.707106],"scale":[0.001999,0.001999,0.002]},{"time":3.333333,"pos":[0.0,0.0,0.0],"quaternion":[9.497071005171165e-07,9.497069299868599e-07,0.707106,0.707106],"scale":[0.000999,0.000999,0.001]}]}]}}