{"animation":{"name":"Take 001","ID":"UANI","length":3.333333,"trackSize":2,"tracks":[{"bone":"Bone005","chanelMask":7,"keyFramesSize":3,"keyframes":[{"time":0.0,"pos":[1.979014,-5.373634053285059e-07,-12.192139],"quaternion":[0.5,0.499999,0.5,-0.499999],"scale":[9.9e-05,9.9e-05,9.9e-05]},{"time":1.666666,"pos":[1.979015,-5.373634053285059e-07,-12.19214],"quaternion":[0.5,0.499999,0.5,-0.499999],"scale":[0.000199,0.000199,0.000199]},{"time":3.333333,"pos":[1.979015,-5.373634053285059e-07,-12.19214],"quaternion":[0.5,0.499999,0.5,-0.499999],"scale":[9.9e-05,9.9e-05,9.9e-05]}]},{"bone":"Bone008","chanelMask":3,"keyFramesSize":1,"keyframes":[{"time":0.0,"pos":[12.28979,0.382245,3e-06],"quaternion":[0.0,-0.0,1.0,-1.1920931797249068e-07],"scale":[1.0,1.0,1.0]}]}]}}