{"animation":{"name":"Take 001","ID":"UANI","length":3.333333,"trackSize":1,"tracks":[{"bone":"Bone001","chanelMask":7,"keyFramesSize":3,"keyframes":[{"time":0.0,"pos":[-0.070846,1e-06,24.229799],"quaternion":[-0.499998,0.5,0.499998,0.500001],"scale":[0.000999,0.000999,0.000999]},{"time":1.666666,"pos":[-0.070846,1e-06,24.229804],"quaternion":[-0.499999,0.5,0.499999,0.5],"scale":[0.001999,0.001999,0.001999]},{"time":3.333333,"pos":[-0.070846,1e-06,24.229804],"quaternion":[-0.499999,0.5,0.499999,0.5],"scale":[0.000999,0.000999,0.000999]}]}]}}