{"animation":{"ID":"UANI","length":3.333333,"name":"Take 001","trackSize":1,"tracks":[{"bone":"box","chanelMask":5,"keyFramesSize":3,"keyframes":[{"pos":[-0.064454,-8e-06,117.206802],"quaternion":[0.0,0.0,0.0,1.0],"scale":[0.000999,0.000999,0.000999],"time":0.0},{"pos":[-0.064454,-8e-06,117.20684],"quaternion":[0.0,0.0,0.0,1.0],"scale":[0.002,0.002,0.002],"time":1.666666},{"pos":[-0.064454,-8e-06,117.20684],"quaternion":[0.0,0.0,0.0,1.0],"scale":[0.000999,0.000999,0.000999],"time":3.333333}]}]},"is_global":true}