{
  "frameeffect": {
    "layer": 1,
    "scale": [
      0.15,
      0.15,
      1
    ],
    "shuffle": false,
    "depth_test": true,
    "frame_color": [
      [
        1,
        1,
        1,
        1
      ],
      [
        1,
        0.8666666666666667,
        0.1803921568627451,
        1
      ],
      [
        1,
        0.6666666666666666,
        0,
        1
      ],
      [
        1,
        0.8352941176470589,
        0,
        1
      ],
      [
        1,
        1,
        1,
        1
      ],
      [
        1,
        0.7490196078431373,
        0,
        1
      ],
      [
        1,
        1,
        1,
        1
      ],
      [
        1,
        0.8588235294117647,
        0.13333333333333333,
        1
      ],
      [
        1,
        1,
        1,
        1
      ]
    ],
    "texture": "textures/sfxs/2022s1/ss_astral_skin_pq_01",
    "delay": 0,
    "fade_distance": 0,
    "lerp_scale": true,
    "tex_repeat_num": [
      1,
      1
    ],
    "fps": 15,
    "first_person_enable": false,
    "face_camera": true,
    "rot_speed": [
      0,
      0,
      0
    ],
    "cylinder_enable": false,
    "loop": true,
    "blend_mode": 2
  }
}
