{"frameeffect": {"layer": 1, "scale": [0.35, 0.25, 1.0], "shuffle": false, "depth_test": true, "frame_color": [[0.3333333333333333, 0.3333333333333333, 1.0, 1.0], [0.3333333333333333, 0.3333333333333333, 1.0, 1.0], [0.3333333333333333, 0.3333333333333333, 1.0, 1.0], [0.3333333333333333, 0.3333333333333333, 1.0, 1.0], [0.3333333333333333, 0.3333333333333333, 1.0, 1.0]], "texture": "textures/sfxs/2022s1/ss_astral_horse_1", "delay": 0.0, "fade_distance": 0.0, "lerp_scale": true, "tex_repeat_num": [1, 1], "fps": 15, "first_person_enable": false, "face_camera": false, "rot_speed": [0, 0, 0], "cylinder_enable": false, "loop": true, "blend_mode": 2}}