{
  "frameeffect": {
    "layer": 1,
    "scale": [
      1,
      0.85,
      1
    ],
    "shuffle": false,
    "depth_test": true,
    "frame_color": [
      [
        1,
        1,
        1,
        0.20666666666666667
      ],
      [
        1,
        1,
        1,
        0.20666666666666667
      ],
      [
        1,
        1,
        1,
        0.21333333333333337
      ],
      [
        1,
        1,
        1,
        0.21333333333333337
      ],
      [
        1,
        1,
        1,
        0.21999999999999997
      ],
      [
        1,
        1,
        1,
        0.21333333333333337
      ],
      [
        1,
        1,
        1,
        0.22666666666666668
      ],
      [
        1,
        1,
        1,
        0.22666666666666668
      ],
      [
        1,
        1,
        1,
        0.22666666666666668
      ],
      [
        1,
        1,
        1,
        0.24
      ],
      [
        1,
        1,
        1,
        0.23333333333333328
      ],
      [
        1,
        1,
        1,
        0.21999999999999997
      ],
      [
        1,
        1,
        1,
        0.22666666666666668
      ],
      [
        1,
        1,
        1,
        0.22666666666666668
      ],
      [
        1,
        1,
        1,
        0.21999999999999997
      ],
      [
        1,
        1,
        1,
        0.20666666666666667
      ]
    ],
    "texture": "textures/sfxs/2022s1/ss_astral_shield_dunbian1",
    "delay": 0,
    "fade_distance": 0,
    "lerp_scale": true,
    "tex_repeat_num": [
      1,
      1
    ],
    "fps": 12,
    "first_person_enable": false,
    "face_camera": false,
    "rot_speed": [
      0,
      0,
      0
    ],
    "cylinder_enable": false,
    "loop": true,
    "blend_mode": 2
  }
}
