{"frameeffect": {"layer": 0, "scale": [1, 1, 1], "shuffle": false, "depth_test": true, "frame_color": [[1.0, 0.0, 0.0, 1.0], [1.0, 0.2, 0.0392156862745098, 1.0], [1.0, 0.22745098039215686, 0.07450980392156863, 1.0], [1.0, 0.27058823529411763, 0.09019607843137255, 1.0], [1.0, 0.33725490196078434, 0.0784313725490196, 1.0], [1.0, 0.39215686274509803, 0.11372549019607843, 1.0], [1.0, 0.4588235294117647, 0.09803921568627451, 1.0], [1.0, 0.5098039215686274, 0.10980392156862745, 1.0], [1.0, 0.5176470588235295, 0.12549019607843137, 1.0], [1.0, 0.5058823529411764, 0.10196078431372549, 1.0], [1.0, 0.42745098039215684, 0.09411764705882353, 1.0], [1.0, 0.2784313725490196, 0.058823529411764705, 1.0], [1.0, 0.2823529411764706, 0.06274509803921569, 1.0], [1.0, 0.2, 0.043137254901960784, 1.0], [1.0, 0.17254901960784313, 0.06274509803921569, 1.0], [1.0, 0.2, 0.0392156862745098, 1.0], [1.0, 0.0, 0.0, 1.0]], "texture": "textures/sfxs/2022s1/xy_chunjie_fzA_03", "delay": 0.0, "fade_distance": 0.0, "lerp_scale": true, "tex_repeat_num": [1, 1], "fps": 15, "first_person_enable": false, "face_camera": false, "rot_speed": [0, 0, 0], "cylinder_enable": false, "loop": true, "blend_mode": 2}}