{
  "is_global": true,
  "animation": {
    "fields": [
      "time",
      "attr"
    ],
    "times": [
      0,
      0.0333333,
      0.0666667,
      0.1,
      0.133333,
      0.166667,
      0.2,
      0.233333,
      0.266667,
      0.3,
      0.333333,
      0.366667,
      0.4,
      0.433333,
      0.466667,
      0.5,
      0.533333,
      0.566667,
      0.6,
      0.633333,
      0.666667,
      0.7,
      0.733333,
      0.766667,
      0.8,
      0.833333,
      0.866667
    ],
    "poses": [
      1.43439,
      -3.50255,
      0.00000190735,
      1.43439,
      3.73098,
      0.00000190735,
      -1.03375e-9,
      12.312,
      -0.36987,
      -1.03375e-9,
      12.8423,
      -0.36987,
      1.7698,
      -3.50255,
      0.00000187799,
      1.63867,
      3.73098,
      0.00000193817,
      -1.03375e-9,
      12.3988,
      -0.36987,
      -1.03375e-9,
      12.5601,
      -0.36987,
      -1.03375e-9,
      12.3482,
      -0.36987,
      -1.03375e-9,
      12.4277,
      -0.36987,
      -1.03375e-9,
      12.5072,
      -0.36987,
      13.7166,
      12.1399,
      0.00000190735,
      1.87797,
      -3.50255,
      0.00000186852,
      2.10522,
      -3.50255,
      0.00000184862,
      13.7166,
      -12.0683,
      -0.0000038147,
      1.91792,
      3.73098,
      0.0000019812,
      1.84295,
      3.73098,
      0.00000196899,
      17.6873,
      0.00000476837,
      5.05836,
      -1.03375e-9,
      12.4024,
      -0.36987,
      -1.03375e-9,
      12.6107,
      -0.36987,
      9.3468e-8,
      13.1595,
      -0.36987,
      1.8797e-7,
      13.3708,
      -0.36987,
      -1.03375e-9,
      12.6469,
      -0.36987,
      -1.03375e-9,
      12.5802,
      -0.36987,
      4.20604e-8,
      13.0781,
      -0.36987,
      8.51545e-8,
      13.3463,
      -0.36987,
      -1.03375e-9,
      12.5434,
      -0.36987,
      -0.197726,
      7.54805,
      0.00000190735,
      -0.197725,
      7.54805,
      0.00000190735,
      -0.197721,
      -7.54605,
      -0.00000190735,
      -0.197721,
      -7.54605,
      -0.00000187755,
      1.65618,
      -3.50255,
      0.00000188793,
      -3.84452,
      -1.57888,
      6.55651e-7,
      -3.84452,
      -1.57888,
      7.15256e-7,
      1.67615,
      3.73098,
      0.00000194428,
      -3.84452,
      1.65144,
      -0.0000038147,
      -3.84452,
      1.65144,
      -0.0000038743
    ],
    "quats": [
      8.7422592e-8,
      -2.0017362e-7,
      1,
      9.0996298e-7,
      4.3711356e-8,
      -4.371142e-8,
      1,
      7.1525568e-7,
      2.3841866e-7,
      2.3841855e-7,
      -2.3841866e-7,
      1,
      -4.3711378e-8,
      -4.3711399e-8,
      1,
      -2.3841861e-7,
      -0.017808359,
      -1.8393685e-7,
      0.99984145,
      9.0625366e-7,
      0.014616609,
      -5.416133e-8,
      0.99989319,
      7.1581815e-7,
      -0.0099281846,
      0.0099279517,
      0.70703697,
      0.70703721,
      4.371141e-8,
      -4.3711367e-8,
      1,
      -4.768371e-7,
      -0.055628099,
      -1.4924413e-7,
      0.99845153,
      8.9741877e-7,
      -0.035611164,
      -1.676417e-7,
      0.99936575,
      9.0225723e-7,
      -2.3841861e-7,
      -1.0870092e-7,
      1,
      4.371136e-8,
      0.04674476,
      -7.7098072e-8,
      0.99890691,
      7.1651721e-7,
      0.029230174,
      -6.4599753e-8,
      0.99957269,
      7.1622782e-7,
      2.3213246e-7,
      -0.026027078,
      -2.3213246e-7,
      0.99966127,
      2.3815916e-7,
      -0.0010876944,
      -2.3815916e-7,
      0.9999994,
      2.3612549e-7,
      -0.0095723839,
      -2.3612549e-7,
      0.99995416,
      2.3407479e-7,
      -0.018056391,
      -2.3407479e-7,
      0.99983698,
      -4.4298151e-8,
      -4.7683704e-7,
      -4.768371e-7,
      1,
      -0.08431004,
      -6.3656849e-8,
      0.99643958,
      -2.4125509e-7,
      -0.15287118,
      -7.9644948e-8,
      0.98824614,
      -2.4229846e-7,
      -0.2057097,
      -9.1821548e-8,
      0.97861308,
      -2.4231136e-7,
      -0.24309693,
      -1.0035896e-7,
      0.970002,
      -2.4189271e-7,
      -0.26536089,
      -1.0541127e-7,
      0.96414918,
      -2.4147039e-7,
      -0.27275127,
      -1.0708303e-7,
      0.96208459,
      -2.4130117e-7,
      -0.2652162,
      -1.053785e-7,
      0.96418899,
      -2.4147351e-7,
      -0.24403048,
      -1.005713e-7,
      0.96976757,
      -2.4187753e-7,
      -0.21127185,
      -9.3095863e-8,
      0.97742736,
      -2.4227182e-7,
      -0.1690288,
      -8.3382041e-8,
      0.98561114,
      -2.4237656e-7,
      -0.11948349,
      -7.1885331e-8,
      0.99283618,
      -2.4193341e-7,
      -0.064955384,
      -5.9105645e-8,
      0.99788821,
      -2.4075428e-7,
      -0.0078844642,
      -4.5589832e-8,
      0.99996889,
      -2.3875586e-7,
      0.049210649,
      -3.1925694e-8,
      0.99878842,
      -2.3597867e-7,
      0.10381244,
      -1.8724394e-8,
      0.9945969,
      -2.3259261e-7,
      0.15346529,
      -6.6046053e-9,
      0.98815405,
      -2.2888611e-7,
      0.19583243,
      3.8250714e-9,
      0.98063743,
      -2.2524212e-7,
      0.22870778,
      1.1975363e-8,
      0.97349513,
      -2.2210224e-7,
      0.24997774,
      1.7275719e-8,
      0.96825159,
      -2.1992233e-7,
      0.25754604,
      1.9166933e-8,
      0.96626604,
      -2.1911812e-7,
      0.25054809,
      1.741815e-8,
      0.96810412,
      -2.1986224e-7,
      0.22947648,
      1.2166561e-8,
      0.97331423,
      -2.2202543e-7,
      0.19412133,
      3.4022556e-9,
      0.98097754,
      -2.2539795e-7,
      0.14420763,
      -8.8727186e-9,
      0.98954743,
      -2.2962305e-7,
      0.079507343,
      -2.4616977e-8,
      0.99683428,
      -2.3418843e-7,
      0.082436919,
      -2.3908115e-8,
      0.99659634,
      -2.3400369e-7,
      0.14949308,
      -7.57825e-9,
      0.9887628,
      -2.2920486e-7,
      0.20119168,
      5.15027e-9,
      0.97955191,
      -2.2474903e-7,
      0.23778851,
      1.4235601e-8,
      0.97131699,
      -2.2118593e-7,
      0.25958854,
      1.9677801e-8,
      0.96571934,
      -2.1889849e-7,
      0.26682705,
      2.1489926e-8,
      0.9637444,
      -2.1811124e-7,
      0.25902042,
      1.9535703e-8,
      0.96587187,
      -2.1895963e-7,
      0.23707473,
      1.405779e-8,
      0.97149146,
      -2.2125879e-7,
      0.20313859,
      5.63201e-9,
      0.97915,
      -2.2456813e-7,
      0.15937982,
      -5.1535376e-9,
      0.98721731,
      -2.284043e-7,
      0.1080688,
      -1.7689779e-8,
      0.99414343,
      -2.3229848e-7,
      0.051620379,
      -3.1345852e-8,
      0.99866676,
      -2.3584438e-7,
      -0.0074211117,
      -4.5479517e-8,
      0.99997246,
      -2.3873642e-7,
      -0.066435881,
      -5.9454365e-8,
      0.99779069,
      -2.4079588e-7,
      -0.12281083,
      -7.2660882e-8,
      0.99243009,
      -2.4198206e-7,
      -0.17401339,
      -8.4532523e-8,
      0.9847433,
      -2.4238747e-7,
      -0.21764842,
      -9.4554927e-8,
      0.97602725,
      -2.4221671e-7,
      -0.25146711,
      -1.0226118e-7,
      0.96786588,
      -2.4174923e-7,
      -0.27332714,
      -1.072132e-7,
      0.96192116,
      -2.4128738e-7,
      -0.28110144,
      -1.0896868e-7,
      0.95967805,
      -2.4109249e-7,
      -0.27349687,
      -1.0725153e-7,
      0.96187294,
      -2.4128332e-7,
      -0.25058186,
      -1.0206017e-7,
      0.96809542,
      -2.4176521e-7,
      -0.21208309,
      -9.3281585e-8,
      0.97725165,
      -2.4226543e-7,
      -0.15764013,
      -8.0749189e-8,
      0.98749667,
      -2.4232821e-7,
      -0.086955771,
      -6.4277685e-8,
      0.99621218,
      -2.4131643e-7,
      0.052509382,
      -1.8612656e-8,
      0.99862045,
      -4.7388397e-7,
      0.095369771,
      1.9636928e-9,
      0.99544191,
      -4.7049488e-7,
      0.12858871,
      1.7967373e-8,
      0.99169803,
      -4.6725762e-7,
      0.15223035,
      2.9387165e-8,
      0.98834509,
      -4.646252e-7,
      0.16637468,
