{"is_global":true,"animation":{"fields":["time","attr"],"times":[0.0,0.0333333,0.0666667,0.1,0.133333,0.166667,0.2,0.233333,0.266667,0.3,0.333333,0.366667,0.4,0.433333,0.466667,0.5,0.533333,0.566667,0.6,0.633333,0.666667,0.7,0.733333,0.766667,0.8,0.833333,0.866667,0.9,0.933333,0.966667,1.0],"poses":[5.21133,11.3572,-0.000343323,0.0,14.0996,1.77426e-06,9.7285,-8.38433,0.000249863,0.0,14.9292,1.90942e-06,5.49691,11.3572,-0.000343403,5.37596,11.3572,-0.000343369,5.255,11.3572,-0.000343335,5.50442,11.3572,-0.000343405,5.26621,11.3572,-0.000343338,18.3148,4.8336,-0.000148773,14.9776,0.00043364,14.3629,14.9776,0.000433683,14.3629,14.9776,-0.000434253,-14.3832,14.9776,-0.000434279,-14.3832,9.4005,-8.38433,0.00152753,9.97525,-8.38433,0.000249793,9.52061,-8.38433,0.000249921,9.89684,-8.38433,0.000249815,9.31124,-8.38433,0.00024998,9.31946,-8.38433,0.000249978,9.34216,-8.38433,0.000249972,9.37645,-8.38433,0.000249962,9.41943,-8.38433,0.00024995,9.4682,-8.38433,0.000249936,9.51987,-8.38433,0.000249921,9.57154,-8.38433,0.000249907,9.62031,-8.38433,0.000249893,9.66329,-8.38433,0.000249881,9.69758,-8.38433,0.000249871,9.72028,-8.38433,0.000249865,0.0,14.4723,1.83497e-06,0.0,15.0736,1.93293e-06,0.0,15.174,1.94929e-06,0.0,15.2373,1.95961e-06,0.0,15.2703,1.96498e-06,0.0,15.2798,1.96653e-06,0.0,15.2693,1.96481e-06,0.0,15.2225,1.95719e-06,0.0,15.1167,1.93996e-06,0.0,14.6701,1.8672e-06,0.0,15.154,1.94603e-06,0.0,15.2604,1.96337e-06,0.0,15.2873,1.96775e-06,0.0,15.2817,1.96684e-06,0.0,15.2562,1.96269e-06,0.0,15.1977,1.95316e-06,0.0,15.0931,1.93612e-06,-2.29508,0.000166429,5.54302,-2.29508,0.000166416,5.54302,-2.29508,-0.000167309,-5.51094,-2.29508,-0.00016731,-5.51094],"quats":[-1.0,-1.453107e-11,4.768371e-07,-3.0473866e-05,-0.99988246,4.6731023e-07,-0.015334788,-3.0470286e-05,-0.99999446,1.0154341e-07,-0.0033321474,-3.04737e-05,-0.99996245,-2.6423814e-07,0.0086709764,-3.0472725e-05,-0.99999058,-1.3212758e-07,0.0043357667,-3.0473584e-05,8.4684243e-06,2.8852799e-05,0.93055952,0.36614069,8.2111947e-06,2.8927057e-05,0.93378258,0.35784087,7.4840505e-06,2.9123654e-05,0.94245291,0.33433905,6.351358e-06,2.9391476e-05,0.95468575,0.29761574,4.8779784e-06,2.9671603e-05,0.96833766,0.24964416,1.190371e-06,3.0046325e-05,0.99169511,0.12861134,-8.6889946e-07,3.0057334e-05,0.99817216,0.060434517,-2.9612067e-06,2.9923731e-05,0.99995708,-0.0092658103,-5.0023264e-06,2.965089e-05,0.99697798,-0.077683963,-6.9111129e-06,2.9264915e-05,0.98985881,-0.14205456,-8.6123209e-06,2.8810175e-05,0.97984618,-0.1997536,-1.0038105e-05,2.8344921e-05,0.96866757,-0.24836101,-1.1127535e-05,2.7935223e-05,0.95833027,-0.28566247,-1.1823792e-05,2.7647724e-05,0.95087403,-0.30957803,0.31986648,-0.94746262,-5.5720085e-07,3.803153e-06,0.31101236,-0.9504059,-5.9266154e-07,3.7977882e-06,0.28595686,-0.95824248,-6.9214974e-07,3.7809227e-06,0.24686033,-0.96905112,-8.4491478e-07,3.7497416e-06,0.19588968,-0.98062593,-1.0396866e-06,3.7004725e-06,0.13536891,-0.99079525,-1.2647167e-06,3.6297297e-06,0.067852505,-0.99769533,-1.5080055e-06,3.535587e-06,-0.0038773161,-0.99999249,-1.7576951e-06,3.4183261e-06,-0.21493219,-0.97662896,-2.4398264e-06,2.9701337e-06,-0.32430372,-0.94595301,-2.7609246e-06,2.6742737e-06,-0.36239982,-0.93202275,-2.8671077e-06,2.5601055e-06,-0.38673994,-0.92218882,-2.9333205e-06,2.4839628e-06,0.22490515,-0.97438067,-2.2099495e-07,7.2244247e-06,0.17282628,-0.98495239,-6.372184e-05,5.9323656e-06,0.1344406,-0.99092168,-2.6013902e-07,4.4423341e-06,0.14890081,-0.98885196,0.00051302067,-2.4371697e-05,0.15658703,-0.98766363,0.0010120336,-8.5358224e-06,0.12373883,-0.99231404,0.0012273378,8.0808546e-05,0.087106697,-0.99619794,0.0014254042,0.00018106219,0.047546912,-0.99886769,0.0016075404,0.00028779451,0.0059491559,-0.99998069,0.0017755829,0.00039876552,-0.036771856,-0.9993217,0.0019315687,0.00051121257,-0.079689033,-0.99681741,0.0020779299,0.00062135182,-0.1218779,-0.99254233,0.0022172416,0.00072849804,-0.16243179,-0.98671663,0.0023526659,0.00082858186,-0.20047541,-0.97969514,0.0024875645,0.00091965642,-0.23517391,-0.97194928,0.0026257723,0.00099894614,-0.26573676,-0.96404105,0.0027707859,0.0010661808,-0.25534394,-0.96684527,0.0029575769,0.00098510785,-0.22175089,-0.97509784,0.0031620217,0.0008238146,-0.21225533,-0.9772082,0.0033412967,0.00075973949,-0.17794657,-0.98403472,0.0031923263,0.00068735477,-0.14282058,-0.98974377,0.003031634,0.00061387365,-0.10699753,-0.99425507,0.0028603745,0.00053870119,-0.070603386,-0.99750078,0.0026795864,0.00046269374,-0.033768997,-0.99942654,0.0024905084,0.00038635611,0.0033709791,-0.9999916,0.0022945034,0.00030908245,0.040679235,-0.99917006,0.0020929517,0.00023186732,0.07801713,-0.99695021,0.0018872311,0.00015335668,0.11524592,-0.99333555,0.0016789709,7.5903932e-05,0.15222786,-0.98834431,0.0014694172,-2.9891339e-06,0.18882777,-0.98200941,0.0012604442,-8.0594502e-05,0.22491428,-0.97437799,0.001053252,-0.00015887051,0.00252034,-0.00028413802,0.95354825,0.30122972,-0.00027717889,4.5245553e-05,0.98379248,0.17931049,0.0018156243,-0.00026204539,0.98983026,0.14224172,0.0024747772,-0.00031376438,0.99291408,0.11880829,0.0034863946,-0.0002435858,0.99516451,0.098160312,0.0043989546,-0.00016458884,0.99693412,0.078121692,0.0047611021,-0.00018969181,0.99839157,0.056493953,0.004122009,-0.00043153003,0.99950856,0.031071667,0.0020314876,-0.0010022455,0.99999738,-0.00035396457,-0.0026822044,-0.0021831281,0.99907941,-0.042760834,-0.0098876087,-0.0039368039,0.99539471,-0.095268644,-0.01806199,-0.0058943178,0.9883154,-0.1512339,-0.025683586,-0.0076896055,0.97858578,-0.20408602,-0.031264331,-0.0089673633,0.96833944,-0.2475093,-0.033367306,-0.0093866466,0.96067446,-0.27550524,-0.025727849,-0.0073381141,0.96426558,-0.2635833,-0.010236785,-0.0033129598,0.97631437,-0.21608937,0.0022425209,-0.00013912292,0.98524386,-0.17114174,0.0045659724,0.00022804976,0.98933375,-0.14559518,0.00326068,-0.00040169328,0.99228811,-0.12390912,0.0033102792,-0.00062434928,0.99466825,-0.1030718,0.003304739,-0.00088908599,0.99637926,-0.084951006,0.0032586914,-0.0011678869,0.99771017,-0.0675456,0.0031863146,-0.0014326518,0.99880058,-0.048838437,0.0031013268,-0.0016551486,0.9996345,-0.026804866,0.0030168558,-0.0018068819,0.99999362,0.00057784369,0.0029451798,-0.001858841,0.99936986,0.035323195,0.0028714896,-0.001686151,0.9962182,0.086823173,0.0027725808,-0.0012722955,0.98779285,0.15574308,0.0026517254,-0.00075640256,0.97298223,0.2308636,0.0025203405,-0.00028413796,0.95354825,0.30122972,-6.1829908e-08,-2.0904836e-05,-0.70710725,0.70710629,2.7534824e-07,-2.0904836e-05,-0.70710707,0.70710647,-0.51294374,-0.48669678,0.51295847,0.48671198,-0.51278925,-0.48669174,0.5155589,0.48412555,-0.5126279,-0.48668003,0.51815224,0.48153242,-0.51251972,-0.48670304,0.51936078,0.48032081,-0.51243287,-0.48680371,0.51917803,0.48050898,-0.51231265,-0.48696697,0.51858848,0.48110801,-0.51219189,-0.48715028,0.51770663,0.48200002,-0.51210231,-0.48731232,0.51664674,0.48306748,-0.51207691,-0.48741135,0.51552355,0.48419306,-0.51214927,-0.48740643,0.51445228,0.48525971,-0.51235276,-0.48725682,0.51354891,0.48615116,-0.51268643,-0.48697203,0.51262939,0.48705447,-0.51315844,-0.48654985,0.51158494,0.48807639,-0.51381713,-0.48593247,0.51064467,0.48898238,-0.51471138,-0.48506314,0.5100382,0.48953769,-0.51589042,-0.48388484,0.50999475,0.48950773,-0.51910025,-0.48052737,0.51297963,0.48629245,-0.52168941,-0.47777054,0.51572722,0.48332289,-0.52057588,-0.47898394,0.51407468,0.4850798,-0.51822394,-0.4814963,0.51108539,0.48825923,-0.51652575,-0.48327425,0.50935119,0.49011078,-0.51586092,-0.48394421,0.50925535,0.49024957,-0.51531368,-0.48448583,0.50940055,0.49013925,-0.51486236,-0.48492363,0.50973648,0.48983124,-0.51448506,-0.48528099,0.51021332,0.48937708,-0.51415992,-0.48558185,0.51078093,0.488828,-0.51386487,-0.48584986,0.51138926,0.48823544,-0.51357836,-0.48610908,0.5119881,0.48765102,-0.51327854,-0.48638347,0.51252776,0.48712596,-0.51294363,-0.48669702,0.51295829,0.48671207,-0.51294345,-0.48669726,0.51295805,0.4867124,3.1327179e-06,2.9906258e-05,0.9812907,0.19253215,