{"is_global":true,"animation":{"fields":["time","attr"],"times":[0.0,0.0333333,0.0666667,0.1,0.133333,0.166667,0.2,0.233333,0.266667,0.3,0.333333,0.366667,0.4,0.433333,0.466667,0.5,0.533333,0.566667,0.6,0.633333,0.666667,0.7,0.733333,0.766667,0.8,0.833333,0.866667,0.9,0.933333,0.966667,1.0,1.03333,1.06667,1.1,1.13333,1.16667,1.2,1.23333,1.26667,1.3,1.33333,1.36667,1.4,1.43333,1.46667,1.5,1.53333,1.56667,1.6,1.63333,1.66667],"poses":[1.3399,-3.50255,1.91561e-06,1.31302,3.73098,1.88902e-06,1.43439,-3.50255,1.90735e-06,1.43439,3.73098,1.90735e-06,1.24542,-3.50255,1.92387e-06,1.19166,3.73098,1.8707e-06,-1.03375e-09,12.312,-0.36987,-1.03375e-09,12.1785,-0.36987,-0.197699,7.54805,2.23517e-06,-0.0642405,7.54805,2.20537e-06,-0.197697,-7.54605,-1.69873e-06,-0.0642385,-7.54605,-1.72853e-06,13.7166,12.1399,1.90735e-06,13.7166,-12.0683,-3.8147e-06,17.6873,4.76837e-06,5.05836,-1.03375e-09,12.3094,-0.36987,-1.03375e-09,12.3021,-0.36987,-1.03375e-09,12.2911,-0.36987,-1.03375e-09,12.2774,-0.36987,-1.03375e-09,12.2618,-0.36987,-1.03375e-09,12.2453,-0.36987,-1.03375e-09,12.2287,-0.36987,-1.03375e-09,12.2131,-0.36987,-1.03375e-09,12.1994,-0.36987,-1.03375e-09,12.1884,-0.36987,-1.03375e-09,12.1812,-0.36987,0.0899752,12.3076,-0.36987,-0.0595065,12.0279,-0.36987,-1.03375e-09,12.1414,-0.36987,-1.03375e-09,12.1383,-0.36987,-1.03375e-09,12.1296,-0.36987,-1.03375e-09,12.1169,-0.36987,-1.03375e-09,12.1015,-0.36987,-1.03375e-09,12.0847,-0.36987,-1.03375e-09,12.068,-0.36987,-1.03375e-09,12.0526,-0.36987,-1.03375e-09,12.0399,-0.36987,-1.03375e-09,12.0312,-0.36987,-1.03375e-09,12.0281,-0.36987,-1.03375e-09,12.0294,-0.36987,-1.03375e-09,12.0332,-0.36987,-1.03375e-09,12.0393,-0.36987,-1.03375e-09,12.0475,-0.36987,-1.03375e-09,12.0576,-0.36987,-1.03375e-09,12.0693,-0.36987,-1.03375e-09,12.0824,-0.36987,-1.03375e-09,12.0967,-0.36987,-1.03375e-09,12.112,-0.36987,-1.03375e-09,12.128,-0.36987,-1.03375e-09,12.1446,-0.36987,-1.03375e-09,12.1615,-0.36987,-1.03375e-09,12.1954,-0.36987,-1.03375e-09,12.212,-0.36987,-1.03375e-09,12.2281,-0.36987,-1.03375e-09,12.2434,-0.36987,-1.03375e-09,12.2577,-0.36987,-1.03375e-09,12.2708,-0.36987,-1.03375e-09,12.2825,-0.36987,-1.03375e-09,12.2925,-0.36987,-1.03375e-09,12.3007,-0.36987,-1.03375e-09,12.3068,-0.36987,-1.03375e-09,12.3107,-0.36987,-0.195073,7.54805,2.23517e-06,-0.187813,7.54805,2.20537e-06,-0.176846,7.54805,2.20537e-06,-0.163098,7.54805,2.20537e-06,-0.147497,7.54805,2.20537e-06,-0.130969,7.54805,2.20537e-06,-0.114442,7.54805,2.23517e-06,-0.0988407,7.54805,2.23517e-06,-0.0850935,7.54805,2.20537e-06,-0.0741262,7.54805,2.20537e-06,-0.0668659,7.54805,2.20537e-06,-0.195099,7.63769,-0.066767,0.0776682,7.48854,0.0381907,-0.0271273,7.54805,2.20537e-06,-0.0239525,7.54805,2.20537e-06,-0.015337,7.54805,2.20537e-06,-0.00263882,7.54805,2.20537e-06,0.0127792,7.54805,2.23517e-06,0.0295591,7.54805,2.20537e-06,0.0463381,7.54805,2.20537e-06,0.0617561,7.54805,2.23517e-06,0.0744543,7.54805,2.23517e-06,0.0830698,7.54805,2.23517e-06,0.0862446,7.54805,2.23517e-06,0.084918,7.54805,2.23517e-06,0.0810833,7.54805,2.23517e-06,0.0749597,7.54805,2.23517e-06,0.0667639,7.54805,2.23517e-06,0.0567141,7.54805,2.23517e-06,0.0450296,7.54805,2.23517e-06,0.0319271,7.54805,2.20537e-06,0.0176258,7.54805,2.23517e-06,0.00234318,7.54805,2.23517e-06,-0.0137033,7.54805,2.23517e-06,-0.0302944,7.54805,2.23517e-06,-0.0472136,7.54805,2.23517e-06,-0.0811596,7.54805,2.20537e-06,-0.0977507,7.54805,2.23517e-06,-0.113797,7.54805,2.23517e-06,-0.12908,7.54805,2.23517e-06,-0.143381,7.54805,2.23517e-06,-0.156484,7.54805,2.20537e-06,-0.168168,7.54805,2.20537e-06,-0.178218,7.54805,2.20537e-06,-0.186414,7.54805,2.20537e-06,-0.192537,7.54805,2.23517e-06,-0.196372,7.54805,2.23517e-06,-0.195071,-7.54605,-1.69873e-06,-0.187811,-7.54605,-1.72853e-06,-0.176844,-7.54605,-1.72853e-06,-0.163096,-7.54605,-1.72853e-06,-0.147495,-7.54605,-1.72853e-06,-0.130967,-7.54605,-1.72853e-06,-0.11444,-7.54605,-1.69873e-06,-0.0988388,-7.54605,-1.69873e-06,-0.0850916,-7.54605,-1.72853e-06,-0.0741243,-7.54605,-1.72853e-06,-0.066864,-7.54605,-1.72853e-06,-0.191606,-7.45583,0.0651778,0.095315,-7.60535,-0.0387858,-0.0271254,-7.54605,-1.72853e-06,-0.0239506,-7.54605,-1.72853e-06,-0.0153351,-7.54605,-1.72853e-06,-0.00263691,-7.54605,-1.72853e-06,0.0127811,-7.54605,-1.69873e-06,0.029561,-7.54605,-1.72853e-06,0.04634,-7.54605,-1.72853e-06,0.061758,-7.54605,-1.69873e-06,0.0744562,-7.54605,-1.69873e-06,0.0830717,-7.54605,-1.69873e-06,0.0862465,-7.54605,-1.69873e-06,0.0849199,-7.54605,-1.69873e-06,0.0810852,-7.54605,-1.69873e-06,0.0749617,-7.54605,-1.69873e-06,0.0667658,-7.54605,-1.69873e-06,0.056716,-7.54605,-1.69873e-06,0.0450316,-7.54605,-1.69873e-06,0.031929,-7.54605,-1.72853e-06,0.0176277,-7.54605,-1.69873e-06,0.00234508,-7.54605,-1.69873e-06,-0.0137014,-7.54605,-1.69873e-06,-0.0302925,-7.54605,-1.69873e-06,-0.0472117,-7.54605,-1.69873e-06,-0.0811577,-7.54605,-1.72853e-06,-0.0977488,-7.54605,-1.69873e-06,-0.113795,-7.54605,-1.69873e-06,-0.129078,-7.54605,-1.69873e-06,-0.143379,-7.54605,-1.69873e-06,-0.156482,-7.54605,-1.72853e-06,-0.168166,-7.54605,-1.72853e-06,-0.178216,-7.54605,-1.72853e-06,-0.186412,-7.54605,-1.72853e-06,-0.192535,-7.54605,-1.69873e-06,-0.19637,-7.54605,-1.69873e-06,-3.84452,-1.57888,6.55651e-07,-3.84452,1.65144,-3.8147e-06],