{"is_global":true,"animation":{"fields":["time","attr"],"times":[0.0,0.0333333,0.0666667,0.1,0.133333,0.166667,0.2,0.233333,0.266667,0.3,0.333333,0.366667,0.4,0.433333,0.466667,0.5,0.533333,0.566667,0.6,0.633333,0.666667,0.7,0.733333,0.766667,0.8],"poses":[0.0,-1.73179,-15.1923,-0.568747,12.004,5.59641,7.23113,-9.53674e-07,-2.86102e-06,-0.568749,-11.9986,5.59641,14.1963,-2.15723e-06,-2.93647,-0.143779,-1.73179,-14.5783,-0.261417,-1.73179,-14.2802,-0.352913,-1.73179,-14.2021,-0.418267,-1.73179,-14.6242,-0.45748,-1.73179,-15.4581,-0.470551,-1.73179,-16.055,-0.446413,-1.73179,-16.2397,-0.382853,-1.73179,-16.3077,-0.293151,-1.73179,-16.3174,-0.190588,-1.73179,-16.1027,-0.0884443,-1.73179,-15.6512,0.0873268,-1.73179,-14.7885,0.186677,-1.73179,-14.3909,0.285607,-1.73179,-14.2114,0.371677,-1.73179,-14.6364,0.432443,-1.73179,-15.477,0.455463,-1.73179,-16.0819,0.442811,-1.73179,-16.2718,0.404856,-1.73179,-16.3417,0.341597,-1.73179,-16.3517,0.253035,-1.73179,-16.19,0.139169,-1.73179,-15.7705,11.6916,10.6361,6.47953,11.6915,10.6361,6.47953,11.6916,-10.6481,6.47952,11.6915,-10.6481,6.47952,7.23113,0.0,-0.0,7.23113,-9.53674e-07,-0.0,9.43652,9.53674e-07,-9.53674e-07,9.43652,0.0,-0.0,9.43742,-1.90735e-06,9.53674e-07,9.43742,-9.53674e-07,9.53674e-07],"quats":[0.67012131,-0.22569329,0.22569294,0.67012143,0.66695786,-0.23487702,0.23487671,0.66695797,0.66265804,-0.24674763,0.24674731,0.6626581,0.65814692,-0.25853944,0.25853914,0.65814704,0.65453339,-0.26755562,0.26755533,0.65453357,-0.67012131,-0.2256932,-0.22569311,0.67012143,-0.6669578,-0.23487696,-0.23487683,0.66695803,-0.66265792,-0.24674749,-0.2467474,0.66265821,-0.65814686,-0.25853935,-0.25853923,0.6581471,-0.65453345,-0.26755559,-0.26755548,0.65453351,0.67135155,-0.22200671,0.22200641,0.67135179,-0.67135155,-0.2220066,-0.22200651,0.67135185,-0.5309689,0.51434755,0.48522845,0.4669818,0.65305305,-0.27114913,0.2711488,0.65305305,-0.65305299,-0.27114901,-0.27114892,0.6530531,-0.37729585,-0.59760588,-0.5974831,0.37885228,-0.52627647,0.51897222,0.48559323,0.46679783,0.52174103,-0.52342242,-0.48520976,-0.46731871,0.51767409,-0.52744448,-0.48437023,-0.46818945,0.51439136,-0.53074205,-0.48337334,-0.46911052,0.51220667,-0.53298527,-0.48253006,-0.46982548,0.51141733,-0.53381699,-0.48217064,-0.47010979,0.51119548,-0.53416437,-0.4808214,-0.47133666,0.51066202,-0.53494126,-0.47742185,-0.47447929,0.50999671,-0.53573924,-0.47296292,-0.47874093,0.509431,-0.53619707,-0.46840113,-0.48329416,0.50930744,-0.53603125,-0.46460459,-0.48725677,0.51009405,-0.53502333,-0.46233112,-0.48969787,0.51257199,-0.53262955,-0.46165535,-0.49035713,0.51653653,-0.52886456,-0.4619692,-0.48997635,0.52107328,-0.52443635,-0.46291345,-0.48904017,-0.52531308,0.52014995,0.46410239,0.48795411,-0.5284375,0.51689744,0.46512395,0.48706341,-0.52965671,0.51560962,0.46555573,0.48669136,-0.5298956,0.51535672,0.46641833,0.48587251,-0.53047174,0.51478636,0.46873236,0.48361632,-0.5311479,0.51415622,0.47210684,0.48025042,-0.53165835,0.51370704,0.47618571,0.47612157,-0.53170836,0.51368415,0.48065054,0.47158235,-0.33322769,-0.63287956,0.62360048,-0.31550795,-0.27790272,-0.65722615,0.64848381,-0.26512757,-0.22267698,-0.67569798,0.66932553,-0.21412754,-0.14784059,-0.69425613,0.68974531,-0.14283919,-0.070694879,-0.70530236,0.70217437,-0.067097113,-0.0033015111,-0.70890844,0.70529228,0.00084357354,0.066061318,-0.70591378,0.70150602,0.072187282,0.13790043,-0.6953364,0.690063,0.14595826,0.19879413,-0.68009627,0.67370045,0.20994692,0.24600786,-0.66372275,0.65589172,0.26221812,0.28712365,-0.64560223,0.63608885,0.31007865,0.3256098,-0.62441033,0.61408025,0.35636431,0.35608208,-0.60451078,0.59442222,0.39298162,0.37812877,-0.58899957,0.58010846,0.41662011,0.40030566,-0.5736692,0.56570315,0.43662232,0.4219788,-0.55838251,0.55125898,0.4541547,0.42604795,-0.55891508,0.54877818,0.45270258,0.34463403,-0.61880767,0.60420656,0.36501905,0.19515118,-0.68461931,0.67013508,0.21007483,0.078637511,-0.70792454,0.6960339,0.090530947,-0.0211579,-0.71188515,0.70189887,-0.0104847,-0.11089233,-0.70389092,0.69444835,-0.099909671,-0.2082343,-0.68214911,0.67320287,-0.19521549,-0.32233515,-0.63738269,0.6293,-0.30630857,-0.33322769,-0.63287956,0.62360048,-0.31550798,0.7061857,0.00017233494,0.00017278419,0.70802665,0.69696456,0.11373416,0.11406039,0.69878125,0.67884463,0.19457212,0.1951303,0.68061429,0.64525819,0.28691235,0.2877354,0.64694011,0.61084604,0.35430568,0.35532212,0.61243838,0.59270996,0.3838681,0.38496932,0.59425485,0.5741958,0.41103929,0.41221857,0.57569242,0.55197245,0.44042486,0.44168833,0.55341113,0.53942013,0.45570835,0.45701569,0.5408259,0.53769052,0.4577468,0.4590601,0.5390923,0.53700393,0.45855221,0.45986766,0.53840357,0.533831,0.46224102,0.46356702,0.53522259,0.53458577,0.46136838,0.46269196,0.53597903,0.53504282,0.46083826,0.46216032,0.53643751,0.52536809,0.47183505,0.47318876,0.52673757,0.51109707,0.4872537,0.48865139,0.51242906,0.45490056,0.54008096,0.54163033,0.45608625,0.4044441,0.57882261,0.58048314,0.40549818,0.4410136,0.55147588,0.55305803,0.44216308,0.50504631,0.49352089,0.49493665,0.50636262,0.57093531,0.41555497,0.41674718,0.57242358,0.62938011,0.32023776,0.32115647,0.63102061,0.68058485,0.18839698,0.18893732,0.68235886,0.70618558,0.00036562301,0.00036671976,0.70802659,0.7061857,1.1237249e-08,-3.2254071e-08,0.70802665,0.40666535,0.57865775,0.57938701,-0.40507928,0.43384114,0.55964667,0.56137443,-0.42829466,0.45729506,0.5415194,0.54517084,-0.44769052,0.45566481,0.54268783,0.54940516,-0.44273421,0.37756276,0.59652662,0.60629267,-0.36607581,0.244323,0.66067088,0.66921717,-0.23657696,0.1312438,0.69179082,0.69892418,-0.12532198,0.032798402,0.70392638,0.70895833,-0.028108319,-0.053094216,0.70367754,0.70634741,0.055608664,0.14354393,-0.69245666,-0.69231069,-0.14354385,0.27082297,-0.6546815,-0.65291113,-0.26786965,0.31193936,-0.63664013,-0.63450921,-0.30786565,0.24893098,-0.66272736,-0.66156358,-0.24730454,-0.15809979,0.68775028,0.68996847,0.16108257,-0.073469743,0.69914979,0.70651627,0.081404112,0.0084910206,0.70160306,0.71250761,0.0037286698,0.084807411,0.69704294,0.70850408,-0.070433304,0.15967609,0.6852318,0.69579822,-0.14431144,0.23127089,0.66613072,0.67574555,-0.21482924,0.28478593,0.64682019,0.65443653,-0.26876301,0.31777972,0.63245636,0.63739794,-0.30453071,0.33910063,0.62154466,0.62413508,-0.3303763,0.35878521,0.60988384,0.61079478,-0.35530928,0.53809059,-0.45759448,-0.45848098,0.53931528,0.51284957,-0.48572519,-0.48666626,0.51401621,-0.48599783,0.51259965,0.51359284,-0.48710382,-0.45392892,0.54121262,0.54226112,-0.45496199,-0.39801326,0.58357859,0.58470929,-0.39891922,-0.35992768,0.60781622,0.60899365,-0.36074683,-0.39040697,0.58869618,0.58983654,-0.3912954,-0.45000768,0.5444786,0.5455333,-0.45103168,0.51617628,-0.4821865,-0.48312074,0.51735133,0.58037353,-0.40259767,-0.40337768,0.58169419,0.64655942,-0.28434458,-0.2848956,0.64803064,0.70284009,-0.069864683,-0.070000216,0.70443934,0.70630288,9.2743896e-08,-9.2533341e-08,0.70790982,0.69552273,-0.12295107,-0.12318947,0.69710517,0.65349275,-0.26802063,-0.26854002,0.65497977,0.60392237,-0.36631504,-0.36702472,0.60529661,0.56704265,-0.42117241,-0.42198837,0.56833297,0.54938281,-0.44396907,-0.44482929,0.55063313,0.53655553,-0.45939404,-0.46028417,0.53777671,0.52525204,-0.47228089,-0.47319585,0.5264473,0.52714521,-0.47016606,-0.471077,0.52834487,0.53991169,-0.45544401,-0.45632645,0.54114008,0.55162936,-0.44117409,-0.44202882,0.5528844,0.55168128,-0.44110906,-0.4419637,0.55293655,0.53809059,-0.45759448,-0.45848101,0.53931528,-8.6554778e-08,-7.450582e-08,-6.4488345e-15,1.0,-8.967622e-08,0.061048444,5.4848228e-09,0.99813479,-8.6867203e-08,0.17364807,1.5317028e-08,0.98480779,-8.4612573e-08,0.23344527,2.0313674e-08,0.97236997,-8.5342698e-08,0.2329739,2.0445212e-08,0.97248298,-8.2586524e-08,0.22967218,1.9488798e-08,0.97326809,-8.3530871e-08,0.22069725,1.890109e-08,0.97534239,-8.209237e-08,0.19568454,1.6380904e-08,0.98066694,-8.6883944e-08,0.15260249,1.3415838e-08,0.98828769,-8.5134388e-08,0.10127326,8.6663947e-09,0.99485862,