{"is_global":true,"animation":{"fields":["time","attr"],"times":[0.0,0.0333333,0.0666667,0.1,0.133333,0.166667,0.2,0.233333,0.266667,0.3,0.333333,0.366667,0.4,0.433333,0.466667,0.5,0.533333,0.566667,0.6,0.633333,0.666667,0.7,0.733333,0.766667,0.8,0.833333,0.866667,0.9,0.933333,0.966667,1.0,1.03333,1.06667,1.1,1.13333,1.16667,1.2,1.23333,1.26667,1.3,1.33333,1.36667,1.4,1.43333,1.46667,1.5,1.53333,1.56667,1.6,1.63333,1.66667,1.7,1.73333,1.76667,1.8,1.83333,1.86667,1.9,1.93333,1.96667,2.0,2.03333,2.06667,2.1,2.13333,2.16667,2.2,2.23333,2.26667,2.3,2.33333,2.36667,2.4,2.43333,2.46667,2.5,2.53333,2.56667,2.6,2.63333,2.66667,2.7,2.73333],"poses":[3.13888e-07,7.76026,-7.85268,3.13888e-07,7.76026,-7.98792,3.13888e-07,7.76026,-7.9203,3.13888e-07,7.76026,-7.89016,0.758281,3.16782,-0.0350753,3.13888e-07,7.76026,-7.95648,3.13888e-07,7.76026,-7.90346,3.13888e-07,7.76026,-7.89282,3.13888e-07,7.76026,-7.97703,10.9888,1.59659,9.53302e-07,10.123,-3.11499,-2.3541,10.123,-3.11499,2.353,3.15716e-07,7.76026,-7.85268,3.14802e-07,7.76026,-7.9203,3.13888e-07,7.76026,-7.92764,3.13888e-07,7.76026,-7.86179,3.13888e-07,7.76026,-7.79595,3.13888e-07,7.76026,-7.89193,3.13888e-07,7.76026,-7.85623,3.13888e-07,7.76026,-7.85978,3.13888e-07,7.76026,-7.85171,3.13888e-07,7.76026,-7.84363,3.13888e-07,7.76026,-7.94668,3.13888e-07,7.76026,-8.04973,3.13888e-07,7.76026,-7.9512,3.13888e-07,7.76026,-7.8713,3.13888e-07,7.76026,-7.88993,3.13888e-07,7.76026,-7.84826,3.13888e-07,7.76026,-7.80658,3.13888e-07,7.76026,-7.89725,3.13888e-07,7.76026,-7.96779,3.13888e-07,7.76026,-8.08289,3.13888e-07,7.76026,-7.9497,3.13888e-07,7.76026,-7.8165,3.13888e-07,7.76026,-7.90221,3.13888e-07,7.76026,-8.06028,3.13888e-07,7.76026,-7.85296,3.13888e-07,7.76026,-7.85495,3.13888e-07,7.76026,-7.92204,3.13888e-07,7.76026,-7.98742,3.13888e-07,7.76026,-7.77695,3.13888e-07,7.76026,-7.86481,3.13888e-07,7.76026,-7.87409,3.13888e-07,7.76026,-7.939,3.13888e-07,7.76026,-8.03933,3.13888e-07,7.76026,-7.946,3.13888e-07,7.76026,-7.95423,3.13888e-07,7.76026,-7.86986,3.13888e-07,7.76026,-7.96447,3.13888e-07,7.76026,-7.93296,3.13888e-07,7.76026,-8.10138,3.13888e-07,7.76026,-7.7924,6.23934,1.16845,1.87358e-06,0.68802,-3.11499,-2.3536,0.688019,-3.11499,-2.3536,0.688629,-3.11499,2.353,0.688628,-3.11499,2.353],"quats":[0.28125975,-0.95963168,8.4272597e-07,-2.4699568e-07,0.35570326,-0.93459892,8.207428e-07,-3.1237016e-07,0.46126249,-0.88726372,7.7917417e-07,-4.0506981e-07,0.58099991,-0.81390369,7.1475091e-07,-5.1022045e-07,0.69820535,-0.71589756,6.286844e-07,-6.1314745e-07,-0.92540729,0.37897408,-3.3280608e-07,8.1267081e-07,-0.95229453,0.30518058,-2.6800242e-07,8.3628254e-07,5.5863097e-08,2.6470454e-08,-0.33621272,0.94178611,5.7719173e-08,2.2132969e-08,-0.40705878,0.91340196,5.983869e-08,1.5514571e-08,-0.50700891,0.8619408,6.1393727e-08,7.2235653e-09,-0.61963445,0.78489053,6.1786594e-08,-1.9460522e-09,-0.7290166,0.6844961,-5.4086595e-08,2.9933453e-08,0.96107727,-0.27627972,-0.72859234,0.68494761,-2.9476064e-07,3.7735984e-07,-0.89762753,0.44075477,-1.709317e-07,4.4728822e-07,-0.94312727,0.33243188,-1.1729046e-07,4.642491e-07,-0.96661842,0.25622028,-7.9923105e-08,4.7211924e-07,1.1619122e-07,-2.7297651e-07,0.96647996,-0.25674221,-0.96072888,0.27748877,-2.436841e-07,8.4368958e-07,-5.3223268e-08,3.1442902e-08,0.96846789,-0.24913837,-0.97373009,0.2277052,-6.6015204e-08,4.7426397e-07,0.61384368,-0.78942764,3.4959646e-07,-3.2721039e-07,0.31536615,-0.94897008,4.3871904e-07,-1.9185909e-07,-0.82579428,0.56397146,-2.3282591e-07,4.1842134e-07,1.4604436e-07,-2.541147e-07,0.93480182,-0.35516977,1.5262761e-07,-2.4005655e-07,0.93351221,-0.35854563,-2.0227336e-07,1.8047426e-07,-0.84320766,0.53758812,-2.1599136e-07,1.4337284e-07,-0.81000388,0.58642465,-2.3206967e-07,9.1832817e-08,-0.73353744,0.67964906,-2.3926495e-07,3.0361971e-08,-0.6294207,0.77706474,-2.337393e-07,-3.1118702e-08,-0.5104124,0.8599298,-2.1853545e-07,-8.2754234e-08,-0.39648935,0.91803932,-2.0212707e-07,-1.1720776e-07,-0.3112402,0.95033127,-1.9472044e-07,-1.2969576e-07,-0.27801675,0.96057624,-2.0101558e-07,-1.1916558e-07,-0.30559629,0.95216119,-2.1581798e-07,-8.937355e-08,-0.37909374,0.9253583,-2.3127362e-07,-4.2845535e-08,-0.48303339,0.87560195,-2.3935684e-07,1.6338163e-08,-0.60048312,0.79963744,-2.3442836e-07,8.1687539e-08,-0.71486944,0.69925797,-2.1520334e-07,1.4524294e-07,-0.81269932,0.58268338,1.8537817e-07,-1.9964656e-07,0.88605237,-0.46358523,0.25336543,-0.96737063,8.4952217e-07,-2.2249954e-07,-0.79911286,0.60118109,-5.2794303e-07,7.0176213e-07,-0.87544566,0.48331654,-4.2443719e-07,7.6879576e-07,5.5096482e-08,2.8031222e-08,-0.30959046,0.95086998,6.0817484e-08,-1.1072798e-08,-0.82232887,0.56901264,-5.8743744e-08,1.9249491e-08,0.89213878,-0.45176145,-5.6211931e-08,2.5721388e-08,0.93720794,-0.34877113,0.28734431,-0.95782739,4.4416734e-07,-1.7888435e-07,0.38998362,-0.92082179,4.220353e-07,-2.2620908e-07,0.49529257,-0.86872625,3.9259095e-07,-2.7414711e-07,1.5263663e-07,-2.4004714e-07,0.93350196,-0.35857236,1.2654223e-07,-2.6459375e-07,0.95867556,-0.28450152,-0.87544566,0.48331657,-4.2443722e-07,7.6879576e-07,-0.7991128,0.60118121,-5.2794309e-07,7.0176196e-07,-5.6211917e-08,2.5721395e-08,0.937208,-0.34877101,-5.8743748e-08,1.9249496e-08,0.89213866,-0.45176166,6.081747e-08,-1.1072784e-08,-0.82232869,0.56901288,0.38998371,-0.92082179,4.2203524e-07,-2.262091e-07,0.49529266,-0.86872625,3.9259092e-07,-2.7414711e-07,-0.70710659,-0.70710695,-1.5454312e-07,-9.2725827e-08,-0.99653596,0.067405626,-0.048612203,0.0030709587,0.31536618,-0.94897008,4.3871893e-07,-1.9185907e-07,-0.82579374,0.56397229,-2.3282627e-07,4.1842114e-07,-0.70498031,-0.70498067,0.054795451,0.054795489,-0.69861418,-0.69861454,0.10926118,0.10926118,-0.68804646,-0.68804675,0.16307013,0.16307011,-0.67334098,-0.67334121,0.21589766,0.21589763,-0.65458542,-0.65458566,0.26742813,0.26742804,-0.63189358,-0.63189393,0.31734893,0.31734881,-0.60540122,-0.60540152,0.36536184,0.36536169,-0.57526809,-0.57526839,0.41117704,0.41117692,-0.54167503,-0.54167527,0.45451966,0.45451948,-0.50482422,-0.50482446,0.49512875,0.49512857,-0.46493769,-0.46493793,0.5327599,0.53275955,-0.42225456,-0.4222548,0.56718707,0.56718677,-0.37703288,-0.37703305,0.59820259,0.59820229,-0.32954213,-0.32954231,0.62562132,0.62562114,-0.28007075,-0.2800709,0.64927691,0.64927667,-0.22891439,-0.22891456,0.66902792,0.66902763,-0.17638162,-0.17638174,0.68475521,0.68475497,-0.12278773,-0.12278786,0.6963644,0.6963641,-0.068455391,-0.068455465,0.70378554,0.70378524,-0.013711677,-0.013711745,0.70697409,0.70697361,0.041114837,0.041114789,0.70591062,0.70591033,0.095693409,0.095693387,0.70060194,0.70060152,0.14969781,0.14969781,0.6910795,0.69107908,0.20280054,0.20280059,0.67740101,0.67740071,0.254684,0.25468406,0.6596486,0.6596483,0.30503607,0.30503613,0.63792878,0.63792855,0.35355327,0.35355341,0.61237264,0.61237234,0.39994451,0.39994463,0.5831334,0.5831331,0.44393042,0.44393057,0.55038708,0.55038679,0.48524618,0.48524636,0.51433098,0.51433057,-0.52364337,-0.52364361,-0.47518161,-0.47518137,-0.55889213,-0.55889231,-0.43317384,-0.43317366,-0.59077901,-0.59077919,-0.3885617,-0.38856152,-0.61911291,-0.61911321,-0.34161246,-0.34161234,-0.64372367,-0.64372391,-0.29260856,-0.29260841,-0.66446292,-0.66446316,-0.24184489,-0.24184473,-0.68120587,-0.68120629,-0.18962674,-0.18962662,-0.69385219,-0.69385248,-0.13626803,-0.1362679,-0.70232546,-0.70232576,-0.082089961,-0.082089864,-0.7065748,-0.70657521,-0.027418682,-0.027418608,-0.7065748,-0.70657521,0.027418666,0.027418716,-0.70232534,-0.70232582,0.082089938,0.082089968,-0.69385207,-0.69385254,0.13626803,0.13626805,-0.68120587,-0.68120629,0.18962672,0.18962671,-0.66446286,-0.66446316,0.24184486,0.24184479,-0.64372361,-0.64372396,0.2926085,0.29260838,-0.61911291,-0.61911321,0.34161243,0.34161237,-0.59077889,-0.59077919,0.3885617,0.38856155,-0.55889207,-0.55889231,0.43317384,0.43317372,-0.52364337,-0.52364367,0.47518161,0.47518146,-0.48524606,-0.4852463,0.51433086,0.51433069,-0.44393018,-0.44393039,0.55038726,0.55038691,-0.39994434,-0.3999446,0.58313334,