{"is_global":true,"animation":{"fields":["time","attr"],"times":[0.0,0.0333333,0.0666667,0.1,0.133333,0.166667,0.2,0.233333,0.266667,0.3,0.333333,0.366667,0.4,0.433333,0.466667,0.5,0.533333,0.566667,0.6,0.633333,0.666667,0.7,0.733333,0.766667,0.8,0.833333,0.866667,0.9,0.933333,0.966667,1.0,1.03333,1.06667,1.1,1.13333,1.16667,1.2,1.23333,1.26667,1.3,1.33333,1.36667,1.4,1.43333,1.46667,1.5,1.53333,1.56667,1.6,1.63333,1.66667,1.7,1.73333,1.76667,1.8,1.83333,1.86667,1.9,1.93333,1.96667,2.0],"poses":[3.15716e-07,7.81881,-7.85268,3.15716e-07,7.94611,-7.85268,3.15716e-07,7.76026,-7.85268,3.15716e-07,7.91111,-7.85268,3.15716e-07,7.88246,-7.85268,3.15716e-07,7.96707,-7.85268,10.123,-3.11499,-2.3541,10.34,-3.11499,-2.3541,0.688019,-3.11499,-2.3536,0.688627,-3.11499,2.353,10.123,-3.11499,2.353,10.34,-3.11499,2.353,0.758282,3.16783,-0.0350752,0.758282,3.16784,-0.0350752,3.15716e-07,7.76218,-7.85268,3.15716e-07,7.76759,-7.85268,3.15716e-07,7.77595,-7.85268,3.15716e-07,7.78672,-7.85268,3.15716e-07,7.79937,-7.85268,3.15716e-07,7.81336,-7.85268,3.15716e-07,7.82816,-7.85268,3.15716e-07,7.84322,-7.85268,3.15716e-07,7.85801,-7.85268,3.15716e-07,7.872,-7.85268,3.15716e-07,7.88465,-7.85268,3.15716e-07,7.89542,-7.85268,3.15716e-07,7.90378,-7.85268,3.15716e-07,7.90919,-7.85268,3.15716e-07,7.95183,-7.85268,3.15716e-07,7.95642,-7.85268,3.15716e-07,7.95999,-7.85268,3.15716e-07,7.96267,-7.85268,3.15716e-07,7.96459,-7.85268,3.15716e-07,7.96588,-7.85268,3.15716e-07,7.96667,-7.85268,3.15716e-07,7.96722,-7.85268,3.15716e-07,7.96724,-7.85268,3.15716e-07,7.96655,-7.85268,3.15716e-07,7.96561,-7.85268,3.15716e-07,7.96419,-7.85268,3.15716e-07,7.96223,-7.85268,3.15716e-07,7.95969,-7.85268,3.15716e-07,7.95649,-7.85268,3.15716e-07,7.95259,-7.85268,3.15716e-07,7.94792,-7.85268,3.15716e-07,7.94243,-7.85268,3.15716e-07,7.93606,-7.85268,3.15716e-07,7.92876,-7.85268,3.15716e-07,7.92046,-7.85268,3.15716e-07,7.94178,-7.85268,3.15716e-07,7.92991,-7.85268,3.15716e-07,7.91218,-7.85268,3.15716e-07,7.89026,-7.85268,3.15716e-07,7.86582,-7.85268,3.15716e-07,7.84055,-7.85268,3.15716e-07,7.81611,-7.85268,3.15716e-07,7.79419,-7.85268,3.15716e-07,7.77646,-7.85268,3.15716e-07,7.76459,-7.85268,6.23934,1.16844,1.90735e-06,10.1249,-3.11499,-2.3541,10.1304,-3.11499,-2.3541,10.139,-3.11499,-2.3541,10.15,-3.11499,-2.3541,10.163,-3.11499,-2.3541,10.1773,-3.11499,-2.3541,10.1925,-3.11499,-2.3541,10.208,-3.11499,-2.3541,10.2233,-3.11499,-2.3541,10.2378,-3.11499,-2.3541,10.251,-3.11499,-2.3541,10.2624,-3.11499,-2.3541,10.2713,-3.11499,-2.3541,10.2773,-3.11499,-2.3541,10.2798,-3.11499,-2.3541,10.1881,-3.11499,-2.3541,10.2524,-3.11499,-2.3541,10.3166,-3.11499,-2.3541,10.1899,-3.11499,-2.3541,10.3177,-3.11499,-2.3541,10.324,-3.11499,-2.3541,10.3291,-3.11499,-2.3541,10.3331,-3.11499,-2.3541,10.3362,-3.11499,-2.3541,10.3385,-3.11499,-2.3541,10.3411,-3.11499,-2.3541,10.3417,-3.11499,-2.3541,10.3419,-3.11499,-2.3541,10.342,-3.11499,-2.3541,10.3418,-3.11499,-2.3541,10.3412,-3.11499,-2.3541,10.3384,-3.11499,-2.3541,10.3361,-3.11499,-2.3541,10.3332,-3.11499,-2.3541,10.3296,-3.11499,-2.3541,10.3252,-3.11499,-2.3541,10.3201,-3.11499,-2.3541,10.3141,-3.11499,-2.3541,10.3071,-3.11499,-2.3541,10.2993,-3.11499,-2.3541,10.2904,-3.11499,-2.3541,10.2804,-3.11499,-2.3541,10.1875,-3.11499,-2.3541,10.2506,-3.11499,-2.3541,10.3136,-3.11499,-2.3541,10.1858,-3.11499,-2.3541,10.3125,-3.11499,-2.3541,10.3076,-3.11499,-2.3541,10.2952,-3.11499,-2.3541,10.277,-3.11499,-2.3541,10.2546,-3.11499,-2.3541,10.2298,-3.11499,-2.3541,10.2041,-3.11499,-2.3541,10.1794,-3.11499,-2.3541,10.1572,-3.11499,-2.3541,10.1393,-3.11499,-2.3541,10.1273,-3.11499,-2.3541,0.689981,-3.11499,-2.3536,0.695499,-3.11499,-2.3536,0.704047,-3.11499,-2.3536,0.715068,-3.11499,-2.3536,0.728018,-3.11499,-2.3536,0.742368,-3.11499,-2.3536,0.757572,-3.11499,-2.3536,0.773086,-3.11499,-2.3536,0.788369,-3.11499,-2.3536,0.802879,-3.11499,-2.3536,0.816078,-3.11499,-2.3536,0.82742,-3.11499,-2.3536,0.836368,-3.11499,-2.3536,0.842376,-3.11499,-2.3536,0.844898,-3.11499,-2.3536,0.753198,-3.11499,-2.3536,0.817447,-3.11499,-2.3536,0.881676,-3.11499,-2.3536,0.754948,-3.11499,-2.3536,0.882796,-3.11499,-2.3536,0.889041,-3.11499,-2.3536,0.894116,-3.11499,-2.3536,0.898137,-3.11499,-2.3536,0.90123,-3.11499,-2.3536,0.903512,-3.11499,-2.3536,0.905112,-3.11499,-2.3536,0.906144,-3.11499,-2.3536,0.906725,-3.11499,-2.3536,0.906993,-3.11499,-2.3536,0.907044,-3.11499,-2.3536,0.906852,-3.11499,-2.3536,0.906209,-3.11499,-2.3536,0.905085,-3.11499,-2.3536,0.903414,-3.11499,-2.3536,0.90115,-3.11499,-2.3536,0.898243,-3.11499,-2.3536,0.894637,-3.11499,-2.3536,0.890284,-3.11499,-2.3536,0.885128,-3.11499,-2.3536,0.879119,-3.11499,-2.3536,0.872201,-3.11499,-2.3536,0.864327,-3.11499,-2.3536,0.855449,-3.11499,-2.3536,0.845498,-3.11499,-2.3536,0.752598,-3.11499,-2.3536,0.815648,-3.11499,-2.3536,0.878696,-3.11499,-2.3536,0.750808,-3.11499,-2.3536,0.877535,-3.11499,-2.3536,0.872657,-3.11499,-2.3536,0.860269,-3.11499,-2.3536,0.842046,-3.11499,-2.3536,0.819673,-3.11499,-2.3536,0.794829,-3.11499,-2.3536,0.769195,-3.11499,-2.3536,0.744461,-3.11499,-2.3536,0.722289,-3.11499,-2.3536,0.704365,-3.11499,-2.3536,0.692387,-3.11499,-2.3536,0.690589,-3.11499,2.353,0.696108,-3.11499,2.353,0.704646,-3.11499,2.353,0.715667,-3.11499,2.353,0.728626,-3.11499,2.353,0.742977,-3.11499,2.353,0.758181,-3.11499,2.353,0.773694,-3.11499,2.353,0.788978,-3.11499,2.353,0.803488,-3.11499,2.353,0.816687,-3.11499,2.353,0.828029,-3.11499,2.353,0.836977,-3.11499,2.353,0.842976,-3.11499,2.353,0.845497,-3.11499,2.353,0.753807,-3.11499,2.353,0.818046,-3.11499,2.353,0.882285,-3.11499,2.353,0.755557,-3.11499,2.353,0.883405,-3.11499,2.353,0.88965,-3.11499,2.353,0.894725,-3.11499,2.353,0.898746,-3.11499,2.353,0.901839,-3.11499,2.353,0.904122,-3.11499,2.353,0.90572,-3.11499,2.353,0.906743,-3.11499,2.353,0.907334,-3.11499,2.353,0.907592,-3.11499,2.353,0.907653,-3.11499,2.353,0.907451,-3.11499,2.353,0.906817,-3.11499,2.353,0.905684,-3.11499,2.353,0.904023,-3.11499,2.353,0.901759,-3.11499,2.353,0.898852,-3.11499,2.353,0.895246,-3.11499,2.353,0.890894,-3.11499,2.353,0.885737,-3.11499,2.353,0.879729,-3.11499,2.353,0.87281,-3.11499,2.353,0.864936,-3.11499,2.353,0.856047,-3.11499,2.353,0.846107,-3.11499,2.353,0.753197,-3.11499,2.353,0.816247,-3.11499,2.353,0.879305,-3.11499,2.353,0.751417,-3.11499,2.353,0.878145,-3.11499,2.353,0.873266,-3.11499,2.353,0.860878,-3.11499,2.353,0.842655,-3.11499,2.353,0.820283,-3.11499,2.353,0.795438,-3.11499,2.353,0.769804,-3.11499,2.353,0.745059,-3.11499,2.353,0.722888,-3.11499,2.353,0.704975,-3.11499,2.353,0.692996,-3.11499,2.353,10.1249,-3.11499,2.353,10.1304,-3.11499,2.353,10.139,-3.11499,2.353,10.15,-3.11499,2.353,10.163,-3.11499,2.353,10.1773,-3.11499,2.353,10.1925,-3.11499,2.353,10.208,-3.11499,2.353,10.2233,-3.11499,2.353,10.2378,-3.11499,2.353,10.251,-3.11499,2.353,10.2624,-3.11499,2.353,10.2713,-3.11499,2.353,10.2773,-3.11499,2.353,10.2798,-3.11499,2.353,10.1881,-3.11499,2.353,10.2524,-3.11499,2.353,10.3166,-3.11499,2.353,10.1899,-3.11499,2.353,10.3177,-3.11499,2.353,10.324,-3.11499,2.353,10.3291,-3.11499,2.353,10.3331,-3.11499,2.353,10.3362,-3.11499,2.353,10.3385,-3.11499,2.353,10.3411,-3.11499,2.353,10.3417,-3.11499,2.353,10.3419,-3.11499,2.353,10.342,-3.11499,2.353,10.3418,-3.11499,2.353,10.3412,-3.11499,2.353,10.3384,-3.11499,2.353,10.3361,-3.11499,2.353,10.3332,-3.11499,2.353,10.3296,-3.11499,2.353,10.3252,-3.11499,2.353,10.3201,-3.11499,2.353,10.3141,-3.11499,2.353,10.3071,-3.11499,2.353,10.2993,-3.11499,2.353,10.2904,-3.11499,2.353,10.2804,-3.11499,2.353,10.1875,-3.11499,2.353,10.2506,-3.11499,2.353,10.3136,-3.11499,2.353,10.1858,-3.11499,2.353,10.3125,-3.11499,2.353,10.3076,-3.11499,2.353,10.2952,-3.11499,2.353,10.277,-3.11499,2.353,10.2546,-3.11499,2.353,10.2298,-3.11499,2.353,10.2041,-3.11499,2.353,10.1794,-3.11499,2.353,10.1572,-3.11499,2.353,10.1393,-3.11499,2.353,10.1273,-3.11499,2.353],