{"is_global":true,"animation":{"fields":["time","attr"],"times":[0.0,0.0333333,0.0666667,0.1,0.133333,0.166667,0.2,0.233333,0.266667,0.3,0.333333,0.366667,0.4,0.433333,0.466667,0.5,0.533333,0.566667,0.6,0.633333,0.666667,0.7,0.733333,0.766667,0.8,0.833333,0.866667,0.9,0.933333,0.966667,1.0],"poses":[3.15716e-07,7.76026,-7.85268,2.44439e-07,9.82131,-6.86589,6.23934,1.16844,1.90735e-06,10.123,-3.11499,-2.3541,0.688019,-3.11499,-2.3536,0.794947,-3.07339,-2.3536,0.688627,-3.11499,2.353,10.123,-3.11499,2.353,0.758282,3.16783,-0.0350752,0.758282,3.16784,-0.0350752,3.1566e-07,7.8011,-7.85142,3.15271e-07,7.91322,-7.84261,3.14213e-07,8.08101,-7.81871,3.12153e-07,8.2889,-7.77216,3.03315e-07,8.58008,-7.63927,2.86107e-07,8.9542,-7.40968,2.66465e-07,9.33033,-7.15591,2.50326e-07,9.62752,-6.95048,2.43627e-07,9.76485,-6.86589,2.43649e-07,9.78812,-6.86589,2.43706e-07,9.8002,-6.86589,2.43786e-07,9.80571,-6.86589,2.43876e-07,9.80928,-6.86589,2.43963e-07,9.81554,-6.86589,2.44117e-07,9.81967,-6.86589,2.44784e-07,9.82333,-6.86589,2.47198e-07,9.82536,-6.86589,2.5495e-07,9.76763,-6.91397,2.67312e-07,9.61999,-7.02962,2.80352e-07,9.42071,-7.16995,2.9014e-07,9.20811,-7.29204,2.96793e-07,8.95745,-7.40209,3.02862e-07,8.64917,-7.5251,3.08067e-07,8.3293,-7.64637,3.12131e-07,8.04385,-7.75118,3.14773e-07,7.83883,-7.82485,0.724468,-3.11084,-2.3536,0.815124,-3.09576,-2.3536,0.931948,-3.06693,-2.3536,0.948477,-3.05755,-2.3536,0.877579,-3.03045,-2.3536,0.837521,-2.97325,-2.3536,0.839444,-2.94668,-2.3536,0.861579,-2.97105,-2.3536,0.858344,-3.01299,-2.3536,0.837287,-3.03667,-2.3536,0.822697,-3.04989,-2.3536,0.808377,-3.05793,-2.3536,0.793833,-3.06447,-2.3536,0.779205,-3.073,-2.3536,0.785375,-3.00427,-2.44273,0.763951,-3.17068,-2.23166,0.838806,-3.06327,-2.3536,0.910042,-3.04443,-2.3536,0.926012,-3.02968,-2.3536,0.894251,-3.01784,-2.3536,0.855605,-3.00785,-2.3536,0.84817,-2.9882,-2.3536,0.830159,-2.96379,-2.3536,0.762378,-2.96602,-2.3536,0.682324,-2.99864,-2.3536,0.624308,-3.04944,-2.3536,0.61752,-3.09593,-2.3536,0.734217,-3.1108,2.353,0.848959,-3.09537,2.353,0.999859,-3.06588,2.353,1.05541,-3.06006,2.353,1.02252,-3.04817,2.353,1.01197,-3.01799,2.353,1.02878,-3.02311,2.353,1.04965,-3.07172,2.353,1.04122,-3.12422,2.353,1.02043,-3.15148,2.353,1.00769,-3.16797,2.353,0.996347,-3.17956,2.353,0.985604,-3.19012,2.353,0.975332,-3.20333,2.353,0.956366,-3.28484,2.25864,1.00349,-3.2109,2.353,1.0838,-3.10095,2.47061,1.01682,-3.21969,2.353,1.06963,-3.21096,2.353,1.15122,-3.19112,2.353,1.1796,-3.17382,2.353,1.16328,-3.15351,2.353,1.13891,-3.12847,2.353,1.13998,-3.08775,2.353,1.12008,-3.0382,2.353,1.03578,-3.01449,2.353,0.921142,-3.02428,2.353,0.807727,-3.05884,2.353,0.722379,-3.09737,2.353],"quats":[6.1791212e-08,1.7936959e-09,-0.68629152,0.72732657,0.69996417,-0.71417803,3.0995022e-07,-3.6498656e-07,0.49999994,-0.50000018,0.49999994,-0.50000006,-0.34653696,0.61637026,-0.34653696,0.61637002,-0.33522975,0.62259221,-0.33522975,0.62259215,-0.99771953,0.067496307,-2.3492458e-07,-5.9704078e-08,-1.0,7.1525568e-07,-2.3841858e-07,-4.3711559e-08,0.6902613,-0.72356021,4.515671e-07,-4.9119706e-07,0.49213892,-0.87051666,-3.5400048e-05,-0.00020845444,0.47616881,-0.87935394,-3.1589574e-05,-0.00020906575,-2.185237e-07,2.1314116e-07,-0.69823545,0.71586818,-0.70710659,-0.70710695,-9.2725848e-08,-3.0908595e-08,-0.703233,-0.7032333,0.073912792,0.073912844,-0.69165468,-0.69165498,0.14701571,0.14701571,-0.6724984,-0.67249858,0.21850805,0.21850803,-0.6459741,-0.64597434,0.28760624,0.28760615,-0.61237222,-0.61237258,0.35355353,0.35355341,-0.5720613,-0.5720616,0.41562694,0.41562685,-0.52548259,-0.52548283,0.47314692,0.47314674,-0.47314674,-0.47314698,0.52548277,0.52548259,-0.41562682,-0.41562703,0.57206154,0.5720613,-0.35355335,-0.35355353,0.61237252,0.61237234,-0.28760612,-0.2876063,0.6459744,0.64597404,-0.21850789,-0.21850802,0.67249864,0.67249846,-0.14701565,-0.1470158,0.69165492,0.69165474,-0.07391277,-0.073912859,0.7032333,0.703233,1.2560743e-14,-6.1817239e-08,0.70710695,0.70710659,0.07391277,0.07391274,0.70323336,0.703233,0.14701572,0.14701572,0.69165486,0.69165474,0.21850798,0.21850802,0.6724987,0.67249835,0.28760624,0.28760627,0.64597434,0.64597404,0.35355332,0.35355344,0.61237258,0.61237228,0.41562694,0.41562709,0.5720616,0.57206118,0.47314662,0.4731468,0.52548307,0.52548265,-0.52548254,-0.52548271,-0.47314706,-0.4731468,-0.57206118,-0.57206142,-0.41562721,-0.415627,-0.61237222,-0.61237246,-0.35355365,-0.35355347,-0.64597392,-0.64597434,-0.28760645,-0.28760636,-0.67249835,-0.67249858,-0.21850827,-0.21850814,-0.69165462,-0.69165492,-0.14701599,-0.14701588,-0.703233,-0.7032333,-0.073913008,-0.073912911,-0.70710659,-0.70710695,-1.9949607e-07,-1.3767874e-07,0.5010047,-0.49899331,0.50100482,-0.49899313,-0.50286555,0.49711809,-0.50286549,0.49711791,0.50386453,-0.4961054,0.50386453,-0.49610531,-0.49410564,0.50582576,-0.49410564,0.50582558,-0.46868536,0.52946621,-0.46868536,0.52946568,-0.43346778,0.55866426,-0.43346778,0.55866414,-0.39549756,0.58615845,-0.39549756,0.58615834,-0.36334327,0.60661495,-0.36334324,0.60661495,-0.34236607,0.61869663,-0.34236607,0.61869657,-0.33984253,0.62008637,-0.33984253,0.62008631,-0.33791634,0.62113804,-0.33791634,0.6211381,-0.33613598,0.62210333,-0.33613598,0.62210339,-0.33412254,0.62318724,-0.33412251,0.62318701,-0.34137303,0.63095874,-0.32420945,0.61663908,-0.32695353,0.60693663,-0.34727019,0.63571435,-0.33949938,0.62027431,-0.33949938,0.62027425,-0.35560822,0.61118162,-0.35560822,0.61118138,-0.37071618,0.60213751,-0.37071618,0.60213739,-0.38995305,0.58986157,-0.38995305,0.58986151,-0.41144526,0.5750764,-0.41144526,0.57507628,-0.43342286,0.55869907,-0.43342286,0.55869901,-0.45427224,0.54188275,-0.45427224,0.54188246,-0.47256315,0.52600795,-0.47256315,0.52600759,-0.4870382,0.51263404,-0.4870382,0.51263416,-0.49655908,0.50341737,-0.49655908,0.50341737,-0.99600005,0.089352809,-2.3355925e-07,-6.4839917e-08,-0.99380183,0.11116633,-2.3208158e-07,-6.9944562e-08,-0.99944079,0.033437923,-2.3682369e-07,-5.1659171e-08,-0.99900967,-0.044493672,-2.4012738e-07,-3.3059983e-08,-0.99916154,-0.040941615,-2.4000832e-07,-3.3913487e-08,-0.99949664,-0.031724799,-2.3968533e-07,-3.6125616e-08,-0.99981946,-0.019002777,-2.3920617e-07,-3.9172871e-08,-0.99998778,-0.0049388288,-2.386316e-07,-4.2533358e-08,-0.99996555,0.0083006071,-2.3804758e-07,-4.5688903e-08,-0.99982798,0.018549271,-2.3756675e-07,-4.8126356e-08,-0.9995538,0.021301677,-0.0034430695,-0.020655276,-0.99893045,0.046238046,-2.3614248e-07,-5.4688652e-08,-0.99762982,0.060509428,0.0019833278,-0.032703415,-0.99720132,0.074762784,-2.3448339e-07,-6.1413907e-08,-0.99604642,0.088834256,-2.3359297e-07,-6.4718321e-08,-0.99451661,0.10457855,-2.3254002e-07,-6.8405178e-08,-0.99286723,0.11922523,-2.3150652e-07,-7.1825127e-08,-0.99151117,0.13002175,-2.3071127e-07,-7.4339937e-08,-0.99095029,0.1342293,-2.3039365e-07,-7.5318582e-08,-0.99101108,0.13377973,-2.3042777e-07,-7.5214047e-08,-0.99143088,0.13063219,-2.3066545e-07,-7.4481974e-08,-0.99251997,0.12208233,-2.3129887e-07,-7.2491126e-08,-0.99643368,0.084379844,-2.3388e-07,-6.367322e-08,-0.9996379,0.026908912,-2.3715606e-07,-5.0111151e-08,-0.99999601,-0.0028298574,-2.3854136e-07,-4.3036529e-08,-0.99998993,0.0044893883,-2.3822e-07,-4.4781306e-08,-0.99975926,0.02194126,-2.3740213e-07,-4.8932069e-08,-0.99908531,0.042761713,-2.3633136e-07,-5.3866593e-08,-0.99818683,0.060191974,-2.3535527e-07,-5.7983023e-08,-0.99901056,0.044473991,-1.9800852e-07,-5.2569625e-08,-0.99806923,0.062111896,-2.5701749e-07,-5.9790658e-08,-0.99535978,-0.096223004,-2.437628e-07,-2.0350221e-08,-0.98647541,-0.1639093,-1.9580854e-07,-1.177581e-08,-0.98869652,-0.14993072,-2.4223851e-07,-7.4769195e-09,-0.98730522,-0.15883465,-2.4035572e-07,-5.6057354e-09,-0.98740739,-0.15819818,-2.6023741e-07,-2.5747358e-09,-0.98948836,-0.14461276,-2.390814e-07,-9.2342427e-09,-0.9947291,-0.10253787,-2.7809367e-07,-1.527679e-08,-0.99941438,-0.034218926,-2.3402944e-07,-3.5724057e-08,-0.99999672,-0.002558128,-2.6783547e-07,-4.3026375e-08,-0.99989915,0.014199732,-2.696618e-07,