{"is_global":true,"animation":{"fields":["time","attr"],"times":[0.0,0.033333,0.066666,0.1,0.133333,0.166666,0.2,0.233333,0.266666,0.3,0.333333,0.366666,0.4,0.433333,0.466666,0.5,0.533333,0.566666,0.6,0.633333,0.666666,0.7,0.733333,0.766666,0.8,0.833333,0.866666,0.9,0.933333],"poses":[-0.024946,21.763,-7.54169,-0.024946,21.763,-7.52879,-0.024946,21.763,-7.49268,-0.024946,21.763,-7.43722,-0.024946,21.763,-7.36628,-0.024946,21.763,-7.28374,-0.024946,21.763,-7.19346,-0.024946,21.763,-7.09931,-0.024946,21.763,-7.00516,-0.024946,21.763,-6.91488,-0.024946,21.763,-6.83233,-0.024946,21.763,-6.76139,-0.024946,21.763,-6.70594,-0.024946,21.763,-6.66982,8.0,-1.38539,-16.0,52.8923,-3.97866,-10.442,8.0,-1.38537,16.0,52.8923,-3.97866,10.4667,11.3194,14.0938,-4.70292,17.5324,-1.02742,0.062725,16.0439,-2.56949,-3.4e-05,15.5418,-2.969,-0.395048,11.3194,14.0938,4.75281,17.5324,1.02745,-2.6e-05,16.0439,2.56945,0.062732,15.5418,2.96899,-0.395044,6.0,14.0191,2e-06,8.00004,0.0,1.3e-05,5.99996,-0.0,-3.8e-05,-0.024946,21.763,-6.65693,8.1474,-1.20451,-16.1396,7.7759,-1.37575,-16.2794,7.7668,-1.47426,-16.0349,8.1963,-1.17308,-15.7589,8.15,-0.899708,-15.7219,7.6455,-0.998516,-15.7166,7.6343,-1.13827,-16.0091,8.0666,-0.892543,-16.3017,8.0105,-0.612562,-16.013,7.5045,-0.721448,-15.7242,7.4934,-0.806692,-15.7295,7.9313,-0.515393,-15.7666,7.9044,-0.32559,-16.0191,7.4322,-0.545812,-16.2665,7.4651,-0.75503,-16.2973,7.9495,-0.589453,-16.3017,7.953,-0.413192,-16.0165,7.5084,-0.640458,-15.7312,7.5586,-0.915962,-15.7374,8.0561,-0.811504,-15.7805,8.0821,-0.756415,-16.0358,7.6539,-1.08305,-16.2806,7.7188,-1.3662,-16.3115,8.2224,-1.25066,-16.3158,8.2305,-1.09248,-16.0306,7.7777,-1.30166,-15.7453,7.6971,-1.55058,-15.8727,52.9107,-3.91776,-10.4507,52.7844,-3.97214,-10.5134,52.7717,-4.02108,-10.4475,52.8928,-3.97642,-10.4075,52.8496,-3.84149,-10.4081,52.7041,-3.8884,-10.4124,52.6796,-3.95003,-10.459,52.8394,-3.87835,-10.5276,52.7962,-3.72853,-10.5264,52.6194,-3.79,-10.5177,52.6046,-3.83843,-10.4484,52.7717,-3.73156,-10.4124,52.7487,-3.63312,-10.4133,52.5516,-3.72027,-10.4197,52.5703,-3.79019,-10.4622,52.7248,-3.726,-10.525,52.7405,-3.65712,-10.524,52.5881,-3.80305,-10.5175,52.6352,-3.9337,-10.4492,52.7912,-3.89614,-10.4122,52.8212,-3.83222,-10.4129,52.6377,-3.92328,-10.4172,52.6885,-3.99184,-10.4627,52.85,-3.9229,-10.5299,52.872,-3.85351,-10.5284,52.7508,-3.96952,-10.5175,52.78,-4.0351,-10.4481,7.5797,-1.11776,15.8622,7.6341,-1.21194,15.7113,8.1236,-1.48865,15.696,8.1565,-1.3692,15.6939,7.6102,-1.08117,15.984,7.5061,-1.13802,16.274,7.9837,-1.10265,16.2691,8.0106,-0.718919,16.2342,7.4666,-0.432006,15.9749,7.3627,-0.551042,15.7213,7.8502,-0.825697,15.6929,7.8915,-0.722118,15.6889,7.3652,-0.474055,15.9853,7.2931,-0.607828,16.2815,7.8141,-0.681605,16.2747,7.8935,-0.426328,16.2267,7.4081,-0.284627,15.9619,7.3663,-0.558163,15.7138,7.9158,-0.971356,15.6855,8.0163,-1.00063,15.6814,7.5431,-0.89339,15.9802,7.5148,-1.14505,16.2791,8.0678,-1.29547,16.2719,8.1663,-1.08754,16.2218,7.6873,-0.965232,15.9464,7.6391,-1.21937,15.7138,8.02429,-1.51049,15.8569,52.7982,-3.90711,10.452,52.7502,-4.02025,10.4345,52.8334,-4.06357,10.4222,52.8217,-3.99382,10.4205,52.685,-3.84198,10.4578,52.6234,-3.89669,10.5037,52.7613,-3.93185,10.5028,52.7421,-3.84639,10.4967,52.534,-3.71037,10.467,52.4787,-3.79034,10.4381,52.6787,-3.81719,10.4227,52.6755,-3.68446,10.4205,52.4401,-3.57164,10.4568,52.4104,-3.62024,10.502,52.6429,-3.7498,10.5017,52.6762,-3.70699,10.5002,52.477,-3.64619,10.4703,52.4828,-3.6988,10.4345,52.6923,-3.80226,10.4161,52.749,-3.74791,10.4134,52.6164,-3.81818,10.4524,52.6316,-3.90417,10.5002,52.7786,-3.96519,10.5,52.8302,-3.92049,10.4984,52.7564,-3.80445,10.4588,52.7557,-3.95189,10.4293,52.8691,-4.03286,10.444],"quats":[-0.001573,-0.0,-0.0,0.999998,-0.008566,-0.0,-0.0,0.999963,0.005418,-0.0,0.0,0.999985,2.3841861e-07,-0.0,0.0,1.0,-0.356636,-0.625954,0.609801,-0.330352,-0.354369,-0.625035,0.611103,-0.332122,-0.351749,-0.623938,0.612599,-0.334209,-0.348335,-0.62245,0.614533,-0.336995,-0.344279,-0.620598,0.616809,-0.340403,-0.339732,-0.618405,0.619331,-0.344359,-0.334844,-0.615907,0.622004,-0.34878,-0.329758,-0.613144,0.624739,-0.353571,-0.324611,-0.610171,0.627455,-0.358632,-0.319533,-0.607051,0.630079,-0.363849,-0.314643,-0.603861,0.632548,-0.369098,-0.310049,-0.600687,0.634811,-0.374244,-0.305849,-0.597625,0.636826,-0.379145,0.000123,-1e-06,-0.328951,0.944346,-4.1e-05,3.1e-05,-0.607111,0.794616,2.9e-05,-4.2e-05,-0.823549,0.567243,0.330352,-0.609802,0.625954,0.356637,0.332122,-0.611103,0.625034,0.354369,0.334209,-0.612599,0.623937,0.35175,0.336994,-0.614533,0.62245,0.348336,0.340403,-0.61681,0.620598,0.344279,0.348779,-0.622004,0.615907,0.334844,0.353571,-0.62474,0.613144,0.329758,0.358632,-0.627456,0.610171,0.324612,0.363848,-0.63008,0.60705,0.319534,0.369097,-0.632549,0.60386,0.314643,0.374244,-0.634811,0.600686,0.310049,0.379145,-0.636827,0.597625,0.305849,-1e-05,3e-05,0.32901,0.944326,1e-05,-1.6e-05,0.607149,0.794587,-0.009255,-0.707046,0.707046,0.009255,-0.0,-0.0,0.0,1.0,0.5,-0.5,0.5,-0.499999,-0.5,0.5,-0.5,0.499999,-0.356046,-0.625717,0.610141,-0.330809,-0.302131,-0.59478,0.638564,-0.38365,-0.356046,-0.625718,0.610141,-0.330809,0.000232,0.00199,-0.328744,0.944416,0.00045,0.006034,-0.328327,0.944544,0.000729,0.011221,-0.327837,0.944667,0.001023,0.016904,-0.327389,0.944737,0.001306,0.022623,-0.32707,0.944728,0.001554,0.028054,-0.326938,0.944627,0.001753,0.032966,-0.327021,0.94444,0.001893,0.037188,-0.327319,0.944179,0.001968,0.040602,-0.327807,0.943869,0.001976,0.043122,-0.328443,0.943536,0.001915,0.04469,-0.329167,0.943211,0.001785,0.045265,-0.329909,0.942924,0.001587,0.044824,-0.330596,0.942705,0.001321,0.043355,-0.331153,0.942579,0.001144,0.024756,-0.329486,0.943835,0.000859,0.01056,-0.328265,0.944526,0.000566,-0.000232,-0.327505,0.944849,0.000267,-0.008299,-0.327162,0.944931,-1.4e-05,-0.014125,-0.327166,0.944861,-0.000259,-0.01805,-0.327429,0.944703,-0.000454,-0.020319,-0.327858,0.944508,-0.000658,-0.020543,-0.328857,0.944155,-0.000656,-0.018722,-0.329262,0.944052,-0.000578,-0.015713,-0.329511,0.94402,-0.000423,-0.01157,-0.329557,0.944064,-0.000189,-0.006326,-0.329372,0.944178,0.000456,0.00207,-0.606951,0.794735,0.00147,0.006259,-0.606626,0.794961,0.002755,0.011624,-0.606243,0.795189,0.004138,0.017495,-0.605895,0.79534,0.005494,0.023394,-0.605654,0.795365,0.006732,0.02898,-0.605569,0.795236,0.007789,0.034007,-0.605664,0.794955,0.008622,0.038301,-0.605942,0.794539,0.009201,0.041735,-0.606381,0.794024,0.009508,0.044225,-0.606944,0.793455,0.009533,0.045711,-0.60758,0.792884,0.009272,0.046157,-0.608227,0.792365,0.008724,0.045545,-0.608821,0.79195,0.00789,0.043864,-0.609297,0.791687,0.005199,0.02528,-0.608182,0.793377,0.002837,0.011001,-0.607227,0.794447,0.000822,5.7e-05,-0.606549,0.795045,-0.000861,-0.008179,-0.606173,0.79529,-0.002215,-0.014168,-0.606068,0.795282,-0.003238,-0.018234,-0.606182,0.795109,-0.003935,-0.020611,-0.606445,0.794847,-0.004368,-0.02094,-0.607132,0.794312,-0.004114,-0.019113,-0.607421,0.794139,-0.003553,-0.016061,-0.607596,0.794075,-0.002687,-0.011835,-0.607616,0.794137,-0.001517,-0.006465,-0.607456,0.794325,0.000672,0.001408,-0.823505,0.567306,0.001978,0.004362,-0.823409,0.567428,0.003637,0.008145,-0.823296,0.567541,0.005422,0.012279,-0.823199,0.567592,0.007171,0.01643,-0.823145,0.567547,0.008768,0.020357,-0.823152,0.567388,0.010129,0.023888,-0.823231,0.567112,0.011198,0.026899,-0.823383,0.566737,0.011937,0.029303,-0.8236,0.566287,0.012321,0.031039,-0.823865,0.5658,0.012337,0.032066,-0.824158,0.565316,0.011978,0.03236,-0.824451,0.564879,0.011241,0.031908,-0.824715,0.564535,0.010126,0.030704,-0.824923,0.564319,0.006748,0.01769,-0.824447,0.565621,0.003752,0.007698,-0.823978,0.566556,0.001175,2.6e-05,-0.823597,0.567173,-0.000994,-0.005756,-0.823334,0.567526,-0.002748,-0.00997,-0.823191,0.567669,-0.004083,-0.012839,-0.823153,0.567659,-0.004998,-0.014525,-0.823195,0.56755,-0.00526,-0.01351,-0.823527,0.56709,-0.004535,-0.01137,-0.823615,0.567015,-0.003411,-0.008399,-0.823655,0.567018,