{"is_global":true,"animation":{"fields":["time","attr"],"times":[0.0,0.033333,0.066666,0.1,0.133333,0.166666,0.2,0.233333,0.266666,0.3,0.333333,0.366666,0.4,0.433333,0.466666,0.5,0.533333,0.566666,0.6,0.633333,0.666666,0.7,0.733333,0.766666,0.8,0.833333,0.866666,0.9,0.933333,0.966666,1.0,1.03333,1.06667,1.1,1.13333,1.16667,1.2,1.23333,1.26667,1.3,1.33333,1.36667,1.4,1.43312,1.46667,1.5,1.53333,1.56667,1.6,1.63333,1.66667,1.7,1.73333,1.76667,1.8,1.83333,1.86667,1.9,1.93333,1.96667,2.0],"poses":[-4.66135,-1.57021,1.6044,-4.60729,-1.57021,1.6044,-4.55009,-1.57021,1.6044,-4.49009,-1.57021,1.6044,-4.42765,-1.57021,1.6044,-4.36311,-1.57021,1.6044,-4.29683,-1.57021,1.6044,-4.22916,-1.57021,1.6044,-4.16043,-1.57021,1.6044,-4.09101,-1.57021,1.6044,-4.02124,-1.57021,1.6044,-3.95147,-1.57021,1.6044,-3.88204,-1.57021,1.6044,-3.81332,-1.57021,1.6044,-3.74564,-1.57021,1.6044,-3.67936,-1.57021,1.6044,-3.61483,-1.57021,1.6044,-3.49239,-1.57021,1.6044,-3.43519,-1.57021,1.6044,-3.38113,-1.57021,1.6044,-3.33056,-1.57021,1.6044,-3.28383,-1.57021,1.6044,-3.24129,-1.57021,1.6044,-3.20329,-1.57021,1.6044,-3.17018,-1.57021,1.6044,-3.14231,-1.57021,1.6044,-3.12002,-1.57021,1.6044,-3.10367,-1.57021,1.6044,-3.0936,-1.57021,1.6044,-3.84125,1.60604,-1.52655,-3.902,1.60604,-1.52655,-3.96627,1.60604,-1.52655,-4.03369,1.60604,-1.52655,-4.10385,1.60604,-1.52655,-4.17636,1.60604,-1.52655,-4.25084,1.60604,-1.52655,-4.32689,1.60604,-1.52655,-4.40411,1.60604,-1.52655,-4.48212,1.60604,-1.52655,-4.56052,1.60604,-1.52655,-4.63892,1.60604,-1.52655,-4.71693,1.60604,-1.52655,-4.79415,1.60604,-1.52655,-4.8702,1.60604,-1.52655,-4.94468,1.60604,-1.52655,-5.0172,1.60604,-1.52655,-5.15477,1.60604,-1.52655,-5.21905,1.60604,-1.52655,-5.2798,1.60604,-1.52655,-5.33662,1.60604,-1.52655,-5.38912,1.60604,-1.52655,-5.43692,1.60604,-1.52655,-5.47962,1.60604,-1.52655,-5.51683,1.60604,-1.52655,-5.54815,1.60604,-1.52655,-5.57319,1.60604,-1.52655,-5.59157,1.60604,-1.52655,-5.60288,1.60604,-1.52655,10.6389,3.01263,-2.10842,10.6642,3.00639,2.08882,-3.55239,-1.57021,1.6044,-3.09017,-1.57021,1.6044,-3.552,-1.57021,1.6044,-5.08736,1.60604,-1.52655,-5.60674,1.60604,-1.52655,-5.08779,1.60604,-1.52655,10.6389,3.01263,-2.12153,10.6389,3.01263,-2.13505,10.6389,3.01263,-2.14891,10.6389,3.01263,-2.16304,10.6389,3.01263,-2.17737,10.6389,3.01263,-2.19182,10.6389,3.01263,-2.20632,10.6389,3.01263,-2.22079,10.6389,3.01263,-2.23516,10.6389,3.01263,-2.24937,10.6389,3.01263,-2.26333,10.6389,3.01263,-2.27697,10.6389,3.01263,-2.29022,10.6389,3.01263,-2.30301,10.6389,3.01263,-2.31526,10.6389,3.01263,-2.3269,10.6389,3.01263,-2.33785,10.6389,3.01263,-2.34805,10.6389,3.01263,-2.35742,10.6389,3.01263,-2.36588,10.6389,3.01263,-2.37354,10.6389,3.01263,-2.38055,10.6389,3.01263,-2.38695,10.6389,3.01263,-2.39277,10.6389,3.01263,-2.39802,10.6389,3.01263,-2.40274,10.6389,3.01263,-2.40696,10.6389,3.01263,-2.4107,10.6389,3.01263,-2.41398,10.6389,3.01263,-2.41683,10.6389,3.01263,-2.41929,10.6389,3.01263,-2.42137,10.6389,3.01263,-2.42311,10.6389,3.01263,-2.42453,10.6389,3.01263,-2.42566,10.6389,3.01263,-2.42652,10.6389,3.01263,-2.42714,10.6389,3.01263,-2.42756,10.6389,3.01263,-2.42779,10.6389,3.01263,-2.42786,10.6389,3.01263,-2.4263,10.6389,3.01263,-2.42179,10.6389,3.01263,-2.41461,10.6389,3.01263,-2.40486,10.6389,3.01263,-2.39292,10.6389,3.01263,-2.37898,10.6389,3.01263,-2.36329,10.6389,3.01263,-2.34608,10.6389,3.01263,-2.32759,10.6389,3.01263,-2.30807,10.6389,3.01263,-2.28774,10.6389,3.01263,-2.26686,10.6389,3.01263,-2.24566,10.6389,3.01263,-2.22438,10.6389,3.01263,-2.20325,10.6389,3.01263,-2.18253,10.6389,3.01263,-2.16245,10.6389,3.01263,-2.14324,10.6389,3.01263,-2.12515,10.6642,3.00639,2.10291,10.6642,3.00639,2.11746,10.6642,3.00639,2.13238,10.6642,3.00639,2.14759,10.6642,3.00639,2.16301,10.6642,3.00639,2.17856,10.6642,3.00639,2.19417,10.6642,3.00639,2.20975,10.6642,3.00639,2.22522,10.6642,3.00639,2.24051,10.6642,3.00639,2.25554,10.6642,3.00639,2.27022,10.6642,3.00639,2.28447,10.6642,3.00639,2.29822,10.6642,3.00639,2.3114,10.6642,3.00639,2.3239,10.6642,3.00639,2.33568,10.6642,3.00639,2.34662,10.6642,3.00639,2.35667,10.6642,3.00639,2.36574,10.6642,3.00639,2.37393,10.6642,3.00639,2.38141,10.6642,3.00639,2.38823,10.6642,3.00639,2.39441,10.6642,3.00639,2.39997,10.6642,3.00639,2.40495,10.6642,3.00639,2.40938,10.6642,3.00639,2.4133,10.6642,3.00639,2.41672,10.6642,3.00639,2.41969,10.6642,3.00639,2.42223,10.6642,3.00639,2.42437,10.6642,3.00639,2.42615,10.6642,3.00639,2.42759,10.6642,3.00639,2.42873,10.6642,3.00639,2.42958,10.6642,3.00639,2.4302,10.6642,3.00639,2.4306,10.6642,3.00639,2.43082,10.6642,3.00639,2.43089,10.6642,3.00639,2.42922,10.6642,3.00639,2.42439,10.6642,3.00639,2.41671,10.6642,3.00639,2.40626,10.6642,3.00639,2.39348,10.6642,3.00639,2.37855,10.6642,3.00639,2.36175,10.6642,3.00639,2.34332,10.6642,3.00639,2.32352,10.6642,3.00639,2.30261,10.6642,3.00639,2.28085,10.6642,3.00639,2.25848,10.6642,3.00639,2.23578,10.6642,3.00639,2.21299,10.6642,3.00639,2.19037,10.6642,3.00639,2.16818,10.6642,3.00639,2.14667,10.6642,3.00639,2.1261,10.6642,3.00639,2.10673],