{
  "animation": {
    "fields": [
      "time",
      "attr"
    ],
    "times": [
      0,
      0.5,
      1.33333
    ],
    "poses": [
      -2.666,
      3.58767,
      2.38419e-7,
      -2.81278,
      3.58767,
      2.38419e-7
    ],
    "quats": [],
    "scales": [],
    "length": 1.333333,
    "tracks": {
      "Bone001": {
        "pos": [
          0,
          0,
          1,
          1,
          2,
          0
        ]
      }
    }
  },
  "is_global": true,
  "version": "0.1.0"
}
