{"animation":{"fields":["time","attr"],"times":[0.0,0.666666,1.33333],"poses":[2.49193,2.93121,9.53674e-07,2.70292,2.93121,9.53674e-07],"quats":[],"scales":[],"length":1.333333,"tracks":{"Bone002":{"pos":[0,0,1,1,2,0]}}},"is_global":true,"version":"0.1.0"}