{
  "animation": {
    "fields": [
      "time",
      "attr"
    ],
    "times": [
      0,
      0.033333,
      0.066666,
      0.1,
      0.133333,
      0.166666,
      0.2,
      0.233333,
      0.266666,
      0.3,
      0.333333,
      0.366666,
      0.4,
      0.433333,
      0.466666,
      0.5,
      0.533333,
      0.566666,
      0.6,
      0.633333,
      0.666666
    ],
    "poses": [
      2.37902e-7,
      5.13106,
      -7.26493,
      -10.2141,
      -2.5005,
      -0.000001,
      18.601,
      -2.5005,
      0.000003,
      -7.41864,
      2.30081,
      0,
      0.407415,
      5.13106,
      -7.25469,
      -0.000147,
      5.13106,
      -7.21825,
      -0.407709,
      5.13106,
      -7.1727,
      0,
      5.13106,
      -7.12163,
      0.407709,
      5.13106,
      -7.06861,
      0,
      5.13106,
      -7.01722,
      -0.407709,
      5.13106,
      -6.97102,
      0,
      5.13106,
      -6.9336,
      0.407709,
      5.13106,
      -6.90852,
      0,
      5.13106,
      -6.89937,
      -0.407709,
      5.13106,
      -6.90961,
      0,
      5.13106,
      -6.93739,
      0.407709,
      5.13106,
      -6.97833,
      0,
      5.13106,
      -7.02805,
      -0.407709,
      5.13106,
      -7.08215,
      0,
      5.13106,
      -7.13625,
      0.407709,
      5.13106,
      -7.18597,
      0,
      5.13106,
      -7.22691,
      -0.407709,
      5.13106,
      -7.25469,
      -10.2141,
      -2.50017,
      -0.34134,
      -10.2141,
      -2.45381,
      0.00635,
      -10.2141,
      -2.41645,
      0.356027,
      -10.2141,
      -2.35719,
      0.005959,
      -10.2141,
      -2.31417,
      -0.346561,
      -10.2141,
      -2.25278,
      0.005695,
      -10.2141,
      -2.21482,
      0.360347,
      -10.2141,
      -2.16916,
      0.005483,
      -10.2141,
      -2.15413,
      -0.350799,
      -10.2141,
      -2.13493,
      0.005397,
      -10.2141,
      -2.15342,
      0.361663,
      -10.2141,
      -2.17295,
      0.005493,
      -10.2141,
      -2.22392,
      -0.348951,
      -10.2141,
      -2.26361,
      0.005722,
      -10.2141,
      -2.32592,
      0.357967,
      -10.2141,
      -2.37181,
      0.005996,
      -10.2141,
      -2.43149,
      -0.343453,
      -10.2141,
      -2.46247,
      0.006225,
      -10.2141,
      -2.49842,
      0.354271,
      18.601,
      -2.50017,
      -0.341335,
      18.601,
      -2.45381,
      0.006355,
      18.601,
      -2.41645,
      0.356032,
      18.601,
      -2.35719,
      0.005964,
      18.601,
      -2.31417,
      -0.346556,
      18.601,
      -2.25278,
      0.0057,
      18.601,
      -2.21481,
      0.360352,
      18.601,
      -2.16916,
      0.005488,
      18.601,
      -2.15413,
      -0.350794,
      18.601,
      -2.13493,
      0.005402,
      18.601,
      -2.15342,
      0.361668,
      18.601,
      -2.17295,
      0.005498,
      18.601,
      -2.22392,
      -0.348946,
      18.601,
      -2.26361,
      0.005727,
      18.601,
      -2.32592,
      0.357972,
      18.601,
      -2.37181,
      0.006001,
      18.601,
      -2.43149,
      -0.343449,
      18.601,
      -2.46247,
      0.00623,
      18.601,
      -2.49842,
      0.354276,
      -7.41864,
      2.28616,
      -0.468108,
      -7.41864,
      2.2981,
      -0.005663,
      -7.41864,
      2.28122,
      0.456678,
      -7.41864,
      2.27696,
      -0.005757,
      -7.41864,
      2.24813,
      -0.467395,
      -7.41864,
      2.24082,
      -0.005666,
      -7.41864,
      2.21321,
      0.455221,
      -7.41864,
      2.20669,
      -0.005579,
      -7.41864,
      2.18413,
      -0.465699,
      -7.41864,
      2.19154,
      -0.005541,
      -7.41864,
      2.18536,
      0.454624,
      -7.41864,
      2.2029,
      -0.00557,
      -7.41864,
      2.20358,
      -0.466215,
      -7.41864,
      2.22999,
      -0.005638,
      -7.41864,
      2.23693,
      0.455729,
      -7.41864,
      2.26234,
      -0.00572,
      -7.41864,
      2.26562,
      -0.467858,
      -7.41864,
      2.28944,
      -0.005789,
      -7.41864,
      2.28849,
      0.456834,
      -2.02583,
      3.32071,
      9.53674e-7
    ],
    "quats": [
      -0.000893,
      -0.000893,
      -0.707106,
      0.707106,
      -0.009361,
      -0.009361,
      -0.707044,
      0.707044,
      0.007573,
      0.007573,
      -0.707066,
      0.707066,
      -0.499367,
      0.499367,
      -0.500631,
      0.500631,
      -0.001842,
      0.001842,
      0.707104,
      0.707104,
      -0.493336,
      0.493336,
      -0.506575,
      0.506575,
      0.505326,
      -0.505326,
      0.494615,
      -0.494615,
      -0.018914,
      0.018915,
      0.706853,
      0.706853,
      0.015231,
      -0.01523,
      0.706942,
      0.706942,
      0,
      0,
      -0.707106,
      0.707106,
      0.5,
      -0.5,
      0.5,
      -0.499999,
      3.3717461e-7,
      0,
      0.707106,
      0.707106,
      -0.5,
      -0.5,
      0.499999,
      0.499999
    ],
    "scales": [],
    "length": 0.666666,
    "tracks": {
      "Bone001": {
        "pos": [
          0,
          0,
          1,
          4,
          2,
          5,
          3,
          6,
          4,
          7,
          5,
          8,
          6,
          9,
          7,
          10,
          8,
          11,
          9,
          12,
          10,
          13,
          11,
          14,
          12,
          15,
          13,
          16,
          14,
          17,
          15,
          18,
          16,
          19,
          17,
          20,
          18,
          21,
          19,
          22,
          20,
          0
        ],
        "quat": [
          0,
          10,
          1,
          5,
          2,
          3,
          3,
          6,
          4,
          3,
          5,
          5,
          6,
          3,
          7,
          6,
          8,
          3,
          9,
          5,
          10,
          3,
          11,
          6,
          12,
          3,
          13,
          5,
          14,
          3,
          15,
          6,
          16,
          3,
          17,
          5,
          18,
          3,
          19,
          6,
          20,
          10
        ]
      },
      "Bone003": {
        "pos": [
          0,
          1,
          1,
          23,
          2,
          24,
          3,
          25,
          4,
          26,
          5,
          27,
          6,
          28,
          7,
          29,
          8,
          30,
          9,
          31,
          10,
          32,
          11,
          33,
          12,
          34,
          13,
          35,
          14,
          36,
          15,
          37,
          16,
          38,
          17,
          39,
          18,
          40,
          19,
          41,
          20,
          1
        ],
        "quat": [
          0,
          9,
          1,
          1,
          2,
          0,
          3,
          2,
          4,
          0,
          5,
          1,
          6,
          0,
          7,
          2,
          8,
          0,
          9,
          1,
          10,
          0,
          11,
          2,
          12,
          0,
          13,
          1,
          14,
          0,
          15,
          2,
          16,
          0,
          17,
          1,
          18,
          0,
          19,
          2,
          20,
          9
        ]
      },