{
  "animation": {
    "fields": [
      "time",
      "attr"
    ],
    "times": [
      0,
      0.033333,
      0.066666,
      0.1,
      0.133333,
      0.166666,
      0.2,
      0.233333,
      0.266666,
      0.3,
      0.333333,
      0.366666
    ],
    "poses": [
      1.19209e-7,
      0,
      -0.000001,
      4.94974,
      -0.000001,
      4.88006,
      4.94974,
      -0.000001,
      4.90898,
      4.94974,
      -0.000001,
      4.98829,
      4.94974,
      -0.000001,
      5.10677,
      4.94974,
      -0.000001,
      5.25325,
      4.94974,
      -0.000001,
      5.41652,
      4.94974,
      -0.000002,
      5.58538,
      4.94974,
      -0.000002,
      5.74865,
      4.94974,
      -0.000002,
      5.89513,
      4.94974,
      -0.000002,
      6.01362,
      4.94974,
      -0.000002,
      6.09292,
      4.94974,
      -0.000002,
      6.12184,
      3.53553,
      -0.000001,
      4.88006,
      3.53553,
      -0.000001,
      4.93848,
      3.53553,
      -0.000001,
      5.09868,
      3.53553,
      -0.000001,
      5.33802,
      3.53553,
      -0.000001,
      5.63391,
      3.53553,
      -0.000001,
      5.96371,
      3.53553,
      -0.000001,
      6.30483,
      3.53553,
      -0.000001,
      6.63464,
      3.53553,
      -0.000001,
      6.93052,
      3.53553,
      -0.000001,
      7.16987,
      3.53553,
      -0.000001,
      7.33006,
      3.53553,
      -0.000001,
      7.38848,
      2.12132,
      -0.000001,
      4.88006,
      2.12132,
      -0.000001,
      4.96856,
      2.12132,
      -0.000001,
      5.21123,
      2.12132,
      -0.000001,
      5.57381,
      2.12132,
      -0.000001,
      6.02203,
      2.12132,
      -0.000001,
      6.52164,
      2.12132,
      -0.000001,
      7.03838,
      2.12132,
      -0.000001,
      7.53799,
      2.12132,
      -0.000001,
      7.98622,
      2.12132,
      -0.000001,
      8.34879,
      2.12132,
      -0.000002,
      8.59146,
      2.12132,
      -0.000002,
      8.67996,
      0.707104,
      -9.53674e-7,
      4.88006,
      0.707104,
      -9.73345e-7,
      5.00081,
      0.707104,
      -0.000001,
      5.3319,
      0.707104,
      -0.000001,
      5.82659,
      0.707104,
      -0.000001,
      6.43813,
      0.707104,
      -0.000001,
      7.11979,
      0.707104,
      -0.000001,
      7.82482,
      0.707104,
      -0.000001,
      8.50648,
      0.707104,
      -0.000001,
      9.11802,
      0.707104,
      -0.000001,
      9.61271,
      0.707104,
      -0.000001,
      9.9438,
      0.707104,
      -0.000001,
      10.0646,
      -0.707107,
      -9.53674e-7,
      4.88006,
      -0.707107,
      -9.73345e-7,
      5.00081,
      -0.707107,
      -0.000001,
      5.3319,
      -0.707107,
      -0.000001,
      5.82659,
      -0.707107,
      -0.000001,
      6.43813,
      -0.707107,
      -0.000001,
      7.11979,
      -0.707107,
      -0.000001,
      7.82482,
      -0.707107,
      -0.000001,
      8.50648,
      -0.707107,
      -0.000001,
      9.11802,
      -0.707107,
      -0.000001,
      9.61271,
      -0.707107,
      -0.000001,
      9.9438,
      -0.707107,
      -0.000001,
      10.0646,
      -2.12132,
      -4.76837e-7,
      4.88006,
      -2.12132,
      -4.91254e-7,
      4.96856,
      -2.12132,
      -5.30786e-7,
      5.21123,
      -2.12132,
      -5.8985e-7,
      5.5738,
      -2.12132,
      -6.62866e-7,
      6.02203,
      -2.12132,
      -7.44253e-7,
      6.52164,
      -2.12132,
      -8.28431e-7,
      7.03838,
      -2.12132,
      -9.09819e-7,
      7.53799,
      -2.12132,
      -9.82835e-7,
      7.98622,
      -2.12132,
      -0.000001,
      8.34879,
      -2.12132,
      -0.000001,
      8.59146,
      -2.12132,
      -0.000001,
      8.67996,
      -3.53553,
      -4.76837e-7,
      4.88006,
      -3.53553,
      -4.86354e-7,
      4.93848,
      -3.53553,
      -5.1245e-7,
      5.09867,
      -3.53553,
      -5.5144e-7,
      5.33802,
      -3.53553,
      -5.9964e-7,
      5.6339,
      -3.53553,
      -6.53366e-7,
      5.96371,
      -3.53553,
      -7.08934e-7,
      6.30483,
      -3.53553,
      -7.6266e-7,
      6.63463,
      -3.53553,
      -8.1086e-7,
      6.93052,
      -3.53553,
      -8.4985e-7,
      7.16986,
      -3.53553,
      -8.75945e-7,
      7.33005,
      -3.53553,
      -8.85463e-7,
      7.38848,
      -4.94975,
      0,
      4.88006,
      -4.94975,
      0,
      4.90898,
      -4.94975,
      0,
      4.98828,
      -4.94975,
      0,
      5.10677,
      -4.94975,
      0,
      5.25324,
      -4.94975,
      0,
      5.41651,
      -4.94975,
      -1.14898e-7,
      5.58538,
      -4.94975,
      -1.41495e-7,
      5.74865,
      -4.94975,
      -1.65356e-7,
      5.89512,
      -4.94975,
      -1.84658e-7,
      6.01361,
      -4.94975,
      -1.97576e-7,
      6.09291,
      -4.94975,
      -2.02288e-7,
      6.12184
    ],
    "quats": [
      0.499999,
      -0.499999,
      0.5,
      0.5,
      0.499999,
      -0.499999,
      0.499999,
      0.5,
      0.499999,
      -0.5,
      0.499999,
      0.499999,
      -0.5,
      0.5,
      -0.5,
      -0.499999,
      0.5,
      -0.499999,
      0.5,
      0.5,
      0.5,
      -0.5,
      -0.5,
      -0.499999
    ],
    "scales": [],
    "length": 0.366666,
    "tracks": {
      "Bone001": {
        "pos": [
          0,
          0
        ],
        "quat": [
          0,
          5
        ]
      },
      "Bone002": {
        "pos": [
          0,
          1,
          1,
          2,
          2,
          3,
          3,
          4,
          4,
          5,
          5,
          6,
          6,
          7,
          7,
          8,
          8,
          9,
          9,
          10,
          10,
          11,
          11,
          12
        ],
        "quat": [
          0,
          0,
          11,
          1
        ]
      },
      "Bone003": {
        "pos": [
          0,
          13,
          1,
          14,
          2,
          15,
          3,
          16,
          4,
          17,
          5,
          18,
          6,
          19,
          7,
          20,
          8,
          21,
          9,
          22,
          10,
          23,
          11,
          24
        ],
        "quat": [
          0,
          2,
          11,
          3
        ]
      },
      "Bone004": {
        "pos": [
          0,
          25,
          1,
          26,
          2,
          27,
          3,
          28,
          4,
          29,
          5,
          30,
          6,
          31,
          7,
          32,
          8,
          33,
          9,
          34,
          10,
          35,
          11,
          36
        ],
        "quat": [
          0,
          0,
          11,
          1
        ]
      },
      "Bone005": {
        "pos": [
          0,
          37,
          1,
          38,
          2,
          39,
          3,
          40,
          4,
          41,
          5,
          42,
          6,
          43,
          7,
          44,
          8,
          45,
          9,
          46,
          10,
          47,
          11,
          48
        ],
        "quat": [
          0,
          2,
          11,
          3
        ]
      },
      "Bone006": {
        "pos": [
          0,
          49,
          1,
          50,
          2,
          51,
          3,
          52,
          4,
          53,
          5,
          54,
          6,
          55,
          7,
          56,
          8,
          57,
          9,
          58,
          10,
          59,
          11,
          60
        ],
        "quat": [
          0,
          2,
          11,
          3
        ]
      },