{"animation":{"fields":["time","attr"],"times":[0.0,0.033333,0.066666,0.1,0.133333,0.166666,0.2,0.233333,0.266666,0.3,0.333333,0.366666,0.4,0.433333,0.466666,0.5,0.533333],"poses":[0.0,12.0,-10.0,18.5,-4.5,-1e-06,14.384,5.33048,3.4714,4.64887,5.33,-3.471,4.64888,5.33,3.471,14.384,5.33047,-3.4706,7.5,-7.0,1e-06,0.0,11.875,-10.8008,0.0,11.75,-11.5312,0.0,11.625,-12.1211,0.0,11.5,-12.5,0.0,11.3516,-12.6328,0.0,11.1875,-12.5625,0.0,11.0547,-12.3359,0.0,11.0,-12.0,0.0,11.0547,-11.4453,0.0,11.1875,-10.6875,0.0,11.3516,-9.96094,0.0,11.5,-9.5,0.0,11.625,-9.37891,0.0,11.75,-9.46875,0.0,11.875,-9.69922,0.441989,-3.58977,-3e-06,0.441991,-3.58977,2e-06,20.2369,0.453835,2e-06,20.2369,0.453836,-2.42786e-07,2.3214,-0.000404,2.64296e-07,2.3214,-0.0004,1.43227e-07,2.32171,-2.6e-05,0.0,2.32171,-2.4e-05,-0.0,2.32161,7.6e-05,6.33299e-07,2.32161,7.4e-05,3.35276e-07,2.3216,-2e-05,1e-06,2.3216,-2.2e-05,1e-06,0.276731,-3.90277,2e-06,0.276706,-3.90274,3e-06,4.16949,3e-06,-1.27669e-07,4.16947,4.9e-05,-2.18628e-07,5.55936,1e-06,0.0,5.55938,2.5e-05,1.03319e-07,3.2423,4e-06,0.0,3.24224,1.5e-05,-0.0],"quats":[-3e-06,2e-06,0.866025,0.499999,-0.541675,0.454519,0.541675,-0.454519,-0.521333,0.477714,0.521333,-0.477714,-0.510788,0.488973,0.510788,-0.488973,0.5,-0.5,-0.499999,0.499999,0.48688,-0.512784,-0.48688,0.512784,0.471999,-0.526513,-0.471999,0.526513,0.459668,-0.537312,-0.459668,0.537312,8.6762748e-07,0.0,0.087155,0.996194,-0.0,0.0,0.882907,0.469547,-4.5e-05,-0.001231,-0.000275,0.999999,-1e-06,0.0,0.006571,0.999978,5.9e-05,4.9e-05,0.965925,-0.25882,-9e-06,7.6e-05,0.300705,0.953717,9e-06,-2e-06,0.34202,0.939692,0.009065,0.005051,0.21619,0.976296,-0.67559,-0.737277,-2.3764487e-07,-2.7704908e-07,-0.642787,-0.766044,-1.4840327e-07,-1.815863e-07,1e-06,-1e-06,0.608761,0.793353,-0.499999,0.5,0.5,-0.499999,-0.531631,0.466228,0.531631,-0.466227,0.454519,-0.541675,-0.454519,0.541675,-0.531631,0.466228,0.53163,-0.466227,1.9099396e-07,0.0,0.046003,0.998941,-5.1950917e-07,-0.0,0.002727,0.999996,-1e-06,-0.0,-0.036466,0.999334,-1e-06,-0.0,-0.065403,0.997858,-1e-06,-0.0,-0.083292,0.996525,-2e-06,-0.0,-0.093153,0.995651,-2e-06,-0.0,-0.094581,0.995517,-1e-06,-0.0,-0.087155,0.996194,-1e-06,-0.0,-0.066069,0.997815,-1e-06,-0.0,-0.033059,0.999453,-5.2440561e-07,-0.0,0.002428,0.999997,-0.0,0.0,0.030901,0.999522,2.4554279e-07,0.0,0.049322,0.998782,4.6883488e-07,0.0,0.062908,0.998019,6.6036017e-07,0.0,0.074556,0.997216,-0.0,-0.0,-0.292206,0.956355,3e-06,-0.0,-0.268872,0.963175,7e-06,-1.0143801e-07,-0.254163,0.967161,1.1e-05,-2.9747778e-07,-0.256673,0.966498,1.5e-05,-1e-06,-0.281922,0.959437,1.8e-05,-2e-06,-0.33529,0.942114,-2.8e-05,9e-06,-0.39715,0.917753,-2.5e-05,1e-05,-0.443007,0.896517,-2.2e-05,9e-06,-0.458513,0.888687,-1.9e-05,8e-06,-0.449521,0.893269,-1.7e-05,6e-06,-0.43309,0.90135,-1.4e-05,4e-06,-0.41206,0.911156,-1.2e-05,3e-06,-0.389289,0.921115,-9e-06,1e-06,-0.362535,0.931969,-6e-06,1e-06,-0.333004,0.942925,-3e-06,4.4542216e-07,-0.307834,0.95144,-0.0,-1.4553947e-07,-0.292206,0.956355,1.6e-05,4.9e-05,0.921533,0.388299,1.6e-05,5e-05,0.926187,0.377062,1.7e-05,5e-05,0.911117,0.412145,1.9e-05,5e-05,0.887233,0.461321,2.2e-05,5e-05,0.861582,0.507617,2.1e-05,-3.9e-05,0.839574,0.543244,1.6e-05,-3.8e-05,0.827853,0.560943,9e-06,-3.5e-05,0.854563,0.519346,8e-06,2.5e-05,0.928401,0.371579,-1.7e-05,4.1e-05,0.972929,0.231101,-3.1e-05,5.2e-05,0.987363,0.15847,-3.4e-05,5.8e-05,0.988883,0.148692,-2.9e-05,6.1e-05,0.983626,0.180217,-1.7e-05,6e-05,0.968215,0.250118,1e-06,5.4e-05,0.933604,0.358305,-0.000189,-0.001225,-0.045925,0.998944,-0.000214,-0.001082,-0.002942,0.999995,-0.000193,-0.000893,0.054157,0.998531,-0.000151,-0.000719,0.08236,0.996602,-9e-05,-0.000587,0.081384,0.996682,-7e-06,-0.000585,0.069412,0.997587,-3.3e-05,-0.000763,0.057517,0.998344,-6.3e-05,-0.001332,-0.001951,0.999997,-0.000147,-0.002276,-0.218571,0.975818,-0.00028,-0.00288,-0.342006,0.939693,-0.0004,-0.00319,-0.321468,0.946914,-0.000443,-0.003101,-0.224838,0.974391,-0.000421,-0.002699,-0.12154,0.992582,-0.000341,-0.002237,-0.039478,0.999217,-0.000193,-0.001747,0.01259,0.999919,3.8165592e-07,-0.0,0.0,1.0,-7.2e-05,-1.7e-05,-0.082296,0.996607,-6.6e-05,-7.5e-05,-0.116377,0.993205,-6.6e-05,-3.8e-05,-0.075282,0.997162,2.2e-05,0.000108,0.002734,0.999996,5.9e-05,0.000317,0.075465,0.997148,0.000115,0.000543,0.127234,0.991872,0.000132,0.000776,0.167535,0.985865,9.3e-05,0.001327,0.205965,0.978558,-0.00011,0.00238,0.253918,0.967222,-0.000294,0.002821,0.134003,0.990976,-0.000346,0.002599,-0.083319,0.996519,-0.00029,0.00167,-0.249596,0.968348,-0.000217,0.000612,-0.302053,0.95329,-0.000144,-9.6e-05,-0.258656,0.965969,-8.7e-05,-0.000298,-0.139038,0.990286,0.0,3.7800788e-07,-0.0,1.0,4.4951153e-07,-0.0,0.0,1.0,-2.7e-05,8.3e-05,-0.023264,0.999729,-7e-05,1e-05,-0.079287,0.996851,-1.5e-05,-0.000156,-0.111004,0.993819,1.8e-05,-0.000333,-0.081881,0.996642,3.3e-05,-0.000381,-0.005338,0.999985,3.9e-05,-0.00032,0.071399,0.997447,7.2e-05,-0.000193,0.122771,0.992434,0.000225,1.3e-05,0.142905,0.989736,0.000313,0.000425,0.195416,0.98072,0.000298,0.001387,0.305153,0.952301,0.000209,0.002557,0.354725,0.934967,0.000202,0.003446,0.274645,0.961539,0.000204,0.003414,0.115636,0.993285,0.00016,0.002595,-0.020374,0.999789,6.9e-05,0.001299,-0.0733,0.997309,0.0,4.9766055e-07,-1.1918007e-07,1.0,-4.4e-05,-2.4e-05,0.032362,0.999476,-4.6e-05,-8.3e-05,0.018679,0.999825,-0.000121,-0.000277,-0.033639,0.999433,-0.000181,-0.00061,-0.078045,0.996949,-0.000135,-0.000989,-0.078242,0.996933,-0.000151,-0.001287,-0.052609,0.998614,-0.000147,-0.001528,-0.047374,0.998875,-0.000292,-0.0019,-0.106107,0.994352,-0.00044,-0.002547,-0.198873,0.980021,-0.000433,-0.002924,-0.193215,0.981151,-0.000277,-0.002751,-0.077104,0.997019,-5.5e-05,-0.001769,0.090717,0.995875,0.000119,-0.000282,0.188533,0.982066,0.000147,0.000841,0.171834,0.985125,9e-05,0.000992,0.081963,0.996634,-6.6e-05,1.4e-05,0.997052,-0.076726,-3.6e-05,2.3e-05,0.999249,0.038723,-1.5e-05,2.9e-05,0.995336,0.096465,-1e-06,3.5e-05,0.994418,0.105509,8e-06,4e-05,0.996474,0.083895,1.5e-05,4.6e-05,0.998797,0.049028,1.9e-05,5.1e-05,0.999999,-0.000424,2e-05,5.6e-05,0.99749,-0.070794,1.7e-05,6.2e-05,0.98264,-0.185521,1.1e-05,6.9e-05,0.949424,-0.313995,7e-06,7.4e-05,0.913907,-0.405923,6e-06,7.8e-05,0.900212,-0.43545,9e-06,8.2e-05,0.91107,-0.41225,4.8e-05,4.6e-05,0.929106,-0.369812,5.3e-05,4.7e-05,0.948858,-0.315702,-2.9e-05,-0.000103,0.401482,0.915866,-3e-05,-3.9e-05,0.396218,0.918156,1.5e-05,1.5e-05,0.338485,0.940971,1.6e-05,3.1e-05,0.253767,0.967265,1.9e-05,3.8e-05,0.162955,0.986633,2.2e-05,4e-05,0.087297,0.996182,2.5e-05,4.1e-05,0.02902,0.999578,2.8e-05,4.1e-05,-0.0164,0.999865,3.1e-05,4e-05,-0.067242,0.997736,3.1e-05,4.1e-05,-0.096247,0.995357,2.7e-05,4.8e-05,-0.074415,0.997227,2.1e-05,6e-05,0.000221,1.0,1.1e-05,7.4e-05,0.103463,0.994633,6e-06,6e-05,0.192127,0.98137,-2e-06,6.9e-05,0.259236,0.965813,5.5e-05,-9e-06,0.381888,0.924208,3.7e-05,-3.9e-05,0.442767,0.896636,2.9e-05,2e-06,0.47883,0.877907,2.5e-05,7e-06,0.479495,0.877544,2.5e-05,1.1e-05,0.431535,0.902095,-2.3e-05,-6e-06,0.332868,0.942973,-2.4e-05,-5e-06,0.210331,0.97763,-2.5e-05,-7e-06,0.093549,0.995614,2.5e-05,-1.4e-05,-0.012754,0.999918,2e-05,-2.2e-05,-0.089841,0.995956,1.2e-05,-2.3e-05,-0.120629,0.992697,1e-06,-2e-05,-0.10282,0.994699,-1e-05,-1.3e-05,-0.032402,0.999474,3.2e-05,-1.4e-05,0.085496,0.996338,2e-05,-9e-06,0.222045,0.975036,0.009082,0.004733,0.220432,0.975348,0.008949,0.004894,0.263751,0.964536,0.00867,0.00548,0.331507,0.943396,0.008322,0.00628,0.407768,0.913025,0.007858,0.007244,0.486914,0.873384,0.007361,0.008131,0.550706,0.834627,0.006977,0.008729,0.572648,0.819725,0.006908,0.008862,0.537338,0.843291,0.007063,0.008229,0.430749,0.902406,0.00737,0.006534,0.271082,0.962505,0.007649,0.005062,0.15103,0.988486,0.007954,0.004324,0.084243,0.996404,0.008297,0.004127,0.050278,0.998692,0.00869,0.004232,0.052313,0.998583,0.009033,0.004545,0.106798,0.994229,-0.74483,-0.667253,-0.0,-1.2834677e-07,-0.811255,-0.584692,-0.0,-1.3358287e-07,-0.86104,-0.508536,1.0535299e-07,0.0,-0.88701,-0.461748,