{
  "mesh": [
    {
      "material": "",
      "indices": [
        [
          3,
          2,
          1
        ],
        [
          3,
          1,
          0
        ]
      ],
      "vertices": [
        {
          "pos": [
            -0.5,
            0,
            -0.499999
          ],
          "normal": [
            0,
            0.999999,
            0
          ],
          "uvcoord": [
            0,
            1
          ],
          "weight": [
            [
              "Bone001",
              1
            ]
          ]
        },
        {
          "pos": [
            0.499999,
            0,
            -0.499999
          ],
          "normal": [
            0,
            0.999999,
            0
          ],
          "uvcoord": [
            1,
            1
          ],
          "weight": [
            [
              "Bone001",
              1
            ]
          ]
        },
        {
          "pos": [
            0.499999,
            0,
            0.499999
          ],
          "normal": [
            0,
            0.999999,
            0
          ],
          "uvcoord": [
            1,
            0
          ],
          "weight": [
            [
              "Bone001",
              1
            ]
          ]
        },
        {
          "pos": [
            -0.5,
            0,
            0.499999
          ],
          "normal": [
            0,
            0.999999,
            0
          ],
          "uvcoord": [
            0,
            0
          ],
          "weight": [
            [
              "Bone001",
              1
            ]
          ]
        }
      ]
    }
  ]
}
