{"is_global":true,"animation":{"fields":["time","attr"],"times":[0.0],"poses":[-3.28142,4.94618,-0.0,-3.28142,3.53488,2.38419e-07,-3.28142,0.712281,-2.98023e-07,-3.28142,-2.12474,-7.15256e-07,-3.28142,-3.54099,-9.53674e-07,-3.28142,-4.94134,-1.43051e-06],"quats":[],"scales":[],"length":0.9000000357627869,"tracks":{"Bone002":{"pos":[0,0]},"Bone003":{"pos":[0,1]},"Bone005":{"pos":[0,2]},"Bone007":{"pos":[0,3]},"Bone008":{"pos":[0,4]},"Bone009":{"pos":[0,5]}}},"version":"0.1.0"}