{"is_global":true,"animation":{"fields":["time","attr"],"times":[0.0],"poses":[-3.58224,4.78122,-4.76837e-07,-3.58224,3.35399,-2.38419e-07,-3.58224,1.93206,-2.38419e-07,-3.58224,-3.72135,-4.76837e-07,-3.58224,-5.11871,-9.53674e-07],"quats":[3.9113637e-10,-0.70710671,-2.1464558e-08,0.70710683],"scales":[],"length":3.3333334922790527,"tracks":{"Bone002":{"pos":[0,0],"quat":[0,0]},"Bone003":{"pos":[0,1],"quat":[0,0]},"Bone004":{"pos":[0,2],"quat":[0,0]},"Bone005":{"quat":[0,0]},"Bone006":{"quat":[0,0]},"Bone007":{"quat":[0,0]},"Bone008":{"pos":[0,3],"quat":[0,0]},"Bone009":{"pos":[0,4],"quat":[0,0]}}},"version":"0.1.0"}