{"animation":{"name":"Take 001","ID":"UANI","length":3.333333,"trackSize":2,"tracks":[{"bone":"Bone011","chanelMask":3,"keyFramesSize":1,"keyframes":[{"time":0.0,"pos":[-0.106584,-0.225847,-24.19771],"quaternion":[0.5,-0.5,-0.499999,-0.499999],"scale":[1.0,1.0,1.0]}]},{"bone":"Bone032","chanelMask":3,"keyFramesSize":1,"keyframes":[{"time":0.0,"pos":[4.275514,4.120359,-3.677181],"quaternion":[0.419266,-0.417932,0.568981,0.570795],"scale":[1.0,1.0,1.0]}]}]}}