{"animation":{"name":"Take 001","ID":"UANI","length":7.833333,"trackSize":1,"tracks":[{"bone":"box","chanelMask":5,"keyFramesSize":4,"keyframes":[{"time":0.0,"pos":[-0.064433,2.596950139377441e-07,-3.439366],"quaternion":[0.0,0.0,0.0,1.0],"scale":[0.999999,0.999999,1.0]},{"time":7.7,"pos":[-0.064433,2.596950139377441e-07,-3.439366],"quaternion":[0.0,0.0,0.0,1.0],"scale":[0.999999,0.999999,1.0]},{"time":7.733333,"pos":[-0.064442,-5e-06,47.602138],"quaternion":[0.0,0.0,0.0,1.0],"scale":[9.9e-05,9.9e-05,9.9e-05]},{"time":7.833333,"pos":[-0.064442,-5e-06,47.602138],"quaternion":[0.0,0.0,0.0,1.0],"scale":[9.9e-05,9.9e-05,9.9e-05]}]}]}}