{"animation":{"name":"Take 001","ID":"UANI","length":3.333333,"trackSize":2,"tracks":[{"bone":"Bone022","chanelMask":3,"keyFramesSize":1,"keyframes":[{"time":0.0,"pos":[1.001718,0.646164,0.028083],"quaternion":[0.261418,-0.074992,0.43628,0.857727],"scale":[1.0,1.0,1.0]}]},{"bone":"Bone028","chanelMask":3,"keyFramesSize":1,"keyframes":[{"time":0.0,"pos":[-9.315997,0.549223,-32.72388],"quaternion":[0.404082,-0.583853,-0.580273,-0.398892],"scale":[1.0,1.0,1.0]}]}]}}